"block_id","user_app","date","lat","long","type_house","raise_dog_house","number_dog_house","number_dog_vaccinated_2024","number_dog_vaccinated_sweep","head_or_observe_dogs_inside_house","multifamily","cluster"
"1.29.32-2","VP06","2024-12-01T08:12:52.611025","-16.3033128","-71.617732500000002","P","si",3,"0",3,NA,"no","cluster19"
"1.29.32-4","VP06","2024-12-01T08:13:18.823388","-16.3033079","-71.617730100000003","P","no",NA,NA,NA,NA,"no","cluster19"
"1.29.32-2","VP06","2024-12-01T08:17:32.509111","-16.303798700000002","-71.617222299999995","P","si",2,"0",2,NA,"no","cluster19"
"1.29.46-26","VP08","2024-12-01T08:18:16.655981","-16.3081973","-71.615737800000005","P","si",1,"0",0,NA,"no","cluster19"
"1.29.46-26","VP08","2024-12-01T08:19:06.439832","-16.308110500000002","-71.615806800000001","C",NA,NA,NA,NA,"no","no","cluster19"
"1.29.37-21","VP02","2024-12-01T08:19:08.063790","-16.313262399999999","-71.603556100000006","P","si",1,"1",0,NA,"no","cluster19"
"1.29.38-28","VP05","2024-12-01T08:19:52.438663","-16.312873799999998","-71.610394400000004","P","no",NA,NA,NA,NA,"no","cluster19"
"1.29.38-28","VP05","2024-12-01T08:20:02.861523","-16.313040999999998","-71.610184200000006","C",NA,NA,NA,NA,"si","no","cluster19"
"1.29.38-28","VP05","2024-12-01T08:20:17.939744","-16.313067","-71.610125199999999","C",NA,NA,NA,NA,"no","no","cluster19"
"1.29.46-26","VP08","2024-12-01T08:20:19.640604","-16.308230099999999","-71.615953000000005","C",NA,NA,NA,NA,"no","no","cluster19"
"1.29.38-28","VP05","2024-12-01T08:20:31.342685","-16.313061699999999","-71.610116700000006","P","no",NA,NA,NA,NA,"no","cluster19"
"1.29.38-28","VP05","2024-12-01T08:20:41.399445","-16.3131448","-71.610036899999997","C",NA,NA,NA,NA,"no","no","cluster19"
"1.29.38-28","VP05","2024-12-01T08:21:07.419656","-16.313274499999999","-71.609950999999995","C",NA,NA,NA,NA,"si","no","cluster19"
"1.29.38-27","VP05","2024-12-01T08:21:50.490528","-16.313344600000001","-71.609910200000002","P","si",2,"2",0,NA,"no","cluster19"
"1.29.37-21","VP02","2024-12-01T08:21:51.267886","-16.3131056","-71.603395899999995","P","si",1,"1",0,NA,"no","cluster19"
"1.29.38-27","VP05","2024-12-01T08:22:15.708101","-16.313344900000001","-71.609848099999994","P","si",1,"1",0,NA,"no","cluster19"
"1.29.37-21","VP02","2024-12-01T08:22:41.101272","-16.312997800000002","-71.603275199999999","D",NA,NA,NA,NA,NA,"no","cluster19"
"1.29.38-27","VP05","2024-12-01T08:22:51.423039","-16.313537100000001","-71.609683899999993","LV",NA,NA,NA,NA,NA,"no","cluster19"
"1.29.37-21","VP02","2024-12-01T08:22:57.500962","-16.3130524","-71.603161499999999","C",NA,NA,NA,NA,"no","no","cluster19"
"1.29.38-27","VP05","2024-12-01T08:23:20.508026","-16.3135382","-71.6096869","C",NA,NA,NA,NA,"no","no","cluster19"
"1.29.31-25","VP03","2024-12-01T08:23:24.263304","-16.309187699999999","-71.607986699999998","P","si",2,"2",1,NA,"no","cluster19"
"1.29.32-2","VP06","2024-12-01T08:23:06.533517","-16.303460000000001","-71.617430400000003","P","si",3,"0",3,NA,"no","cluster19"
"1.29.46-26","VP08","2024-12-01T08:23:48.458027","-16.308266199999998","-71.615932400000005","P","si",1,"1",1,NA,"no","cluster19"
"1.29.37-21","VP02","2024-12-01T08:23:59.084737","-16.3131761","-71.6030406","C",NA,NA,NA,NA,"no","no","cluster19"
"1.29.37-21","VP02","2024-12-01T08:24:10.301537","-16.313167499999999","-71.603029899999996","P","no",NA,NA,NA,NA,"no","cluster19"
"1.29.37-21","VP02","2024-12-01T08:24:34.417898","-16.313137099999999","-71.602992999999998","C",NA,NA,NA,NA,"si","no","cluster19"
"1.29.38-27","VP05","2024-12-01T08:24:54.274993","-16.313556599999998","-71.609541199999995","P","si",3,"1",1,NA,"no","cluster19"
"1.29.38-27","VP05","2024-12-01T08:25:09.749166","-16.313534499999999","-71.609607400000002","DOG_ANOTHER_AREA",NA,1,"1",1,NA,"no","cluster19"
"1.29.38-27","VP05","2024-12-01T08:25:20.389782","-16.313526599999999","-71.609637899999996","P","no",NA,NA,NA,NA,"no","cluster19"
"1.29.36-6","VP02","2024-12-01T08:25:17.184358","-16.313148699999999","-71.602898800000006","P","si",1,"1",0,NA,"no","cluster19"
"1.29.46-26","VP08","2024-12-01T08:25:16.636080","-16.3082703","-71.616187600000003","C",NA,NA,NA,NA,"no","no","cluster19"
"1.29.32-2","VP06","2024-12-01T08:25:30.893389","-16.3034778","-71.617520099999993","P","si",1,"0",0,NA,"no","cluster19"
"1.29.46-26","VP08","2024-12-01T08:25:37.486362","-16.308308700000001","-71.616179799999998","C",NA,NA,NA,NA,"si","no","cluster19"
"1.29.46-26","VP08","2024-12-01T08:25:54.286088","-16.308340900000001","-71.616168999999999","P","no",NA,NA,NA,NA,"no","cluster19"
"1.29.46-26","VP08","2024-12-01T08:26:18.003148","-16.3087546","-71.616527300000001","P","no",NA,NA,NA,NA,"no","cluster19"
"1.29.38-27","VP05","2024-12-01T08:25:25.891622","-16.313526100000001","-71.609635100000006","C",NA,NA,NA,NA,"no","no","cluster19"
"1.29.38-27","VP05","2024-12-01T08:26:59.945533","-16.313539200000001","-71.609631199999995","LV",NA,NA,NA,NA,NA,"no","cluster19"
"1.29.46-26","VP08","2024-12-01T08:27:21.202355","-16.3086825","-71.616268199999993","C",NA,NA,NA,NA,"no-sabe","no","cluster19"
"1.29.36-6","VP02","2024-12-01T08:27:34.863814","-16.313199099999999","-71.602842300000006","P","si",1,"1",0,NA,"no","cluster19"
"1.29.37-26","VP01","2024-12-01T08:28:35.429004","-16.314487499999998","-71.603561099999993","P","si",2,"0",2,NA,"no","cluster19"
"1.29.46-26","VP08","2024-12-01T08:28:41.818779","-16.308723700000002","-71.616303299999998","P","si",1,"1",0,NA,"no","cluster19"
"1.29.37-26","VP01","2024-12-01T08:28:58.952170","-16.314559800000001","-71.603613699999997","P","si",1,"1",0,NA,"no","cluster19"
"1.29.46-26","VP08","2024-12-01T08:29:13.136012","-16.308715200000002","-71.616323300000005","C",NA,NA,NA,NA,"no-sabe","no","cluster19"
"1.29.37-26","VP01","2024-12-01T08:29:21.033628","-16.314548299999998","-71.603634999999997","C",NA,NA,NA,NA,"si","no","cluster19"
"1.29.37-26","VP01","2024-12-01T08:29:28.837679","-16.314548299999998","-71.603634999999997","C",NA,NA,NA,NA,"no","no","cluster19"
"1.29.37-26","VP01","2024-12-01T08:29:36.713069","-16.314548299999998","-71.603634999999997","C",NA,NA,NA,NA,"no","no","cluster19"
"1.29.31-25","VP03","2024-12-01T08:26:39.024578","-16.309208099999999","-71.608149299999994","P","si",4,"4",4,NA,"no","cluster19"
"1.29.32-4","VP06","2024-12-01T08:30:22.437996","-16.303287000000001","-71.617482499999994","P","si",1,"0",1,NA,"no","cluster19"
"1.29.46-26","VP08","2024-12-01T08:32:21.135945","-16.308737399999998","-71.616332","R",NA,NA,NA,NA,"no-sabe","no","cluster19"
"1.29.46-26","VP08","2024-12-01T08:32:44.035684","-16.3087394","-71.616334600000002","LV",NA,NA,NA,NA,NA,"no","cluster19"
"1.29.46-26","VP08","2024-12-01T08:32:55.168505","-16.308817699999999","-71.616461099999995","C",NA,NA,NA,NA,"no-sabe","no","cluster19"
"1.29.35-1","VP03","2024-12-01T08:33:12.392128","-16.309068","-71.607825800000001","DOG_ANOTHER_AREA",NA,1,"1",1,NA,"no","cluster19"
"1.29.35-1","VP03","2024-12-01T08:33:29.745007","-16.3090698","-71.607830100000001","DOG_ANOTHER_AREA",NA,1,"1",1,NA,"no","cluster19"
"1.29.32-2","VP06","2024-12-01T08:33:54.646197","-16.303416899999998","-71.617547999999999","P","si",1,"0",1,NA,"no","cluster19"
"1.29.37-21","VP02","2024-12-01T08:34:50.895195","-16.3132321","-71.602733900000004","P","si",1,"0",1,NA,"no","cluster19"
"1.29.37-21","VP02","2024-12-01T08:35:01.928236","-16.313370299999999","-71.602667600000004","P","si",1,"0",1,NA,"no","cluster19"
"1.29.38-11","VP05","2024-12-01T08:35:21.937672","-16.3136224","-71.609050600000003","P","no",NA,NA,NA,NA,"no","cluster19"
"1.29.38-11","VP05","2024-12-01T08:35:26.930061","-16.313950500000001","-71.609206499999999","P","no",NA,NA,NA,NA,"no","cluster19"
"1.29.38-11","VP05","2024-12-01T08:35:33.866471","-16.313941499999999","-71.609210200000007","R",NA,NA,NA,NA,"no","no","cluster19"
"1.29.38-11","VP05","2024-12-01T08:35:38.771561","-16.313937299999999","-71.609210700000006","P","no",NA,NA,NA,NA,"no","cluster19"
"1.29.38-11","VP05","2024-12-01T08:35:54.419414","-16.3138939","-71.6092017","C",NA,NA,NA,NA,"no","no","cluster19"
"1.29.36-6","VP02","2024-12-01T08:36:12.053879","-16.313358099999999","-71.602642700000004","P","si",2,"2",0,NA,"no","cluster19"
"1.29.36-6","VP02","2024-12-01T08:36:31.503816","-16.313369999999999","-71.602620900000005","P","no",NA,NA,NA,NA,"no","cluster19"
"1.29.46-26","VP08","2024-12-01T08:35:59.103163","-16.309021099999999","-71.616558400000002","P","si",1,"0",1,NA,"no","cluster19"
"1.29.36-6","VP02","2024-12-01T08:37:11.171010","-16.313365600000001","-71.602615200000002","P","si",1,"1",0,NA,"no","cluster19"
"1.29.32-4","VP06","2024-12-01T08:38:18.563398","-16.303574999999999","-71.617286699999994","P","si",1,"0",1,NA,"no","cluster19"
"1.29.32-4","VP06","2024-12-01T08:38:30.500935","-16.3037837","-71.617082400000001","P","si",1,"1",0,NA,"no","cluster19"
"1.29.52-24","VP07","2024-12-01T08:38:27.742022","-16.3133716","-71.628222300000004","P","si",1,"0",1,NA,"no","cluster19"
"1.29.46-26","VP08","2024-12-01T08:38:34.867594","-16.309165700000001","-71.616701699999993","P","no",NA,NA,NA,NA,"no","cluster19"
"1.29.32-4","VP06","2024-12-01T08:38:44.683167","-16.303789299999998","-71.6170525","C",NA,NA,NA,NA,"si","no","cluster19"
"1.29.32-4","VP06","2024-12-01T08:38:52.879854","-16.303801100000001","-71.617044899999996","C",NA,NA,NA,NA,"no-sabe","no","cluster19"
"1.29.37-21","VP02","2024-12-01T08:39:33.919015","-16.313656399999999","-71.602495300000001","C",NA,NA,NA,NA,"si","no","cluster19"
"1.29.28-1","VP09","2024-12-01T08:39:43.094250","-16.299561300000001","-71.623062599999997","P","si",1,"0",0,NA,"no","cluster19"
"1.29.46-26","VP08","2024-12-01T08:40:06.036996","-16.309236299999998","-71.616717600000001","C",NA,NA,NA,NA,"si","no","cluster19"
"1.29.71-6","VP10","2024-12-01T08:40:01.761308","-16.299616499999999","-71.625114699999997","P","si",3,"3",2,NA,"no","cluster19"
"1.29.36-6","VP02","2024-12-01T08:40:03.752426","-16.313574200000001","-71.602490200000005","P","si",2,"2",0,NA,"no","cluster19"
"1.29.36-6","VP02","2024-12-01T08:40:48.386101","-16.3136163","-71.602498100000005","P","no",NA,NA,NA,NA,"no","cluster19"
"1.29.37-21","VP02","2024-12-01T08:40:56.334581","-16.3136264","-71.602495599999997","P","no",NA,NA,NA,NA,"no","cluster19"
"1.29.28-1","VP09","2024-12-01T08:41:27.879338","-16.299451300000001","-71.623056000000005","P","si",2,"0",2,NA,"no","cluster19"
"1.29.37-21","VP02","2024-12-01T08:41:29.002349","-16.313647199999998","-71.602519299999997","D",NA,NA,NA,NA,NA,"no","cluster19"
"1.29.37-21","VP02","2024-12-01T08:41:58.469422","-16.313675400000001","-71.602503200000001","P","si",1,"1",0,NA,"no","cluster19"
"1.29.38-11","VP05","2024-12-01T08:42:30.834053","-16.314056699999998","-71.608958299999998","C",NA,NA,NA,NA,"si","no","cluster19"
"1.29.37-22","VP02","2024-12-01T08:42:41.369230","-16.3137027","-71.6025408","P","si",2,"2",0,NA,"no","cluster19"
"1.29.38-11","VP05","2024-12-01T08:42:51.681857","-16.314206899999999","-71.608822799999999","C",NA,NA,NA,NA,"no","no","cluster19"
"1.29.38-11","VP05","2024-12-01T08:43:04.392562","-16.3142718","-71.608700499999998","D",NA,NA,NA,NA,NA,"no","cluster19"
"1.29.38-11","VP05","2024-12-01T08:43:11.578211","-16.314309300000001","-71.608653099999998","C",NA,NA,NA,NA,"no","no","cluster19"
"1.29.32-2","VP06","2024-12-01T08:43:14.624685","-16.3037393","-71.6174003","P","si",1,"0",1,NA,"no","cluster19"
"1.29.37-21","VP02","2024-12-01T08:43:51.923935","-16.3138431","-71.602729600000004","C",NA,NA,NA,NA,"si","no","cluster19"
"1.29.28-2","VP09","2024-12-01T08:44:37.275636","-16.298584900000002","-71.622466200000005","C",NA,NA,NA,NA,"si","no","cluster19"
"1.29.46-26","VP08","2024-12-01T08:44:37.558944","-16.309309500000001","-71.616625499999998","P","si",3,"3",3,NA,"no","cluster19"
"1.29.37-21","VP02","2024-12-01T08:44:56.255558","-16.3135832","-71.603001399999997","C",NA,NA,NA,NA,"si","no","cluster19"
"1.29.37-21","VP02","2024-12-01T08:45:01.822484","-16.313588500000002","-71.602992900000004","C",NA,NA,NA,NA,"si","no","cluster19"
"1.29.71-34","VP10","2024-12-01T08:45:33.600566","-16.299246799999999","-71.625595200000006","P","si",2,"2",1,NA,"no","cluster19"
"1.29.37-21","VP02","2024-12-01T08:46:39.316405","-16.3135315","-71.603280499999997","P","no",NA,NA,NA,NA,"no","cluster19"
"1.29.28-2","VP09","2024-12-01T08:46:54.910130","-16.2985407","-71.622470199999995","P","si",1,"1",0,NA,"no","cluster19"
"1.29.37-28","VP01","2024-12-01T08:46:57.474915","-16.315161799999998","-71.603087000000002","P","si",1,"0",1,NA,"no","cluster19"
"1.29.37-21","VP02","2024-12-01T08:47:06.725981","-16.313481400000001","-71.603366199999996","P","si",1,"1",0,NA,"no","cluster19"
"1.29.46-26","VP08","2024-12-01T08:48:01.868695","-16.3093243","-71.616624000000002","D",NA,NA,NA,NA,NA,"no","cluster19"
"1.29.32-4","VP06","2024-12-01T08:48:08.884484","-16.304717199999999","-71.616392099999999","P","si",2,"0",2,NA,"no","cluster19"
"1.29.32-3","VP06","2024-12-01T08:48:47.809040","-16.303946799999999","-71.616931899999997","P","no",NA,NA,NA,NA,"no","cluster19"
"1.29.46-25","VP08","2024-12-01T08:49:15.429414","-16.3093185","-71.616600399999996","D",NA,NA,NA,NA,NA,"no","cluster19"
"1.29.46-26","VP08","2024-12-01T08:49:29.779153","-16.3093155","-71.616593499999993","C",NA,NA,NA,NA,"no-sabe","no","cluster19"
"1.29.38-10","VP05","2024-12-01T08:50:12.281355","-16.315439099999999","-71.607430500000007","P","si",3,"3",3,NA,"no","cluster19"
"1.29.28-2","VP09","2024-12-01T08:50:26.918432","-16.29806","-71.622161199999994","P","no",NA,NA,NA,NA,"no","cluster19"
"1.29.38-10","VP05","2024-12-01T08:50:24.152041","-16.3154605","-71.607339400000001","C",NA,NA,NA,NA,"no","no","cluster19"
"1.29.38-10","VP05","2024-12-01T08:50:32.130019","-16.315475800000002","-71.607293600000006","LV",NA,NA,NA,NA,NA,"no","cluster19"
"1.29.38-10","VP05","2024-12-01T08:50:35.130294","-16.315475899999999","-71.607289100000003","LV",NA,NA,NA,NA,NA,"no","cluster19"
"1.29.28-2","VP09","2024-12-01T08:50:33.182173","-16.298061199999999","-71.622191400000006","C",NA,NA,NA,NA,"si","no","cluster19"
"1.29.38-10","VP05","2024-12-01T08:50:38.429950","-16.315482200000002","-71.607284300000003","LV",NA,NA,NA,NA,NA,"no","cluster19"
"1.29.28-2","VP09","2024-12-01T08:50:38.361370","-16.298062000000002","-71.622196299999999","C",NA,NA,NA,NA,"si","no","cluster19"
"1.29.38-10","VP05","2024-12-01T08:50:41.939747","-16.3154869","-71.607282900000001","C",NA,NA,NA,NA,"no","no","cluster19"
"1.29.32-4","VP06","2024-12-01T08:50:37.223858","-16.303971099999998","-71.616907999999995","P","no",NA,NA,NA,NA,"no","cluster19"
"1.29.46-26","VP08","2024-12-01T08:50:44.512816","-16.3092972","-71.616569200000001","P","no",NA,NA,NA,NA,"no","cluster19"
"1.29.28-2","VP09","2024-12-01T08:50:44.292351","-16.2980661","-71.622166000000007","C",NA,NA,NA,NA,"si","no","cluster19"
"1.29.71-42","VP10","2024-12-01T08:50:31.698707","-16.298060400000001","-71.626897799999995","P","si",1,"1",1,NA,"no","cluster19"
"1.29.38-10","VP05","2024-12-01T08:50:47.525784","-16.315492800000001","-71.607287499999998","D",NA,NA,NA,NA,NA,"no","cluster19"
"1.29.38-10","VP05","2024-12-01T08:50:53.272064","-16.3154933","-71.607288199999999","D",NA,NA,NA,NA,NA,"no","cluster19"
"1.29.46-25","VP08","2024-12-01T08:50:52.079180","-16.309294099999999","-71.6165673","P","no",NA,NA,NA,NA,"no","cluster19"
"1.29.36-6","VP02","2024-12-01T08:51:23.067280","-16.312795000000001","-71.603262400000006","C",NA,NA,NA,NA,"si","no","cluster19"
"1.29.36-6","VP02","2024-12-01T08:51:30.217098","-16.3128004","-71.603247199999998","C",NA,NA,NA,NA,"si","no","cluster19"
"1.29.46-20","VP08","2024-12-01T08:51:51.180592","-16.3092471","-71.616289899999998","D",NA,NA,NA,NA,NA,"no","cluster19"
"1.29.46-20","VP08","2024-12-01T08:51:59.879705","-16.309209299999999","-71.616335899999996","P","no",NA,NA,NA,NA,"no","cluster19"
"1.29.36-6","VP02","2024-12-01T08:52:02.067234","-16.312793899999999","-71.603170000000006","P","si",2,"2",0,NA,"no","cluster19"
"1.29.46-26","VP08","2024-12-01T08:52:19.329758","-16.309272499999999","-71.616127199999994","C",NA,NA,NA,NA,"no-sabe","no","cluster19"
"1.29.28-6","VP09","2024-12-01T08:53:13.349022","-16.297937999999998","-71.622176800000005","P","no",NA,NA,NA,NA,"no","cluster19"
"1.29.46-26","VP08","2024-12-01T08:53:38.709555","-16.3091951","-71.616194399999998","R",NA,NA,NA,NA,"no-sabe","no","cluster19"
"1.29.46-20","VP08","2024-12-01T08:53:49.027452","-16.309170200000001","-71.616187999999994","C",NA,NA,NA,NA,"no-sabe","no","cluster19"
"1.29.46-26","VP08","2024-12-01T08:54:20.127789","-16.3091361","-71.616163299999997","P","no",NA,NA,NA,NA,"no","cluster19"
"1.29.46-20","VP08","2024-12-01T08:55:29.440428","-16.3091118","-71.616155599999999","P","si",3,"3",0,NA,"no","cluster19"
"1.29.37-28","VP01","2024-12-01T08:55:27.293740","-16.315605300000001","-71.602986200000004","P","si",4,"0",4,NA,"no","cluster19"
"1.29.37-28","VP01","2024-12-01T08:55:48.489875","-16.315635100000002","-71.603042099999996","P","si",1,"0",1,NA,"no","cluster19"
"1.29.46-26","VP08","2024-12-01T08:55:59.956563","-16.309095500000002","-71.616153499999996","C",NA,NA,NA,NA,"no-sabe","no","cluster19"
"1.29.46-20","VP08","2024-12-01T08:56:13.840512","-16.309086499999999","-71.616151299999999","P","no",NA,NA,NA,NA,"no","cluster19"
"1.29.71-43","VP10","2024-12-01T08:56:02.960088","-16.2964521","-71.628030899999999","P","si",1,"1",1,NA,"no","cluster19"
"1.29.32-3","VP06","2024-12-01T08:57:05.743163","-16.304055900000002","-71.617567100000002","P","si",3,"0",3,NA,"no","cluster19"
"1.29.46-26","VP08","2024-12-01T08:57:10.065002","-16.3090814","-71.616153800000006","P","no",NA,NA,NA,NA,"no","cluster19"
"1.29.46-20","VP08","2024-12-01T08:57:18.398771","-16.309080900000001","-71.616152299999996","C",NA,NA,NA,NA,"no","no","cluster19"
"1.29.46-26","VP08","2024-12-01T08:57:36.832129","-16.3090747","-71.616147299999994","D",NA,NA,NA,NA,NA,"no","cluster19"
"1.29.46-20","VP08","2024-12-01T08:57:48.523980","-16.309070599999998","-71.616145700000004","P","no",NA,NA,NA,NA,"no","cluster19"
"1.29.46-20","VP08","2024-12-01T09:00:10.598876","-16.308852699999999","-71.615661599999996","P","si",1,"1",1,NA,"no","cluster19"
"1.29.32-3","VP06","2024-12-01T09:00:20.289346","-16.304235599999998","-71.617861899999994","P","si",3,"0",3,NA,"no","cluster19"
"1.29.46-26","VP08","2024-12-01T09:00:25.932203","-16.308823100000001","-71.615670499999993","P","si",1,"1",0,NA,"no","cluster19"
"1.29.46-26","VP08","2024-12-01T09:00:53.865347","-16.3087999","-71.615667200000004","C",NA,NA,NA,NA,"no","no","cluster19"
"1.29.36-7","VP02","2024-12-01T09:01:37.259772","-16.312766700000001","-71.603495100000004","P","si",2,"0",0,NA,"no","cluster19"
"1.29.46-26","VP08","2024-12-01T09:01:55.407124","-16.308776900000002","-71.615665300000003","C",NA,NA,NA,NA,"no-sabe","no","cluster19"
"1.29.36-7","VP02","2024-12-01T09:02:00.726348","-16.3125432","-71.603473199999996","P","si",2,"2",0,NA,"no","cluster19"
"1.29.36-7","VP02","2024-12-01T09:02:30.043546","-16.312834599999999","-71.603584900000001","C",NA,NA,NA,NA,"no","no","cluster19"
"1.29.38-10","VP05","2024-12-01T09:02:58.959184","-16.315891700000002","-71.608086599999993","P","si",2,"2",2,NA,"no","cluster19"
"1.29.38-10","VP05","2024-12-01T09:03:09.487428","-16.315888699999999","-71.607986400000001","D",NA,NA,NA,NA,NA,"no","cluster19"
"1.29.46-19","VP08","2024-12-01T09:04:05.569371","-16.308630699999998","-71.615354300000007","C",NA,NA,NA,NA,"no","no","cluster19"
"1.29.46-19","VP08","2024-12-01T09:04:13.786160","-16.308656899999999","-71.615373700000006","C",NA,NA,NA,NA,"no","no","cluster19"
"1.29.37-29","VP01","2024-12-01T09:04:46.746622","-16.315214900000001","-71.603112400000001","P","si",2,"0",2,NA,"no","cluster19"
"1.29.37-29","VP01","2024-12-01T09:05:04.164936","-16.315467999999999","-71.603019599999996","P","si",2,"0",2,NA,"no","cluster19"
"1.29.36-7","VP02","2024-12-01T09:04:04.908424","-16.3123912","-71.603348499999996","C",NA,NA,NA,NA,"si","no","cluster19"
"1.29.52-10","VP07","2024-12-01T09:05:59.856935","-16.313980699999998","-71.6282116","P","si",1,"0",1,NA,"no","cluster19"
"1.29.71-43","VP10","2024-12-01T09:06:03.381910","-16.296744400000001","-71.628716600000004","P","si",4,"4",4,NA,"no","cluster19"
"1.29.52-9","VP07","2024-12-01T09:06:21.569579","-16.314021400000001","-71.628196500000001","P","si",1,"0",1,NA,"no","cluster19"
"1.29.32-2","VP06","2024-12-01T09:06:35.151085","-16.3042856","-71.617384999999999","D",NA,NA,NA,NA,NA,"no","cluster19"
"1.29.46-26","VP08","2024-12-01T09:06:18.992068","-16.308600800000001","-71.615681800000004","P","si",1,"1",1,NA,"no","cluster19"
"1.29.36-7","VP02","2024-12-01T09:06:50.413934","-16.312259000000001","-71.603910099999993","P","si",2,"2",0,NA,"no","cluster19"
"1.29.28-3","VP09","2024-12-01T09:07:45.951789","-16.2984996","-71.623039599999998","P","si",4,"0",4,NA,"no","cluster19"
"1.29.36-7","VP02","2024-12-01T09:08:10.547175","-16.312183300000001","-71.603898900000004","C",NA,NA,NA,NA,"no","no","cluster19"
"1.29.46-26","VP08","2024-12-01T09:08:09.828410","-16.308730700000002","-71.615602199999998","P","no",NA,NA,NA,NA,"no","cluster19"
"1.29.28-3","VP09","2024-12-01T09:08:09.921055","-16.298325500000001","-71.622923200000002","P","si",1,"0",1,NA,"no","cluster19"
"1.29.46-26","VP08","2024-12-01T09:08:15.679658","-16.308644600000001","-71.615608300000005","C",NA,NA,NA,NA,"no","no","cluster19"
"1.29.28-3","VP09","2024-12-01T09:08:24.604002","-16.298339800000001","-71.622916099999998","P","no",NA,NA,NA,NA,"no","cluster19"
"1.29.38-9","VP05","2024-12-01T09:09:48.512059","-16.3153267","-71.608623899999998","P","si",2,"2",2,NA,"no","cluster19"
"1.29.38-9","VP05","2024-12-01T09:10:04.066821","-16.3153249","-71.608633499999996","C",NA,NA,NA,NA,"no","no","cluster19"
"1.29.38-9","VP05","2024-12-01T09:10:11.934853","-16.315295899999999","-71.608692300000001","LV",NA,NA,NA,NA,NA,"no","cluster19"
"1.29.38-9","VP05","2024-12-01T09:10:22.805888","-16.315289100000001","-71.608686000000006","D",NA,NA,NA,NA,NA,"no","cluster19"
"1.29.38-9","VP05","2024-12-01T09:10:30.618644","-16.315282700000001","-71.608680500000006","C",NA,NA,NA,NA,"no","no","cluster19"
"1.29.28-2","VP09","2024-12-01T09:11:17.613127","-16.2981026","-71.622621100000003","P","si",3,"3",0,NA,"no","cluster19"
"1.29.37-32","VP01","2024-12-01T09:11:50.962626","-16.315961399999999","-71.603144999999998","P","si",2,"1",1,NA,"no","cluster19"
"1.29.71-43","VP10","2024-12-01T09:13:11.091984","-16.297360999999999","-71.629806799999997","P","si",2,"2",2,NA,"no","cluster19"
"1.29.71-43","VP10","2024-12-01T09:14:31.783732","-16.296954499999998","-71.628739699999997","P","si",1,"1",1,NA,"no","cluster19"
"1.29.36-15","VP02","2024-12-01T09:15:54.448071","-16.311829599999999","-71.603887599999993","P","si",1,"0",1,NA,"no","cluster19"
"1.29.32-2","VP06","2024-12-01T09:06:49.384396","-16.304155300000001","-71.617542400000005","C",NA,NA,NA,NA,"si","no","cluster19"
"1.29.36-7","VP02","2024-12-01T09:16:28.081280","-16.3118196","-71.603877600000004","C",NA,NA,NA,NA,"no","no","cluster19"
"1.29.38-10","VP05","2024-12-01T09:17:03.687466","-16.315232900000002","-71.608706299999994","P","si",3,"3",3,NA,"no","cluster19"
"1.29.46-19","VP08","2024-12-01T09:17:11.619179","-16.3088543","-71.615205099999997","P","no",NA,NA,NA,NA,"no","cluster19"
"1.29.38-23","VP05","2024-12-01T09:17:15.069622","-16.3151948","-71.608696600000002","P","si",2,"2",2,NA,"no","cluster19"
"1.29.38-13","VP05","2024-12-01T09:17:23.285446","-16.315204099999999","-71.608696699999996","P","si",1,"1",1,NA,"no","cluster19"
"1.29.32-2","VP06","2024-12-01T09:16:32.311240","-16.304026700000001","-71.617523300000002","C",NA,NA,NA,NA,"no","no","cluster19"
"1.29.52-8","VP07","2024-12-01T09:17:40.888269","-16.314006899999999","-71.628838000000002","LV",NA,NA,NA,NA,NA,"no","cluster19"
"1.29.52-11","VP07","2024-12-01T09:17:49.492527","-16.313956999999998","-71.628854899999993","LV",NA,NA,NA,NA,NA,"no","cluster19"
"1.29.32-4","VP06","2024-12-01T09:18:08.356378","-16.304027300000001","-71.617812599999993","C",NA,NA,NA,NA,"no","no","cluster19"
"1.29.32-3","VP06","2024-12-01T09:18:42.017073","-16.3041205","-71.617758499999994","C",NA,NA,NA,NA,"si","no","cluster19"
"1.29.32-3","VP06","2024-12-01T09:18:47.237677","-16.3040828","-71.617772599999995","C",NA,NA,NA,NA,"no","no","cluster19"
"1.29.32-2","VP06","2024-12-01T09:18:55.409081","-16.304107299999998","-71.617767299999997","P","si",2,"0",2,NA,"no","cluster19"
"1.29.38-9","VP05","2024-12-01T09:19:42.984017","-16.3146953","-71.608828399999993","C",NA,NA,NA,NA,"si","no","cluster19"
"1.29.38-9","VP05","2024-12-01T09:19:46.482615","-16.314715799999998","-71.608824999999996","C",NA,NA,NA,NA,"si","no","cluster19"
"1.29.38-9","VP05","2024-12-01T09:19:52.481039","-16.3147345","-71.608826300000004","D",NA,NA,NA,NA,NA,"no","cluster19"
"1.29.52-11","VP07","2024-12-01T09:19:51.246996","-16.313894699999999","-71.628873900000002","C",NA,NA,NA,NA,"no","no","cluster19"
"1.29.38-9","VP05","2024-12-01T09:19:55.434388","-16.314741000000001","-71.6088278","C",NA,NA,NA,NA,"no","no","cluster19"
"1.29.32-2","VP06","2024-12-01T09:20:47.979586","-16.304424300000001","-71.618077799999995","C",NA,NA,NA,NA,"no","no","cluster19"
"1.29.32-2","VP06","2024-12-01T09:20:53.368496","-16.304433299999999","-71.617592500000001","C",NA,NA,NA,NA,"no-sabe","no","cluster19"
"1.29.32-3","VP06","2024-12-01T09:21:04.878025","-16.304516199999998","-71.617651699999996","D",NA,NA,NA,NA,NA,"no","cluster19"
"1.29.32-3","VP06","2024-12-01T09:21:15.074977","-16.3045279","-71.617649499999999","D",NA,NA,NA,NA,NA,"no","cluster19"
"1.29.37-32","VP01","2024-12-01T09:21:33.668109","-16.315862899999999","-71.603523699999997","P","si",2,"0",2,NA,"no","cluster19"
"1.29.52-11","VP07","2024-12-01T09:21:59.223826","-16.3136832","-71.628941299999994","C",NA,NA,NA,NA,"no","no","cluster19"
"1.29.52-11","VP07","2024-12-01T09:22:04.473655","-16.313689700000001","-71.628942499999994","C",NA,NA,NA,NA,"no","no","cluster19"
"1.29.52-11","VP07","2024-12-01T09:22:30.025878","-16.313750299999999","-71.628948699999995","C",NA,NA,NA,NA,"no","no","cluster19"
"1.29.71-42","VP10","2024-12-01T09:22:25.947583","-16.297739700000001","-71.627930300000003","P","si",2,"2",2,NA,"no","cluster19"
"1.29.46-18","VP08","2024-12-01T09:21:03.072195","-16.3088549","-71.6152163","P","si",2,"2",0,NA,"no","cluster19"
"1.29.28-3","VP09","2024-12-01T09:24:02.079274","-16.297744699999999","-71.622501700000001","P","si",2,"0",2,NA,"no","cluster19"
"1.29.28-5","VP09","2024-12-01T09:24:33.388817","-16.297864499999999","-71.622244600000002","P","si",1,"0",1,NA,"no","cluster19"
"1.29.52-8","VP07","2024-12-01T09:25:12.060778","-16.313161900000001","-71.628614200000001","P","no",NA,NA,NA,NA,"no","cluster19"
"1.29.52-8","VP07","2024-12-01T09:25:28.990264","-16.313141000000002","-71.628550899999993","C",NA,NA,NA,NA,"no","no","cluster19"
"1.29.52-8","VP07","2024-12-01T09:25:42.331644","-16.3131372","-71.628553199999999","C",NA,NA,NA,NA,"no","no","cluster19"
"1.29.46-21","VP08","2024-12-01T09:25:37.637940","-16.309072400000002","-71.615517199999999","C",NA,NA,NA,NA,"no-sabe","no","cluster19"
"1.29.38-12","VP05","2024-12-01T09:25:38.009202","-16.3144065","-71.609583000000001","P","si",2,"2",0,NA,"no","cluster19"
"1.29.38-12","VP05","2024-12-01T09:26:00.124715","-16.314444699999999","-71.609619699999996","P","si",2,"2",0,NA,"no","cluster19"
"1.29.52-8","VP07","2024-12-01T09:26:03.812347","-16.313134999999999","-71.628551700000003","LV",NA,NA,NA,NA,NA,"no","cluster19"
"1.29.38-12","VP05","2024-12-01T09:26:09.658067","-16.314450099999998","-71.609623499999998","D",NA,NA,NA,NA,NA,"no","cluster19"
"1.29.52-8","VP07","2024-12-01T09:26:13.115999","-16.313134999999999","-71.628551700000003","C",NA,NA,NA,NA,"no","no","cluster19"
"1.29.38-12","VP05","2024-12-01T09:26:17.509783","-16.314450000000001","-71.609621700000005","C",NA,NA,NA,NA,"no","no","cluster19"
"1.29.52-8","VP07","2024-12-01T09:26:22.020891","-16.313134999999999","-71.628551700000003","C",NA,NA,NA,NA,"no","no","cluster19"
"1.29.38-12","VP05","2024-12-01T09:26:28.223628","-16.314450000000001","-71.609621700000005","C",NA,NA,NA,NA,"no","no","cluster19"
"1.29.38-11","VP05","2024-12-01T09:26:33.692733","-16.314452599999999","-71.609616900000006","P","si",2,"2",0,NA,"no","cluster19"
"1.29.38-11","VP05","2024-12-01T09:26:41.947597","-16.314450099999998","-71.609621200000007","C",NA,NA,NA,NA,"no","no","cluster19"
"1.29.52-8","VP07","2024-12-01T09:26:35.993754","-16.313134999999999","-71.628551700000003","P","si",1,"0",1,NA,"no","cluster19"
"1.29.38-11","VP05","2024-12-01T09:26:47.538779","-16.314450000000001","-71.609621700000005","C",NA,NA,NA,NA,"no","no","cluster19"
"1.29.52-9","VP07","2024-12-01T09:26:58.870856","-16.313134999999999","-71.628551700000003","P","si",1,"0",1,NA,"no","cluster19"
"1.29.46-21","VP08","2024-12-01T09:26:40.621282","-16.3091653","-71.615455499999996","P","si",1,"1",1,NA,"no","cluster19"
"1.29.52-9","VP07","2024-12-01T09:27:18.941853","-16.313134999999999","-71.628551700000003","LV",NA,NA,NA,NA,NA,"no","cluster19"
"1.29.52-9","VP07","2024-12-01T09:27:27.247371","-16.313134999999999","-71.628551700000003","LV",NA,NA,NA,NA,NA,"no","cluster19"
"1.29.52-9","VP07","2024-12-01T09:27:35.986339","-16.313134999999999","-71.628551700000003","P","no",NA,NA,NA,NA,"no","cluster19"
"1.29.52-9","VP07","2024-12-01T09:27:41.834374","-16.313134999999999","-71.628551700000003","C",NA,NA,NA,NA,"no","no","cluster19"
"1.29.46-21","VP08","2024-12-01T09:28:26.170163","-16.3093431","-71.615301799999997","P","si",3,"3",0,NA,"no","cluster19"
"1.29.38-12","VP05","2024-12-01T09:28:50.358361","-16.314148100000001","-71.609811699999995","C",NA,NA,NA,NA,"no","no","cluster19"
"1.29.38-11","VP05","2024-12-01T09:28:57.256287","-16.3141231","-71.609862100000001","P","si",1,"1",1,NA,"no","cluster19"
"1.29.46-20","VP08","2024-12-01T09:29:07.662996","-16.309260399999999","-71.615478499999995","C",NA,NA,NA,NA,"no","no","cluster19"
"1.29.38-12","VP05","2024-12-01T09:29:12.470706","-16.314154599999998","-71.609835700000005","C",NA,NA,NA,NA,"si","no","cluster19"
"1.29.46-20","VP08","2024-12-01T09:29:16.295905","-16.309246600000002","-71.615476999999998","C",NA,NA,NA,NA,"no","no","cluster19"
"1.29.71-42","VP10","2024-12-01T09:29:32.143984","-16.2981418","-71.627528299999994","P","si",7,"7",7,NA,"no","cluster19"
"1.29.32-3","VP06","2024-12-01T09:30:05.258401","-16.3046826","-71.617653000000004","P","si",2,"0",2,NA,"no","cluster19"
"1.29.46-21","VP08","2024-12-01T09:30:50.851376","-16.309313","-71.615691400000003","C",NA,NA,NA,NA,"no","no","cluster19"
"1.29.52-12","VP07","2024-12-01T09:32:10.065749","-16.312639900000001","-71.628273699999994","LV",NA,NA,NA,NA,NA,"no","cluster19"
"1.29.32-3","VP06","2024-12-01T09:32:37.382847","-16.304635900000001","-71.617131799999996","D",NA,NA,NA,NA,NA,"no","cluster19"
"1.29.32-3","VP06","2024-12-01T09:32:45.117224","-16.304686499999999","-71.617118500000004","D",NA,NA,NA,NA,NA,"no","cluster19"
"1.29.52-12","VP07","2024-12-01T09:32:47.690651","-16.312639799999999","-71.628267699999995","LP",NA,NA,NA,NA,NA,"no","cluster19"
"1.29.32-3","VP06","2024-12-01T09:32:51.103114","-16.3046957","-71.6171212","D",NA,NA,NA,NA,NA,"no","cluster19"
"1.29.32-19","VP06","2024-12-01T09:32:56.533755","-16.3046978","-71.617129000000006","D",NA,NA,NA,NA,NA,"no","cluster19"
"1.29.52-12","VP07","2024-12-01T09:33:02.260927","-16.3125885","-71.628231600000007","LV",NA,NA,NA,NA,NA,"no","cluster19"
"1.29.52-7","VP07","2024-12-01T09:33:08.906976","-16.312563900000001","-71.6282104","LV",NA,NA,NA,NA,NA,"no","cluster19"
"1.29.52-12","VP07","2024-12-01T09:33:32.741965","-16.3124684","-71.628188100000003","C",NA,NA,NA,NA,"no","no","cluster19"
"1.29.46-20","VP08","2024-12-01T09:33:29.553553","-16.309283199999999","-71.615669100000005","P","si",2,"2",0,NA,"no","cluster19"
"1.29.52-12","VP07","2024-12-01T09:33:38.988815","-16.312453699999999","-71.628169600000007","C",NA,NA,NA,NA,"no","no","cluster19"
"1.29.52-12","VP07","2024-12-01T09:33:56.383654","-16.3124179","-71.6280936","C",NA,NA,NA,NA,"no","no","cluster19"
"1.29.28-9","VP09","2024-12-01T09:33:50.351664","-16.2984802","-71.621293399999999","P","si",1,"0",1,NA,"no","cluster19"
"1.29.32-3","VP06","2024-12-01T09:34:03.324776","-16.304790100000002","-71.617017000000004","C",NA,NA,NA,NA,"si","no","cluster19"
"1.29.36-14","VP02","2024-12-01T09:33:59.549504","-16.311793300000001","-71.603946399999998","P","si",2,"0",2,NA,"no","cluster19"
"1.29.52-12","VP07","2024-12-01T09:34:23.713374","-16.312339000000001","-71.628086199999998","C",NA,NA,NA,NA,"no","no","cluster19"
"1.29.46-21","VP08","2024-12-01T09:34:20.153400","-16.309307799999999","-71.615671899999995","D",NA,NA,NA,NA,NA,"no","cluster19"
"1.29.52-7","VP07","2024-12-01T09:34:28.880359","-16.312339900000001","-71.628086699999997","P","no",NA,NA,NA,NA,"no","cluster19"
"1.29.46-20","VP08","2024-12-01T09:34:42.704965","-16.3093447","-71.615653100000003","C",NA,NA,NA,NA,"si","no","cluster19"
"1.29.52-7","VP07","2024-12-01T09:35:31.020306","-16.3122896","-71.628059300000004","P","no",NA,NA,NA,NA,"no","cluster19"
"1.29.52-7","VP07","2024-12-01T09:35:50.393808","-16.312291500000001","-71.628052100000005","C",NA,NA,NA,NA,"no","no","cluster19"
"1.29.52-7","VP07","2024-12-01T09:35:56.191145","-16.312291500000001","-71.628050200000004","C",NA,NA,NA,NA,"si","no","cluster19"
"1.29.46-21","VP08","2024-12-01T09:35:57.384852","-16.3095575","-71.615763599999994","C",NA,NA,NA,NA,"no","no","cluster19"
"1.29.52-7","VP07","2024-12-01T09:36:07.902912","-16.312294999999999","-71.628048300000003","C",NA,NA,NA,NA,"no","no","cluster19"
"1.29.46-21","VP08","2024-12-01T09:36:02.818072","-16.309516500000001","-71.615742600000004","LV",NA,NA,NA,NA,NA,"no","cluster19"
"1.29.46-20","VP08","2024-12-01T09:36:32.768364","-16.309560699999999","-71.615850300000005","C",NA,NA,NA,NA,"no-sabe","no","cluster19"
"1.29.46-20","VP08","2024-12-01T09:36:40.301363","-16.3095517","-71.615846500000004","C",NA,NA,NA,NA,"no-sabe","no","cluster19"
"1.29.46-21","VP08","2024-12-01T09:36:48.636254","-16.309556199999999","-71.615838199999999","P","no",NA,NA,NA,NA,"no","cluster19"
"1.29.30-37","VP03","2024-12-01T09:37:04.005147","-16.307756300000001","-71.606556100000006","P","si",1,"1",1,NA,"no","cluster19"
"1.29.36-8","VP02","2024-12-01T09:37:01.838935","-16.312069300000001","-71.603584299999994","P","si",1,"1",0,NA,"no","cluster19"
"1.29.71-42","VP10","2024-12-01T09:37:45.606509","-16.298136299999999","-71.626995699999995","P","si",1,"1",0,NA,"no","cluster19"
"1.29.52-7","VP07","2024-12-01T09:38:19.072079","-16.312135300000001","-71.627986800000002","C",NA,NA,NA,NA,"si","no","cluster19"
"1.29.46-21","VP08","2024-12-01T09:38:19.179237","-16.3095876","-71.615854600000006","D",NA,NA,NA,NA,NA,"no","cluster19"
"1.29.38-26","VP05","2024-12-01T09:38:14.271980","-16.313835300000001","-71.610259600000006","P","si",1,"1",1,NA,"no","cluster19"
"1.29.38-27","VP05","2024-12-01T09:38:43.030041","-16.313829999999999","-71.610281700000002","P","si",1,"1",0,NA,"no","cluster19"
"1.29.38-26","VP05","2024-12-01T09:38:56.291389","-16.3138367","-71.610269900000006","P","no",NA,NA,NA,NA,"no","cluster19"
"1.29.38-26","VP05","2024-12-01T09:39:00.565387","-16.3138367","-71.610269900000006","C",NA,NA,NA,NA,"no","no","cluster19"
"1.29.38-26","VP05","2024-12-01T09:39:07.014963","-16.3138118","-71.610261800000004","D",NA,NA,NA,NA,NA,"no","cluster19"
"1.29.38-26","VP05","2024-12-01T09:39:11.216601","-16.313811699999999","-71.610261699999995","C",NA,NA,NA,NA,"no","no","cluster19"
"1.29.38-27","VP05","2024-12-01T09:39:24.180770","-16.313811699999999","-71.610261699999995","C",NA,NA,NA,NA,"no","no","cluster19"
"1.29.46-24","VP08","2024-12-01T09:39:24.629440","-16.309660000000001","-71.615872800000005","P","si",1,"1",0,NA,"no","cluster19"
"1.29.28-9","VP09","2024-12-01T09:40:43.138971","-16.297908899999999","-71.622193800000005","P","si",2,"0",2,NA,"no","cluster19"
"1.29.28-5","VP09","2024-12-01T09:41:24.322624","-16.297612999999998","-71.622360099999995","P","si",1,"0",1,NA,"no","cluster19"
"1.29.52-6","VP07","2024-12-01T09:42:10.307216","-16.311537900000001","-71.627560599999995","C",NA,NA,NA,NA,"si","no","cluster19"
"1.29.32-19","VP06","2024-12-01T09:42:18.428713","-16.304387800000001","-71.616708500000001","C",NA,NA,NA,NA,"no","no","cluster19"
"1.29.32-19","VP06","2024-12-01T09:42:23.909966","-16.304431699999999","-71.616619400000005","C",NA,NA,NA,NA,"si","no","cluster19"
"1.29.52-23","VP07","2024-12-01T09:42:21.670519","-16.3114949","-71.627425299999999","C",NA,NA,NA,NA,"no","no","cluster19"
"1.29.32-19","VP06","2024-12-01T09:42:28.642965","-16.3044087","-71.616649600000002","C",NA,NA,NA,NA,"no","no","cluster19"
"1.29.32-19","VP06","2024-12-01T09:42:33.384630","-16.304410799999999","-71.6166482","C",NA,NA,NA,NA,"si","no","cluster19"
"1.29.52-23","VP07","2024-12-01T09:42:35.361271","-16.3114679","-71.627399299999993","D",NA,NA,NA,NA,NA,"no","cluster19"
"1.29.52-23","VP07","2024-12-01T09:42:42.786570","-16.311459800000002","-71.627376900000002","C",NA,NA,NA,NA,"no","no","cluster19"
"1.29.32-3","VP06","2024-12-01T09:42:39.084377","-16.304417699999998","-71.616636799999995","P","si",2,"2",0,NA,"no","cluster19"
"1.29.32-3","VP06","2024-12-01T09:42:51.156695","-16.304418800000001","-71.616620299999994","C",NA,NA,NA,NA,"no","no","cluster19"
"1.29.32-3","VP06","2024-12-01T09:42:55.780232","-16.304417999999998","-71.616619499999999","C",NA,NA,NA,NA,"no","no","cluster19"
"1.29.32-3","VP06","2024-12-01T09:43:00.757427","-16.304419299999999","-71.616619799999995","C",NA,NA,NA,NA,"no","no","cluster19"
"1.29.52-23","VP07","2024-12-01T09:42:54.383090","-16.311416900000001","-71.627342400000003","C",NA,NA,NA,NA,"no","no","cluster19"
"1.29.52-23","VP07","2024-12-01T09:43:11.379829","-16.311372200000001","-71.627261599999997","D",NA,NA,NA,NA,NA,"no","cluster19"
"1.29.52-23","VP07","2024-12-01T09:43:19.585760","-16.311348800000001","-71.627245000000002","C",NA,NA,NA,NA,"no","no","cluster19"
"1.29.37-30","VP01","2024-12-01T09:43:22.693121","-16.315268499999998","-71.604044200000004","P","si",1,"0",1,NA,"no","cluster19"
"1.29.52-6","VP07","2024-12-01T09:43:41.068842","-16.311294199999999","-71.627208600000003","C",NA,NA,NA,NA,"no","no","cluster19"
"1.29.52-6","VP07","2024-12-01T09:43:48.627293","-16.3112806","-71.627200799999997","C",NA,NA,NA,NA,"no","no","cluster19"
"1.29.37-29","VP01","2024-12-01T09:43:46.342207","-16.315322900000002","-71.604094799999999","P","si",1,"0",1,NA,"no","cluster19"
"1.29.52-6","VP07","2024-12-01T09:43:57.250154","-16.311237999999999","-71.627173099999993","C",NA,NA,NA,NA,"no","no","cluster19"
"1.29.46-24","VP08","2024-12-01T09:44:06.836316","-16.3096505","-71.616421099999997","C",NA,NA,NA,NA,"si","no","cluster19"
"1.29.46-24","VP08","2024-12-01T09:44:16.869914","-16.309653300000001","-71.616443200000006","C",NA,NA,NA,NA,"si","no","cluster19"
"1.29.37-29","VP01","2024-12-01T09:44:04.436680","-16.315323299999999","-71.604095000000001","P","si",4,"0",4,NA,"no","cluster19"
"1.29.37-32","VP01","2024-12-01T09:44:29.134587","-16.315323299999999","-71.604095000000001","P","si",3,"0",3,NA,"no","cluster19"
"1.29.52-6","VP07","2024-12-01T09:44:11.720556","-16.311193100000001","-71.627155700000003","C",NA,NA,NA,NA,"no","no","cluster19"
"1.29.52-6","VP07","2024-12-01T09:44:45.489948","-16.311134800000001","-71.627044900000001","C",NA,NA,NA,NA,"no","no","cluster19"
"1.29.52-6","VP07","2024-12-01T09:44:50.208872","-16.311133300000002","-71.627040899999997","C",NA,NA,NA,NA,"no","no","cluster19"
"1.29.27-7","VP10","2024-12-01T09:45:03.223451","-16.298267800000001","-71.626903600000006","P","si",2,"2",1,NA,"no","cluster19"
"1.29.52-6","VP07","2024-12-01T09:45:11.707090","-16.311118400000002","-71.627047200000007","C",NA,NA,NA,NA,"no","no","cluster19"
"1.29.52-23","VP07","2024-12-01T09:45:25.479395","-16.311118","-71.627049200000002","C",NA,NA,NA,NA,"no","no","cluster19"
"1.29.52-6","VP07","2024-12-01T09:45:34.085649","-16.3111183","-71.627046199999995","C",NA,NA,NA,NA,"no","no","cluster19"
"1.29.32-16","VP06","2024-12-01T09:46:18.151854","-16.303986800000001","-71.616226299999994","C",NA,NA,NA,NA,"no","no","cluster19"
"1.29.27-25","VP09","2024-12-01T09:46:12.908901","-16.297134700000001","-71.621945499999995","P","si",2,"0",2,NA,"no","cluster19"
"1.29.32-16","VP06","2024-12-01T09:46:24.044967","-16.303980200000002","-71.616242799999995","C",NA,NA,NA,NA,"no","no","cluster19"
"1.29.52-23","VP07","2024-12-01T09:46:26.912151","-16.3111149","-71.6270284","C",NA,NA,NA,NA,"si","no","cluster19"
"1.29.32-16","VP06","2024-12-01T09:46:30.038986","-16.3039828","-71.616246700000005","C",NA,NA,NA,NA,"no","no","cluster19"
"1.29.27-25","VP09","2024-12-01T09:46:25.605727","-16.2971878","-71.621915200000004","P","si",1,"0",1,NA,"no","cluster19"
"1.29.27-25","VP09","2024-12-01T09:46:36.565845","-16.297117700000001","-71.621931700000005","P","no",NA,NA,NA,NA,"no","cluster19"
"1.29.32-16","VP06","2024-12-01T09:46:38.328322","-16.3039758","-71.616250300000004","C",NA,NA,NA,NA,"no","no","cluster19"
"1.29.32-4","VP06","2024-12-01T09:46:43.859367","-16.303964700000002","-71.616256699999994","C",NA,NA,NA,NA,"no","no","cluster19"
"1.29.32-4","VP06","2024-12-01T09:46:49.316187","-16.303953100000001","-71.6162736","C",NA,NA,NA,NA,"no","no","cluster19"
"1.29.32-4","VP06","2024-12-01T09:46:54.057462","-16.303950700000001","-71.616278800000003","C",NA,NA,NA,NA,"no","no","cluster19"
"1.29.52-23","VP07","2024-12-01T09:46:59.679631","-16.311009899999998","-71.626966499999995","LV",NA,NA,NA,NA,NA,"no","cluster19"
"1.29.36-8","VP02","2024-12-01T09:47:27.066216","-16.312335300000001","-71.603178700000001","C",NA,NA,NA,NA,"no","no","cluster19"
"1.29.36-8","VP02","2024-12-01T09:47:37.499314","-16.312302599999999","-71.603215300000002","P","no",NA,NA,NA,NA,"no","cluster19"
"1.29.36-8","VP02","2024-12-01T09:47:42.815705","-16.312324799999999","-71.603205099999997","C",NA,NA,NA,NA,"si","no","cluster19"
"1.29.36-8","VP02","2024-12-01T09:47:48.432466","-16.312317499999999","-71.603206499999999","C",NA,NA,NA,NA,"si","no","cluster19"
"1.29.36-8","VP02","2024-12-01T09:47:55.149760","-16.312312500000001","-71.603208600000002","C",NA,NA,NA,NA,"no","no","cluster19"
"1.29.52-6","VP07","2024-12-01T09:47:30.231619","-16.310941499999998","-71.627035000000006","P","no",NA,NA,NA,NA,"no","cluster19"
"1.29.46-24","VP08","2024-12-01T09:47:53.009711","-16.309707800000002","-71.616161899999994","P","no",NA,NA,NA,NA,"no","cluster19"
"1.29.36-8","VP02","2024-12-01T09:48:00.432280","-16.312304300000001","-71.603212499999998","C",NA,NA,NA,NA,"no","no","cluster19"
"1.29.36-8","VP02","2024-12-01T09:48:07.482295","-16.312318900000001","-71.603206900000004","C",NA,NA,NA,NA,"no","no","cluster19"
"1.29.46-24","VP08","2024-12-01T09:48:04.542182","-16.3097368","-71.616205399999998","C",NA,NA,NA,NA,"no","no","cluster19"
"1.29.46-24","VP08","2024-12-01T09:48:15.159034","-16.309715700000002","-71.616197799999995","C",NA,NA,NA,NA,"si","no","cluster19"
"1.29.36-7","VP02","2024-12-01T09:49:00.032464","-16.312326299999999","-71.603178200000002","C",NA,NA,NA,NA,"no","no","cluster19"
"1.29.36-7","VP02","2024-12-01T09:49:16.848475","-16.312344400000001","-71.603166599999994","C",NA,NA,NA,NA,"no","no","cluster19"
"1.29.38-27","VP05","2024-12-01T09:49:18.484601","-16.313122700000001","-71.610880499999993","C",NA,NA,NA,NA,"no","no","cluster19"
"1.29.36-7","VP02","2024-12-01T09:49:22.265998","-16.312344400000001","-71.603166599999994","C",NA,NA,NA,NA,"no","no","cluster19"
"1.29.32-5","VP06","2024-12-01T09:49:21.876934","-16.303551500000001","-71.615940800000004","C",NA,NA,NA,NA,"no","no","cluster19"
"1.29.36-7","VP02","2024-12-01T09:49:26.815082","-16.312359699999998","-71.603186100000002","D",NA,NA,NA,NA,NA,"no","cluster19"
"1.29.32-5","VP06","2024-12-01T09:49:34.587979","-16.303541500000001","-71.615949799999996","P","si",1,"1",0,NA,"no","cluster19"
"1.29.32-5","VP06","2024-12-01T09:49:54.739378","-16.30359","-71.6159672","C",NA,NA,NA,NA,"no","no","cluster19"
"1.29.37-30","VP01","2024-12-01T09:49:57.073634","-16.3151549","-71.604374399999998","C",NA,NA,NA,NA,"si","no","cluster19"
"1.29.32-16","VP06","2024-12-01T09:50:03.641699","-16.303600500000002","-71.615971999999999","C",NA,NA,NA,NA,"si","no","cluster19"
"1.29.38-28","VP05","2024-12-01T09:49:25.707877","-16.3131305","-71.610961000000003","P","si",3,"3",0,NA,"no","cluster19"
"1.29.37-30","VP01","2024-12-01T09:50:08.442009","-16.315034900000001","-71.604490299999995","C",NA,NA,NA,NA,"no","no","cluster19"
"1.29.37-30","VP01","2024-12-01T09:50:15.297918","-16.31504","-71.604473100000007","P","no",NA,NA,NA,NA,"no","cluster19"
"1.29.37-30","VP01","2024-12-01T09:50:23.847364","-16.3150716","-71.604479999999995","C",NA,NA,NA,NA,"no","no","cluster19"
"1.29.37-30","VP01","2024-12-01T09:50:58.859554","-16.315104999999999","-71.604596700000002","C",NA,NA,NA,NA,"si","no","cluster19"
"1.29.37-30","VP01","2024-12-01T09:51:06.604172","-16.315104999999999","-71.604596700000002","C",NA,NA,NA,NA,"si","no","cluster19"
"1.29.32-16","VP06","2024-12-01T09:52:04.992069","-16.303799999999999","-71.615976799999999","C",NA,NA,NA,NA,"si","no","cluster19"
"1.29.32-16","VP06","2024-12-01T09:52:12.297694","-16.303753700000001","-71.616005200000004","P","no",NA,NA,NA,NA,"no","cluster19"
"1.29.46-20","VP08","2024-12-01T09:52:33.282935","-16.309615699999998","-71.616246899999993","P","si",3,"3",3,NA,"no","cluster19"
"1.29.38-27","VP05","2024-12-01T09:52:41.165626","-16.313124999999999","-71.610801699999996","P","si",3,"3",3,NA,"no","cluster19"
"1.29.46-24","VP08","2024-12-01T09:52:51.433517","-16.309616699999999","-71.616267800000003","P","si",1,"1",1,NA,"no","cluster19"
"1.29.71-39","VP10","2024-12-01T09:52:57.657350","-16.298801399999999","-71.626863200000003","C",NA,NA,NA,NA,"si","no","cluster19"
"1.29.36-7","VP02","2024-12-01T09:53:01.310526","-16.3124067","-71.602995899999996","P","si",3,"3",0,NA,"no","cluster19"
"1.29.38-26","VP05","2024-12-01T09:53:05.110820","-16.3132868","-71.610866000000001","C",NA,NA,NA,NA,"no","no","cluster19"
"1.29.32-16","VP06","2024-12-01T09:53:55.821166","-16.303361899999999","-71.616210300000006","P","no",NA,NA,NA,NA,"no","cluster19"
"1.29.46-20","VP08","2024-12-01T09:54:08.027232","-16.3096125","-71.616257200000007","D",NA,NA,NA,NA,NA,"no","cluster19"
"1.29.46-20","VP08","2024-12-01T09:54:13.810205","-16.309610899999999","-71.616255199999998","D",NA,NA,NA,NA,NA,"no","cluster19"
"1.29.28-5","VP09","2024-12-01T09:54:17.131961","-16.297357900000002","-71.622045","P","si",2,"0",2,NA,"no","cluster19"
"1.29.28-5","VP09","2024-12-01T09:54:30.965179","-16.297389599999999","-71.622047100000003","P","si",1,"0",1,NA,"no","cluster19"
"1.29.36-5","VP02","2024-12-01T09:54:50.418182","-16.3126946","-71.602691699999994","P","no",NA,NA,NA,NA,"no","cluster19"
"1.29.36-5","VP02","2024-12-01T09:55:55.368580","-16.3127222","-71.602656699999997","P","no",NA,NA,NA,NA,"no","cluster19"
"1.29.32-5","VP06","2024-12-01T09:56:04.049054","-16.303397499999999","-71.615848900000003","P","si",1,"1",0,NA,"no","cluster19"
"1.29.36-5","VP02","2024-12-01T09:56:19.051590","-16.312716600000002","-71.602654099999995","P","no",NA,NA,NA,NA,"no","cluster19"
"1.29.46-24","VP08","2024-12-01T09:57:16.646235","-16.309774600000001","-71.616444400000006","P","no",NA,NA,NA,NA,"no","cluster19"
"1.29.36-5","VP02","2024-12-01T09:58:06.804389","-16.312787400000001","-71.602521999999993","C",NA,NA,NA,NA,"si","no","cluster19"
"1.29.27-25","VP09","2024-12-01T09:58:30.277128","-16.296713799999999","-71.622845600000005","C",NA,NA,NA,NA,"si","no","cluster19"
"1.29.32-5","VP06","2024-12-01T09:58:38.909138","-16.303409500000001","-71.615838100000005","P","si",1,"0",1,NA,"no","cluster19"
"1.29.36-6","VP02","2024-12-01T09:58:46.261209","-16.312784700000002","-71.602504199999998","C",NA,NA,NA,NA,"si","no","cluster19"
"1.29.27-25","VP09","2024-12-01T09:58:58.594066","-16.296719499999998","-71.622819899999996","C",NA,NA,NA,NA,"si","no","cluster19"
"1.29.46-24","VP08","2024-12-01T09:58:30.583861","-16.309791700000002","-71.616686299999998","P","si",2,"2",0,NA,"no","cluster19"
"1.29.27-25","VP09","2024-12-01T09:59:09.170302","-16.296723499999999","-71.622831500000004","C",NA,NA,NA,NA,"si","no","cluster19"
"1.29.27-25","VP09","2024-12-01T10:00:09.841629","-16.296728600000002","-71.622845499999997","C",NA,NA,NA,NA,"no","no","cluster19"
"1.29.38-27","VP05","2024-12-01T10:00:14.185273","-16.313294899999999","-71.610847000000007","P","no",NA,NA,NA,NA,"no","cluster19"
"1.29.38-27","VP05","2024-12-01T10:00:27.705059","-16.312899000000002","-71.611391999999995","C",NA,NA,NA,NA,"no","no","cluster19"
"1.29.38-28","VP05","2024-12-01T10:00:46.524322","-16.312955800000001","-71.611405899999994","P","no",NA,NA,NA,NA,"no","cluster19"
"1.29.38-28","VP05","2024-12-01T10:00:50.912984","-16.312960499999999","-71.611410300000003","C",NA,NA,NA,NA,"no","no","cluster19"
"1.29.38-28","VP05","2024-12-01T10:00:58.266301","-16.312955500000001","-71.611405099999999","C",NA,NA,NA,NA,"no","no","cluster19"
"1.29.38-25","VP05","2024-12-01T10:01:02.910260","-16.3129527","-71.611403300000006","P","no",NA,NA,NA,NA,"no","cluster19"
"1.29.38-25","VP05","2024-12-01T10:01:12.211069","-16.3129472","-71.611397199999999","C",NA,NA,NA,NA,"no","no","cluster19"
"1.29.38-25","VP05","2024-12-01T10:01:20.533081","-16.312946700000001","-71.6113967","C",NA,NA,NA,NA,"no","no","cluster19"
"1.29.36-5","VP02","2024-12-01T10:01:20.246775","-16.3131269","-71.602259099999998","P","si",1,"0",1,NA,"no","cluster19"
"1.29.38-25","VP05","2024-12-01T10:01:25.113316","-16.312946700000001","-71.6113967","C",NA,NA,NA,NA,"no","no","cluster19"
"1.29.32-5","VP06","2024-12-01T10:02:58.316548","-16.30294","-71.616274399999995","D",NA,NA,NA,NA,NA,"no","cluster19"
"1.29.32-5","VP06","2024-12-01T10:03:04.007956","-16.3029285","-71.616273399999997","D",NA,NA,NA,NA,NA,"no","cluster19"
"1.29.32-5","VP06","2024-12-01T10:03:08.564127","-16.302933199999998","-71.616279399999996","C",NA,NA,NA,NA,"no","no","cluster19"
"1.29.32-5","VP06","2024-12-01T10:03:18.417853","-16.302964200000002","-71.616310499999997","C",NA,NA,NA,NA,"si","no","cluster19"
"1.29.32-6","VP06","2024-12-01T10:03:33.923006","-16.302965499999999","-71.616309700000002","P","no",NA,NA,NA,NA,"no","cluster19"
"1.29.32-5","VP06","2024-12-01T10:03:44.607969","-16.3029531","-71.616302599999997","C",NA,NA,NA,NA,"no","no","cluster19"
"1.29.32-5","VP06","2024-12-01T10:03:48.399390","-16.302952600000001","-71.616313700000006","D",NA,NA,NA,NA,NA,"no","cluster19"
"1.29.32-5","VP06","2024-12-01T10:03:56.285344","-16.302959699999999","-71.616324599999999","P","si",1,"1",0,NA,"no","cluster19"
"1.29.32-6","VP06","2024-12-01T10:05:06.464265","-16.302855099999999","-71.616445900000002","D",NA,NA,NA,NA,NA,"no","cluster19"
"1.29.32-6","VP06","2024-12-01T10:05:10.516550","-16.3028583","-71.6164457","C",NA,NA,NA,NA,"no","no","cluster19"
"1.29.52-14","VP07","2024-12-01T10:05:39.278400","-16.311441599999998","-71.628891199999998","C",NA,NA,NA,NA,"no","no","cluster19"
"1.29.52-14","VP07","2024-12-01T10:05:44.793041","-16.311425199999999","-71.628898100000001","C",NA,NA,NA,NA,"no","no","cluster19"
"1.29.27-12","VP09","2024-12-01T10:07:44.085031","-16.2971483","-71.623125000000002","P","si",2,"0",2,NA,"no","cluster19"
"1.29.71-24","VP10","2024-12-01T10:07:49.005256","-16.300748299999999","-71.625214400000004","C",NA,NA,NA,NA,"si","no","cluster19"
"1.29.52-15","VP07","2024-12-01T10:07:57.513129","-16.3114764","-71.629315099999999","LV",NA,NA,NA,NA,NA,"no","cluster19"
"1.29.71-39","VP10","2024-12-01T10:08:01.877709","-16.3007071","-71.625212500000004","C",NA,NA,NA,NA,"si","no","cluster19"
"1.29.52-15","VP07","2024-12-01T10:08:02.298179","-16.3114873","-71.629317999999998","C",NA,NA,NA,NA,"no","no","cluster19"
"1.29.36-2","VP02","2024-12-01T10:08:07.268646","-16.313040099999998","-71.602205400000003","P","si",1,"0",1,NA,"no","cluster19"
"1.29.71-39","VP10","2024-12-01T10:08:10.849119","-16.300692900000001","-71.625216800000004","C",NA,NA,NA,NA,"no","no","cluster19"
"1.29.52-15","VP07","2024-12-01T10:08:11.236481","-16.311495000000001","-71.629301900000002","C",NA,NA,NA,NA,"no","no","cluster19"
"1.29.71-39","VP10","2024-12-01T10:08:19.303450","-16.300692000000002","-71.625228899999996","C",NA,NA,NA,NA,"si","no","cluster19"
"1.29.71-42","VP10","2024-12-01T10:08:24.749118","-16.300695999999999","-71.6252298","C",NA,NA,NA,NA,"no","no","cluster19"
"1.29.45-13","VP08","2024-12-01T10:08:21.694474","-16.309753000000001","-71.616929799999994","P","si",2,"2",2,NA,"no","cluster19"
"1.29.52-15","VP07","2024-12-01T10:08:20.722863","-16.311511500000002","-71.629301699999999","C",NA,NA,NA,NA,"no","no","cluster19"
"1.29.45-13","VP08","2024-12-01T10:08:33.360570","-16.309820999999999","-71.617089300000004","P","si",1,"1",1,NA,"no","cluster19"
"1.29.36-2","VP02","2024-12-01T10:08:22.635023","-16.313044900000001","-71.602198400000006","P","si",1,"0",1,NA,"no","cluster19"
"1.29.45-13","VP08","2024-12-01T10:08:53.827131","-16.309795399999999","-71.617064200000002","C",NA,NA,NA,NA,"no","no","cluster19"
"1.29.37-18","VP01","2024-12-01T10:09:27.075822","-16.315856499999999","-71.604090499999998","LV",NA,NA,NA,NA,NA,"no","cluster19"
"1.29.36-2","VP02","2024-12-01T10:09:30.934869","-16.313086800000001","-71.602196399999997","P","si",1,"0",1,NA,"no","cluster19"
"1.29.37-31","VP01","2024-12-01T10:09:54.072961","-16.3159457","-71.604028999999997","C",NA,NA,NA,NA,"si","no","cluster19"
"1.29.37-31","VP01","2024-12-01T10:10:07.278372","-16.3159882","-71.603970200000006","C",NA,NA,NA,NA,"no","no","cluster19"
"1.29.37-31","VP01","2024-12-01T10:10:27.252203","-16.3159867","-71.603970000000004","C",NA,NA,NA,NA,"si","no","cluster19"
"1.29.37-31","VP01","2024-12-01T10:10:41.531469","-16.3159867","-71.603970000000004","C",NA,NA,NA,NA,"si","no","cluster19"
"1.29.37-31","VP01","2024-12-01T10:10:47.679601","-16.3159867","-71.603970000000004","C",NA,NA,NA,NA,"no","no","cluster19"
"1.29.37-31","VP01","2024-12-01T10:10:53.269916","-16.3159867","-71.603970000000004","C",NA,NA,NA,NA,"no","no","cluster19"
"1.29.45-13","VP08","2024-12-01T10:10:55.318340","-16.309882399999999","-71.6167686","P","si",1,"1",0,NA,"no","cluster19"
"1.29.37-31","VP01","2024-12-01T10:11:00.620681","-16.3159867","-71.603970000000004","C",NA,NA,NA,NA,"si","no","cluster19"
"1.29.38-25","VP05","2024-12-01T10:11:03.297880","-16.3129712","-71.611379400000004","P","si",2,"2",2,NA,"no","cluster19"
"1.29.45-13","VP08","2024-12-01T10:11:06.752267","-16.309901","-71.616808300000002","C",NA,NA,NA,NA,"no-sabe","no","cluster19"
"1.29.38-25","VP05","2024-12-01T10:11:21.173095","-16.3129572","-71.611405199999993","P","si",1,"1",1,NA,"no","cluster19"
"1.29.38-25","VP05","2024-12-01T10:11:32.416980","-16.312913699999999","-71.611478099999999","C",NA,NA,NA,NA,"no","no","cluster19"
"1.29.37-34","VP01","2024-12-01T10:11:13.212783","-16.3159867","-71.603970000000004","P","si",1,"0",1,NA,"no","cluster19"
"1.29.38-25","VP05","2024-12-01T10:11:38.283786","-16.312873","-71.611515499999996","C",NA,NA,NA,NA,"si","no","cluster19"
"1.29.37-34","VP01","2024-12-01T10:11:41.578724","-16.3159867","-71.603970000000004","P","no",NA,NA,NA,NA,"no","cluster19"
"1.29.37-34","VP01","2024-12-01T10:11:51.189875","-16.3159867","-71.603970000000004","P","no",NA,NA,NA,NA,"no","cluster19"
"1.29.37-34","VP01","2024-12-01T10:12:03.513056","-16.3159867","-71.603970000000004","P","no",NA,NA,NA,NA,"no","cluster19"
"1.29.37-34","VP01","2024-12-01T10:12:12.733173","-16.3159867","-71.603970000000004","P","no",NA,NA,NA,NA,"no","cluster19"
"1.29.32-5","VP06","2024-12-01T10:12:04.094549","-16.3027309","-71.616365099999996","P","si",5,"0",4,NA,"no","cluster19"
"1.29.28-4","VP09","2024-12-01T10:12:43.636479","-16.297579800000001","-71.623646699999995","C",NA,NA,NA,NA,"si","no","cluster19"
"1.29.45-13","VP08","2024-12-01T10:12:49.445859","-16.309777499999999","-71.617297199999996","D",NA,NA,NA,NA,NA,"no","cluster19"
"1.29.27-12","VP09","2024-12-01T10:12:55.380003","-16.297567799999999","-71.623652399999997","C",NA,NA,NA,NA,"si","no","cluster19"
"1.29.27-11","VP09","2024-12-01T10:13:00.876199","-16.297565599999999","-71.623653399999995","C",NA,NA,NA,NA,"si","no","cluster19"
"1.29.45-13","VP08","2024-12-01T10:12:59.695763","-16.309747099999999","-71.6173261","C",NA,NA,NA,NA,"no","no","cluster19"
"1.29.27-11","VP09","2024-12-01T10:13:06.186680","-16.297567399999998","-71.623652500000006","C",NA,NA,NA,NA,"si","no","cluster19"
"1.29.28-4","VP09","2024-12-01T10:13:12.167729","-16.2975919","-71.623656800000006","C",NA,NA,NA,NA,"si","no","cluster19"
"1.29.27-12","VP09","2024-12-01T10:13:39.644834","-16.2976004","-71.623666200000002","C",NA,NA,NA,NA,"no","no","cluster19"
"1.29.28-4","VP09","2024-12-01T10:13:58.254301","-16.297586500000001","-71.623655400000004","C",NA,NA,NA,NA,"no","no","cluster19"
"1.29.30-32","VP03","2024-12-01T10:14:21.374061","-16.306973599999999","-71.607388200000003","P","si",1,"1",1,NA,"no","cluster19"
"1.29.45-17","VP08","2024-12-01T10:13:53.789447","-16.309816099999999","-71.617351900000003","P","si",3,"3",0,NA,"no","cluster19"
"1.29.45-13","VP08","2024-12-01T10:14:55.006336","-16.309897200000002","-71.617425299999994","D",NA,NA,NA,NA,NA,"no","cluster19"
"1.29.32-6","VP06","2024-12-01T10:15:29.315543","-16.3040457","-71.615690400000005","C",NA,NA,NA,NA,"no","no","cluster19"
"1.29.32-6","VP06","2024-12-01T10:15:34.662297","-16.3025029","-71.616704200000001","C",NA,NA,NA,NA,"no","no","cluster19"
"1.29.32-6","VP06","2024-12-01T10:15:40.210893","-16.302506900000001","-71.616530499999996","C",NA,NA,NA,NA,"no","no","cluster19"
"1.29.32-5","VP06","2024-12-01T10:15:49.180940","-16.3025102","-71.6165412","C",NA,NA,NA,NA,"no","no","cluster19"
"1.29.32-5","VP06","2024-12-01T10:15:53.527357","-16.3025096","-71.616550099999998","LV",NA,NA,NA,NA,NA,"no","cluster19"
"1.29.36-6","VP02","2024-12-01T10:15:49.600957","-16.312826300000001","-71.602571800000007","P","si",2,"1",1,NA,"no","cluster19"
"1.29.32-5","VP06","2024-12-01T10:16:01.488584","-16.302502799999999","-71.616602400000005","LV",NA,NA,NA,NA,NA,"no","cluster19"
"1.29.37-32","VP01","2024-12-01T10:16:05.698964","-16.316466999999999","-71.603494999999995","D",NA,NA,NA,NA,NA,"no","cluster19"
"1.29.36-5","VP02","2024-12-01T10:16:04.533707","-16.312821899999999","-71.602569399999993","P","si",1,"1",0,NA,"no","cluster19"
"1.29.37-32","VP01","2024-12-01T10:16:14.096078","-16.316409799999999","-71.603482799999995","D",NA,NA,NA,NA,NA,"no","cluster19"
"1.29.37-32","VP01","2024-12-01T10:16:19.413886","-16.3164248","-71.603474800000001","D",NA,NA,NA,NA,NA,"no","cluster19"
"1.29.52-14","VP07","2024-12-01T10:16:31.127562","-16.311432400000001","-71.628801100000004","C",NA,NA,NA,NA,"no","no","cluster19"
"1.29.52-14","VP07","2024-12-01T10:16:39.050990","-16.31148","-71.6287643","C",NA,NA,NA,NA,"no","no","cluster19"
"1.29.52-14","VP07","2024-12-01T10:16:44.650099","-16.3115466","-71.628711899999999","C",NA,NA,NA,NA,"no","no","cluster19"
"1.29.38-31","VP05","2024-12-01T10:16:54.435674","-16.312394999999999","-71.612025000000003","P","si",1,"0",0,NA,"no","cluster19"
"1.29.52-14","VP07","2024-12-01T10:16:53.205647","-16.3116348","-71.628651300000001","C",NA,NA,NA,NA,"no","no","cluster19"
"1.29.38-31","VP05","2024-12-01T10:17:06.963388","-16.312960499999999","-71.6125112","C",NA,NA,NA,NA,"no","no","cluster19"
"1.29.38-31","VP05","2024-12-01T10:17:12.477927","-16.312932700000001","-71.612538799999996","C",NA,NA,NA,NA,"no","no","cluster19"
"1.29.32-6","VP06","2024-12-01T10:17:00.496425","-16.302405100000001","-71.6167382","P","si",2,"2",0,NA,"no","cluster19"
"1.29.38-31","VP05","2024-12-01T10:17:18.468157","-16.312924500000001","-71.612537099999997","LV",NA,NA,NA,NA,NA,"no","cluster19"
"1.29.71-40","VP10","2024-12-01T10:17:17.598466","-16.299356800000002","-71.627965000000003","C",NA,NA,NA,NA,"si","no","cluster19"
"1.29.38-31","VP05","2024-12-01T10:17:22.565786","-16.312924899999999","-71.6125361","P","no",NA,NA,NA,NA,"no","cluster19"
"1.29.38-31","VP05","2024-12-01T10:17:30.815044","-16.3129229","-71.612534199999999","D",NA,NA,NA,NA,NA,"no","cluster19"
"1.29.52-14","VP07","2024-12-01T10:17:10.500821","-16.3116369","-71.628630200000003","C",NA,NA,NA,NA,"no","no","cluster19"
"1.29.38-31","VP05","2024-12-01T10:17:35.210495","-16.312920299999998","-71.612530399999997","C",NA,NA,NA,NA,"no","no","cluster19"
"1.29.38-25","VP05","2024-12-01T10:17:43.110350","-16.312919999999998","-71.612530000000007","P","no",NA,NA,NA,NA,"no","cluster19"
"1.29.38-25","VP05","2024-12-01T10:17:47.262714","-16.312919999999998","-71.612530000000007","C",NA,NA,NA,NA,"no","no","cluster19"
"1.29.52-14","VP07","2024-12-01T10:17:41.745374","-16.311634300000001","-71.628651700000006","C",NA,NA,NA,NA,"no","no","cluster19"
"1.29.38-25","VP05","2024-12-01T10:17:54.176881","-16.3129214","-71.612530000000007","C",NA,NA,NA,NA,"no","no","cluster19"
"1.29.52-13","VP07","2024-12-01T10:17:59.040346","-16.311652299999999","-71.628632100000004","P","no",NA,NA,NA,NA,"no","cluster19"
"1.29.30-37","VP03","2024-12-01T10:19:09.752749","-16.3070089","-71.607391699999994","P","no",NA,NA,NA,NA,"no","cluster19"
"1.29.30-37","VP03","2024-12-01T10:19:16.943258","-16.3069709","-71.607364799999999","C",NA,NA,NA,NA,"si","no","cluster19"
"1.29.30-37","VP03","2024-12-01T10:19:23.679919","-16.306977400000001","-71.607359200000005","P","si",1,"1",0,NA,"no","cluster19"
"1.29.37-32","VP01","2024-12-01T10:20:06.878342","-16.3163342","-71.603270699999996","P","si",1,"0",1,NA,"no","cluster19"
"1.29.48-3","VP08","2024-12-01T10:20:48.954105","-16.3098128","-71.617371399999996","DOG_ANOTHER_AREA",NA,1,"1",1,NA,"no","cluster19"
"1.29.32-6","VP06","2024-12-01T10:21:21.438286","-16.302148500000001","-71.616343799999996","P","si",1,"0",1,NA,"no","cluster19"
"1.29.36-2","VP02","2024-12-01T10:21:33.861845","-16.313021200000001","-71.602192000000002","P","no",NA,NA,NA,NA,"no","cluster19"
"1.29.30-32","VP03","2024-12-01T10:22:05.965541","-16.3069807","-71.607363899999996","P","no",NA,NA,NA,NA,"no","cluster19"
"1.29.30-32","VP03","2024-12-01T10:22:11.825752","-16.306653699999998","-71.607665100000006","C",NA,NA,NA,NA,"no","no","cluster19"
"1.29.30-32","VP03","2024-12-01T10:22:17.876903","-16.306645100000001","-71.607694300000006","C",NA,NA,NA,NA,"si","no","cluster19"
"1.29.30-32","VP03","2024-12-01T10:22:25.808655","-16.306653799999999","-71.607678300000003","D",NA,NA,NA,NA,NA,"no","cluster19"
"1.29.30-39","VP03","2024-12-01T10:22:37.879096","-16.306653799999999","-71.607677300000006","D",NA,NA,NA,NA,NA,"no","cluster19"
"1.29.30-39","VP03","2024-12-01T10:22:43.199014","-16.306653699999998","-71.607677300000006","D",NA,NA,NA,NA,NA,"no","cluster19"
"1.29.30-39","VP03","2024-12-01T10:22:46.482069","-16.3066532","-71.607673700000007","D",NA,NA,NA,NA,NA,"no","cluster19"
"1.29.36-2","VP02","2024-12-01T10:23:15.018856","-16.312609200000001","-71.601960199999994","P","si",1,"1",0,NA,"no","cluster19"
"1.29.37-33","VP01","2024-12-01T10:23:29.427984","-16.317049099999998","-71.603311399999996","LV",NA,NA,NA,NA,NA,"no","cluster19"
"1.29.36-2","VP02","2024-12-01T10:23:34.851855","-16.3125815","-71.602009899999999","C",NA,NA,NA,NA,"no","no","cluster19"
"1.29.37-33","VP01","2024-12-01T10:23:47.369590","-16.3170547","-71.603317300000001","LV",NA,NA,NA,NA,NA,"no","cluster19"
"1.29.37-33","VP01","2024-12-01T10:23:52.314199","-16.317079100000001","-71.603326199999998","LP",NA,NA,NA,NA,NA,"no","cluster19"
"1.29.37-33","VP01","2024-12-01T10:24:06.658308","-16.317053399999999","-71.603353299999995","LP",NA,NA,NA,NA,NA,"no","cluster19"
"1.29.37-33","VP01","2024-12-01T10:24:11.557794","-16.317048499999999","-71.603353299999995","LP",NA,NA,NA,NA,NA,"no","cluster19"
"1.29.37-33","VP01","2024-12-01T10:24:16.059098","-16.3170483","-71.603353299999995","LP",NA,NA,NA,NA,NA,"no","cluster19"
"1.29.37-33","VP01","2024-12-01T10:24:21.061945","-16.3170483","-71.603353299999995","LP",NA,NA,NA,NA,NA,"no","cluster19"
"1.29.37-33","VP01","2024-12-01T10:24:25.562261","-16.317033500000001","-71.603331999999995","LP",NA,NA,NA,NA,NA,"no","cluster19"
"1.29.37-33","VP01","2024-12-01T10:24:30.052113","-16.317031700000001","-71.603331699999998","LP",NA,NA,NA,NA,NA,"no","cluster19"
"1.29.37-33","VP01","2024-12-01T10:24:33.957851","-16.317039900000001","-71.603341599999993","LP",NA,NA,NA,NA,NA,"no","cluster19"
"1.29.37-33","VP01","2024-12-01T10:24:38.089885","-16.3170368","-71.603340099999997","C",NA,NA,NA,NA,"no","no","cluster19"
"1.29.71-41","VP10","2024-12-01T10:24:46.006591","-16.3009682","-71.627509599999996","LV",NA,NA,NA,NA,NA,"no","cluster19"
"1.29.37-33","VP01","2024-12-01T10:24:49.138115","-16.317036699999999","-71.603338300000004","C",NA,NA,NA,NA,"no","no","cluster19"
"1.29.27-11","VP09","2024-12-01T10:24:45.767176","-16.297244599999999","-71.624291499999998","C",NA,NA,NA,NA,"si","no","cluster19"
"1.29.37-33","VP01","2024-12-01T10:24:55.884674","-16.317036699999999","-71.603338300000004","C",NA,NA,NA,NA,"no","no","cluster19"
"1.29.27-11","VP09","2024-12-01T10:24:57.044654","-16.2972158","-71.624272000000005","C",NA,NA,NA,NA,"no","no","cluster19"
"1.29.37-33","VP01","2024-12-01T10:25:02.691231","-16.317010100000001","-71.603308400000003","C",NA,NA,NA,NA,"no","no","cluster19"
"1.29.71-50","VP10","2024-12-01T10:25:06.931950","-16.3009813","-71.627512100000004","C",NA,NA,NA,NA,"no","no","cluster19"
"1.29.37-34","VP01","2024-12-01T10:25:14.554209","-16.317008300000001","-71.603308299999995","C",NA,NA,NA,NA,"no","no","cluster19"
"1.29.71-41","VP10","2024-12-01T10:25:18.559409","-16.300993800000001","-71.627487799999997","C",NA,NA,NA,NA,"no","no","cluster19"
"1.29.37-34","VP01","2024-12-01T10:25:21.969961","-16.316991900000001","-71.603333000000006","C",NA,NA,NA,NA,"no","no","cluster19"
"1.29.71-41","VP10","2024-12-01T10:25:23.529863","-16.300980299999999","-71.627499400000005","C",NA,NA,NA,NA,"no","no","cluster19"
"1.29.37-34","VP01","2024-12-01T10:25:28.046127","-16.3169933","-71.603331699999998","C",NA,NA,NA,NA,"no","no","cluster19"
"1.29.71-41","VP10","2024-12-01T10:25:29.761349","-16.300984100000001","-71.627498500000002","C",NA,NA,NA,NA,"si","no","cluster19"
"1.29.37-34","VP01","2024-12-01T10:25:33.593634","-16.3169933","-71.603331699999998","C",NA,NA,NA,NA,"si","no","cluster19"
"1.29.71-41","VP10","2024-12-01T10:25:35.717167","-16.300985699999998","-71.627497199999993","C",NA,NA,NA,NA,"no","no","cluster19"
"1.29.37-34","VP01","2024-12-01T10:25:42.182989","-16.317042399999998","-71.60333","C",NA,NA,NA,NA,"si","no","cluster19"
"1.29.71-49","VP10","2024-12-01T10:25:45.498930","-16.300996099999999","-71.627479399999999","C",NA,NA,NA,NA,"si","no","cluster19"
"1.29.37-34","VP01","2024-12-01T10:25:50.422141","-16.317069700000001","-71.603343600000002","C",NA,NA,NA,NA,"si","no","cluster19"
"1.29.71-42","VP10","2024-12-01T10:25:58.029032","-16.301000200000001","-71.627450499999995","C",NA,NA,NA,NA,"no","no","cluster19"
"1.29.45-17","VP08","2024-12-01T10:26:00.909157","-16.3100342","-71.617665900000006","C",NA,NA,NA,NA,"no","no","cluster19"
"1.29.71-42","VP10","2024-12-01T10:26:03.450242","-16.300997899999999","-71.627457000000007","D",NA,NA,NA,NA,NA,"no","cluster19"
"1.29.71-40","VP10","2024-12-01T10:26:09.356218","-16.301001500000002","-71.627447099999998","R",NA,NA,NA,NA,"no","no","cluster19"
"1.29.71-40","VP10","2024-12-01T10:26:17.717824","-16.301001200000002","-71.6274473","C",NA,NA,NA,NA,"si","no","cluster19"
"1.29.36-5","VP02","2024-12-01T10:26:20.723702","-16.312512900000002","-71.602323900000002","P","no",NA,NA,NA,NA,"no","cluster19"
"1.29.71-40","VP10","2024-12-01T10:26:22.646367","-16.3010001","-71.627454299999997","R",NA,NA,NA,NA,"si","no","cluster19"
"1.29.37-36","VP01","2024-12-01T10:26:34.186125","-16.317033500000001","-71.603332899999998","LP",NA,NA,NA,NA,NA,"no","cluster19"
"1.29.36-5","VP02","2024-12-01T10:26:32.440677","-16.3125182","-71.602322900000004","C",NA,NA,NA,NA,"no","no","cluster19"
"1.29.37-36","VP01","2024-12-01T10:26:41.752560","-16.317049600000001","-71.603356000000005","LP",NA,NA,NA,NA,NA,"no","cluster19"
"1.29.37-36","VP01","2024-12-01T10:26:46.372407","-16.3170647","-71.603349300000005","LP",NA,NA,NA,NA,NA,"no","cluster19"
"1.29.37-36","VP01","2024-12-01T10:26:50.940128","-16.3170666","-71.603333199999994","LP",NA,NA,NA,NA,NA,"no","cluster19"
"1.29.37-36","VP01","2024-12-01T10:26:54.872815","-16.317070000000001","-71.603317099999998","LP",NA,NA,NA,NA,NA,"no","cluster19"
"1.29.37-36","VP01","2024-12-01T10:26:58.794237","-16.317058100000001","-71.603233399999993","LP",NA,NA,NA,NA,NA,"no","cluster19"
"1.29.37-36","VP01","2024-12-01T10:27:02.759630","-16.317000400000001","-71.603243699999993","LP",NA,NA,NA,NA,NA,"no","cluster19"
"1.29.37-36","VP01","2024-12-01T10:27:06.647276","-16.316951899999999","-71.603267299999999","LP",NA,NA,NA,NA,NA,"no","cluster19"
"1.29.37-36","VP01","2024-12-01T10:27:11.013975","-16.316949099999999","-71.603267900000006","LP",NA,NA,NA,NA,NA,"no","cluster19"
"1.29.37-36","VP01","2024-12-01T10:27:16.160446","-16.316966399999998","-71.603274900000002","LP",NA,NA,NA,NA,NA,"no","cluster19"
"1.29.45-17","VP08","2024-12-01T10:27:12.675917","-16.310144699999999","-71.617565499999998","P","si",1,"1",0,NA,"no","cluster19"
"1.29.36-5","VP02","2024-12-01T10:27:19.290482","-16.3125635","-71.602381199999996","P","si",1,"1",0,NA,"no","cluster19"
"1.29.71-40","VP10","2024-12-01T10:26:31.091927","-16.301000999999999","-71.627451199999996","P","no",NA,NA,NA,NA,"no","cluster19"
"1.29.71-38","VP10","2024-12-01T10:27:55.343457","-16.301032800000002","-71.627461299999993","C",NA,NA,NA,NA,"no","no","cluster19"
"1.29.71-38","VP10","2024-12-01T10:28:02.393801","-16.3010302","-71.627464900000007","LV",NA,NA,NA,NA,NA,"no","cluster19"
"1.29.71-42","VP10","2024-12-01T10:28:06.429022","-16.3010302","-71.627464900000007","C",NA,NA,NA,NA,"no","no","cluster19"
"1.29.71-39","VP10","2024-12-01T10:28:11.498859","-16.301030900000001","-71.627465200000003","LV",NA,NA,NA,NA,NA,"no","cluster19"
"1.29.45-17","VP08","2024-12-01T10:28:48.930616","-16.310209199999999","-71.617649999999998","P","si",1,"1",0,NA,"no","cluster19"
"1.29.36-5","VP02","2024-12-01T10:29:00.179570","-16.312413200000002","-71.602447999999995","P","si",1,"1",0,NA,"no","cluster19"
"1.29.71-36","VP10","2024-12-01T10:29:19.558837","-16.300840900000001","-71.627342600000006","P","no",NA,NA,NA,NA,"no","cluster19"
"1.29.36-4","VP02","2024-12-01T10:29:18.530021","-16.312407199999999","-71.602449100000001","P","si",1,"1",0,NA,"no","cluster19"
"1.29.45-17","VP08","2024-12-01T10:30:30.944995","-16.310193600000002","-71.617688999999999","P","si",3,"2",0,NA,"no","cluster19"
"1.29.30-32","VP03","2024-12-01T10:30:59.520654","-16.307925099999999","-71.6140975","P","si",2,"2",1,NA,"no","cluster19"
"1.29.36-5","VP02","2024-12-01T10:32:34.865063","-16.312196400000001","-71.602749500000002","P","si",4,"3",1,NA,"no","cluster19"
"1.29.45-17","VP08","2024-12-01T10:33:32.419097","-16.310370800000001","-71.617844700000006","C",NA,NA,NA,NA,"si","no","cluster19"
"1.29.45-17","VP08","2024-12-01T10:34:06.311181","-16.3102038","-71.618204500000004","P","no",NA,NA,NA,NA,"no","cluster19"
"1.29.30-30","VP03","2024-12-01T10:34:56.204882","-16.306733699999999","-71.607825000000005","P","no",NA,NA,NA,NA,"no","cluster19"
"1.29.45-17","VP08","2024-12-01T10:34:57.142349","-16.310530400000001","-71.618055600000005","D",NA,NA,NA,NA,NA,"no","cluster19"
"1.29.30-39","VP03","2024-12-01T10:35:04.464578","-16.3067283","-71.607815799999997","D",NA,NA,NA,NA,NA,"no","cluster19"
"1.29.30-39","VP03","2024-12-01T10:35:11.217254","-16.306729399999998","-71.607805600000006","D",NA,NA,NA,NA,NA,"no","cluster19"
"1.29.45-17","VP08","2024-12-01T10:36:06.530867","-16.3106969","-71.618146699999997","C",NA,NA,NA,NA,"no","no","cluster19"
"1.29.45-17","VP08","2024-12-01T10:36:32.063407","-16.310725900000001","-71.618168900000001","P","si",1,"1",0,NA,"no","cluster19"
"1.29.27-14","VP09","2024-12-01T10:32:52.765302","-16.297458800000001","-71.624614500000007","P","si",1,"0",0,NA,"no","cluster19"
"1.29.45-17","VP08","2024-12-01T10:36:52.329464","-16.3107145","-71.618199500000003","C",NA,NA,NA,NA,"si","no","cluster19"
"1.29.36-8","VP02","2024-12-01T10:37:16.581397","-16.311743100000001","-71.6036644","P","si",2,"2",0,NA,"no","cluster19"
"1.29.30-30","VP03","2024-12-01T10:37:21.277569","-16.306679599999999","-71.607774899999995","P","si",1,"1",0,NA,"no","cluster19"
"1.29.36-8","VP02","2024-12-01T10:37:26.630806","-16.3117582","-71.603645900000004","D",NA,NA,NA,NA,NA,"no","cluster19"
"1.29.36-8","VP02","2024-12-01T10:37:35.264304","-16.311759800000001","-71.603643099999999","D",NA,NA,NA,NA,NA,"no","cluster19"
"1.29.36-8","VP02","2024-12-01T10:37:38.913590","-16.3117628","-71.603660599999998","C",NA,NA,NA,NA,"no","no","cluster19"
"1.29.36-8","VP02","2024-12-01T10:37:43.464896","-16.3117628","-71.603660599999998","C",NA,NA,NA,NA,"no","no","cluster19"
"1.29.36-8","VP02","2024-12-01T10:37:49.548610","-16.311767799999998","-71.603672799999998","C",NA,NA,NA,NA,"no","no","cluster19"
"1.29.36-8","VP02","2024-12-01T10:38:30.514601","-16.311752800000001","-71.603748300000007","C",NA,NA,NA,NA,"si","no","cluster19"
"1.29.30-30","VP03","2024-12-01T10:38:08.140868","-16.306715000000001","-71.607808199999994","P","si",1,"1",1,NA,"no","cluster19"
"1.29.30-39","VP03","2024-12-01T10:40:04.783008","-16.306637299999998","-71.607830100000001","D",NA,NA,NA,NA,NA,"no","cluster19"
"1.29.27-8","VP09","2024-12-01T10:40:30.948882","-16.2972036","-71.624955400000005","P","si",1,"0",1,NA,"no","cluster19"
"1.29.27-8","VP09","2024-12-01T10:40:46.904018","-16.297280499999999","-71.624983400000005","C",NA,NA,NA,NA,"si","no","cluster19"
"1.29.27-8","VP09","2024-12-01T10:40:52.834932","-16.297303500000002","-71.624949299999997","C",NA,NA,NA,NA,"si","no","cluster19"
"1.29.36-14","VP02","2024-12-01T10:41:42.981992","-16.3117661","-71.603726699999996","C",NA,NA,NA,NA,"si","no","cluster19"
"1.29.36-14","VP02","2024-12-01T10:41:48.099162","-16.3117667","-71.603722399999995","C",NA,NA,NA,NA,"si","no","cluster19"
"1.29.45-17","VP08","2024-12-01T10:42:14.218798","-16.310645399999999","-71.618106299999994","DOG_ANOTHER_AREA",NA,2,"2",2,NA,"no","cluster19"
"1.29.36-14","VP02","2024-12-01T10:41:56.465981","-16.311765600000001","-71.603727000000006","C",NA,NA,NA,NA,"si","no","cluster19"
"1.29.38-23","VP05","2024-12-01T10:42:32.844606","-16.314576800000001","-71.610693299999994","C",NA,NA,NA,NA,"no","no","cluster19"
"1.29.38-23","VP05","2024-12-01T10:42:38.036663","-16.314575000000001","-71.610700100000003","C",NA,NA,NA,NA,"si","no","cluster19"
"1.29.38-23","VP05","2024-12-01T10:42:42.620782","-16.314583299999999","-71.610706800000003","P","no",NA,NA,NA,NA,"no","cluster19"
"1.29.38-23","VP05","2024-12-01T10:42:48.023547","-16.3145834","-71.610704900000002","D",NA,NA,NA,NA,NA,"no","cluster19"
"1.29.38-23","VP05","2024-12-01T10:42:52.220288","-16.314581700000002","-71.610704999999996","C",NA,NA,NA,NA,"no","no","cluster19"
"1.29.38-26","VP05","2024-12-01T10:42:59.804610","-16.314581700000002","-71.610704999999996","LV",NA,NA,NA,NA,NA,"no","cluster19"
"1.29.38-26","VP05","2024-12-01T10:43:03.004396","-16.314581700000002","-71.610704999999996","LV",NA,NA,NA,NA,NA,"no","cluster19"
"1.29.38-26","VP05","2024-12-01T10:43:06.038958","-16.314581700000002","-71.610704999999996","D",NA,NA,NA,NA,NA,"no","cluster19"
"1.29.38-26","VP05","2024-12-01T10:43:10.545380","-16.314581700000002","-71.610704999999996","P","si",3,"0",0,NA,"no","cluster19"
"1.29.38-23","VP05","2024-12-01T10:43:20.455097","-16.314581700000002","-71.610704999999996","C",NA,NA,NA,NA,"no","no","cluster19"
"1.29.45-17","VP08","2024-12-01T10:44:26.354878","-16.310822099999999","-71.618331299999994","C",NA,NA,NA,NA,"si","no","cluster19"
"1.29.27-15","VP09","2024-12-01T10:44:59.501466","-16.297018699999999","-71.625248999999997","C",NA,NA,NA,NA,"si","no","cluster19"
"1.29.27-15","VP09","2024-12-01T10:45:04.411961","-16.297030700000001","-71.625257700000006","C",NA,NA,NA,NA,"no","no","cluster19"
"1.29.27-15","VP09","2024-12-01T10:45:10.324880","-16.297045900000001","-71.625269200000005","C",NA,NA,NA,NA,"no","no","cluster19"
"1.29.36-13","VP02","2024-12-01T10:45:28.099196","-16.311461000000001","-71.603678700000003","C",NA,NA,NA,NA,"si","no","cluster19"
"1.29.32-6","VP06","2024-12-01T10:45:50.614063","-16.301977399999998","-71.616672899999998","C",NA,NA,NA,NA,"no","no","cluster19"
"1.29.27-7","VP09","2024-12-01T10:46:23.926071","-16.297073600000001","-71.625474699999998","C",NA,NA,NA,NA,"no","no","cluster19"
"1.29.27-7","VP09","2024-12-01T10:46:44.175296","-16.2970109","-71.625555300000002","C",NA,NA,NA,NA,"no","no","cluster19"
"1.29.27-7","VP09","2024-12-01T10:46:50.472851","-16.2970082","-71.625532000000007","C",NA,NA,NA,NA,"si","no","cluster19"
"1.29.27-7","VP09","2024-12-01T10:46:56.804714","-16.297007499999999","-71.625531800000005","C",NA,NA,NA,NA,"no","no","cluster19"
"1.29.71-36","VP10","2024-12-01T10:47:59.989788","-16.300687","-71.627266700000007","C",NA,NA,NA,NA,"si","no","cluster19"
"1.29.38-26","VP05","2024-12-01T10:48:55.354193","-16.315011699999999","-71.610020000000006","C",NA,NA,NA,NA,"si","no","cluster19"
"1.29.38-12","VP05","2024-12-01T10:49:07.876059","-16.315159399999999","-71.610064800000004","C",NA,NA,NA,NA,"si","no","cluster19"
"1.29.36-13","VP02","2024-12-01T10:49:07.100738","-16.3113259","-71.603705700000006","P","si",1,"0",1,NA,"no","cluster19"
"1.29.38-12","VP05","2024-12-01T10:49:13.800258","-16.315174299999999","-71.610075499999994","C",NA,NA,NA,NA,"si","no","cluster19"
"1.29.32-28","VP06","2024-12-01T10:49:26.045378","-16.301857399999999","-71.616388200000003","C",NA,NA,NA,NA,"si","no","cluster19"
"1.29.71-35","VP10","2024-12-01T10:49:43.377665","-16.3008031","-71.627350399999997","C",NA,NA,NA,NA,"si","no","cluster19"
"1.29.71-37","VP10","2024-12-01T10:49:50.870227","-16.300799900000001","-71.627346799999998","C",NA,NA,NA,NA,"no","no","cluster19"
"1.29.71-37","VP10","2024-12-01T10:50:02.949402","-16.3008016","-71.627343499999995","C",NA,NA,NA,NA,"si","no","cluster19"
"1.29.71-38","VP10","2024-12-01T10:50:12.580617","-16.300808499999999","-71.627338600000002","C",NA,NA,NA,NA,"no","no","cluster19"
"1.29.71-35","VP10","2024-12-01T10:50:24.517741","-16.300818599999999","-71.627334000000005","C",NA,NA,NA,NA,"no","no","cluster19"
"1.29.71-38","VP10","2024-12-01T10:50:33.714989","-16.300824899999999","-71.627325499999998","C",NA,NA,NA,NA,"no","no","cluster19"
"1.29.45-17","VP08","2024-12-01T10:50:27.363084","-16.310877099999999","-71.618526399999993","P","si",3,"3",3,NA,"no","cluster19"
"1.29.52-18","VP07","2024-12-01T10:50:47.713235","-16.3099764","-71.628312899999997","P","si",1,"1",0,NA,"no","cluster19"
"1.29.71-38","VP10","2024-12-01T10:51:03.602996","-16.3007223","-71.627270699999997","C",NA,NA,NA,NA,"si","no","cluster19"
"1.29.52-18","VP07","2024-12-01T10:51:01.435791","-16.310002999999998","-71.6283016","P","si",1,"0",1,NA,"no","cluster19"
"1.29.36-14","VP02","2024-12-01T10:51:15.058807","-16.311224500000002","-71.604016799999997","C",NA,NA,NA,NA,"no","no","cluster19"
"1.29.71-39","VP10","2024-12-01T10:51:15.281203","-16.300742499999998","-71.627262099999996","C",NA,NA,NA,NA,"no","no","cluster19"
"1.29.36-14","VP02","2024-12-01T10:51:19.792288","-16.311224200000002","-71.604018600000003","C",NA,NA,NA,NA,"no","no","cluster19"
"1.29.52-18","VP07","2024-12-01T10:51:14.461397","-16.3099934","-71.628294999999994","P","si",2,"0",2,NA,"no","cluster19"
"1.29.36-14","VP02","2024-12-01T10:51:24.008819","-16.311211400000001","-71.604035499999995","C",NA,NA,NA,NA,"no","no","cluster19"
"1.29.52-18","VP07","2024-12-01T10:51:27.037820","-16.309993299999999","-71.628294999999994","C",NA,NA,NA,NA,"no","no","cluster19"
"1.29.36-14","VP02","2024-12-01T10:51:30.192299","-16.3112092","-71.604038599999996","C",NA,NA,NA,NA,"no","no","cluster19"
"1.29.27-15","VP09","2024-12-01T10:51:23.084563","-16.2970316","-71.625419600000001","P","si",2,"0",1,NA,"no","cluster19"
"1.29.45-17","VP08","2024-12-01T10:51:49.915649","-16.310874800000001","-71.618412500000005","D",NA,NA,NA,NA,NA,"no","cluster19"
"1.29.45-17","VP08","2024-12-01T10:51:54.899645","-16.310870099999999","-71.618423899999996","D",NA,NA,NA,NA,NA,"no","cluster19"
"1.29.52-16","VP07","2024-12-01T10:52:03.293224","-16.310018199999998","-71.628305100000006","C",NA,NA,NA,NA,"no","no","cluster19"
"1.29.52-16","VP07","2024-12-01T10:52:08.958360","-16.310013300000001","-71.628300100000004","C",NA,NA,NA,NA,"no","no","cluster19"
"1.29.36-17","VP02","2024-12-01T10:51:50.175663","-16.311213500000001","-71.604043399999995","P","si",2,"2",0,NA,"no","cluster19"
"1.29.52-16","VP07","2024-12-01T10:52:16.035253","-16.3100101","-71.628296899999995","C",NA,NA,NA,NA,"no","no","cluster19"
"1.29.52-16","VP07","2024-12-01T10:52:22.231940","-16.310001700000001","-71.628298299999997","C",NA,NA,NA,NA,"no","no","cluster19"
"1.29.52-16","VP07","2024-12-01T10:52:27.282677","-16.309999999999999","-71.628299999999996","C",NA,NA,NA,NA,"no","no","cluster19"
"1.29.52-16","VP07","2024-12-01T10:52:32.499509","-16.309999999999999","-71.628299999999996","C",NA,NA,NA,NA,"no","no","cluster19"
"1.29.52-18","VP07","2024-12-01T10:52:38.613622","-16.309999999999999","-71.628299999999996","C",NA,NA,NA,NA,"no","no","cluster19"
"1.29.32-6","VP06","2024-12-01T10:55:15.299832","-16.302217500000001","-71.616197299999996","P","si",1,"0",1,NA,"no","cluster19"
"1.29.32-28","VP06","2024-12-01T10:55:28.767697","-16.302186800000001","-71.616225","C",NA,NA,NA,NA,"si","no","cluster19"
"1.29.45-17","VP08","2024-12-01T10:55:50.969532","-16.311100499999998","-71.618523199999998","P","si",2,"1",1,NA,"no","cluster19"
"1.29.71-35","VP10","2024-12-01T10:58:07.396347","-16.300798","-71.627408599999995","C",NA,NA,NA,NA,"si","no","cluster19"
"1.29.27-15","VP09","2024-12-01T10:58:16.186245","-16.2970331","-71.625630700000002","P","si",2,"0",2,NA,"no","cluster19"
"1.29.30-39","VP03","2024-12-01T10:58:33.515655","-16.307169699999999","-71.607845699999999","P","si",1,"1",1,NA,"no","cluster19"
"1.29.27-15","VP09","2024-12-01T10:58:34.580437","-16.297065799999999","-71.6256159","P","si",1,"0",1,NA,"no","cluster19"
"1.29.30-39","VP03","2024-12-01T10:58:45.503320","-16.307240100000001","-71.607877500000001","P","si",1,"1",1,NA,"no","cluster19"
"1.29.71-31","VP10","2024-12-01T10:59:14.415354","-16.300802699999998","-71.627328000000006","LV",NA,NA,NA,NA,NA,"no","cluster19"
"1.29.71-40","VP10","2024-12-01T10:59:22.367563","-16.300803699999999","-71.627332100000004","LV",NA,NA,NA,NA,NA,"no","cluster19"
"1.29.71-32","VP10","2024-12-01T10:59:31.405791","-16.300819799999999","-71.627340099999998","C",NA,NA,NA,NA,"si","no","cluster19"
"1.29.45-17","VP08","2024-12-01T10:59:28.871990","-16.311037599999999","-71.618755199999995","P","si",2,"1",1,NA,"no","cluster19"
"1.29.36-18","VP02","2024-12-01T10:59:49.932866","-16.311166799999999","-71.604206399999995","P","si",1,"0",1,NA,"no","cluster19"
"1.29.71-32","VP10","2024-12-01T10:59:58.212400","-16.300825700000001","-71.627352999999999","C",NA,NA,NA,NA,"no","no","cluster19"
"1.29.33-23","VP04","2024-12-01T11:02:12.429422","-16.306815100000001","-71.612154599999997","R",NA,NA,NA,NA,"si","no","cluster19"
"1.29.32-28","VP06","2024-12-01T11:02:48.726201","-16.302187400000001","-71.616101400000005","C",NA,NA,NA,NA,"si","no","cluster19"
"1.29.32-28","VP06","2024-12-01T11:02:53.577017","-16.302213699999999","-71.616103600000002","C",NA,NA,NA,NA,"si","no","cluster19"
"1.29.33-12","VP04","2024-12-01T11:02:49.152670","-16.306806999999999","-71.612186399999999","P","no-sabe",NA,NA,NA,NA,"no","cluster19"
"1.29.32-6","VP06","2024-12-01T11:03:00.562862","-16.302204499999998","-71.616091400000002","P","si",1,"0",1,NA,"no","cluster19"
"1.29.32-7","VP06","2024-12-01T11:03:11.138747","-16.302199600000002","-71.616061400000007","P","no",NA,NA,NA,NA,"no","cluster19"
"1.29.33-22","VP04","2024-12-01T11:03:03.769392","-16.306806600000002","-71.612185199999999","C",NA,NA,NA,NA,"si","no","cluster19"
"1.29.45-17","VP08","2024-12-01T11:03:14.096033","-16.311316699999999","-71.618262599999994","P","no",NA,NA,NA,NA,"no","cluster19"
"1.29.33-21","VP04","2024-12-01T11:03:19.512154","-16.306808700000001","-71.612187300000002","P","si",2,"2",2,NA,"no","cluster19"
"1.29.71-36","VP10","2024-12-01T11:04:10.162811","-16.300819600000001","-71.627326999999994","C",NA,NA,NA,NA,"no","no","cluster19"
"1.29.52-16","VP07","2024-12-01T11:04:43.882882","-16.308492999999999","-71.627414599999994","C",NA,NA,NA,NA,"no","no","cluster19"
"1.29.52-16","VP07","2024-12-01T11:04:48.452462","-16.3084895","-71.627416499999995","C",NA,NA,NA,NA,"no","no","cluster19"
"1.29.52-16","VP07","2024-12-01T11:04:54.632430","-16.308481400000002","-71.627413300000001","C",NA,NA,NA,NA,"no","no","cluster19"
"1.29.52-16","VP07","2024-12-01T11:04:59.217628","-16.308468300000001","-71.627404999999996","C",NA,NA,NA,NA,"no","no","cluster19"
"1.29.52-16","VP07","2024-12-01T11:05:04.700625","-16.308468300000001","-71.627404999999996","C",NA,NA,NA,NA,"no","no","cluster19"
"1.29.52-16","VP07","2024-12-01T11:05:37.945426","-16.308468300000001","-71.627404999999996","C",NA,NA,NA,NA,"no","no","cluster19"
"1.29.32-7","VP06","2024-12-01T11:05:31.148105","-16.3023831","-71.615823700000007","P","si",2,"0",0,NA,"no","cluster19"
"1.29.52-18","VP07","2024-12-01T11:05:44.807400","-16.308468300000001","-71.627404999999996","P","si",1,"0",1,NA,"no","cluster19"
"1.29.52-2","VP07","2024-12-01T11:06:00.556967","-16.308468300000001","-71.627404999999996","C",NA,NA,NA,NA,"no","no","cluster19"
"1.29.52-2","VP07","2024-12-01T11:06:06.454622","-16.308468300000001","-71.627404999999996","C",NA,NA,NA,NA,"no","no","cluster19"
"1.29.52-2","VP07","2024-12-01T11:06:11.457044","-16.308468300000001","-71.627404999999996","C",NA,NA,NA,NA,"no","no","cluster19"
"1.29.52-2","VP07","2024-12-01T11:06:16.423414","-16.308468300000001","-71.627404999999996","C",NA,NA,NA,NA,"no","no","cluster19"
"1.29.52-2","VP07","2024-12-01T11:06:21.241314","-16.308468300000001","-71.627404999999996","C",NA,NA,NA,NA,"no","no","cluster19"
"1.29.32-6","VP06","2024-12-01T11:06:24.525563","-16.302390599999999","-71.6158128","C",NA,NA,NA,NA,"no","no","cluster19"
"1.29.71-29","VP10","2024-12-01T11:06:19.840044","-16.301019799999999","-71.626885999999999","P","si",2,"2",2,NA,"no","cluster19"
"1.29.32-6","VP06","2024-12-01T11:06:31.150373","-16.302415499999999","-71.615804400000002","D",NA,NA,NA,NA,NA,"no","cluster19"
"1.29.52-2","VP07","2024-12-01T11:06:29.331744","-16.308468300000001","-71.627404999999996","C",NA,NA,NA,NA,"no","no","cluster19"
"1.29.32-7","VP06","2024-12-01T11:06:37.253463","-16.302413999999999","-71.615806000000006","C",NA,NA,NA,NA,"no","no","cluster19"
"1.29.27-15","VP09","2024-12-01T11:06:51.131526","-16.296720100000002","-71.625747000000004","P","si",1,"0",1,NA,"no","cluster19"
"1.29.27-15","VP09","2024-12-01T11:07:12.379183","-16.296942099999999","-71.625665499999997","P","si",1,"0",1,NA,"no","cluster19"
"1.29.32-7","VP06","2024-12-01T11:07:31.429846","-16.302141500000001","-71.616","D",NA,NA,NA,NA,NA,"no","cluster19"
"1.29.32-6","VP06","2024-12-01T11:07:37.466088","-16.3033641","-71.615902000000006","C",NA,NA,NA,NA,"si","no","cluster19"
"1.29.27-6","VP09","2024-12-01T11:07:28.081484","-16.296961199999998","-71.625589899999994","P","si",2,"0",2,NA,"no","cluster19"
"1.29.32-7","VP06","2024-12-01T11:07:45.629176","-16.3024901","-71.615718299999997","D",NA,NA,NA,NA,NA,"no","cluster19"
"1.29.32-6","VP06","2024-12-01T11:07:50.143571","-16.302496600000001","-71.615713900000003","C",NA,NA,NA,NA,"no","no","cluster19"
"1.29.45-17","VP08","2024-12-01T11:08:00.964179","-16.311539799999998","-71.618276300000005","P","si",1,"1",1,NA,"no","cluster19"
"1.29.32-7","VP06","2024-12-01T11:08:55.532362","-16.3027631","-71.615499200000002","D",NA,NA,NA,NA,NA,"no","cluster19"
"1.29.71-19","VP10","2024-12-01T11:08:41.902305","-16.301825900000001","-71.626846799999996","P","si",2,"2",2,NA,"no","cluster19"
"1.29.32-7","VP06","2024-12-01T11:08:59.298858","-16.302742200000001","-71.615513500000006","D",NA,NA,NA,NA,NA,"no","cluster19"
"1.29.52-16","VP07","2024-12-01T11:09:18.752614","-16.3084977","-71.627395699999994","C",NA,NA,NA,NA,"no","no","cluster19"
"1.29.32-28","VP06","2024-12-01T11:09:24.368235","-16.3027108","-71.615516999999997","D",NA,NA,NA,NA,NA,"no","cluster19"
"1.29.52-17","VP07","2024-12-01T11:10:24.223414","-16.308668900000001","-71.627192100000002","C",NA,NA,NA,NA,"no","no","cluster19"
"1.29.52-17","VP07","2024-12-01T11:10:29.038082","-16.308541099999999","-71.627344300000004","C",NA,NA,NA,NA,"no","no","cluster19"
"1.29.52-17","VP07","2024-12-01T11:10:32.925809","-16.308541099999999","-71.627344300000004","C",NA,NA,NA,NA,"no","no","cluster19"
"1.29.52-17","VP07","2024-12-01T11:10:37.112732","-16.3085092","-71.6273348","C",NA,NA,NA,NA,"no","no","cluster19"
"1.29.52-17","VP07","2024-12-01T11:10:41.265908","-16.308498499999999","-71.627330000000001","C",NA,NA,NA,NA,"no","no","cluster19"
"1.29.52-17","VP07","2024-12-01T11:10:45.469187","-16.3084983","-71.627329900000007","C",NA,NA,NA,NA,"no","no","cluster19"
"1.29.52-17","VP07","2024-12-01T11:10:50.420489","-16.308491700000001","-71.627328199999994","C",NA,NA,NA,NA,"no","no","cluster19"
"1.29.52-17","VP07","2024-12-01T11:10:54.524642","-16.308483500000001","-71.627324700000003","C",NA,NA,NA,NA,"no","no","cluster19"
"1.29.52-17","VP07","2024-12-01T11:10:59.757704","-16.308470499999999","-71.627324900000005","C",NA,NA,NA,NA,"no","no","cluster19"
"1.29.45-16","VP08","2024-12-01T11:10:55.064266","-16.311299900000002","-71.618237100000002","P","no",NA,NA,NA,NA,"no","cluster19"
"1.29.52-17","VP07","2024-12-01T11:11:04.259558","-16.30847","-71.627324999999999","LV",NA,NA,NA,NA,NA,"no","cluster19"
"1.29.52-17","VP07","2024-12-01T11:11:08.031499","-16.30847","-71.627324999999999","LV",NA,NA,NA,NA,NA,"no","cluster19"
"1.29.52-17","VP07","2024-12-01T11:11:14.116876","-16.30847","-71.627324999999999","LV",NA,NA,NA,NA,NA,"no","cluster19"
"1.29.52-17","VP07","2024-12-01T11:11:17.635118","-16.30847","-71.627324999999999","LV",NA,NA,NA,NA,NA,"no","cluster19"
"1.29.52-17","VP07","2024-12-01T11:11:21.039259","-16.30847","-71.627324999999999","LV",NA,NA,NA,NA,NA,"no","cluster19"
"1.29.45-16","VP08","2024-12-01T11:12:19.764","-16.311356700000001","-71.618257099999994","D",NA,NA,NA,NA,NA,"no","cluster19"
"1.29.27-18","VP09","2024-12-01T11:12:30.078808","-16.296655900000001","-71.625816499999999","C",NA,NA,NA,NA,"si","no","cluster19"
"1.29.45-16","VP08","2024-12-01T11:12:32.430573","-16.311325100000001","-71.618249899999995","D",NA,NA,NA,NA,NA,"no","cluster19"
"1.29.27-18","VP09","2024-12-01T11:12:35.556803","-16.296655900000001","-71.625816499999999","C",NA,NA,NA,NA,"no","no","cluster19"
"1.29.27-18","VP09","2024-12-01T11:12:42.356069","-16.296655900000001","-71.625816499999999","C",NA,NA,NA,NA,"no","no","cluster19"
"1.29.33-22","VP04","2024-12-01T11:04:46.549624","-16.3068062","-71.612191800000005","P","si",3,"2",3,NA,"no","cluster19"
"1.29.27-6","VP09","2024-12-01T11:12:47.885825","-16.296617999999999","-71.625824699999995","C",NA,NA,NA,NA,"no","no","cluster19"
"1.29.27-6","VP09","2024-12-01T11:12:53.498071","-16.296619","-71.625901900000002","C",NA,NA,NA,NA,"no","no","cluster19"
"1.29.38-7","VP05","2024-12-01T11:13:20.573588","-16.317369299999999","-71.609074500000006","C",NA,NA,NA,NA,"no","no","cluster19"
"1.29.27-10","VP09","2024-12-01T11:13:21.627234","-16.2967282","-71.625945400000006","C",NA,NA,NA,NA,"no-sabe","no","cluster19"
"1.29.38-7","VP05","2024-12-01T11:13:26.832455","-16.317291399999998","-71.609043","C",NA,NA,NA,NA,"no","no","cluster19"
"1.29.38-7","VP05","2024-12-01T11:13:31.239982","-16.317300800000002","-71.609038400000003","D",NA,NA,NA,NA,NA,"no","cluster19"
"1.29.38-7","VP05","2024-12-01T11:13:36.818901","-16.317309399999999","-71.609039699999997","D",NA,NA,NA,NA,NA,"no","cluster19"
"1.29.45-17","VP08","2024-12-01T11:12:37.430823","-16.3113168","-71.618252600000005","C",NA,NA,NA,NA,"si","no","cluster19"
"1.29.38-8","VP05","2024-12-01T11:13:42.190052","-16.317326300000001","-71.609041700000006","D",NA,NA,NA,NA,NA,"no","cluster19"
"1.29.38-8","VP05","2024-12-01T11:13:46.108629","-16.317333999999999","-71.609046000000006","D",NA,NA,NA,NA,NA,"no","cluster19"
"1.29.38-8","VP05","2024-12-01T11:13:49.308730","-16.317350399999999","-71.609046599999999","D",NA,NA,NA,NA,NA,"no","cluster19"
"1.29.37-35","VP01","2024-12-01T11:13:36.736421","-16.315815700000002","-71.605114200000003","P","si",4,"0",4,NA,"no","cluster19"
"1.29.38-8","VP05","2024-12-01T11:13:53.428245","-16.317361300000002","-71.609044999999995","C",NA,NA,NA,NA,"si","no","cluster19"
"1.29.38-8","VP05","2024-12-01T11:14:05.346775","-16.317361699999999","-71.609044999999995","C",NA,NA,NA,NA,"si","no","cluster19"
"1.29.38-9","VP05","2024-12-01T11:14:11.583781","-16.317361699999999","-71.609044999999995","C",NA,NA,NA,NA,"si","no","cluster19"
"1.29.38-8","VP05","2024-12-01T11:14:15.619871","-16.317361699999999","-71.609044999999995","D",NA,NA,NA,NA,NA,"no","cluster19"
"1.29.38-8","VP05","2024-12-01T11:14:20.605963","-16.317361699999999","-71.609044999999995","D",NA,NA,NA,NA,NA,"no","cluster19"
"1.29.38-8","VP05","2024-12-01T11:14:24.713224","-16.317361699999999","-71.609044999999995","R",NA,NA,NA,NA,"si","no","cluster19"
"1.29.45-16","VP08","2024-12-01T11:14:23.797256","-16.311274600000001","-71.618171500000003","C",NA,NA,NA,NA,"no","no","cluster19"
"1.29.27-19","VP09","2024-12-01T11:14:30.483870","-16.296576099999999","-71.626058","D",NA,NA,NA,NA,NA,"no","cluster19"
"1.29.38-8","VP05","2024-12-01T11:14:29.861841","-16.317361699999999","-71.609044999999995","C",NA,NA,NA,NA,"si","no","cluster19"
"1.29.38-8","VP05","2024-12-01T11:14:38.423530","-16.317361699999999","-71.609044999999995","P","no",NA,NA,NA,NA,"no","cluster19"
"1.29.38-8","VP05","2024-12-01T11:14:43.244011","-16.317361699999999","-71.609044999999995","D",NA,NA,NA,NA,NA,"no","cluster19"
"1.29.37-35","VP01","2024-12-01T11:14:02.154157","-16.31578","-71.605098299999995","C",NA,NA,NA,NA,"si","no","cluster19"
"1.29.38-3","VP05","2024-12-01T11:14:48.349370","-16.317361699999999","-71.609044999999995","P","si",1,"1",1,NA,"no","cluster19"
"1.29.37-35","VP01","2024-12-01T11:14:59.697870","-16.315784900000001","-71.605113900000006","C",NA,NA,NA,NA,"si","no","cluster19"
"1.29.37-35","VP01","2024-12-01T11:15:06.321977","-16.315774999999999","-71.605114900000004","C",NA,NA,NA,NA,"si","no","cluster19"
"1.29.38-9","VP05","2024-12-01T11:15:00.792332","-16.317361699999999","-71.609044999999995","P","si",3,"2",2,NA,"no","cluster19"
"1.29.38-5","VP05","2024-12-01T11:15:18.318088","-16.317361699999999","-71.609044999999995","D",NA,NA,NA,NA,NA,"no","cluster19"
"1.29.38-5","VP05","2024-12-01T11:15:33.187423","-16.317361699999999","-71.609044999999995","D",NA,NA,NA,NA,NA,"no","cluster19"
"1.29.38-5","VP05","2024-12-01T11:15:36.388692","-16.317361699999999","-71.609044999999995","D",NA,NA,NA,NA,NA,"no","cluster19"
"1.29.38-5","VP05","2024-12-01T11:15:41.569758","-16.317361699999999","-71.609044999999995","C",NA,NA,NA,NA,"no","no","cluster19"
"1.29.45-17","VP08","2024-12-01T11:15:43.514363","-16.311191399999998","-71.617943600000004","P","no",NA,NA,NA,NA,"no","cluster19"
"1.29.38-8","VP05","2024-12-01T11:15:45.998383","-16.317361699999999","-71.609044999999995","C",NA,NA,NA,NA,"no","no","cluster19"
"1.29.38-8","VP05","2024-12-01T11:15:50.250010","-16.317361699999999","-71.609044999999995","C",NA,NA,NA,NA,"no","no","cluster19"
"1.29.45-16","VP08","2024-12-01T11:15:58.330303","-16.3111952","-71.617951399999995","D",NA,NA,NA,NA,NA,"no","cluster19"
"1.29.45-16","VP08","2024-12-01T11:16:03.397305","-16.311189800000001","-71.617953400000005","D",NA,NA,NA,NA,NA,"no","cluster19"
"1.29.27-5","VP09","2024-12-01T11:14:35.846798","-16.296559800000001","-71.626053600000006","P","si",2,"2",0,NA,"no","cluster19"
"1.29.38-5","VP05","2024-12-01T11:16:14.189088","-16.317361699999999","-71.609044999999995","D",NA,NA,NA,NA,NA,"no","cluster19"
"1.29.27-19","VP09","2024-12-01T11:16:18.067133","-16.296577500000001","-71.6261066","LV",NA,NA,NA,NA,NA,"no","cluster19"
"1.29.38-5","VP05","2024-12-01T11:16:20.161754","-16.317361699999999","-71.609044999999995","C",NA,NA,NA,NA,"no","no","cluster19"
"1.29.38-5","VP05","2024-12-01T11:16:24.828614","-16.317361699999999","-71.609044999999995","D",NA,NA,NA,NA,NA,"no","cluster19"
"1.29.38-5","VP05","2024-12-01T11:16:30.268905","-16.317361699999999","-71.609044999999995","D",NA,NA,NA,NA,NA,"no","cluster19"
"1.29.27-5","VP09","2024-12-01T11:18:13.037377","-16.296472300000001","-71.626153400000007","P","si",1,"1",0,NA,"no","cluster19"
"1.29.32-7","VP06","2024-12-01T11:19:07.151137","-16.302728800000001","-71.6154808","P","si",2,"0",2,NA,"no","cluster19"
"1.29.71-19","VP10","2024-12-01T11:19:02.730027","-16.302172200000001","-71.626991899999993","P","si",3,"2",2,NA,"no","cluster19"
"1.29.71-18","VP10","2024-12-01T11:20:33.939893","-16.302189599999998","-71.626989499999993","P","si",4,"3",3,NA,"no","cluster19"
"1.29.32-7","VP06","2024-12-01T11:22:04.714865","-16.302909","-71.615320999999994","C",NA,NA,NA,NA,"no","no","cluster19"
"1.29.32-6","VP06","2024-12-01T11:23:59.173805","-16.303129999999999","-71.615620199999995","C",NA,NA,NA,NA,"no","no","cluster19"
"1.29.32-6","VP06","2024-12-01T11:24:04.848371","-16.303134","-71.615636899999998","D",NA,NA,NA,NA,NA,"no","cluster19"
"1.29.32-6","VP06","2024-12-01T11:24:08.488625","-16.303129599999998","-71.615623400000004","LP",NA,NA,NA,NA,NA,"no","cluster19"
"1.29.27-19","VP09","2024-12-01T11:23:50.759459","-16.296343499999999","-71.626325100000003","P","si",1,"0",1,NA,"no","cluster19"
"1.29.52-2","VP07","2024-12-01T11:24:18.660657","-16.307484200000001","-71.626442100000006","P","si",2,"0",2,NA,"no","cluster19"
"1.29.52-1","VP07","2024-12-01T11:24:33.045477","-16.307425500000001","-71.626432199999996","P","si",1,"0",1,NA,"no","cluster19"
"1.29.52-2","VP07","2024-12-01T11:24:50.740496","-16.307425800000001","-71.626453299999994","C",NA,NA,NA,NA,"no","no","cluster19"
"1.29.52-2","VP07","2024-12-01T11:25:03.498929","-16.3074233","-71.626453299999994","C",NA,NA,NA,NA,"no","no","cluster19"
"1.29.36-13","VP02","2024-12-01T11:25:18.474907","-16.3111234","-71.603305599999999","P","si",2,"0",2,NA,"no","cluster19"
"1.29.32-16","VP06","2024-12-01T11:25:45.435603","-16.303601199999999","-71.615721800000003","P","no",NA,NA,NA,NA,"no","cluster19"
"1.29.45-16","VP08","2024-12-01T11:26:42.553082","-16.310988300000002","-71.617955499999994","D",NA,NA,NA,NA,NA,"no","cluster19"
"1.29.38-6","VP05","2024-12-01T11:27:10.516256","-16.317163399999998","-71.611001200000004","C",NA,NA,NA,NA,"no","no","cluster19"
"1.29.38-6","VP05","2024-12-01T11:27:14.579444","-16.317157699999999","-71.611029900000005","C",NA,NA,NA,NA,"si","no","cluster19"
"1.29.38-6","VP05","2024-12-01T11:27:19.395973","-16.3171614","-71.611064200000001","C",NA,NA,NA,NA,"no","no","cluster19"
"1.29.32-16","VP06","2024-12-01T11:27:40.719276","-16.301793","-71.615376100000006","C",NA,NA,NA,NA,"no","no","cluster19"
"1.29.27-20","VP09","2024-12-01T11:27:51.229755","-16.295985399999999","-71.626743300000001","C",NA,NA,NA,NA,"si","no","cluster19"
"1.29.27-20","VP09","2024-12-01T11:27:57.159771","-16.2959593","-71.626694499999999","C",NA,NA,NA,NA,"no","no","cluster19"
"1.29.45-16","VP08","2024-12-01T11:28:03.513258","-16.310937599999999","-71.617820800000004","D",NA,NA,NA,NA,NA,"no","cluster19"
"1.29.38-6","VP05","2024-12-01T11:27:56.477295","-16.3171952","-71.6111377","P","si",9,"9",0,NA,"no","cluster19"
"1.29.45-16","VP08","2024-12-01T11:28:07.429280","-16.310917400000001","-71.617806700000003","D",NA,NA,NA,NA,NA,"no","cluster19"
"1.29.38-6","VP05","2024-12-01T11:28:07.348972","-16.317194600000001","-71.611137099999993","D",NA,NA,NA,NA,NA,"no","cluster19"
"1.29.38-6","VP05","2024-12-01T11:28:12.552422","-16.317192899999998","-71.611136000000002","D",NA,NA,NA,NA,NA,"no","cluster19"
"1.29.38-6","VP05","2024-12-01T11:28:15.885038","-16.317193700000001","-71.611136099999996","C",NA,NA,NA,NA,"no","no","cluster19"
"1.29.27-4","VP09","2024-12-01T11:28:03.541222","-16.2959411","-71.626706999999996","C",NA,NA,NA,NA,"no","no","cluster19"
"1.29.27-4","VP09","2024-12-01T11:28:29.798882","-16.296037099999999","-71.626864800000007","D",NA,NA,NA,NA,NA,"no","cluster19"
"1.29.38-6","VP05","2024-12-01T11:28:29.355056","-16.317145799999999","-71.611099699999997","C",NA,NA,NA,NA,"no","no","cluster19"
"1.29.38-6","VP05","2024-12-01T11:28:38.112506","-16.3171295","-71.611102599999995","C",NA,NA,NA,NA,"si","no","cluster19"
"1.29.38-5","VP05","2024-12-01T11:28:46.266237","-16.3171471","-71.611106100000001","C",NA,NA,NA,NA,"si","no","cluster19"
"1.29.38-5","VP05","2024-12-01T11:29:00.174885","-16.317189200000001","-71.611134100000001","D",NA,NA,NA,NA,NA,"no","cluster19"
"1.29.38-5","VP05","2024-12-01T11:29:16.047173","-16.317206200000001","-71.611171299999995","C",NA,NA,NA,NA,"no","no","cluster19"
"1.29.27-3","VP09","2024-12-01T11:29:48.940982","-16.296039799999999","-71.626799000000005","C",NA,NA,NA,NA,"si","no","cluster19"
"1.29.27-3","VP09","2024-12-01T11:29:54.572029","-16.296039799999999","-71.626799000000005","C",NA,NA,NA,NA,"no","no","cluster19"
"1.29.27-3","VP09","2024-12-01T11:30:00.803975","-16.296039799999999","-71.626799000000005","C",NA,NA,NA,NA,"no","no","cluster19"
"1.29.32-16","VP06","2024-12-01T11:30:56.191773","-16.3040001","-71.615497199999993","P","no",NA,NA,NA,NA,"no","cluster19"
"1.29.27-3","VP09","2024-12-01T11:31:14.369496","-16.296000100000001","-71.626672400000004","C",NA,NA,NA,NA,"no","no","cluster19"
"1.29.52-2","VP07","2024-12-01T11:31:16.200439","-16.3069536","-71.626182999999997","C",NA,NA,NA,NA,"no","no","cluster19"
"1.29.27-3","VP09","2024-12-01T11:31:18.963718","-16.295949","-71.626894100000001","C",NA,NA,NA,NA,"no","no","cluster19"
"1.29.52-2","VP07","2024-12-01T11:31:23.808836","-16.306916300000001","-71.626111300000005","C",NA,NA,NA,NA,"no","no","cluster19"
"1.29.27-3","VP09","2024-12-01T11:31:23.608207","-16.295949","-71.626894100000001","C",NA,NA,NA,NA,"no","no","cluster19"
"1.29.52-2","VP07","2024-12-01T11:31:31.317974","-16.306957400000002","-71.626103999999998","C",NA,NA,NA,NA,"no","no","cluster19"
"1.29.71-19","VP10","2024-12-01T11:32:12.775271","-16.301914799999999","-71.626553700000002","P","si",2,"1",1,NA,"no","cluster19"
"1.29.45-17","VP08","2024-12-01T11:32:54.338275","-16.3109471","-71.617742100000001","C",NA,NA,NA,NA,"no-sabe","no","cluster19"
"1.29.45-17","VP08","2024-12-01T11:33:02.354576","-16.310940200000001","-71.617747600000001","C",NA,NA,NA,NA,"no","no","cluster19"
"1.29.45-17","VP08","2024-12-01T11:33:09.571161","-16.310902899999999","-71.617750400000006","C",NA,NA,NA,NA,"no","no","cluster19"
"1.29.45-16","VP08","2024-12-01T11:33:26.237768","-16.310894000000001","-71.617745200000002","D",NA,NA,NA,NA,NA,"no","cluster19"
"1.29.45-16","VP08","2024-12-01T11:33:34.487945","-16.3108866","-71.617744299999998","D",NA,NA,NA,NA,NA,"no","cluster19"
"1.29.31-7","VP04","2024-12-01T11:32:47.759411","-16.306692099999999","-71.612308200000001","DOG_ANOTHER_AREA",NA,2,"1",1,NA,"no","cluster19"
"1.29.32-16","VP06","2024-12-01T11:34:28.500022","-16.304015499999998","-71.615602499999994","P","si",1,"1",0,NA,"no","cluster19"
"1.29.32-16","VP06","2024-12-01T11:34:56.470095","-16.304016600000001","-71.615683300000001","P","no",NA,NA,NA,NA,"no","cluster19"
"1.29.32-16","VP06","2024-12-01T11:35:48.967852","-16.304251799999999","-71.6159021","D",NA,NA,NA,NA,NA,"no","cluster19"
"1.29.71-19","VP10","2024-12-01T11:35:56.500322","-16.302516300000001","-71.626168399999997","C",NA,NA,NA,NA,"no","no","cluster19"
"1.29.32-16","VP06","2024-12-01T11:36:03.519916","-16.304085000000001","-71.615924399999997","D",NA,NA,NA,NA,NA,"no","cluster19"
"1.29.32-16","VP06","2024-12-01T11:36:08.017836","-16.304172600000001","-71.615867899999998","C",NA,NA,NA,NA,"no","no","cluster19"
"1.29.45-16","VP08","2024-12-01T11:36:08.635386","-16.310885800000001","-71.617732799999999","P","si",3,"3",0,NA,"no","cluster19"
"1.29.71-15","VP10","2024-12-01T11:37:24.651047","-16.3024643","-71.626154400000004","P","si",1,"1",1,NA,"no","cluster19"
"1.29.32-16","VP06","2024-12-01T11:37:33.205669","-16.304318899999998","-71.615984499999996","C",NA,NA,NA,NA,"si","no","cluster19"
"1.29.45-17","VP08","2024-12-01T11:37:33.702889","-16.310843500000001","-71.617690499999995","P","si",1,"0",0,NA,"no","cluster19"
"1.29.45-17","VP08","2024-12-01T11:38:06.920236","-16.3108343","-71.617690800000005","D",NA,NA,NA,NA,NA,"no","cluster19"
"1.29.30-40","VP03","2024-12-01T11:39:08.876574","-16.307343599999999","-71.609768099999997","C",NA,NA,NA,NA,"no","no","cluster19"
"1.29.45-17","VP08","2024-12-01T11:39:12.804520","-16.3108152","-71.617660400000005","D",NA,NA,NA,NA,NA,"no","cluster19"
"1.29.45-17","VP08","2024-12-01T11:39:26.653055","-16.310813700000001","-71.617659700000004","D",NA,NA,NA,NA,NA,"no","cluster19"
"1.29.45-17","VP08","2024-12-01T11:39:31.552710","-16.3108127","-71.617659000000003","D",NA,NA,NA,NA,NA,"no","cluster19"
"1.29.37-11","VP01","2024-12-01T11:39:21.458185","-16.3128849","-71.605688400000005","P","si",1,"0",1,NA,"no","cluster19"
"1.29.45-17","VP08","2024-12-01T11:39:36.086866","-16.310811399999999","-71.6176593","D",NA,NA,NA,NA,NA,"no","cluster19"
"1.29.32-16","VP06","2024-12-01T11:39:48.927095","-16.304178400000001","-71.615774799999997","C",NA,NA,NA,NA,"si","no","cluster19"
"1.29.38-15","VP05","2024-12-01T11:39:57.249678","-16.316317000000002","-71.611525099999994","P","no",NA,NA,NA,NA,"no","cluster19"
"1.29.37-11","VP01","2024-12-01T11:39:46.089317","-16.3128633","-71.605703300000002","C",NA,NA,NA,NA,"no","no","cluster19"
"1.29.38-15","VP05","2024-12-01T11:40:03.986596","-16.3163184","-71.611525499999999","P","si",1,"1",0,NA,"no","cluster19"
"1.29.38-18","VP05","2024-12-01T11:40:15.251885","-16.316321200000001","-71.611529300000001","C",NA,NA,NA,NA,"no","no","cluster19"
"1.29.37-11","VP01","2024-12-01T11:40:15.248707","-16.3128718","-71.605726799999999","P","si",4,"4",0,NA,"no","cluster19"
"1.29.38-15","VP05","2024-12-01T11:40:19.271512","-16.3163199","-71.611529700000006","P","si",1,"1",0,NA,"no","cluster19"
"1.29.37-11","VP01","2024-12-01T11:40:32.476701","-16.312871699999999","-71.605726700000005","C",NA,NA,NA,NA,"si","no","cluster19"
"1.29.38-15","VP05","2024-12-01T11:40:34.379853","-16.316322700000001","-71.611535700000005","C",NA,NA,NA,NA,"no","no","cluster19"
"1.29.37-11","VP01","2024-12-01T11:40:38.912908","-16.312871699999999","-71.605726700000005","C",NA,NA,NA,NA,"no","no","cluster19"
"1.29.37-11","VP01","2024-12-01T11:40:46.418103","-16.312871699999999","-71.605726700000005","D",NA,NA,NA,NA,NA,"no","cluster19"
"1.29.38-18","VP05","2024-12-01T11:40:45.629672","-16.316322899999999","-71.611539100000002","C",NA,NA,NA,NA,"si","no","cluster19"
"1.29.37-12","VP01","2024-12-01T11:40:55.138959","-16.312883299999999","-71.605726700000005","D",NA,NA,NA,NA,NA,"no","cluster19"
"1.29.37-12","VP01","2024-12-01T11:40:59.384552","-16.312883299999999","-71.605726700000005","D",NA,NA,NA,NA,NA,"no","cluster19"
"1.29.37-12","VP01","2024-12-01T11:41:03.472115","-16.312883299999999","-71.605726700000005","D",NA,NA,NA,NA,NA,"no","cluster19"
"1.29.37-12","VP01","2024-12-01T11:41:08.452933","-16.312883299999999","-71.605726700000005","C",NA,NA,NA,NA,"si","no","cluster19"
"1.29.37-12","VP01","2024-12-01T11:41:13.897265","-16.312880100000001","-71.605720300000002","C",NA,NA,NA,NA,"si","no","cluster19"
"1.29.30-21","VP03","2024-12-01T11:41:08.986524","-16.307061300000001","-71.610064899999998","C",NA,NA,NA,NA,"no","no","cluster19"
"1.29.37-12","VP01","2024-12-01T11:41:19.108294","-16.312878300000001","-71.605720000000005","C",NA,NA,NA,NA,"si","no","cluster19"
"1.29.32-16","VP06","2024-12-01T11:41:21.122101","-16.3044771","-71.616150200000007","C",NA,NA,NA,NA,"si","no","cluster19"
"1.29.37-12","VP01","2024-12-01T11:41:24.973235","-16.312878300000001","-71.605720000000005","C",NA,NA,NA,NA,"si","no","cluster19"
"1.29.37-11","VP01","2024-12-01T11:41:34.784233","-16.312878300000001","-71.605720000000005","C",NA,NA,NA,NA,"si","no","cluster19"
"1.29.37-11","VP01","2024-12-01T11:41:40.520941","-16.312878300000001","-71.605720000000005","C",NA,NA,NA,NA,"si","no","cluster19"
"1.29.37-11","VP01","2024-12-01T11:41:47.775578","-16.312878300000001","-71.605720000000005","C",NA,NA,NA,NA,"no","no","cluster19"
"1.29.37-11","VP01","2024-12-01T11:41:53.310235","-16.312878300000001","-71.605720000000005","C",NA,NA,NA,NA,"no","no","cluster19"
"1.29.36-15","VP02","2024-12-01T11:41:55.681865","-16.311109600000002","-71.603386499999999","P","si",2,"0",2,NA,"no","cluster19"
"1.29.36-13","VP02","2024-12-01T11:42:08.565401","-16.311132300000001","-71.603338699999995","P","no",NA,NA,NA,NA,"no","cluster19"
"1.29.71-15","VP10","2024-12-01T11:42:11.826017","-16.302474700000001","-71.626031999999995","P","si",2,"2",2,NA,"no","cluster19"
"1.29.33-22","VP04","2024-12-01T11:41:31.823001","-16.306792099999999","-71.612329099999997","P","si",1,"1",1,NA,"no","cluster19"
"1.29.30-20","VP03","2024-12-01T11:44:20.037242","-16.307089300000001","-71.610314799999998","P","si",3,"3",0,NA,"no","cluster19"
"1.29.45-17","VP08","2024-12-01T11:44:48.537341","-16.310640200000002","-71.617316400000007","P","si",3,"3",0,NA,"no","cluster19"
"1.29.71-20","VP10","2024-12-01T11:44:11.064394","-16.302541099999999","-71.625757199999995","P","si",1,"1",0,NA,"no","cluster19"
"1.29.45-17","VP08","2024-12-01T11:45:04.337459","-16.310649000000002","-71.617312499999997","C",NA,NA,NA,NA,"si","no","cluster19"
"1.29.45-14","VP08","2024-12-01T11:45:28.320190","-16.310639500000001","-71.617378799999997","D",NA,NA,NA,NA,NA,"no","cluster19"
"1.29.45-14","VP08","2024-12-01T11:46:05.020321","-16.310631799999999","-71.617432300000004","P","si",1,"1",0,NA,"no","cluster19"
"1.29.36-13","VP02","2024-12-01T11:48:10.403229","-16.310465199999999","-71.604121000000006","P","no",NA,NA,NA,NA,"no","cluster19"
"1.29.36-13","VP02","2024-12-01T11:48:18.552981","-16.310438099999999","-71.604136400000002","P","no",NA,NA,NA,NA,"no","cluster19"
"1.29.36-13","VP02","2024-12-01T11:48:24.819386","-16.310406799999999","-71.604163099999994","C",NA,NA,NA,NA,"no","no","cluster19"
"1.29.45-14","VP08","2024-12-01T11:49:08.627878","-16.310624000000001","-71.617434900000006","P","si",1,"1",0,NA,"no","cluster19"
"1.29.45-16","VP08","2024-12-01T11:51:39.593471","-16.310726599999999","-71.617364699999996","P","si",1,"1",0,NA,"no","cluster19"
"1.29.33-21","VP04","2024-12-01T11:51:46.589619","-16.306756100000001","-71.612331600000005","P","si",2,"1",1,NA,"no","cluster19"
"1.29.45-14","VP08","2024-12-01T11:52:02.260781","-16.310729599999998","-71.617341199999998","C",NA,NA,NA,NA,"no-sabe","no","cluster19"
"1.29.30-20","VP03","2024-12-01T11:52:08.464020","-16.306964799999999","-71.610338499999997","C",NA,NA,NA,NA,"no","no","cluster19"
"1.29.30-20","VP03","2024-12-01T11:52:20.385945","-16.3071044","-71.610274200000006","C",NA,NA,NA,NA,"no","no","cluster19"
"1.29.30-20","VP03","2024-12-01T11:52:28.958764","-16.307100999999999","-71.610290300000003","C",NA,NA,NA,NA,"no","no","cluster19"
"1.29.30-20","VP03","2024-12-01T11:52:36.283991","-16.307100899999998","-71.610290300000003","LP",NA,NA,NA,NA,NA,"no","cluster19"
"1.29.27-3","VP09","2024-12-01T11:40:32.980708","-16.296023000000002","-71.626661600000006","P","si",2,"0",2,NA,"no","cluster19"
"1.29.27-20","VP09","2024-12-01T11:52:56.790167","-16.296100500000001","-71.626705099999995","P","si",4,"0",4,NA,"no","cluster19"
"1.29.71-16","VP10","2024-12-01T11:55:56.311864","-16.304070100000001","-71.626303699999994","C",NA,NA,NA,NA,"si","no","cluster19"
"1.29.71-17","VP10","2024-12-01T11:56:03.186846","-16.304065699999999","-71.626292000000007","C",NA,NA,NA,NA,"no","no","cluster19"
"1.29.71-47","VP10","2024-12-01T11:56:14.480658","-16.304061799999999","-71.626282000000003","LV",NA,NA,NA,NA,NA,"no","cluster19"
"1.29.71-47","VP10","2024-12-01T11:56:19.701321","-16.3040588","-71.626290100000006","LV",NA,NA,NA,NA,NA,"no","cluster19"
"1.29.71-47","VP10","2024-12-01T11:56:24.103497","-16.3040567","-71.626288799999998","LV",NA,NA,NA,NA,NA,"no","cluster19"
"1.29.71-30","VP10","2024-12-01T11:56:29.199035","-16.3040533","-71.626290800000007","LV",NA,NA,NA,NA,NA,"no","cluster19"
"1.29.71-47","VP10","2024-12-01T11:56:33.961036","-16.304051399999999","-71.626288599999995","LV",NA,NA,NA,NA,NA,"no","cluster19"
"1.29.71-47","VP10","2024-12-01T11:56:38.020142","-16.304053499999998","-71.626292699999993","LV",NA,NA,NA,NA,NA,"no","cluster19"
"1.29.71-18","VP10","2024-12-01T11:56:42.756612","-16.304051699999999","-71.626290900000001","C",NA,NA,NA,NA,"si","no","cluster19"
"1.29.27-20","VP09","2024-12-01T11:56:39.250480","-16.295708000000001","-71.626511500000007","P","si",2,"2",0,NA,"no","cluster19"
"1.29.71-19","VP10","2024-12-01T11:56:48.127747","-16.3040482","-71.626289900000003","C",NA,NA,NA,NA,"no","no","cluster19"
"1.29.27-20","VP09","2024-12-01T11:56:51.962348","-16.295732300000001","-71.626547299999999","P","si",1,"1",0,NA,"no","cluster19"
"1.29.71-45","VP10","2024-12-01T11:56:56.390021","-16.304046","-71.626289","LP",NA,NA,NA,NA,NA,"no","cluster19"
"1.29.27-20","VP09","2024-12-01T11:57:04.957180","-16.295730899999999","-71.626535700000005","P","no",NA,NA,NA,NA,"no","cluster19"
"1.29.71-45","VP10","2024-12-01T11:57:13.814330","-16.304043199999999","-71.626284499999997","LP",NA,NA,NA,NA,NA,"no","cluster19"
"1.29.71-45","VP10","2024-12-01T11:57:18.459032","-16.3040421","-71.6262835","LP",NA,NA,NA,NA,NA,"no","cluster19"
"1.29.71-45","VP10","2024-12-01T11:57:22.368282","-16.304041600000001","-71.626283099999995","LP",NA,NA,NA,NA,NA,"no","cluster19"
"1.29.71-45","VP10","2024-12-01T11:57:27.363505","-16.304042200000001","-71.626282700000004","LP",NA,NA,NA,NA,NA,"no","cluster19"
"1.29.71-45","VP10","2024-12-01T11:57:32.233351","-16.3040409","-71.626281399999996","LP",NA,NA,NA,NA,NA,"no","cluster19"
"1.29.71-45","VP10","2024-12-01T11:57:36.076098","-16.3040424","-71.626281000000006","LP",NA,NA,NA,NA,NA,"no","cluster19"
"1.29.71-45","VP10","2024-12-01T11:57:42.633377","-16.304041399999999","-71.626280100000002","LP",NA,NA,NA,NA,NA,"no","cluster19"
"1.29.32-16","VP06","2024-12-01T11:57:24.552663","-16.304455099999998","-71.616185200000004","P","si",6,"0",5,NA,"no","cluster19"
"1.29.71-45","VP10","2024-12-01T11:57:46.367231","-16.304041000000002","-71.626280300000005","LP",NA,NA,NA,NA,NA,"no","cluster19"
"1.29.30-19","VP03","2024-12-01T11:59:12.307013","-16.307071199999999","-71.610500299999998","C",NA,NA,NA,NA,"no","no","cluster19"
"1.29.71-17","VP10","2024-12-01T11:59:37.842843","-16.304034699999999","-71.626280899999998","C",NA,NA,NA,NA,"si","no","cluster19"
"1.29.27-20","VP09","2024-12-01T12:01:23.527146","-16.295386000000001","-71.626328599999994","C",NA,NA,NA,NA,"si","no","cluster19"
"1.29.27-20","VP09","2024-12-01T12:01:28.872996","-16.295411699999999","-71.626358100000004","C",NA,NA,NA,NA,"no","no","cluster19"
"1.29.30-19","VP03","2024-12-01T12:01:55.533763","-16.307019499999999","-71.610534200000004","P","no",NA,NA,NA,NA,"no","cluster19"
"1.29.27-20","VP09","2024-12-01T12:01:56.117411","-16.295412299999999","-71.626241100000001","P","no",NA,NA,NA,NA,"no","cluster19"
"1.29.30-19","VP03","2024-12-01T12:02:02.542431","-16.307021200000001","-71.610534999999999","P","no",NA,NA,NA,NA,"no","cluster19"
"1.29.32-17","VP06","2024-12-01T12:02:31.957972","-16.304271700000001","-71.615983299999996","P","si",1,"0",1,NA,"no","cluster19"
"1.29.33-23","VP04","2024-12-01T12:03:30.133585","-16.307057400000001","-71.611766099999997","DOG_ANOTHER_AREA",NA,1,"1",1,NA,"no","cluster19"
"1.29.32-17","VP06","2024-12-01T12:03:51.333724","-16.303979300000002","-71.615535199999997","C",NA,NA,NA,NA,"si","no","cluster19"
"1.29.27-20","VP09","2024-12-01T12:02:02.231200","-16.295405899999999","-71.626256900000001","LV",NA,NA,NA,NA,NA,"no","cluster19"
"1.29.30-19","VP03","2024-12-01T12:03:56.824838","-16.307216400000001","-71.610299600000005","P","si",1,"1",1,NA,"no","cluster19"
"1.29.30-18","VP04","2024-12-01T12:03:55.443012","-16.307108100000001","-71.611866699999993","P","si",3,"2",2,NA,"no","cluster19"
"1.29.32-17","VP06","2024-12-01T12:04:46.639576","-16.304286999999999","-71.615793499999995","C",NA,NA,NA,NA,"si","no","cluster19"
"1.29.30-18","VP04","2024-12-01T12:04:18.709858","-16.307092099999998","-71.611882699999995","P","si",4,"3",3,NA,"no","cluster19"
"1.29.37-4","VP01","2024-12-01T12:04:47.959180","-16.307405899999999","-71.610098199999996","P","si",1,"0",0,NA,"no","cluster19"
"1.29.31-12","VP04","2024-12-01T12:05:14.123148","-16.307087200000002","-71.611886100000007","P","si",2,"0",0,NA,"no","cluster19"
"1.29.27-19","VP09","2024-12-01T12:05:22.113013","-16.295498800000001","-71.625486199999997","P","si",2,"2",0,NA,"no","cluster19"
"1.29.32-17","VP06","2024-12-01T12:05:51.880549","-16.304346200000001","-71.615718999999999","P","si",4,"4",0,NA,"no","cluster19"
"1.29.27-18","VP09","2024-12-01T12:06:44.189965","-16.2955696","-71.625393299999999","C",NA,NA,NA,NA,"si","no","cluster19"
"1.29.32-17","VP06","2024-12-01T12:06:48.089708","-16.3041965","-71.615631300000004","D",NA,NA,NA,NA,NA,"no","cluster19"
"1.29.32-17","VP06","2024-12-01T12:06:52.293255","-16.304025200000002","-71.615562299999993","D",NA,NA,NA,NA,NA,"no","cluster19"
"1.29.27-19","VP09","2024-12-01T12:06:49.619672","-16.2955696","-71.625393299999999","C",NA,NA,NA,NA,"si","no","cluster19"
"1.29.32-17","VP06","2024-12-01T12:07:03.768619","-16.304023000000001","-71.615634","C",NA,NA,NA,NA,"si","no","cluster19"
"1.29.32-17","VP06","2024-12-01T12:07:45.769918","-16.303990500000001","-71.615541699999994","LV",NA,NA,NA,NA,NA,"no","cluster19"
"1.29.27-18","VP09","2024-12-01T12:09:08.896400","-16.295749300000001","-71.625052499999995","C",NA,NA,NA,NA,"no","no","cluster19"
"1.29.27-23","VP09","2024-12-01T12:09:15.194268","-16.295763600000001","-71.625058800000005","C",NA,NA,NA,NA,"si","no","cluster19"
"1.29.32-18","VP06","2024-12-01T12:09:29.722357","-16.3040038","-71.615290799999997","C",NA,NA,NA,NA,"no","no","cluster19"
"1.29.32-17","VP06","2024-12-01T12:10:59.491572","-16.304132599999999","-71.615099799999996","C",NA,NA,NA,NA,"si","no","cluster19"
"1.29.32-17","VP06","2024-12-01T12:11:03.333487","-16.3040086","-71.615207699999999","C",NA,NA,NA,NA,"si","no","cluster19"
"1.29.45-16","VP08","2024-12-01T12:12:23.081882","-16.3110985","-71.617420300000006","P","si",5,"5",5,NA,"no","cluster19"
"1.29.50-14","VP10","2024-12-01T12:18:33.790334","-16.305349","-71.623041599999993","P","si",4,"4",4,NA,"no","cluster19"
"1.29.36-12","VP02","2024-12-01T12:19:00.969233","-16.313022199999999","-71.6035878","P","si",4,"0",4,NA,"no","cluster19"
