fecha,anio,mes,dia_semana,doy,feriado,poblacion_anual,temp_med,pm25,mort_total,mort_cardio,mort_resp,hosp_total,hosp_cardio,hosp_resp
2019-01-01,2019,1,mar,1,1,10209000,20.1,21.12,137,38,19,382,74,90
2019-01-02,2019,1,mie,2,0,10209000,21.38,6.38,144,39,21,417,90,96
2019-01-03,2019,1,jue,3,0,10209000,18.85,10.81,124,36,24,380,88,103
2019-01-04,2019,1,vie,4,0,10209000,22.83,14.88,125,37,17,465,81,121
2019-01-05,2019,1,sab,5,0,10209000,21.96,7.45,120,37,20,435,94,106
2019-01-06,2019,1,dom,6,0,10209000,20.87,13.48,125,44,21,480,94,97
2019-01-07,2019,1,lun,7,0,10209000,20.88,14.79,150,36,21,484,82,92
2019-01-08,2019,1,mar,8,0,10209000,21.65,13.48,135,41,22,405,79,83
2019-01-09,2019,1,mie,9,0,10209000,21.0,26.76,129,42,18,446,96,107
2019-01-10,2019,1,jue,10,0,10209000,21.08,9.72,137,28,21,391,69,131
2019-01-11,2019,1,vie,11,0,10209000,22.24,13.35,121,28,24,468,95,75
2019-01-12,2019,1,sab,12,0,10209000,22.02,14.09,131,45,15,399,97,109
2019-01-13,2019,1,dom,13,0,10209000,21.36,7.86,126,27,16,420,83,112
2019-01-14,2019,1,lun,14,0,10209000,21.36,15.29,132,47,29,443,81,116
2019-01-15,2019,1,mar,15,0,10209000,21.68,18.88,135,41,22,400,93,105
2019-01-16,2019,1,mie,16,0,10209000,20.77,15.68,123,43,22,411,87,98
2019-01-17,2019,1,jue,17,0,10209000,21.05,18.31,117,55,22,381,82,93
2019-01-18,2019,1,vie,18,0,10209000,22.22,12.72,140,37,21,433,76,107
2019-01-19,2019,1,sab,19,0,10209000,21.43,10.29,133,41,19,397,78,115
2019-01-20,2019,1,dom,20,0,10209000,19.95,21.22,120,50,16,417,79,99
2019-01-21,2019,1,lun,21,0,10209000,21.05,16.99,139,35,23,476,89,93
2019-01-22,2019,1,mar,22,0,10209000,22.43,19.47,117,33,17,437,83,95
2019-01-23,2019,1,mie,23,0,10209000,21.39,11.39,129,33,18,464,74,103
2019-01-24,2019,1,jue,24,0,10209000,21.51,13.58,146,40,15,432,93,109
2019-01-25,2019,1,vie,25,0,10209000,22.47,20.52,147,32,31,455,81,88
2019-01-26,2019,1,sab,26,0,10209000,23.91,12.18,160,49,21,470,86,103
2019-01-27,2019,1,dom,27,0,10209000,20.88,5.54,149,32,23,490,77,86
2019-01-28,2019,1,lun,28,0,10209000,23.37,10.28,141,51,22,483,115,103
2019-01-29,2019,1,mar,29,0,10209000,20.29,14.48,127,29,23,447,93,103
2019-01-30,2019,1,mie,30,0,10209000,21.99,22.7,129,43,18,390,80,108
2019-01-31,2019,1,jue,31,0,10209000,20.39,17.57,106,53,19,463,81,98
2019-02-01,2019,2,vie,32,0,10209000,23.43,11.13,139,44,27,447,82,91
2019-02-02,2019,2,sab,33,0,10209000,22.82,11.9,144,57,24,516,81,101
2019-02-03,2019,2,dom,34,0,10209000,23.19,12.36,140,48,19,414,99,114
2019-02-04,2019,2,lun,35,0,10209000,20.77,6.73,143,42,25,477,104,100
2019-02-05,2019,2,mar,36,0,10209000,22.67,14.99,113,42,21,414,80,113
2019-02-06,2019,2,mie,37,0,10209000,21.23,13.46,121,37,20,426,113,99
2019-02-07,2019,2,jue,38,0,10209000,21.31,14.52,131,38,17,466,96,99
2019-02-08,2019,2,vie,39,0,10209000,22.47,10.86,119,44,27,420,70,92
2019-02-09,2019,2,sab,40,0,10209000,22.92,14.27,127,50,13,459,88,99
2019-02-10,2019,2,dom,41,0,10209000,22.12,10.4,127,38,23,486,99,119
2019-02-11,2019,2,lun,42,0,10209000,21.12,11.67,154,39,25,462,81,107
2019-02-12,2019,2,mar,43,0,10209000,20.89,24.88,126,40,23,425,67,92
2019-02-13,2019,2,mie,44,0,10209000,23.61,13.81,162,47,30,453,90,121
2019-02-14,2019,2,jue,45,0,10209000,22.59,8.94,135,36,19,431,75,113
2019-02-15,2019,2,vie,46,0,10209000,22.74,21.95,139,52,22,438,85,115
2019-02-16,2019,2,sab,47,0,10209000,24.5,19.99,160,39,25,493,89,102
2019-02-17,2019,2,dom,48,0,10209000,20.9,8.18,137,30,16,489,94,110
2019-02-18,2019,2,lun,49,0,10209000,24.95,13.93,136,30,20,486,112,124
2019-02-19,2019,2,mar,50,0,10209000,25.65,15.29,149,50,20,520,101,115
2019-02-20,2019,2,mie,51,0,10209000,23.81,14.26,141,50,21,486,113,134
2019-02-21,2019,2,jue,52,0,10209000,22.85,9.44,144,35,21,468,92,117
2019-02-22,2019,2,vie,53,0,10209000,21.06,11.05,137,31,28,444,81,102
2019-02-23,2019,2,sab,54,0,10209000,23.04,24.25,143,47,35,457,99,133
2019-02-24,2019,2,dom,55,0,10209000,21.31,10.6,139,36,23,469,88,107
2019-02-25,2019,2,lun,56,0,10209000,21.8,14.09,134,52,27,479,80,112
2019-02-26,2019,2,mar,57,0,10209000,21.47,20.72,136,42,18,420,84,102
2019-02-27,2019,2,mie,58,0,10209000,22.15,14.56,125,44,18,455,95,112
2019-02-28,2019,2,jue,59,0,10209000,23.34,13.71,154,43,19,516,92,109
2019-03-01,2019,3,vie,60,0,10209000,21.12,11.94,147,47,25,433,84,92
2019-03-02,2019,3,sab,61,0,10209000,20.59,16.95,135,45,17,377,98,98
2019-03-03,2019,3,dom,62,0,10209000,20.55,15.42,120,39,25,457,84,108
2019-03-04,2019,3,lun,63,0,10209000,20.58,23.12,148,46,25,413,109,116
2019-03-05,2019,3,mar,64,0,10209000,20.01,15.51,121,50,23,453,94,89
2019-03-06,2019,3,mie,65,0,10209000,20.61,24.28,140,42,28,429,89,114
2019-03-07,2019,3,jue,66,0,10209000,23.24,18.65,134,41,20,467,96,108
2019-03-08,2019,3,vie,67,0,10209000,20.96,15.37,166,58,15,460,106,115
2019-03-09,2019,3,sab,68,0,10209000,21.96,17.44,131,38,18,441,91,101
2019-03-10,2019,3,dom,69,0,10209000,20.17,17.02,157,37,16,434,93,91
2019-03-11,2019,3,lun,70,0,10209000,21.81,19.8,148,33,28,517,83,121
2019-03-12,2019,3,mar,71,0,10209000,19.5,14.79,131,40,21,475,85,107
2019-03-13,2019,3,mie,72,0,10209000,20.73,18.2,149,39,21,460,83,93
2019-03-14,2019,3,jue,73,0,10209000,24.25,17.86,137,44,22,469,108,111
2019-03-15,2019,3,vie,74,0,10209000,20.82,22.64,145,49,15,480,109,112
2019-03-16,2019,3,sab,75,0,10209000,22.84,22.55,153,37,26,448,92,113
2019-03-17,2019,3,dom,76,0,10209000,22.01,20.43,146,36,18,493,100,113
2019-03-18,2019,3,lun,77,0,10209000,21.26,23.16,135,38,39,439,96,116
2019-03-19,2019,3,mar,78,0,10209000,20.63,25.09,137,31,19,453,94,125
2019-03-20,2019,3,mie,79,0,10209000,22.93,25.89,149,41,27,487,86,95
2019-03-21,2019,3,jue,80,0,10209000,21.14,17.93,137,37,21,460,105,118
2019-03-22,2019,3,vie,81,0,10209000,23.16,14.2,134,46,15,480,84,115
2019-03-23,2019,3,sab,82,0,10209000,20.44,17.99,140,40,18,477,84,107
2019-03-24,2019,3,dom,83,0,10209000,21.34,24.89,137,50,24,470,98,119
2019-03-25,2019,3,lun,84,0,10209000,21.79,14.23,152,48,24,445,110,105
2019-03-26,2019,3,mar,85,0,10209000,21.65,15.87,138,57,11,462,109,116
2019-03-27,2019,3,mie,86,0,10209000,19.69,21.13,151,42,24,444,92,102
2019-03-28,2019,3,jue,87,0,10209000,20.34,18.21,139,27,19,476,100,121
2019-03-29,2019,3,vie,88,0,10209000,20.87,26.11,157,47,14,455,95,116
2019-03-30,2019,3,sab,89,0,10209000,20.04,18.7,138,37,17,510,98,112
2019-03-31,2019,3,dom,90,0,10209000,21.84,22.68,151,48,19,412,105,112
2019-04-01,2019,4,lun,91,0,10209000,21.7,23.13,139,46,20,516,101,104
2019-04-02,2019,4,mar,92,0,10209000,18.61,23.83,126,37,18,498,94,114
2019-04-03,2019,4,mie,93,0,10209000,18.75,16.08,149,29,16,422,86,119
2019-04-04,2019,4,jue,94,0,10209000,19.34,18.91,148,39,22,494,93,115
2019-04-05,2019,4,vie,95,0,10209000,20.98,12.48,174,47,19,481,84,114
2019-04-06,2019,4,sab,96,0,10209000,23.24,15.62,144,41,24,456,108,111
2019-04-07,2019,4,dom,97,0,10209000,20.31,16.9,126,38,23,448,97,127
2019-04-08,2019,4,lun,98,0,10209000,21.02,24.52,146,44,25,493,90,124
2019-04-09,2019,4,mar,99,0,10209000,19.41,17.23,153,48,21,478,90,114
2019-04-10,2019,4,mie,100,0,10209000,19.39,32.03,150,47,23,496,84,124
2019-04-11,2019,4,jue,101,0,10209000,18.25,29.42,138,46,12,547,84,112
2019-04-12,2019,4,vie,102,0,10209000,20.52,18.41,163,52,24,516,100,112
2019-04-13,2019,4,sab,103,0,10209000,21.65,11.47,145,47,21,503,77,105
2019-04-14,2019,4,dom,104,0,10209000,20.04,12.84,130,40,30,469,108,123
2019-04-15,2019,4,lun,105,0,10209000,22.1,25.55,159,41,37,484,102,104
2019-04-16,2019,4,mar,106,0,10209000,20.62,18.01,155,46,23,513,83,115
2019-04-17,2019,4,mie,107,0,10209000,20.29,22.91,152,38,23,483,88,136
2019-04-18,2019,4,jue,108,0,10209000,20.91,27.34,143,51,33,537,86,103
2019-04-19,2019,4,vie,109,0,10209000,20.83,26.66,152,37,21,462,108,110
2019-04-20,2019,4,sab,110,0,10209000,21.58,25.56,138,38,23,471,107,115
2019-04-21,2019,4,dom,111,0,10209000,19.19,15.62,156,40,18,497,95,127
2019-04-22,2019,4,lun,112,0,10209000,17.36,28.52,136,41,24,512,94,121
2019-04-23,2019,4,mar,113,0,10209000,20.2,28.86,157,56,20,463,98,104
2019-04-24,2019,4,mie,114,0,10209000,19.28,30.33,159,56,23,451,106,96
2019-04-25,2019,4,jue,115,0,10209000,19.93,29.88,156,43,15,550,108,128
2019-04-26,2019,4,vie,116,0,10209000,21.91,19.56,132,38,29,480,89,109
2019-04-27,2019,4,sab,117,0,10209000,18.54,10.9,131,47,13,545,93,108
2019-04-28,2019,4,dom,118,0,10209000,20.74,25.1,149,53,30,584,96,140
2019-04-29,2019,4,lun,119,0,10209000,20.9,34.43,160,55,18,562,117,127
2019-04-30,2019,4,mar,120,0,10209000,20.27,22.77,133,44,22,521,112,115
2019-05-01,2019,5,mie,121,0,10209000,21.01,22.88,162,49,26,484,107,109
2019-05-02,2019,5,jue,122,0,10209000,19.07,27.83,146,45,37,511,90,117
2019-05-03,2019,5,vie,123,0,10209000,18.75,32.54,143,40,24,490,103,110
2019-05-04,2019,5,sab,124,0,10209000,20.77,27.97,151,44,19,478,108,100
2019-05-05,2019,5,dom,125,0,10209000,20.33,18.55,149,43,17,530,100,114
2019-05-06,2019,5,lun,126,0,10209000,21.09,25.46,181,51,25,572,91,103
2019-05-07,2019,5,mar,127,0,10209000,19.62,24.98,164,42,24,478,101,133
2019-05-08,2019,5,mie,128,0,10209000,21.27,30.83,145,47,23,502,105,124
2019-05-09,2019,5,jue,129,0,10209000,18.93,31.91,163,39,23,513,80,116
2019-05-10,2019,5,vie,130,0,10209000,17.94,23.88,150,47,19,540,103,136
2019-05-11,2019,5,sab,131,0,10209000,16.72,21.41,157,36,25,497,120,144
2019-05-12,2019,5,dom,132,0,10209000,17.79,27.06,176,52,18,522,101,146
2019-05-13,2019,5,lun,133,0,10209000,20.04,27.69,176,51,25,582,105,127
2019-05-14,2019,5,mar,134,0,10209000,17.25,25.09,165,36,24,488,118,119
2019-05-15,2019,5,mie,135,0,10209000,18.42,26.84,169,56,28,555,93,121
2019-05-16,2019,5,jue,136,0,10209000,21.43,32.27,162,45,26,491,117,141
2019-05-17,2019,5,vie,137,0,10209000,19.87,27.64,151,55,29,514,113,132
2019-05-18,2019,5,sab,138,0,10209000,20.95,25.96,184,58,25,524,118,102
2019-05-19,2019,5,dom,139,0,10209000,17.56,22.84,151,56,30,518,119,132
2019-05-20,2019,5,lun,140,0,10209000,15.75,32.83,189,52,25,552,106,134
2019-05-21,2019,5,mar,141,0,10209000,20.47,27.42,162,52,31,495,104,125
2019-05-22,2019,5,mie,142,0,10209000,16.9,31.47,169,42,25,509,88,126
2019-05-23,2019,5,jue,143,0,10209000,18.66,31.15,171,56,32,568,116,142
2019-05-24,2019,5,vie,144,0,10209000,18.76,28.5,164,43,26,575,111,127
2019-05-25,2019,5,sab,145,0,10209000,17.31,23.41,156,38,26,584,104,151
2019-05-26,2019,5,dom,146,0,10209000,20.26,27.34,182,49,13,579,106,128
2019-05-27,2019,5,lun,147,0,10209000,20.2,29.32,164,58,32,597,108,123
2019-05-28,2019,5,mar,148,0,10209000,18.95,36.06,181,61,37,498,129,131
2019-05-29,2019,5,mie,149,0,10209000,18.21,26.89,174,51,26,559,121,123
2019-05-30,2019,5,jue,150,0,10209000,18.42,35.05,183,45,32,538,111,130
2019-05-31,2019,5,vie,151,0,10209000,16.83,37.44,170,44,24,592,116,126
2019-06-01,2019,6,sab,152,0,10209000,17.81,31.82,184,36,24,654,96,131
2019-06-02,2019,6,dom,153,0,10209000,17.92,32.39,165,39,24,530,119,129
2019-06-03,2019,6,lun,154,0,10209000,16.97,30.54,184,47,32,571,131,149
2019-06-04,2019,6,mar,155,0,10209000,18.96,34.2,161,54,29,560,140,135
2019-06-05,2019,6,mie,156,0,10209000,16.18,34.37,191,57,34,616,103,152
2019-06-06,2019,6,jue,157,0,10209000,17.3,24.15,170,53,24,571,117,139
2019-06-07,2019,6,vie,158,0,10209000,15.1,30.71,180,59,33,568,114,150
2019-06-08,2019,6,sab,159,0,10209000,18.35,23.41,150,60,25,575,129,143
2019-06-09,2019,6,dom,160,0,10209000,18.6,20.26,166,53,26,557,125,157
2019-06-10,2019,6,lun,161,0,10209000,18.4,32.58,174,54,40,590,125,153
2019-06-11,2019,6,mar,162,0,10209000,21.11,35.0,183,53,40,619,98,159
2019-06-12,2019,6,mie,163,0,10209000,18.69,29.6,158,56,19,533,114,146
2019-06-13,2019,6,jue,164,0,10209000,16.39,35.62,180,56,29,627,112,130
2019-06-14,2019,6,vie,165,0,10209000,20.67,35.99,166,52,26,649,113,131
2019-06-15,2019,6,sab,166,0,10209000,16.32,30.72,173,52,18,510,105,127
2019-06-16,2019,6,dom,167,0,10209000,18.33,27.87,187,41,33,596,106,144
2019-06-17,2019,6,lun,168,0,10209000,18.23,36.81,181,44,29,601,108,128
2019-06-18,2019,6,mar,169,0,10209000,16.24,42.36,162,59,32,568,103,144
2019-06-19,2019,6,mie,170,0,10209000,18.93,23.39,169,49,33,570,120,141
2019-06-20,2019,6,jue,171,0,10209000,17.63,37.38,169,54,33,550,107,145
2019-06-21,2019,6,vie,172,0,10209000,17.85,28.04,171,54,28,575,121,119
2019-06-22,2019,6,sab,173,0,10209000,16.31,35.13,174,48,21,551,117,150
2019-06-23,2019,6,dom,174,0,10209000,18.65,35.95,175,60,26,589,123,153
2019-06-24,2019,6,lun,175,0,10209000,16.01,32.04,175,56,30,618,110,165
2019-06-25,2019,6,mar,176,0,10209000,14.87,31.98,182,44,23,534,120,142
2019-06-26,2019,6,mie,177,0,10209000,18.67,34.12,194,53,25,579,114,115
2019-06-27,2019,6,jue,178,0,10209000,16.41,34.88,191,69,35,568,120,164
2019-06-28,2019,6,vie,179,0,10209000,16.94,33.34,177,52,25,582,110,163
2019-06-29,2019,6,sab,180,0,10209000,19.16,37.1,181,48,27,633,113,136
2019-06-30,2019,6,dom,181,0,10209000,18.17,23.63,188,58,31,592,100,147
2019-07-01,2019,7,lun,182,0,10209000,17.53,32.01,190,57,31,609,134,170
2019-07-02,2019,7,mar,183,0,10209000,18.02,37.83,174,55,28,631,127,140
2019-07-03,2019,7,mie,184,0,10209000,15.83,33.18,198,54,34,587,123,153
2019-07-04,2019,7,jue,185,0,10209000,17.57,33.42,159,56,36,625,115,148
2019-07-05,2019,7,vie,186,0,10209000,17.97,33.2,163,65,22,607,100,152
2019-07-06,2019,7,sab,187,0,10209000,17.51,36.51,162,40,42,627,115,138
2019-07-07,2019,7,dom,188,0,10209000,16.32,35.26,184,52,29,571,125,140
2019-07-08,2019,7,lun,189,0,10209000,12.04,28.19,186,75,30,597,129,147
2019-07-09,2019,7,mar,190,0,10209000,17.17,29.16,165,55,31,603,125,149
2019-07-10,2019,7,mie,191,0,10209000,16.61,32.81,189,45,28,574,111,150
2019-07-11,2019,7,jue,192,0,10209000,16.0,34.21,191,54,28,618,114,142
2019-07-12,2019,7,vie,193,0,10209000,17.35,39.46,156,44,33,592,131,133
2019-07-13,2019,7,sab,194,0,10209000,16.71,31.36,193,42,36,620,133,159
2019-07-14,2019,7,dom,195,0,10209000,16.6,38.57,197,60,32,589,117,169
2019-07-15,2019,7,lun,196,0,10209000,14.55,44.3,192,49,30,651,126,171
2019-07-16,2019,7,mar,197,0,10209000,14.55,30.65,211,53,35,582,128,143
2019-07-17,2019,7,mie,198,0,10209000,16.73,35.85,181,50,31,603,106,172
2019-07-18,2019,7,jue,199,0,10209000,16.35,40.16,187,75,24,650,129,164
2019-07-19,2019,7,vie,200,0,10209000,16.4,36.18,206,64,23,628,105,172
2019-07-20,2019,7,sab,201,0,10209000,16.41,33.74,168,55,24,596,130,183
2019-07-21,2019,7,dom,202,0,10209000,16.68,29.73,180,59,23,593,115,146
2019-07-22,2019,7,lun,203,0,10209000,16.21,32.26,156,50,33,619,114,151
2019-07-23,2019,7,mar,204,0,10209000,16.33,36.03,199,58,31,576,104,163
2019-07-24,2019,7,mie,205,0,10209000,16.43,39.98,169,59,36,616,127,155
2019-07-25,2019,7,jue,206,0,10209000,17.22,29.73,183,58,27,657,116,164
2019-07-26,2019,7,vie,207,0,10209000,15.47,34.26,179,60,36,593,149,155
2019-07-27,2019,7,sab,208,0,10209000,17.01,40.96,175,58,32,581,121,154
2019-07-28,2019,7,dom,209,1,10209000,16.82,30.95,152,34,23,612,123,139
2019-07-29,2019,7,lun,210,1,10209000,16.17,35.74,176,56,18,506,101,124
2019-07-30,2019,7,mar,211,0,10209000,15.45,38.88,173,61,36,598,128,156
2019-07-31,2019,7,mie,212,0,10209000,16.45,37.71,197,51,32,640,110,146
2019-08-01,2019,8,jue,213,0,10209000,17.03,34.03,189,47,25,497,113,151
2019-08-02,2019,8,vie,214,0,10209000,14.69,33.68,185,52,29,594,133,162
2019-08-03,2019,8,sab,215,0,10209000,16.05,39.36,183,60,33,605,120,147
2019-08-04,2019,8,dom,216,0,10209000,16.04,26.96,164,58,32,572,126,156
2019-08-05,2019,8,lun,217,0,10209000,15.16,27.87,204,54,38,573,103,132
2019-08-06,2019,8,mar,218,0,10209000,15.2,40.16,188,57,26,591,117,149
2019-08-07,2019,8,mie,219,0,10209000,14.08,40.85,211,58,29,611,108,160
2019-08-08,2019,8,jue,220,0,10209000,14.61,29.67,194,48,34,603,142,165
2019-08-09,2019,8,vie,221,0,10209000,14.08,38.85,211,63,34,657,120,153
2019-08-10,2019,8,sab,222,0,10209000,15.18,33.22,216,58,35,675,119,146
2019-08-11,2019,8,dom,223,0,10209000,15.24,30.79,173,58,35,614,119,167
2019-08-12,2019,8,lun,224,0,10209000,15.26,34.85,193,50,33,656,127,165
2019-08-13,2019,8,mar,225,0,10209000,16.35,43.49,204,58,35,609,137,167
2019-08-14,2019,8,mie,226,0,10209000,15.68,37.92,194,70,25,650,135,149
2019-08-15,2019,8,jue,227,0,10209000,15.03,37.08,216,56,23,610,112,159
2019-08-16,2019,8,vie,228,0,10209000,15.04,36.67,199,57,36,600,117,163
2019-08-17,2019,8,sab,229,0,10209000,14.55,28.01,182,56,25,575,116,168
2019-08-18,2019,8,dom,230,0,10209000,15.67,29.32,183,57,27,573,128,146
2019-08-19,2019,8,lun,231,0,10209000,15.66,33.11,177,62,31,658,137,148
2019-08-20,2019,8,mar,232,0,10209000,17.86,29.34,180,67,28,646,121,153
2019-08-21,2019,8,mie,233,0,10209000,17.76,36.3,196,59,26,562,125,141
2019-08-22,2019,8,jue,234,0,10209000,17.7,39.31,205,53,36,566,117,150
2019-08-23,2019,8,vie,235,0,10209000,18.43,32.99,197,62,37,604,134,159
2019-08-24,2019,8,sab,236,0,10209000,14.48,26.27,171,48,35,552,108,150
2019-08-25,2019,8,dom,237,0,10209000,16.76,26.32,189,60,28,635,127,138
2019-08-26,2019,8,lun,238,0,10209000,16.87,41.14,166,57,25,583,140,164
2019-08-27,2019,8,mar,239,0,10209000,16.54,30.12,186,55,23,571,120,154
2019-08-28,2019,8,mie,240,0,10209000,18.53,26.84,168,55,29,583,100,140
2019-08-29,2019,8,jue,241,0,10209000,19.03,25.4,167,55,31,559,123,134
2019-08-30,2019,8,vie,242,0,10209000,17.18,30.36,158,52,27,526,109,143
2019-08-31,2019,8,sab,243,0,10209000,16.8,35.69,176,56,35,501,107,128
2019-09-01,2019,9,dom,244,0,10209000,14.68,35.75,168,51,27,506,135,156
2019-09-02,2019,9,lun,245,0,10209000,14.7,35.33,162,40,25,546,129,140
2019-09-03,2019,9,mar,246,0,10209000,16.9,28.56,174,56,30,576,121,149
2019-09-04,2019,9,mie,247,0,10209000,15.99,36.26,181,52,30,551,108,159
2019-09-05,2019,9,jue,248,0,10209000,14.5,31.05,178,44,37,640,96,141
2019-09-06,2019,9,vie,249,0,10209000,15.96,34.95,160,41,25,582,112,148
2019-09-07,2019,9,sab,250,0,10209000,16.56,39.67,161,42,36,606,113,161
2019-09-08,2019,9,dom,251,0,10209000,17.27,27.52,187,49,36,563,118,165
2019-09-09,2019,9,lun,252,0,10209000,16.04,24.71,179,51,30,625,114,151
2019-09-10,2019,9,mar,253,0,10209000,15.87,40.94,160,53,24,550,121,153
2019-09-11,2019,9,mie,254,0,10209000,16.22,30.47,163,47,36,608,112,140
2019-09-12,2019,9,jue,255,0,10209000,16.45,30.24,162,57,29,558,109,153
2019-09-13,2019,9,vie,256,0,10209000,14.87,22.82,145,49,31,552,108,147
2019-09-14,2019,9,sab,257,0,10209000,17.29,31.62,182,56,26,601,114,138
2019-09-15,2019,9,dom,258,0,10209000,18.94,33.02,167,55,28,554,114,155
2019-09-16,2019,9,lun,259,0,10209000,17.32,31.89,170,59,29,576,114,160
2019-09-17,2019,9,mar,260,0,10209000,14.63,35.95,159,46,25,592,120,147
2019-09-18,2019,9,mie,261,0,10209000,16.51,28.36,172,56,31,608,115,153
2019-09-19,2019,9,jue,262,0,10209000,14.31,36.95,165,57,30,627,106,139
2019-09-20,2019,9,vie,263,0,10209000,14.26,33.94,197,42,37,548,109,156
2019-09-21,2019,9,sab,264,0,10209000,17.28,35.74,188,49,27,545,92,156
2019-09-22,2019,9,dom,265,0,10209000,16.61,18.41,169,51,24,538,109,166
2019-09-23,2019,9,lun,266,0,10209000,15.72,23.36,175,60,32,614,113,163
2019-09-24,2019,9,mar,267,0,10209000,14.07,33.91,178,39,28,539,126,144
2019-09-25,2019,9,mie,268,0,10209000,15.09,31.19,188,56,31,577,129,139
2019-09-26,2019,9,jue,269,0,10209000,16.84,24.57,185,56,24,605,124,135
2019-09-27,2019,9,vie,270,0,10209000,16.72,29.48,173,60,30,546,118,138
2019-09-28,2019,9,sab,271,0,10209000,17.54,30.51,167,59,39,557,148,126
2019-09-29,2019,9,dom,272,0,10209000,18.58,31.41,174,58,33,611,117,138
2019-09-30,2019,9,lun,273,0,10209000,16.38,29.89,185,42,24,576,110,149
2019-10-01,2019,10,mar,274,0,10209000,17.39,28.88,155,33,27,568,132,145
2019-10-02,2019,10,mie,275,0,10209000,16.7,30.6,189,63,32,563,108,132
2019-10-03,2019,10,jue,276,0,10209000,16.3,27.85,186,62,24,579,115,155
2019-10-04,2019,10,vie,277,0,10209000,16.64,37.48,160,51,25,561,126,131
2019-10-05,2019,10,sab,278,0,10209000,18.13,22.62,159,40,25,523,102,131
2019-10-06,2019,10,dom,279,0,10209000,15.78,24.67,163,49,27,536,123,131
2019-10-07,2019,10,lun,280,0,10209000,18.43,26.46,175,53,25,529,122,133
2019-10-08,2019,10,mar,281,0,10209000,18.87,35.01,170,40,28,523,106,158
2019-10-09,2019,10,mie,282,0,10209000,17.18,24.41,180,40,34,577,104,140
2019-10-10,2019,10,jue,283,0,10209000,17.49,31.32,137,54,28,504,118,136
2019-10-11,2019,10,vie,284,0,10209000,15.53,26.44,159,53,20,557,93,115
2019-10-12,2019,10,sab,285,0,10209000,20.1,21.28,164,45,25,467,112,118
2019-10-13,2019,10,dom,286,0,10209000,18.49,12.93,191,60,32,491,119,135
2019-10-14,2019,10,lun,287,0,10209000,17.56,25.89,158,63,22,531,125,123
2019-10-15,2019,10,mar,288,0,10209000,17.47,34.41,139,48,22,486,109,149
2019-10-16,2019,10,mie,289,0,10209000,17.99,22.36,183,44,25,475,99,134
2019-10-17,2019,10,jue,290,0,10209000,16.71,11.03,162,36,21,513,118,108
2019-10-18,2019,10,vie,291,0,10209000,17.88,26.94,166,45,24,526,102,131
2019-10-19,2019,10,sab,292,0,10209000,16.47,16.28,173,41,26,501,119,127
2019-10-20,2019,10,dom,293,0,10209000,18.23,13.18,182,50,29,471,99,116
2019-10-21,2019,10,lun,294,0,10209000,16.86,22.26,157,47,29,514,111,139
2019-10-22,2019,10,mar,295,0,10209000,18.8,17.98,159,43,13,511,121,119
2019-10-23,2019,10,mie,296,0,10209000,17.63,29.73,167,49,25,584,107,127
2019-10-24,2019,10,jue,297,0,10209000,18.14,25.34,159,48,30,510,124,146
2019-10-25,2019,10,vie,298,0,10209000,21.42,27.19,160,44,34,515,99,133
2019-10-26,2019,10,sab,299,0,10209000,18.88,17.74,144,43,28,476,109,123
2019-10-27,2019,10,dom,300,0,10209000,18.29,20.2,159,33,27,514,92,134
2019-10-28,2019,10,lun,301,0,10209000,18.07,20.72,153,50,26,439,104,131
2019-10-29,2019,10,mar,302,0,10209000,16.82,24.63,174,45,33,553,120,145
2019-10-30,2019,10,mie,303,0,10209000,19.41,11.9,164,44,29,487,93,123
2019-10-31,2019,10,jue,304,0,10209000,20.09,22.69,142,45,18,535,113,118
2019-11-01,2019,11,vie,305,0,10209000,18.29,27.84,148,41,23,492,104,119
2019-11-02,2019,11,sab,306,0,10209000,20.28,28.02,153,43,28,463,110,106
2019-11-03,2019,11,dom,307,0,10209000,18.18,23.49,162,34,21,468,102,122
2019-11-04,2019,11,lun,308,0,10209000,16.24,22.88,138,46,33,469,107,126
2019-11-05,2019,11,mar,309,0,10209000,17.63,13.47,167,47,27,430,101,122
2019-11-06,2019,11,mie,310,0,10209000,17.2,22.58,149,46,25,544,100,146
2019-11-07,2019,11,jue,311,0,10209000,18.19,11.84,126,42,30,505,106,117
2019-11-08,2019,11,vie,312,0,10209000,19.32,17.0,167,47,22,468,104,119
2019-11-09,2019,11,sab,313,0,10209000,17.51,17.27,160,49,21,496,107,131
2019-11-10,2019,11,dom,314,0,10209000,18.58,16.78,155,50,27,456,113,127
2019-11-11,2019,11,lun,315,0,10209000,18.96,25.42,178,68,30,532,93,115
2019-11-12,2019,11,mar,316,0,10209000,17.9,19.42,162,27,27,500,109,119
2019-11-13,2019,11,mie,317,0,10209000,17.74,14.36,162,48,41,499,113,105
2019-11-14,2019,11,jue,318,0,10209000,18.98,18.08,151,44,20,517,115,126
2019-11-15,2019,11,vie,319,0,10209000,19.98,16.56,148,44,20,548,97,132
2019-11-16,2019,11,sab,320,0,10209000,18.26,22.62,149,35,24,503,96,135
2019-11-17,2019,11,dom,321,0,10209000,18.13,9.69,152,51,23,436,85,124
2019-11-18,2019,11,lun,322,0,10209000,18.92,17.44,161,37,18,479,78,140
2019-11-19,2019,11,mar,323,0,10209000,19.49,24.32,151,44,17,470,97,122
2019-11-20,2019,11,mie,324,0,10209000,18.54,15.3,136,47,27,533,121,125
2019-11-21,2019,11,jue,325,0,10209000,18.84,21.36,163,52,21,454,112,125
2019-11-22,2019,11,vie,326,0,10209000,19.02,19.45,142,48,20,562,100,112
2019-11-23,2019,11,sab,327,0,10209000,18.04,14.46,158,42,25,445,94,110
2019-11-24,2019,11,dom,328,0,10209000,19.18,7.23,128,47,16,520,96,131
2019-11-25,2019,11,lun,329,0,10209000,18.77,19.04,157,40,28,476,92,97
2019-11-26,2019,11,mar,330,0,10209000,21.4,16.15,147,43,30,468,82,116
2019-11-27,2019,11,mie,331,0,10209000,18.93,20.03,140,49,30,430,92,115
2019-11-28,2019,11,jue,332,0,10209000,20.15,11.2,124,38,32,535,72,117
2019-11-29,2019,11,vie,333,0,10209000,20.1,20.98,135,52,28,427,82,123
2019-11-30,2019,11,sab,334,0,10209000,18.36,18.53,137,39,27,506,88,122
2019-12-01,2019,12,dom,335,0,10209000,18.25,22.12,150,50,13,442,92,143
2019-12-02,2019,12,lun,336,0,10209000,19.26,15.56,170,46,18,444,90,115
2019-12-03,2019,12,mar,337,0,10209000,20.64,14.38,144,47,26,480,104,120
2019-12-04,2019,12,mie,338,0,10209000,19.21,22.26,166,36,27,504,76,128
2019-12-05,2019,12,jue,339,0,10209000,19.16,12.39,127,43,25,518,87,125
2019-12-06,2019,12,vie,340,0,10209000,16.51,13.22,124,43,30,538,95,105
2019-12-07,2019,12,sab,341,0,10209000,19.57,12.85,157,38,17,485,83,100
2019-12-08,2019,12,dom,342,0,10209000,20.47,8.61,159,44,23,493,103,108
2019-12-09,2019,12,lun,343,0,10209000,20.67,24.38,170,49,25,472,94,112
2019-12-10,2019,12,mar,344,0,10209000,20.7,21.88,124,45,26,462,83,126
2019-12-11,2019,12,mie,345,0,10209000,19.84,6.11,131,43,23,552,108,116
2019-12-12,2019,12,jue,346,0,10209000,20.01,6.16,144,39,20,464,86,109
2019-12-13,2019,12,vie,347,0,10209000,21.32,13.54,156,38,25,473,87,108
2019-12-14,2019,12,sab,348,0,10209000,20.21,16.19,150,45,22,506,91,117
2019-12-15,2019,12,dom,349,0,10209000,17.65,17.01,123,44,32,420,101,111
2019-12-16,2019,12,lun,350,0,10209000,21.68,23.56,142,53,23,478,84,114
2019-12-17,2019,12,mar,351,0,10209000,19.21,17.85,137,41,20,473,84,89
2019-12-18,2019,12,mie,352,0,10209000,22.2,10.99,138,47,21,464,81,96
2019-12-19,2019,12,jue,353,0,10209000,22.62,18.35,152,38,24,470,84,116
2019-12-20,2019,12,vie,354,0,10209000,21.55,10.38,129,46,32,477,85,92
2019-12-21,2019,12,sab,355,0,10209000,21.76,8.91,134,38,24,416,106,107
2019-12-22,2019,12,dom,356,0,10209000,22.95,4.98,115,37,26,491,96,105
2019-12-23,2019,12,lun,357,0,10209000,19.44,11.43,150,45,24,439,94,106
2019-12-24,2019,12,mar,358,0,10209000,21.1,12.75,152,45,22,454,91,104
2019-12-25,2019,12,mie,359,1,10209000,21.13,12.93,122,37,17,374,91,102
2019-12-26,2019,12,jue,360,0,10209000,19.72,24.59,144,56,15,438,84,107
2019-12-27,2019,12,vie,361,0,10209000,23.33,16.16,129,39,24,463,91,129
2019-12-28,2019,12,sab,362,0,10209000,20.26,14.35,140,47,22,478,75,95
2019-12-29,2019,12,dom,363,0,10209000,20.12,13.34,123,35,20,472,88,100
2019-12-30,2019,12,lun,364,0,10209000,21.35,23.42,127,41,19,483,112,123
2019-12-31,2019,12,mar,365,0,10209000,22.31,10.69,138,32,26,416,100,119
2020-01-01,2020,1,mie,1,1,10628000,20.38,19.15,135,41,27,449,82,80
2020-01-02,2020,1,jue,2,0,10628000,20.42,11.08,134,45,16,471,88,95
2020-01-03,2020,1,vie,3,0,10628000,21.78,14.62,121,45,32,467,81,99
2020-01-04,2020,1,sab,4,0,10628000,19.5,14.74,131,36,20,424,92,103
2020-01-05,2020,1,dom,5,0,10628000,20.32,5.48,139,54,21,433,84,97
2020-01-06,2020,1,lun,6,0,10628000,20.27,13.26,157,34,14,445,89,109
2020-01-07,2020,1,mar,7,0,10628000,20.79,15.19,115,42,19,516,105,102
2020-01-08,2020,1,mie,8,0,10628000,21.17,17.66,139,45,19,504,93,98
2020-01-09,2020,1,jue,9,0,10628000,23.58,13.99,135,33,26,476,91,131
2020-01-10,2020,1,vie,10,0,10628000,22.49,29.18,154,43,31,502,94,127
2020-01-11,2020,1,sab,11,0,10628000,21.45,21.47,134,49,26,484,109,108
2020-01-12,2020,1,dom,12,0,10628000,21.19,3.0,148,35,15,441,80,101
2020-01-13,2020,1,lun,13,0,10628000,22.53,15.62,140,35,26,482,110,115
2020-01-14,2020,1,mar,14,0,10628000,22.02,17.79,139,45,18,436,89,101
2020-01-15,2020,1,mie,15,0,10628000,22.61,16.72,138,35,20,371,89,118
2020-01-16,2020,1,jue,16,0,10628000,23.22,21.96,125,35,25,514,90,102
2020-01-17,2020,1,vie,17,0,10628000,20.38,3.0,123,32,16,512,81,115
2020-01-18,2020,1,sab,18,0,10628000,18.91,6.63,129,45,25,410,100,98
2020-01-19,2020,1,dom,19,0,10628000,21.61,19.72,171,46,20,404,94,93
2020-01-20,2020,1,lun,20,0,10628000,21.75,21.08,125,40,24,457,98,95
2020-01-21,2020,1,mar,21,0,10628000,22.02,26.45,128,33,24,419,76,116
2020-01-22,2020,1,mie,22,0,10628000,20.98,23.3,141,30,21,420,80,102
2020-01-23,2020,1,jue,23,0,10628000,21.44,8.63,130,40,16,402,84,94
2020-01-24,2020,1,vie,24,0,10628000,22.4,20.24,128,44,20,394,74,121
2020-01-25,2020,1,sab,25,0,10628000,22.49,10.67,142,39,23,491,81,116
2020-01-26,2020,1,dom,26,0,10628000,23.37,13.15,129,50,18,458,88,96
2020-01-27,2020,1,lun,27,0,10628000,19.19,15.41,147,43,21,501,88,101
2020-01-28,2020,1,mar,28,0,10628000,19.82,12.83,147,36,21,400,72,112
2020-01-29,2020,1,mie,29,0,10628000,23.57,12.68,155,34,17,444,88,112
2020-01-30,2020,1,jue,30,0,10628000,22.56,19.11,176,27,24,519,79,110
2020-01-31,2020,1,vie,31,0,10628000,22.79,12.55,132,33,24,430,90,114
2020-02-01,2020,2,sab,32,0,10628000,21.51,13.39,142,34,23,470,93,113
2020-02-02,2020,2,dom,33,0,10628000,21.3,14.78,117,48,20,405,89,98
2020-02-03,2020,2,lun,34,0,10628000,22.12,12.73,134,39,16,491,85,101
2020-02-04,2020,2,mar,35,0,10628000,20.76,14.02,115,34,22,506,95,100
2020-02-05,2020,2,mie,36,0,10628000,20.06,21.26,126,48,24,456,80,93
2020-02-06,2020,2,jue,37,0,10628000,20.57,7.06,121,51,20,408,87,103
2020-02-07,2020,2,vie,38,0,10628000,22.05,12.25,130,50,19,517,78,97
2020-02-08,2020,2,sab,39,0,10628000,22.68,5.98,133,39,14,449,91,119
2020-02-09,2020,2,dom,40,0,10628000,23.9,13.83,147,44,20,457,108,129
2020-02-10,2020,2,lun,41,0,10628000,22.37,29.33,149,49,16,509,99,121
2020-02-11,2020,2,mar,42,0,10628000,22.49,9.73,139,47,27,473,89,95
2020-02-12,2020,2,mie,43,0,10628000,23.95,22.08,154,40,22,449,85,112
2020-02-13,2020,2,jue,44,0,10628000,21.0,23.12,152,45,19,441,89,113
2020-02-14,2020,2,vie,45,0,10628000,20.78,5.41,128,40,24,389,107,103
2020-02-15,2020,2,sab,46,0,10628000,21.29,6.47,142,58,16,449,79,117
2020-02-16,2020,2,dom,47,0,10628000,21.81,13.16,130,34,18,439,102,89
2020-02-17,2020,2,lun,48,0,10628000,24.36,11.41,154,48,22,558,91,118
2020-02-18,2020,2,mar,49,0,10628000,21.51,17.83,147,46,20,436,92,116
2020-02-19,2020,2,mie,50,0,10628000,23.49,23.36,147,29,28,506,98,93
2020-02-20,2020,2,jue,51,0,10628000,21.35,20.14,161,45,11,468,80,122
2020-02-21,2020,2,vie,52,0,10628000,22.5,15.73,145,37,17,439,109,108
2020-02-22,2020,2,sab,53,0,10628000,22.72,16.65,127,48,24,461,92,107
2020-02-23,2020,2,dom,54,0,10628000,22.54,15.67,145,45,21,433,98,123
2020-02-24,2020,2,lun,55,0,10628000,22.79,10.68,141,35,21,462,94,106
2020-02-25,2020,2,mar,56,0,10628000,21.05,14.11,129,52,23,428,97,103
2020-02-26,2020,2,mie,57,0,10628000,23.62,19.56,141,35,29,464,101,101
2020-02-27,2020,2,jue,58,0,10628000,23.04,16.99,149,54,19,452,96,121
2020-02-28,2020,2,vie,59,0,10628000,21.0,19.06,128,48,23,490,100,110
2020-02-29,2020,2,sab,60,0,10628000,22.44,19.01,129,33,25,387,105,109
2020-03-01,2020,3,dom,61,0,10628000,20.53,3.0,135,37,21,512,98,91
2020-03-02,2020,3,lun,62,0,10628000,21.92,25.2,131,37,23,523,88,125
2020-03-03,2020,3,mar,63,0,10628000,20.39,8.38,137,44,17,476,107,100
2020-03-04,2020,3,mie,64,0,10628000,22.64,18.09,132,41,25,465,86,118
2020-03-05,2020,3,jue,65,0,10628000,25.32,18.93,157,41,11,447,91,122
2020-03-06,2020,3,vie,66,0,10628000,23.51,17.56,163,49,31,485,118,114
2020-03-07,2020,3,sab,67,0,10628000,22.6,16.35,144,38,32,467,103,110
2020-03-08,2020,3,dom,68,0,10628000,20.62,12.73,120,32,18,504,92,120
2020-03-09,2020,3,lun,69,0,10628000,22.14,15.02,134,49,22,477,89,121
2020-03-10,2020,3,mar,70,0,10628000,23.08,18.29,155,40,15,508,102,112
2020-03-11,2020,3,mie,71,0,10628000,21.53,19.81,131,47,19,492,88,110
2020-03-12,2020,3,jue,72,0,10628000,21.77,15.64,149,51,21,440,105,128
2020-03-13,2020,3,vie,73,0,10628000,19.56,20.81,146,47,23,452,100,117
2020-03-14,2020,3,sab,74,0,10628000,20.54,12.02,143,33,15,466,100,116
2020-03-15,2020,3,dom,75,0,10628000,19.33,13.55,136,33,22,460,97,101
2020-03-16,2020,3,lun,76,0,10628000,23.82,18.42,145,48,16,486,103,131
2020-03-17,2020,3,mar,77,0,10628000,22.06,22.0,141,40,17,469,115,124
2020-03-18,2020,3,mie,78,0,10628000,22.33,18.35,149,28,20,500,118,107
2020-03-19,2020,3,jue,79,0,10628000,21.19,22.01,149,35,20,525,103,113
2020-03-20,2020,3,vie,80,0,10628000,19.65,28.26,121,50,24,430,110,115
2020-03-21,2020,3,sab,81,0,10628000,21.59,14.97,133,50,22,491,82,115
2020-03-22,2020,3,dom,82,0,10628000,20.58,24.01,163,32,25,496,84,98
2020-03-23,2020,3,lun,83,0,10628000,20.15,14.04,146,35,21,537,90,121
2020-03-24,2020,3,mar,84,0,10628000,21.35,24.04,132,44,12,476,87,114
2020-03-25,2020,3,mie,85,0,10628000,21.38,20.0,128,45,30,455,87,95
2020-03-26,2020,3,jue,86,0,10628000,21.0,31.67,159,40,23,478,102,127
2020-03-27,2020,3,vie,87,0,10628000,20.26,18.73,158,41,15,402,91,112
2020-03-28,2020,3,sab,88,0,10628000,19.97,14.27,130,41,20,501,89,136
2020-03-29,2020,3,dom,89,0,10628000,21.12,23.86,133,41,23,461,93,107
2020-03-30,2020,3,lun,90,0,10628000,22.55,23.81,186,39,27,507,99,141
2020-03-31,2020,3,mar,91,0,10628000,19.12,22.3,157,45,22,511,102,124
2020-04-01,2020,4,mie,92,0,10628000,20.22,10.0,154,40,19,504,96,114
2020-04-02,2020,4,jue,93,0,10628000,20.78,24.22,135,39,13,521,103,106
2020-04-03,2020,4,vie,94,0,10628000,20.74,21.86,150,50,26,460,87,110
2020-04-04,2020,4,sab,95,0,10628000,20.18,19.99,152,42,24,444,101,112
2020-04-05,2020,4,dom,96,0,10628000,23.17,15.83,182,44,23,545,110,132
2020-04-06,2020,4,lun,97,0,10628000,21.29,29.41,161,39,34,461,94,131
2020-04-07,2020,4,mar,98,0,10628000,19.59,22.98,131,48,26,479,100,122
2020-04-08,2020,4,mie,99,0,10628000,18.47,21.98,152,41,25,490,97,104
2020-04-09,2020,4,jue,100,0,10628000,20.48,15.58,151,48,26,554,103,122
2020-04-10,2020,4,vie,101,0,10628000,22.42,22.55,144,58,28,499,105,112
2020-04-11,2020,4,sab,102,0,10628000,20.84,15.23,142,48,25,477,87,111
2020-04-12,2020,4,dom,103,0,10628000,17.78,27.7,160,47,24,501,110,95
2020-04-13,2020,4,lun,104,0,10628000,18.87,25.28,159,46,23,545,97,113
2020-04-14,2020,4,mar,105,0,10628000,20.62,21.18,151,47,21,478,90,108
2020-04-15,2020,4,mie,106,0,10628000,21.71,23.46,151,34,25,488,97,123
2020-04-16,2020,4,jue,107,0,10628000,20.56,31.79,139,40,20,532,101,108
2020-04-17,2020,4,vie,108,0,10628000,20.52,25.41,145,43,22,523,105,121
2020-04-18,2020,4,sab,109,0,10628000,21.58,21.82,146,40,24,471,104,114
2020-04-19,2020,4,dom,110,0,10628000,21.76,31.34,161,52,31,481,112,123
2020-04-20,2020,4,lun,111,0,10628000,19.39,27.08,160,46,34,466,91,127
2020-04-21,2020,4,mar,112,0,10628000,20.68,29.92,163,38,14,521,105,119
2020-04-22,2020,4,mie,113,0,10628000,18.96,23.81,135,39,19,530,96,116
2020-04-23,2020,4,jue,114,0,10628000,18.77,23.83,174,59,21,500,99,110
2020-04-24,2020,4,vie,115,0,10628000,20.72,30.13,154,43,32,460,90,129
2020-04-25,2020,4,sab,116,0,10628000,18.26,22.84,157,38,26,526,104,124
2020-04-26,2020,4,dom,117,0,10628000,20.12,25.04,133,47,25,473,104,92
2020-04-27,2020,4,lun,118,0,10628000,20.25,26.1,167,53,26,524,116,137
2020-04-28,2020,4,mar,119,0,10628000,20.85,26.59,144,46,22,508,100,126
2020-04-29,2020,4,mie,120,0,10628000,18.39,26.09,157,43,26,549,101,115
2020-04-30,2020,4,jue,121,0,10628000,20.18,20.35,151,42,23,546,110,101
2020-05-01,2020,5,vie,122,0,10628000,19.52,33.62,159,47,27,531,125,127
2020-05-02,2020,5,sab,123,0,10628000,21.4,21.27,155,54,27,547,110,124
2020-05-03,2020,5,dom,124,0,10628000,18.68,18.45,145,62,22,572,101,122
2020-05-04,2020,5,lun,125,0,10628000,18.19,28.0,165,53,18,564,120,124
2020-05-05,2020,5,mar,126,0,10628000,20.07,24.48,148,41,27,501,84,122
2020-05-06,2020,5,mie,127,0,10628000,18.39,34.23,153,41,21,486,107,126
2020-05-07,2020,5,jue,128,0,10628000,17.81,31.29,141,47,29,606,114,121
2020-05-08,2020,5,vie,129,0,10628000,20.41,25.31,163,54,27,563,125,127
2020-05-09,2020,5,sab,130,0,10628000,19.78,20.99,180,36,21,554,116,115
2020-05-10,2020,5,dom,131,0,10628000,15.48,28.79,194,53,33,490,121,130
2020-05-11,2020,5,lun,132,0,10628000,18.06,25.25,161,62,29,583,92,126
2020-05-12,2020,5,mar,133,0,10628000,17.78,22.04,151,53,22,544,117,118
2020-05-13,2020,5,mie,134,0,10628000,19.83,20.74,163,42,25,510,121,128
2020-05-14,2020,5,jue,135,0,10628000,20.78,32.73,145,63,33,568,112,132
2020-05-15,2020,5,vie,136,0,10628000,21.43,21.55,182,54,31,467,116,128
2020-05-16,2020,5,sab,137,0,10628000,19.75,20.6,171,54,22,544,106,134
2020-05-17,2020,5,dom,138,0,10628000,17.54,30.1,157,40,26,457,108,125
2020-05-18,2020,5,lun,139,0,10628000,17.44,33.82,177,50,24,521,111,140
2020-05-19,2020,5,mar,140,0,10628000,17.61,24.1,163,39,32,527,112,128
2020-05-20,2020,5,mie,141,0,10628000,19.29,27.04,171,53,38,489,102,134
2020-05-21,2020,5,jue,142,0,10628000,20.17,35.11,186,53,22,534,135,130
2020-05-22,2020,5,vie,143,0,10628000,16.3,31.43,176,58,30,526,100,124
2020-05-23,2020,5,sab,144,0,10628000,19.28,25.21,166,50,29,513,122,143
2020-05-24,2020,5,dom,145,0,10628000,19.61,28.25,194,53,22,568,112,152
2020-05-25,2020,5,lun,146,0,10628000,18.82,32.89,164,48,41,566,104,118
2020-05-26,2020,5,mar,147,0,10628000,22.28,25.43,160,51,24,478,96,116
2020-05-27,2020,5,mie,148,0,10628000,18.98,25.99,189,56,28,528,95,130
2020-05-28,2020,5,jue,149,0,10628000,18.33,36.77,185,48,26,627,124,128
2020-05-29,2020,5,vie,150,0,10628000,18.97,40.11,165,42,31,618,110,133
2020-05-30,2020,5,sab,151,0,10628000,17.54,33.0,181,55,30,574,123,147
2020-05-31,2020,5,dom,152,0,10628000,16.82,27.66,157,52,27,607,90,145
2020-06-01,2020,6,lun,153,0,10628000,18.6,28.33,188,48,25,532,113,124
2020-06-02,2020,6,mar,154,0,10628000,19.43,32.15,164,51,24,557,120,142
2020-06-03,2020,6,mie,155,0,10628000,17.71,37.23,157,66,37,549,112,136
2020-06-04,2020,6,jue,156,0,10628000,19.06,38.4,167,48,27,580,101,143
2020-06-05,2020,6,vie,157,0,10628000,17.45,32.17,186,64,24,495,111,133
2020-06-06,2020,6,sab,158,0,10628000,19.81,31.34,193,49,30,559,121,133
2020-06-07,2020,6,dom,159,0,10628000,18.06,22.24,170,48,35,592,105,138
2020-06-08,2020,6,lun,160,0,10628000,18.4,31.88,198,46,32,561,84,142
2020-06-09,2020,6,mar,161,0,10628000,18.63,39.98,160,61,26,617,126,130
2020-06-10,2020,6,mie,162,0,10628000,16.04,32.08,170,44,27,648,135,158
2020-06-11,2020,6,jue,163,0,10628000,17.4,35.17,165,47,25,596,132,147
2020-06-12,2020,6,vie,164,0,10628000,19.78,37.47,174,50,25,622,125,160
2020-06-13,2020,6,sab,165,0,10628000,17.57,34.17,178,55,24,508,149,138
2020-06-14,2020,6,dom,166,0,10628000,19.16,30.67,165,55,26,534,107,150
2020-06-15,2020,6,lun,167,0,10628000,18.49,30.47,168,59,29,574,124,159
2020-06-16,2020,6,mar,168,0,10628000,15.2,22.56,159,54,30,665,138,132
2020-06-17,2020,6,mie,169,0,10628000,18.19,27.66,195,70,32,612,123,152
2020-06-18,2020,6,jue,170,0,10628000,16.0,32.0,188,45,30,576,111,143
2020-06-19,2020,6,vie,171,0,10628000,17.57,37.2,180,65,20,584,122,143
2020-06-20,2020,6,sab,172,0,10628000,16.72,31.73,197,47,47,611,118,162
2020-06-21,2020,6,dom,173,0,10628000,17.2,36.5,182,55,28,622,127,144
2020-06-22,2020,6,lun,174,0,10628000,17.05,27.77,195,48,29,628,143,144
2020-06-23,2020,6,mar,175,0,10628000,17.38,25.05,185,60,19,588,107,160
2020-06-24,2020,6,mie,176,0,10628000,16.51,37.0,170,68,19,582,141,151
2020-06-25,2020,6,jue,177,0,10628000,15.39,42.96,167,58,30,651,122,135
2020-06-26,2020,6,vie,178,0,10628000,15.76,35.12,180,47,38,606,105,161
2020-06-27,2020,6,sab,179,0,10628000,18.04,28.46,171,60,36,612,116,156
2020-06-28,2020,6,dom,180,0,10628000,18.97,35.68,201,50,39,612,117,168
2020-06-29,2020,6,lun,181,0,10628000,17.14,41.34,197,48,35,567,125,143
2020-06-30,2020,6,mar,182,0,10628000,17.83,28.31,192,51,33,616,126,153
2020-07-01,2020,7,mie,183,0,10628000,17.96,32.71,194,51,21,647,103,164
2020-07-02,2020,7,jue,184,0,10628000,15.11,39.51,162,44,22,540,116,151
2020-07-03,2020,7,vie,185,0,10628000,14.47,35.75,165,61,26,575,117,135
2020-07-04,2020,7,sab,186,0,10628000,16.62,27.59,181,52,41,600,104,142
2020-07-05,2020,7,dom,187,0,10628000,14.38,30.12,167,64,28,630,121,167
2020-07-06,2020,7,lun,188,0,10628000,16.29,30.23,174,52,29,616,130,145
2020-07-07,2020,7,mar,189,0,10628000,14.81,27.39,172,48,34,660,111,154
2020-07-08,2020,7,mie,190,0,10628000,15.81,36.27,174,55,30,646,127,169
2020-07-09,2020,7,jue,191,0,10628000,15.62,28.28,185,59,32,552,135,149
2020-07-10,2020,7,vie,192,0,10628000,17.12,34.16,172,67,34,600,117,145
2020-07-11,2020,7,sab,193,0,10628000,15.69,27.11,195,56,33,618,114,165
2020-07-12,2020,7,dom,194,0,10628000,15.06,33.94,202,67,31,677,138,155
2020-07-13,2020,7,lun,195,0,10628000,16.47,33.0,200,60,38,587,121,159
2020-07-14,2020,7,mar,196,0,10628000,19.94,33.5,200,55,41,605,128,138
2020-07-15,2020,7,mie,197,0,10628000,16.95,27.1,179,65,15,582,125,185
2020-07-16,2020,7,jue,198,0,10628000,14.0,35.94,154,59,35,582,126,155
2020-07-17,2020,7,vie,199,0,10628000,16.42,32.59,201,58,36,577,128,141
2020-07-18,2020,7,sab,200,0,10628000,19.37,27.79,200,44,27,646,126,150
2020-07-19,2020,7,dom,201,0,10628000,16.46,33.83,162,54,28,676,153,157
2020-07-20,2020,7,lun,202,0,10628000,17.77,39.25,211,54,41,650,115,160
2020-07-21,2020,7,mar,203,0,10628000,17.55,43.11,185,60,44,605,111,147
2020-07-22,2020,7,mie,204,0,10628000,17.62,35.67,186,61,29,596,131,141
2020-07-23,2020,7,jue,205,0,10628000,17.44,35.85,166,53,33,585,114,143
2020-07-24,2020,7,vie,206,0,10628000,16.5,30.01,164,59,34,657,116,140
2020-07-25,2020,7,sab,207,0,10628000,15.92,28.31,189,59,31,578,100,153
2020-07-26,2020,7,dom,208,0,10628000,15.79,37.45,207,49,28,659,125,145
2020-07-27,2020,7,lun,209,0,10628000,16.25,32.41,179,46,35,558,120,169
2020-07-28,2020,7,mar,210,1,10628000,16.6,43.64,173,60,27,568,113,104
2020-07-29,2020,7,mie,211,1,10628000,14.54,28.46,141,56,33,587,102,156
2020-07-30,2020,7,jue,212,0,10628000,15.72,33.84,179,48,36,638,127,146
2020-07-31,2020,7,vie,213,0,10628000,16.0,33.65,207,63,34,649,138,141
2020-08-01,2020,8,sab,214,0,10628000,16.16,28.23,225,45,32,591,126,163
2020-08-02,2020,8,dom,215,0,10628000,15.65,30.02,190,69,28,608,118,143
2020-08-03,2020,8,lun,216,0,10628000,16.98,33.55,161,49,35,608,125,159
2020-08-04,2020,8,mar,217,0,10628000,15.88,35.31,187,57,28,624,128,148
2020-08-05,2020,8,mie,218,0,10628000,15.54,33.99,194,55,34,559,127,148
2020-08-06,2020,8,jue,219,0,10628000,14.5,39.54,178,55,41,643,126,180
2020-08-07,2020,8,vie,220,0,10628000,15.05,46.74,173,55,29,578,134,144
2020-08-08,2020,8,sab,221,0,10628000,16.25,34.98,180,52,38,613,130,147
2020-08-09,2020,8,dom,222,0,10628000,16.11,33.21,201,67,45,584,121,136
2020-08-10,2020,8,lun,223,0,10628000,13.52,29.23,202,67,42,609,117,180
2020-08-11,2020,8,mar,224,0,10628000,17.07,31.38,174,60,28,629,137,141
2020-08-12,2020,8,mie,225,0,10628000,15.12,25.57,185,51,30,686,136,146
2020-08-13,2020,8,jue,226,0,10628000,14.87,36.39,196,61,39,630,118,168
2020-08-14,2020,8,vie,227,0,10628000,17.29,26.52,172,61,34,581,124,164
2020-08-15,2020,8,sab,228,0,10628000,17.35,34.23,212,56,26,562,139,164
2020-08-16,2020,8,dom,229,0,10628000,15.1,26.98,204,49,28,607,142,144
2020-08-17,2020,8,lun,230,0,10628000,15.53,35.47,190,49,39,634,126,153
2020-08-18,2020,8,mar,231,0,10628000,14.49,36.19,160,57,44,617,138,126
2020-08-19,2020,8,mie,232,0,10628000,16.94,24.09,173,56,21,618,110,168
2020-08-20,2020,8,jue,233,0,10628000,17.06,29.45,165,59,30,715,117,168
2020-08-21,2020,8,vie,234,0,10628000,15.45,35.12,202,54,41,556,128,170
2020-08-22,2020,8,sab,235,0,10628000,17.65,32.63,173,50,38,654,105,142
2020-08-23,2020,8,dom,236,0,10628000,17.09,34.13,194,54,41,614,149,154
2020-08-24,2020,8,lun,237,0,10628000,15.85,31.33,184,60,31,650,127,166
2020-08-25,2020,8,mar,238,0,10628000,16.87,32.47,183,58,29,575,117,123
2020-08-26,2020,8,mie,239,0,10628000,14.03,41.75,171,46,36,569,112,139
2020-08-27,2020,8,jue,240,0,10628000,15.71,33.72,163,45,31,596,127,156
2020-08-28,2020,8,vie,241,0,10628000,16.34,36.72,169,51,29,568,102,167
2020-08-29,2020,8,sab,242,0,10628000,16.04,28.18,183,53,32,639,113,160
2020-08-30,2020,8,dom,243,0,10628000,18.52,21.86,182,61,23,691,122,149
2020-08-31,2020,8,lun,244,0,10628000,16.45,34.6,200,58,32,654,124,150
2020-09-01,2020,9,mar,245,0,10628000,16.53,34.87,188,61,32,513,109,162
2020-09-02,2020,9,mie,246,0,10628000,14.52,36.74,173,60,31,541,113,139
2020-09-03,2020,9,jue,247,0,10628000,15.9,27.41,164,67,21,590,125,149
2020-09-04,2020,9,vie,248,0,10628000,15.2,28.24,200,49,29,557,113,139
2020-09-05,2020,9,sab,249,0,10628000,18.98,17.84,184,61,33,588,112,143
2020-09-06,2020,9,dom,250,0,10628000,15.68,31.32,158,60,27,614,107,139
2020-09-07,2020,9,lun,251,0,10628000,16.34,35.45,181,53,31,593,132,162
2020-09-08,2020,9,mar,252,0,10628000,17.68,27.89,168,59,23,580,124,120
2020-09-09,2020,9,mie,253,0,10628000,17.03,28.91,180,60,44,612,110,155
2020-09-10,2020,9,jue,254,0,10628000,14.57,29.91,176,55,32,511,131,135
2020-09-11,2020,9,vie,255,0,10628000,17.06,38.79,197,62,29,585,115,161
2020-09-12,2020,9,sab,256,0,10628000,17.17,32.24,179,53,27,570,112,154
2020-09-13,2020,9,dom,257,0,10628000,16.12,33.26,189,51,43,553,132,133
2020-09-14,2020,9,lun,258,0,10628000,16.92,29.68,184,65,35,575,113,161
2020-09-15,2020,9,mar,259,0,10628000,16.52,28.05,179,56,28,542,117,143
2020-09-16,2020,9,mie,260,0,10628000,14.76,35.63,183,56,34,559,96,144
2020-09-17,2020,9,jue,261,0,10628000,15.77,21.69,173,51,35,581,94,158
2020-09-18,2020,9,vie,262,0,10628000,16.5,32.39,179,47,32,579,121,175
2020-09-19,2020,9,sab,263,0,10628000,15.8,20.18,175,51,33,600,126,156
2020-09-20,2020,9,dom,264,0,10628000,17.18,30.45,172,57,27,525,122,148
2020-09-21,2020,9,lun,265,0,10628000,17.77,31.9,171,49,31,583,118,153
2020-09-22,2020,9,mar,266,0,10628000,16.92,24.77,168,44,34,608,106,147
2020-09-23,2020,9,mie,267,0,10628000,16.18,30.15,188,53,25,527,106,144
2020-09-24,2020,9,jue,268,0,10628000,18.3,23.22,177,50,25,517,118,146
2020-09-25,2020,9,vie,269,0,10628000,16.86,23.49,181,49,19,515,128,138
2020-09-26,2020,9,sab,270,0,10628000,17.15,23.6,165,50,41,591,109,135
2020-09-27,2020,9,dom,271,0,10628000,15.85,21.6,160,63,40,556,105,143
2020-09-28,2020,9,lun,272,0,10628000,16.54,33.18,199,54,28,575,118,143
2020-09-29,2020,9,mar,273,0,10628000,18.03,38.51,172,48,29,572,121,152
2020-09-30,2020,9,mie,274,0,10628000,17.77,27.93,172,46,30,524,100,139
2020-10-01,2020,10,jue,275,0,10628000,16.69,27.72,167,55,26,504,113,146
2020-10-02,2020,10,vie,276,0,10628000,16.96,31.3,176,66,31,566,102,136
2020-10-03,2020,10,sab,277,0,10628000,17.23,22.81,191,50,28,584,118,145
2020-10-04,2020,10,dom,278,0,10628000,15.9,26.48,161,50,25,583,123,149
2020-10-05,2020,10,lun,279,0,10628000,16.84,17.65,186,60,28,539,132,134
2020-10-06,2020,10,mar,280,0,10628000,16.49,23.41,165,53,23,590,99,132
2020-10-07,2020,10,mie,281,0,10628000,15.49,19.0,171,53,30,529,121,140
2020-10-08,2020,10,jue,282,0,10628000,17.37,16.97,177,57,23,543,109,120
2020-10-09,2020,10,vie,283,0,10628000,17.06,31.11,184,66,25,547,125,143
2020-10-10,2020,10,sab,284,0,10628000,15.52,21.67,170,44,26,522,123,143
2020-10-11,2020,10,dom,285,0,10628000,16.36,30.85,181,53,18,449,109,129
2020-10-12,2020,10,lun,286,0,10628000,17.26,33.36,173,59,28,595,104,137
2020-10-13,2020,10,mar,287,0,10628000,13.94,25.35,167,59,29,542,140,125
2020-10-14,2020,10,mie,288,0,10628000,17.67,23.41,166,51,25,531,102,144
2020-10-15,2020,10,jue,289,0,10628000,17.81,21.54,167,61,28,523,103,135
2020-10-16,2020,10,vie,290,0,10628000,18.32,12.94,165,64,26,574,86,133
2020-10-17,2020,10,sab,291,0,10628000,16.87,19.3,163,48,25,559,109,135
2020-10-18,2020,10,dom,292,0,10628000,15.92,20.43,141,54,25,552,112,139
2020-10-19,2020,10,lun,293,0,10628000,18.43,21.26,185,50,27,549,114,142
2020-10-20,2020,10,mar,294,0,10628000,16.08,19.59,184,45,27,540,79,153
2020-10-21,2020,10,mie,295,0,10628000,18.42,23.84,146,47,24,548,142,145
2020-10-22,2020,10,jue,296,0,10628000,17.01,22.25,158,46,34,537,96,122
2020-10-23,2020,10,vie,297,0,10628000,16.65,24.61,155,42,28,496,115,151
2020-10-24,2020,10,sab,298,0,10628000,18.27,15.82,161,47,37,504,95,150
2020-10-25,2020,10,dom,299,0,10628000,19.31,29.98,151,52,32,530,100,137
2020-10-26,2020,10,lun,300,0,10628000,17.83,26.11,176,62,15,554,90,149
2020-10-27,2020,10,mar,301,0,10628000,17.77,22.43,161,52,26,521,105,142
2020-10-28,2020,10,mie,302,0,10628000,16.09,19.15,173,49,39,526,106,113
2020-10-29,2020,10,jue,303,0,10628000,19.16,18.05,185,48,26,503,101,115
2020-10-30,2020,10,vie,304,0,10628000,18.3,26.66,153,49,26,430,109,146
2020-10-31,2020,10,sab,305,0,10628000,17.94,17.5,158,51,29,496,109,142
2020-11-01,2020,11,dom,306,0,10628000,19.88,19.63,148,56,21,510,100,131
2020-11-02,2020,11,lun,307,0,10628000,16.48,24.28,181,60,25,488,100,119
2020-11-03,2020,11,mar,308,0,10628000,17.81,19.34,135,41,21,499,114,121
2020-11-04,2020,11,mie,309,0,10628000,18.47,23.16,161,51,22,524,80,118
2020-11-05,2020,11,jue,310,0,10628000,18.16,12.43,155,44,35,495,108,119
2020-11-06,2020,11,vie,311,0,10628000,15.64,16.74,146,36,31,459,104,154
2020-11-07,2020,11,sab,312,0,10628000,19.04,8.74,168,48,28,522,112,109
2020-11-08,2020,11,dom,313,0,10628000,18.63,16.18,164,38,27,537,102,133
2020-11-09,2020,11,lun,314,0,10628000,19.94,18.94,151,47,28,558,91,117
2020-11-10,2020,11,mar,315,0,10628000,21.22,29.67,136,49,31,473,115,126
2020-11-11,2020,11,mie,316,0,10628000,18.6,16.82,152,32,31,541,107,120
2020-11-12,2020,11,jue,317,0,10628000,19.34,21.29,152,38,28,546,86,118
2020-11-13,2020,11,vie,318,0,10628000,19.23,22.49,146,35,31,510,92,115
2020-11-14,2020,11,sab,319,0,10628000,19.19,24.21,157,37,27,504,92,118
2020-11-15,2020,11,dom,320,0,10628000,18.87,19.36,142,40,26,526,108,131
2020-11-16,2020,11,lun,321,0,10628000,19.55,23.65,164,53,22,507,83,132
2020-11-17,2020,11,mar,322,0,10628000,20.49,28.72,147,47,25,476,115,120
2020-11-18,2020,11,mie,323,0,10628000,18.17,11.28,157,53,31,479,102,119
2020-11-19,2020,11,jue,324,0,10628000,21.52,16.59,145,42,35,461,100,121
2020-11-20,2020,11,vie,325,0,10628000,19.9,17.44,152,39,26,444,103,101
2020-11-21,2020,11,sab,326,0,10628000,19.71,15.85,133,57,20,463,99,112
2020-11-22,2020,11,dom,327,0,10628000,16.7,12.87,154,33,25,448,113,131
2020-11-23,2020,11,lun,328,0,10628000,19.43,24.22,134,40,27,452,92,112
2020-11-24,2020,11,mar,329,0,10628000,18.33,15.66,149,45,21,501,91,107
2020-11-25,2020,11,mie,330,0,10628000,20.24,15.36,145,38,24,436,99,114
2020-11-26,2020,11,jue,331,0,10628000,20.74,20.78,165,34,26,455,103,101
2020-11-27,2020,11,vie,332,0,10628000,21.03,14.64,167,53,15,450,101,109
2020-11-28,2020,11,sab,333,0,10628000,19.5,9.97,142,52,22,466,117,128
2020-11-29,2020,11,dom,334,0,10628000,19.66,8.56,122,47,31,409,74,119
2020-11-30,2020,11,lun,335,0,10628000,20.32,17.26,160,32,26,482,90,112
2020-12-01,2020,12,mar,336,0,10628000,17.33,22.87,160,43,17,485,77,119
2020-12-02,2020,12,mie,337,0,10628000,19.38,21.64,157,42,20,496,100,129
2020-12-03,2020,12,jue,338,0,10628000,19.3,19.79,162,45,18,478,99,114
2020-12-04,2020,12,vie,339,0,10628000,20.62,18.01,141,40,27,438,107,115
2020-12-05,2020,12,sab,340,0,10628000,19.5,11.53,126,40,14,527,83,102
2020-12-06,2020,12,dom,341,0,10628000,20.99,13.72,148,41,26,503,81,126
2020-12-07,2020,12,lun,342,0,10628000,19.91,10.97,129,35,17,525,100,114
2020-12-08,2020,12,mar,343,0,10628000,21.21,17.75,134,31,19,523,87,101
2020-12-09,2020,12,mie,344,0,10628000,22.9,21.85,145,48,23,459,93,113
2020-12-10,2020,12,jue,345,0,10628000,22.15,8.66,154,42,15,463,89,103
2020-12-11,2020,12,vie,346,0,10628000,21.47,23.23,138,28,17,440,84,95
2020-12-12,2020,12,sab,347,0,10628000,21.75,3.0,133,41,18,456,97,100
2020-12-13,2020,12,dom,348,0,10628000,19.98,9.58,142,39,31,426,87,112
2020-12-14,2020,12,lun,349,0,10628000,19.54,10.98,146,43,32,522,99,115
2020-12-15,2020,12,mar,350,0,10628000,19.49,12.67,152,39,34,450,90,110
2020-12-16,2020,12,mie,351,0,10628000,20.79,14.39,133,39,19,445,99,111
2020-12-17,2020,12,jue,352,0,10628000,22.37,22.33,132,39,22,511,97,118
2020-12-18,2020,12,vie,353,0,10628000,19.77,10.96,167,39,19,428,88,102
2020-12-19,2020,12,sab,354,0,10628000,21.25,8.28,157,42,28,500,84,110
2020-12-20,2020,12,dom,355,0,10628000,19.23,9.11,155,60,19,440,97,108
2020-12-21,2020,12,lun,356,0,10628000,19.31,12.98,147,42,33,488,93,106
2020-12-22,2020,12,mar,357,0,10628000,21.84,12.45,127,37,18,422,101,107
2020-12-23,2020,12,mie,358,0,10628000,20.03,8.92,128,39,14,445,98,106
2020-12-24,2020,12,jue,359,0,10628000,20.03,16.76,122,30,30,445,86,103
2020-12-25,2020,12,vie,360,1,10628000,23.3,14.76,120,26,24,446,89,88
2020-12-26,2020,12,sab,361,0,10628000,21.05,17.32,132,50,28,509,84,114
2020-12-27,2020,12,dom,362,0,10628000,20.95,18.47,135,33,14,489,88,101
2020-12-28,2020,12,lun,363,0,10628000,20.77,7.46,152,33,25,445,85,120
2020-12-29,2020,12,mar,364,0,10628000,21.58,23.05,139,38,13,490,78,113
2020-12-30,2020,12,mie,365,0,10628000,20.27,17.69,157,41,18,483,85,117
2020-12-31,2020,12,jue,366,0,10628000,21.22,21.42,137,32,18,426,91,105
2021-01-01,2021,1,vie,1,1,10775000,22.46,14.63,134,35,17,357,81,103
2021-01-02,2021,1,sab,2,0,10775000,20.81,15.28,149,46,21,453,67,114
2021-01-03,2021,1,dom,3,0,10775000,18.37,14.82,154,35,28,442,74,93
2021-01-04,2021,1,lun,4,0,10775000,20.47,21.68,145,26,28,450,73,104
2021-01-05,2021,1,mar,5,0,10775000,22.21,11.88,132,38,19,476,84,124
2021-01-06,2021,1,mie,6,0,10775000,22.67,11.89,161,46,28,475,83,94
2021-01-07,2021,1,jue,7,0,10775000,21.79,13.61,115,45,13,429,93,123
2021-01-08,2021,1,vie,8,0,10775000,23.1,21.61,118,38,23,479,85,130
2021-01-09,2021,1,sab,9,0,10775000,20.17,19.46,145,42,17,500,84,105
2021-01-10,2021,1,dom,10,0,10775000,22.98,6.25,135,40,22,461,104,110
2021-01-11,2021,1,lun,11,0,10775000,21.73,17.49,147,39,25,448,87,105
2021-01-12,2021,1,mar,12,0,10775000,22.32,14.66,127,39,24,449,91,101
2021-01-13,2021,1,mie,13,0,10775000,18.1,13.64,125,34,26,446,89,88
2021-01-14,2021,1,jue,14,0,10775000,22.63,17.5,138,42,26,422,88,126
2021-01-15,2021,1,vie,15,0,10775000,21.87,24.1,149,51,21,506,74,111
2021-01-16,2021,1,sab,16,0,10775000,23.9,14.77,124,40,19,473,94,101
2021-01-17,2021,1,dom,17,0,10775000,21.86,9.55,150,33,20,438,81,98
2021-01-18,2021,1,lun,18,0,10775000,20.49,11.7,151,46,19,448,111,96
2021-01-19,2021,1,mar,19,0,10775000,20.72,17.38,139,31,30,440,86,88
2021-01-20,2021,1,mie,20,0,10775000,22.19,16.19,143,41,26,419,80,100
2021-01-21,2021,1,jue,21,0,10775000,22.09,20.57,144,37,19,442,95,100
2021-01-22,2021,1,vie,22,0,10775000,20.99,21.92,140,36,15,455,84,120
2021-01-23,2021,1,sab,23,0,10775000,20.48,13.22,134,42,18,471,90,104
2021-01-24,2021,1,dom,24,0,10775000,23.6,15.03,165,38,21,495,80,90
2021-01-25,2021,1,lun,25,0,10775000,21.52,23.38,134,38,18,469,110,113
2021-01-26,2021,1,mar,26,0,10775000,21.74,21.55,141,40,18,508,91,121
2021-01-27,2021,1,mie,27,0,10775000,21.2,10.58,137,29,18,410,90,96
2021-01-28,2021,1,jue,28,0,10775000,23.53,7.98,163,41,23,397,88,112
2021-01-29,2021,1,vie,29,0,10775000,23.2,8.33,165,48,19,457,96,104
2021-01-30,2021,1,sab,30,0,10775000,20.65,3.42,144,57,26,438,94,102
2021-01-31,2021,1,dom,31,0,10775000,21.8,14.17,121,33,18,487,88,99
2021-02-01,2021,2,lun,32,0,10775000,20.8,9.01,143,42,18,469,100,106
2021-02-02,2021,2,mar,33,0,10775000,24.14,18.72,140,34,20,500,82,103
2021-02-03,2021,2,mie,34,0,10775000,22.46,11.25,128,33,24,548,94,109
2021-02-04,2021,2,jue,35,0,10775000,21.6,20.17,157,48,21,427,97,102
2021-02-05,2021,2,vie,36,0,10775000,21.54,18.61,139,31,19,451,96,100
2021-02-06,2021,2,sab,37,0,10775000,22.6,13.29,155,41,20,431,108,97
2021-02-07,2021,2,dom,38,0,10775000,21.66,14.81,123,45,25,394,80,95
2021-02-08,2021,2,lun,39,0,10775000,23.82,9.15,179,31,20,512,96,93
2021-02-09,2021,2,mar,40,0,10775000,20.86,3.31,128,41,12,485,84,113
2021-02-10,2021,2,mie,41,0,10775000,20.49,12.91,128,37,26,467,97,105
2021-02-11,2021,2,jue,42,0,10775000,23.67,17.92,151,51,26,420,102,93
2021-02-12,2021,2,vie,43,0,10775000,21.47,9.23,162,37,31,422,95,94
2021-02-13,2021,2,sab,44,0,10775000,23.68,16.09,138,47,17,476,97,90
2021-02-14,2021,2,dom,45,0,10775000,23.04,15.88,159,41,12,427,88,119
2021-02-15,2021,2,lun,46,0,10775000,20.35,16.56,159,49,26,519,93,99
2021-02-16,2021,2,mar,47,0,10775000,21.25,17.35,146,37,19,518,96,98
2021-02-17,2021,2,mie,48,0,10775000,22.04,15.66,128,38,23,497,97,113
2021-02-18,2021,2,jue,49,0,10775000,21.71,16.92,126,54,21,489,98,111
2021-02-19,2021,2,vie,50,0,10775000,22.33,9.94,147,44,26,463,94,113
2021-02-20,2021,2,sab,51,0,10775000,21.23,18.65,134,36,14,405,85,112
2021-02-21,2021,2,dom,52,0,10775000,21.86,15.19,122,37,19,429,94,90
2021-02-22,2021,2,lun,53,0,10775000,23.16,19.25,131,47,25,470,94,102
2021-02-23,2021,2,mar,54,0,10775000,23.55,12.9,152,37,16,439,91,107
2021-02-24,2021,2,mie,55,0,10775000,20.99,9.31,137,39,20,503,98,111
2021-02-25,2021,2,jue,56,0,10775000,21.65,23.02,151,39,17,451,82,108
2021-02-26,2021,2,vie,57,0,10775000,21.77,9.58,135,35,22,486,90,101
2021-02-27,2021,2,sab,58,0,10775000,20.29,12.4,143,28,17,466,92,95
2021-02-28,2021,2,dom,59,0,10775000,23.02,13.62,123,46,24,422,80,123
2021-03-01,2021,3,lun,60,0,10775000,22.56,18.54,159,40,26,475,95,120
2021-03-02,2021,3,mar,61,0,10775000,22.5,19.04,140,47,20,466,112,111
2021-03-03,2021,3,mie,62,0,10775000,21.72,17.43,152,33,23,406,105,116
2021-03-04,2021,3,jue,63,0,10775000,22.89,10.48,148,38,22,485,107,121
2021-03-05,2021,3,vie,64,0,10775000,22.98,16.39,150,52,22,519,91,98
2021-03-06,2021,3,sab,65,0,10775000,23.2,14.44,139,54,22,436,77,112
2021-03-07,2021,3,dom,66,0,10775000,21.59,17.71,160,37,18,424,87,120
2021-03-08,2021,3,lun,67,0,10775000,22.19,19.34,149,34,17,502,110,118
2021-03-09,2021,3,mar,68,0,10775000,21.29,23.96,134,50,22,479,93,112
2021-03-10,2021,3,mie,69,0,10775000,21.34,22.62,161,44,21,532,89,101
2021-03-11,2021,3,jue,70,0,10775000,22.89,12.17,138,41,16,479,84,121
2021-03-12,2021,3,vie,71,0,10775000,21.75,19.02,149,48,15,458,93,101
2021-03-13,2021,3,sab,72,0,10775000,21.48,18.03,132,40,24,475,86,103
2021-03-14,2021,3,dom,73,0,10775000,22.37,13.43,149,41,23,461,88,114
2021-03-15,2021,3,lun,74,0,10775000,22.42,26.66,164,43,28,442,115,118
2021-03-16,2021,3,mar,75,0,10775000,20.69,16.5,139,42,14,454,95,106
2021-03-17,2021,3,mie,76,0,10775000,20.79,12.94,140,47,26,499,87,124
2021-03-18,2021,3,jue,77,0,10775000,22.4,10.67,159,32,17,428,73,102
2021-03-19,2021,3,vie,78,0,10775000,22.15,17.36,147,35,19,477,102,108
2021-03-20,2021,3,sab,79,0,10775000,21.24,14.54,113,37,25,504,64,118
2021-03-21,2021,3,dom,80,0,10775000,22.89,15.13,170,32,26,461,94,104
2021-03-22,2021,3,lun,81,0,10775000,21.31,9.11,147,40,17,523,96,127
2021-03-23,2021,3,mar,82,0,10775000,19.08,20.4,129,40,25,471,85,112
2021-03-24,2021,3,mie,83,0,10775000,20.41,26.26,136,51,17,431,106,130
2021-03-25,2021,3,jue,84,0,10775000,19.57,17.45,144,42,19,447,87,112
2021-03-26,2021,3,vie,85,0,10775000,22.68,23.86,169,47,19,516,95,130
2021-03-27,2021,3,sab,86,0,10775000,21.88,14.92,145,30,23,472,102,122
2021-03-28,2021,3,dom,87,0,10775000,21.38,14.07,141,42,28,496,90,117
2021-03-29,2021,3,lun,88,0,10775000,18.42,28.1,152,36,27,514,110,104
2021-03-30,2021,3,mar,89,0,10775000,19.39,25.17,173,39,28,535,101,97
2021-03-31,2021,3,mie,90,0,10775000,20.95,26.16,135,41,28,555,101,121
2021-04-01,2021,4,jue,91,0,10775000,18.96,33.59,163,50,19,448,91,111
2021-04-02,2021,4,vie,92,0,10775000,22.19,22.11,151,41,18,518,84,123
2021-04-03,2021,4,sab,93,0,10775000,20.9,19.2,181,52,20,514,99,111
2021-04-04,2021,4,dom,94,0,10775000,20.81,20.17,142,43,24,478,93,122
2021-04-05,2021,4,lun,95,0,10775000,20.87,29.83,173,38,27,491,94,114
2021-04-06,2021,4,mar,96,0,10775000,19.76,27.55,147,42,22,487,89,105
2021-04-07,2021,4,mie,97,0,10775000,19.61,18.53,148,39,19,509,78,86
2021-04-08,2021,4,jue,98,0,10775000,18.55,19.05,179,39,21,510,119,103
2021-04-09,2021,4,vie,99,0,10775000,20.81,25.2,168,47,14,488,96,137
2021-04-10,2021,4,sab,100,0,10775000,21.23,23.03,150,51,21,502,95,133
2021-04-11,2021,4,dom,101,0,10775000,20.41,23.02,149,49,26,505,91,136
2021-04-12,2021,4,lun,102,0,10775000,20.32,26.59,173,53,28,479,110,97
2021-04-13,2021,4,mar,103,0,10775000,19.49,23.06,172,36,22,530,93,125
2021-04-14,2021,4,mie,104,0,10775000,20.87,27.27,149,62,24,555,112,150
2021-04-15,2021,4,jue,105,0,10775000,17.58,27.58,169,56,26,495,121,121
2021-04-16,2021,4,vie,106,0,10775000,19.16,20.05,155,53,28,501,111,117
2021-04-17,2021,4,sab,107,0,10775000,19.65,15.41,171,48,26,536,108,124
2021-04-18,2021,4,dom,108,0,10775000,19.78,23.06,148,41,27,533,91,134
2021-04-19,2021,4,lun,109,0,10775000,20.61,23.0,159,41,27,517,112,120
2021-04-20,2021,4,mar,110,0,10775000,20.07,18.02,172,34,23,500,91,118
2021-04-21,2021,4,mie,111,0,10775000,20.44,29.26,157,42,21,480,110,110
2021-04-22,2021,4,jue,112,0,10775000,21.7,27.67,170,45,30,460,101,129
2021-04-23,2021,4,vie,113,0,10775000,21.81,32.7,152,44,24,537,96,133
2021-04-24,2021,4,sab,114,0,10775000,20.89,22.64,137,45,22,502,122,114
2021-04-25,2021,4,dom,115,0,10775000,21.56,23.45,145,49,25,564,94,132
2021-04-26,2021,4,lun,116,0,10775000,22.09,19.03,168,49,23,548,117,124
2021-04-27,2021,4,mar,117,0,10775000,20.41,33.47,169,36,21,497,111,133
2021-04-28,2021,4,mie,118,0,10775000,18.24,29.67,152,38,32,513,99,119
2021-04-29,2021,4,jue,119,0,10775000,21.08,31.22,156,55,21,527,110,141
2021-04-30,2021,4,vie,120,0,10775000,18.63,25.67,142,38,22,541,102,120
2021-05-01,2021,5,sab,121,0,10775000,22.0,23.79,143,51,27,500,101,126
2021-05-02,2021,5,dom,122,0,10775000,21.79,25.89,141,42,26,519,120,149
2021-05-03,2021,5,lun,123,0,10775000,19.05,23.62,166,43,34,559,88,124
2021-05-04,2021,5,mar,124,0,10775000,18.3,23.68,157,64,26,474,111,150
2021-05-05,2021,5,mie,125,0,10775000,18.74,37.72,173,44,23,572,77,152
2021-05-06,2021,5,jue,126,0,10775000,19.44,29.61,183,53,19,456,110,135
2021-05-07,2021,5,vie,127,0,10775000,21.01,24.6,176,43,23,497,94,121
2021-05-08,2021,5,sab,128,0,10775000,17.93,18.09,167,48,21,515,98,135
2021-05-09,2021,5,dom,129,0,10775000,20.42,19.48,150,55,14,487,108,112
2021-05-10,2021,5,lun,130,0,10775000,16.83,30.17,190,59,35,545,104,140
2021-05-11,2021,5,mar,131,0,10775000,20.72,23.89,141,60,30,503,105,121
2021-05-12,2021,5,mie,132,0,10775000,19.14,23.42,162,44,14,562,120,117
2021-05-13,2021,5,jue,133,0,10775000,19.4,27.94,159,47,25,532,99,116
2021-05-14,2021,5,vie,134,0,10775000,18.98,30.94,159,62,21,498,107,132
2021-05-15,2021,5,sab,135,0,10775000,20.18,32.72,166,47,29,508,105,141
2021-05-16,2021,5,dom,136,0,10775000,19.45,22.34,152,45,27,574,87,140
2021-05-17,2021,5,lun,137,0,10775000,20.98,26.11,162,56,23,632,110,128
2021-05-18,2021,5,mar,138,0,10775000,16.77,31.6,188,45,21,558,106,135
2021-05-19,2021,5,mie,139,0,10775000,17.77,27.47,155,49,25,592,109,122
2021-05-20,2021,5,jue,140,0,10775000,17.19,34.24,155,56,16,579,107,141
2021-05-21,2021,5,vie,141,0,10775000,19.61,27.85,189,43,23,568,114,129
2021-05-22,2021,5,sab,142,0,10775000,16.67,20.68,179,55,24,520,129,128
2021-05-23,2021,5,dom,143,0,10775000,21.56,23.91,161,46,26,535,106,155
2021-05-24,2021,5,lun,144,0,10775000,18.71,22.84,178,51,22,585,111,147
2021-05-25,2021,5,mar,145,0,10775000,20.01,28.1,171,54,32,549,128,146
2021-05-26,2021,5,mie,146,0,10775000,17.33,33.29,154,49,39,635,114,129
2021-05-27,2021,5,jue,147,0,10775000,18.68,31.28,186,51,18,574,126,125
2021-05-28,2021,5,vie,148,0,10775000,19.14,30.57,172,52,24,556,115,122
2021-05-29,2021,5,sab,149,0,10775000,17.49,21.89,175,54,29,568,110,155
2021-05-30,2021,5,dom,150,0,10775000,18.02,24.62,164,48,19,557,149,140
2021-05-31,2021,5,lun,151,0,10775000,20.11,29.61,166,43,24,567,99,135
2021-06-01,2021,6,mar,152,0,10775000,19.71,32.91,168,37,29,574,118,127
2021-06-02,2021,6,mie,153,0,10775000,18.84,44.44,178,55,23,538,112,131
2021-06-03,2021,6,jue,154,0,10775000,20.46,28.49,145,48,25,644,117,143
2021-06-04,2021,6,vie,155,0,10775000,15.71,36.75,190,48,29,504,108,130
2021-06-05,2021,6,sab,156,0,10775000,18.35,23.38,171,44,34,556,119,118
2021-06-06,2021,6,dom,157,0,10775000,17.49,24.08,182,50,34,507,122,139
2021-06-07,2021,6,lun,158,0,10775000,19.61,22.51,158,49,28,576,123,129
2021-06-08,2021,6,mar,159,0,10775000,19.18,28.57,169,45,33,635,117,143
2021-06-09,2021,6,mie,160,0,10775000,19.21,37.81,182,68,29,574,149,132
2021-06-10,2021,6,jue,161,0,10775000,17.04,32.58,160,48,25,549,110,126
2021-06-11,2021,6,vie,162,0,10775000,18.38,38.89,175,32,26,548,103,153
2021-06-12,2021,6,sab,163,0,10775000,18.96,27.4,173,66,32,551,124,125
2021-06-13,2021,6,dom,164,0,10775000,19.18,35.32,167,50,29,560,140,142
2021-06-14,2021,6,lun,165,0,10775000,16.46,30.31,184,50,27,627,96,144
2021-06-15,2021,6,mar,166,0,10775000,16.71,37.62,171,49,23,594,121,133
2021-06-16,2021,6,mie,167,0,10775000,17.78,41.45,182,56,30,537,111,135
2021-06-17,2021,6,jue,168,0,10775000,19.11,32.22,158,48,30,630,120,135
2021-06-18,2021,6,vie,169,0,10775000,18.14,26.7,178,55,39,584,111,133
2021-06-19,2021,6,sab,170,0,10775000,19.0,39.73,155,43,23,589,132,144
2021-06-20,2021,6,dom,171,0,10775000,14.97,26.27,153,45,34,557,114,126
2021-06-21,2021,6,lun,172,0,10775000,16.94,30.88,183,61,30,610,140,136
2021-06-22,2021,6,mar,173,0,10775000,17.82,32.23,174,50,22,570,127,135
2021-06-23,2021,6,mie,174,0,10775000,17.51,38.43,170,50,22,615,119,139
2021-06-24,2021,6,jue,175,0,10775000,14.87,37.38,176,56,27,600,121,129
2021-06-25,2021,6,vie,176,0,10775000,18.42,37.28,190,50,41,608,116,157
2021-06-26,2021,6,sab,177,0,10775000,17.48,29.7,189,48,24,590,121,162
2021-06-27,2021,6,dom,178,0,10775000,16.46,30.17,189,49,28,586,106,143
2021-06-28,2021,6,lun,179,0,10775000,18.42,38.31,177,60,30,709,125,139
2021-06-29,2021,6,mar,180,0,10775000,14.87,42.6,180,47,30,542,121,153
2021-06-30,2021,6,mie,181,0,10775000,16.3,28.09,201,55,25,609,134,154
2021-07-01,2021,7,jue,182,0,10775000,17.93,40.66,167,44,34,620,131,150
2021-07-02,2021,7,vie,183,0,10775000,17.29,39.28,204,66,38,600,108,138
2021-07-03,2021,7,sab,184,0,10775000,16.53,34.82,199,60,24,553,111,160
2021-07-04,2021,7,dom,185,0,10775000,16.58,28.08,166,65,27,657,113,150
2021-07-05,2021,7,lun,186,0,10775000,16.45,35.12,184,47,31,644,131,137
2021-07-06,2021,7,mar,187,0,10775000,17.74,36.62,196,56,30,637,114,153
2021-07-07,2021,7,mie,188,0,10775000,16.3,31.52,178,38,30,564,131,159
2021-07-08,2021,7,jue,189,0,10775000,17.45,40.67,201,67,23,624,133,146
2021-07-09,2021,7,vie,190,0,10775000,14.1,32.46,189,50,22,638,135,158
2021-07-10,2021,7,sab,191,0,10775000,18.05,39.54,178,62,29,550,144,164
2021-07-11,2021,7,dom,192,0,10775000,19.47,24.39,174,57,32,626,128,161
2021-07-12,2021,7,lun,193,0,10775000,17.11,28.04,204,54,28,605,122,168
2021-07-13,2021,7,mar,194,0,10775000,16.38,25.45,189,50,30,555,120,153
2021-07-14,2021,7,mie,195,0,10775000,15.82,38.51,163,40,24,620,113,152
2021-07-15,2021,7,jue,196,0,10775000,17.27,30.43,181,53,32,546,123,148
2021-07-16,2021,7,vie,197,0,10775000,15.63,30.85,182,61,23,626,128,148
2021-07-17,2021,7,sab,198,0,10775000,15.4,36.53,171,51,39,594,132,179
2021-07-18,2021,7,dom,199,0,10775000,13.8,40.66,178,62,29,599,134,174
2021-07-19,2021,7,lun,200,0,10775000,16.62,31.2,208,66,35,627,138,159
2021-07-20,2021,7,mar,201,0,10775000,15.96,41.79,193,58,32,636,136,166
2021-07-21,2021,7,mie,202,0,10775000,16.0,37.66,182,54,36,618,129,149
2021-07-22,2021,7,jue,203,0,10775000,16.26,34.88,195,60,32,655,141,164
2021-07-23,2021,7,vie,204,0,10775000,15.4,28.95,202,57,35,705,119,144
2021-07-24,2021,7,sab,205,0,10775000,16.45,24.86,214,73,36,581,131,164
2021-07-25,2021,7,dom,206,0,10775000,14.91,32.21,186,64,28,690,146,130
2021-07-26,2021,7,lun,207,0,10775000,16.05,35.54,194,52,23,628,147,164
2021-07-27,2021,7,mar,208,0,10775000,15.83,31.39,181,60,34,698,132,167
2021-07-28,2021,7,mie,209,1,10775000,14.1,29.87,172,47,27,545,117,156
2021-07-29,2021,7,jue,210,1,10775000,14.68,28.21,179,42,35,601,123,144
2021-07-30,2021,7,vie,211,0,10775000,15.41,36.55,203,62,40,649,147,165
2021-07-31,2021,7,sab,212,0,10775000,15.44,35.11,193,61,30,680,138,146
2021-08-01,2021,8,dom,213,0,10775000,16.41,35.3,199,59,29,632,124,158
2021-08-02,2021,8,lun,214,0,10775000,15.6,37.73,191,62,29,680,140,160
2021-08-03,2021,8,mar,215,0,10775000,16.01,31.9,191,61,32,645,122,152
2021-08-04,2021,8,mie,216,0,10775000,15.57,42.58,212,54,31,651,147,178
2021-08-05,2021,8,jue,217,0,10775000,12.95,29.48,235,51,34,606,126,168
2021-08-06,2021,8,vie,218,0,10775000,15.9,37.32,187,68,29,585,134,154
2021-08-07,2021,8,sab,219,0,10775000,15.03,29.41,186,67,51,584,136,142
2021-08-08,2021,8,dom,220,0,10775000,15.84,25.77,175,53,27,679,121,147
2021-08-09,2021,8,lun,221,0,10775000,15.1,31.07,174,67,34,651,150,162
2021-08-10,2021,8,mar,222,0,10775000,16.81,36.97,188,62,29,598,150,159
2021-08-11,2021,8,mie,223,0,10775000,15.96,39.62,194,63,26,587,127,142
2021-08-12,2021,8,jue,224,0,10775000,16.86,35.73,181,60,37,577,127,129
2021-08-13,2021,8,vie,225,0,10775000,16.95,19.37,200,58,30,616,117,153
2021-08-14,2021,8,sab,226,0,10775000,15.33,34.65,194,51,27,611,123,135
2021-08-15,2021,8,dom,227,0,10775000,16.98,20.26,205,56,30,604,140,155
2021-08-16,2021,8,lun,228,0,10775000,16.28,43.46,172,52,43,615,141,143
2021-08-17,2021,8,mar,229,0,10775000,14.74,34.82,195,61,32,578,136,145
2021-08-18,2021,8,mie,230,0,10775000,15.87,34.39,194,62,31,629,119,155
2021-08-19,2021,8,jue,231,0,10775000,16.13,38.6,182,52,41,628,138,174
2021-08-20,2021,8,vie,232,0,10775000,17.54,32.07,188,67,38,661,128,156
2021-08-21,2021,8,sab,233,0,10775000,15.6,29.1,167,42,26,570,109,146
2021-08-22,2021,8,dom,234,0,10775000,17.91,28.39,199,54,29,614,139,172
2021-08-23,2021,8,lun,235,0,10775000,16.96,33.85,194,52,32,653,136,152
2021-08-24,2021,8,mar,236,0,10775000,13.5,33.52,215,71,39,591,139,162
2021-08-25,2021,8,mie,237,0,10775000,14.8,34.14,192,62,28,630,118,154
2021-08-26,2021,8,jue,238,0,10775000,16.76,16.25,199,64,19,583,131,154
2021-08-27,2021,8,vie,239,0,10775000,14.32,32.32,193,56,18,685,127,145
2021-08-28,2021,8,sab,240,0,10775000,16.65,21.69,189,50,34,635,103,160
2021-08-29,2021,8,dom,241,0,10775000,17.75,43.23,192,57,26,581,132,174
2021-08-30,2021,8,lun,242,0,10775000,15.78,36.45,194,48,25,704,148,159
2021-08-31,2021,8,mar,243,0,10775000,17.8,37.01,196,54,23,548,115,141
2021-09-01,2021,9,mie,244,0,10775000,17.72,34.6,187,50,37,544,101,163
2021-09-02,2021,9,jue,245,0,10775000,16.08,35.47,194,52,32,583,117,134
2021-09-03,2021,9,vie,246,0,10775000,16.12,27.49,171,56,35,561,141,153
2021-09-04,2021,9,sab,247,0,10775000,16.39,32.81,158,59,31,590,132,150
2021-09-05,2021,9,dom,248,0,10775000,16.73,33.03,200,65,35,616,91,151
2021-09-06,2021,9,lun,249,0,10775000,14.34,32.52,175,65,26,596,108,150
2021-09-07,2021,9,mar,250,0,10775000,16.06,35.36,153,63,30,590,130,156
2021-09-08,2021,9,mie,251,0,10775000,14.24,36.68,197,68,34,605,127,149
2021-09-09,2021,9,jue,252,0,10775000,15.86,31.3,168,62,31,594,111,147
2021-09-10,2021,9,vie,253,0,10775000,16.03,25.5,197,48,34,552,127,169
2021-09-11,2021,9,sab,254,0,10775000,14.14,32.08,210,59,37,559,114,181
2021-09-12,2021,9,dom,255,0,10775000,14.82,35.48,193,43,27,687,124,166
2021-09-13,2021,9,lun,256,0,10775000,15.89,24.71,205,55,28,682,139,132
2021-09-14,2021,9,mar,257,0,10775000,18.98,36.39,193,57,29,605,118,159
2021-09-15,2021,9,mie,258,0,10775000,14.75,31.72,155,79,29,630,110,133
2021-09-16,2021,9,jue,259,0,10775000,16.59,33.36,181,55,34,719,143,173
2021-09-17,2021,9,vie,260,0,10775000,15.4,34.36,202,55,28,583,121,134
2021-09-18,2021,9,sab,261,0,10775000,16.05,21.66,172,59,28,637,124,149
2021-09-19,2021,9,dom,262,0,10775000,17.71,28.29,162,53,25,549,111,154
2021-09-20,2021,9,lun,263,0,10775000,16.93,34.8,188,58,23,597,109,155
2021-09-21,2021,9,mar,264,0,10775000,17.1,36.66,177,65,30,530,119,153
2021-09-22,2021,9,mie,265,0,10775000,17.2,33.75,159,63,31,537,108,140
2021-09-23,2021,9,jue,266,0,10775000,17.34,24.55,194,56,31,548,121,149
2021-09-24,2021,9,vie,267,0,10775000,14.08,30.09,187,42,25,511,117,144
2021-09-25,2021,9,sab,268,0,10775000,17.18,24.66,187,53,34,570,119,157
2021-09-26,2021,9,dom,269,0,10775000,16.64,26.07,177,53,45,580,114,170
2021-09-27,2021,9,lun,270,0,10775000,17.26,34.16,213,58,25,594,121,147
2021-09-28,2021,9,mar,271,0,10775000,17.82,21.44,178,44,22,487,131,143
2021-09-29,2021,9,mie,272,0,10775000,17.35,30.88,171,60,29,654,123,120
2021-09-30,2021,9,jue,273,0,10775000,17.72,30.34,162,57,23,569,101,126
2021-10-01,2021,10,vie,274,0,10775000,15.52,23.07,160,51,35,543,107,141
2021-10-02,2021,10,sab,275,0,10775000,17.5,30.42,150,51,28,592,120,147
2021-10-03,2021,10,dom,276,0,10775000,16.87,21.67,175,60,36,582,140,130
2021-10-04,2021,10,lun,277,0,10775000,16.93,27.66,160,59,42,535,125,133
2021-10-05,2021,10,mar,278,0,10775000,18.64,14.27,176,46,30,649,95,155
2021-10-06,2021,10,mie,279,0,10775000,16.53,32.72,157,67,24,546,116,133
2021-10-07,2021,10,jue,280,0,10775000,16.36,25.52,177,52,29,508,121,129
2021-10-08,2021,10,vie,281,0,10775000,15.62,25.18,177,58,26,566,127,151
2021-10-09,2021,10,sab,282,0,10775000,16.89,30.93,172,68,34,576,106,134
2021-10-10,2021,10,dom,283,0,10775000,18.57,13.72,168,58,39,518,94,140
2021-10-11,2021,10,lun,284,0,10775000,15.32,30.62,170,63,25,505,135,139
2021-10-12,2021,10,mar,285,0,10775000,17.67,31.39,167,51,31,561,118,139
2021-10-13,2021,10,mie,286,0,10775000,14.37,15.91,173,55,22,558,127,122
2021-10-14,2021,10,jue,287,0,10775000,16.63,27.06,167,60,27,567,94,126
2021-10-15,2021,10,vie,288,0,10775000,18.02,23.65,157,58,22,587,92,151
2021-10-16,2021,10,sab,289,0,10775000,16.9,17.11,165,49,28,595,104,143
2021-10-17,2021,10,dom,290,0,10775000,16.15,15.73,163,48,22,554,103,136
2021-10-18,2021,10,lun,291,0,10775000,17.19,28.7,176,48,26,642,117,141
2021-10-19,2021,10,mar,292,0,10775000,18.87,30.77,157,50,24,527,101,137
2021-10-20,2021,10,mie,293,0,10775000,19.52,19.06,161,54,38,539,113,148
2021-10-21,2021,10,jue,294,0,10775000,19.59,19.77,159,36,30,533,102,148
2021-10-22,2021,10,vie,295,0,10775000,18.64,28.51,158,51,26,505,105,151
2021-10-23,2021,10,sab,296,0,10775000,18.3,33.4,147,53,27,525,106,123
2021-10-24,2021,10,dom,297,0,10775000,19.1,13.18,170,41,24,549,104,143
2021-10-25,2021,10,lun,298,0,10775000,16.58,16.48,169,41,35,501,124,116
2021-10-26,2021,10,mar,299,0,10775000,16.85,18.18,153,35,38,481,99,116
2021-10-27,2021,10,mie,300,0,10775000,19.61,18.09,170,51,21,543,78,144
2021-10-28,2021,10,jue,301,0,10775000,19.14,29.24,157,44,28,541,108,136
2021-10-29,2021,10,vie,302,0,10775000,19.21,17.97,176,51,24,504,90,132
2021-10-30,2021,10,sab,303,0,10775000,18.48,31.39,143,46,26,541,94,122
2021-10-31,2021,10,dom,304,0,10775000,17.27,22.21,147,53,22,442,105,124
2021-11-01,2021,11,lun,305,0,10775000,17.02,27.89,189,51,27,566,120,134
2021-11-02,2021,11,mar,306,0,10775000,19.49,25.73,164,55,22,507,116,121
2021-11-03,2021,11,mie,307,0,10775000,19.71,17.07,147,41,27,593,104,128
2021-11-04,2021,11,jue,308,0,10775000,17.12,15.04,169,48,26,442,125,130
2021-11-05,2021,11,vie,309,0,10775000,17.63,26.87,133,49,28,535,104,121
2021-11-06,2021,11,sab,310,0,10775000,18.44,25.11,163,42,36,478,113,124
2021-11-07,2021,11,dom,311,0,10775000,19.67,20.93,152,49,31,520,105,135
2021-11-08,2021,11,lun,312,0,10775000,18.26,21.58,164,43,27,510,112,115
2021-11-09,2021,11,mar,313,0,10775000,17.7,21.92,150,53,23,492,112,111
2021-11-10,2021,11,mie,314,0,10775000,19.96,22.39,145,52,32,497,99,109
2021-11-11,2021,11,jue,315,0,10775000,19.54,14.14,155,53,30,491,91,103
2021-11-12,2021,11,vie,316,0,10775000,18.04,21.25,151,37,22,527,119,137
2021-11-13,2021,11,sab,317,0,10775000,18.14,17.79,157,36,25,564,88,135
2021-11-14,2021,11,dom,318,0,10775000,20.31,8.48,150,44,23,552,97,130
2021-11-15,2021,11,lun,319,0,10775000,17.49,6.6,172,42,31,473,116,106
2021-11-16,2021,11,mar,320,0,10775000,18.73,18.99,154,53,29,485,105,121
2021-11-17,2021,11,mie,321,0,10775000,19.67,9.63,211,41,28,467,113,117
2021-11-18,2021,11,jue,322,0,10775000,19.38,7.9,174,53,18,507,99,123
2021-11-19,2021,11,vie,323,0,10775000,20.35,10.93,161,46,27,484,100,108
2021-11-20,2021,11,sab,324,0,10775000,17.24,17.67,157,46,24,492,93,124
2021-11-21,2021,11,dom,325,0,10775000,19.36,16.3,139,51,19,490,110,113
2021-11-22,2021,11,lun,326,0,10775000,19.75,19.8,143,40,29,511,100,128
2021-11-23,2021,11,mar,327,0,10775000,19.84,28.0,143,39,20,482,90,99
2021-11-24,2021,11,mie,328,0,10775000,20.19,21.8,149,49,18,487,108,115
2021-11-25,2021,11,jue,329,0,10775000,18.15,26.94,137,46,27,483,104,141
2021-11-26,2021,11,vie,330,0,10775000,21.33,19.82,161,39,31,475,99,104
2021-11-27,2021,11,sab,331,0,10775000,20.19,21.22,137,40,18,465,110,123
2021-11-28,2021,11,dom,332,0,10775000,20.37,23.67,152,45,20,477,95,134
2021-11-29,2021,11,lun,333,0,10775000,19.06,28.71,170,62,27,572,91,127
2021-11-30,2021,11,mar,334,0,10775000,20.02,17.18,148,43,30,423,89,133
2021-12-01,2021,12,mie,335,0,10775000,21.45,11.96,141,42,21,494,111,118
2021-12-02,2021,12,jue,336,0,10775000,19.88,18.35,145,35,21,542,100,127
2021-12-03,2021,12,vie,337,0,10775000,20.18,24.94,150,41,27,456,95,99
2021-12-04,2021,12,sab,338,0,10775000,20.38,22.97,122,50,23,475,91,109
2021-12-05,2021,12,dom,339,0,10775000,18.09,15.35,162,47,25,468,86,123
2021-12-06,2021,12,lun,340,0,10775000,19.89,19.5,152,37,19,444,98,127
2021-12-07,2021,12,mar,341,0,10775000,20.97,25.7,140,34,21,516,88,107
2021-12-08,2021,12,mie,342,0,10775000,19.6,18.26,149,35,22,462,99,114
2021-12-09,2021,12,jue,343,0,10775000,20.19,20.73,154,41,21,490,83,116
2021-12-10,2021,12,vie,344,0,10775000,20.25,21.93,157,58,30,457,81,110
2021-12-11,2021,12,sab,345,0,10775000,18.44,12.87,124,48,30,448,96,107
2021-12-12,2021,12,dom,346,0,10775000,21.34,9.51,147,27,20,522,95,117
2021-12-13,2021,12,lun,347,0,10775000,18.8,29.61,132,53,23,515,91,121
2021-12-14,2021,12,mar,348,0,10775000,20.98,13.69,157,38,27,482,111,125
2021-12-15,2021,12,mie,349,0,10775000,20.36,11.11,133,61,29,473,94,114
2021-12-16,2021,12,jue,350,0,10775000,20.15,15.19,120,38,22,455,110,128
2021-12-17,2021,12,vie,351,0,10775000,20.68,17.26,142,36,39,494,100,107
2021-12-18,2021,12,sab,352,0,10775000,21.55,14.87,141,32,21,492,93,105
2021-12-19,2021,12,dom,353,0,10775000,21.67,11.58,144,29,20,458,94,101
2021-12-20,2021,12,lun,354,0,10775000,20.22,18.78,150,46,23,436,87,125
2021-12-21,2021,12,mar,355,0,10775000,20.58,25.0,128,34,18,474,95,98
2021-12-22,2021,12,mie,356,0,10775000,19.79,14.31,119,44,27,494,96,113
2021-12-23,2021,12,jue,357,0,10775000,19.11,16.17,129,44,25,427,87,138
2021-12-24,2021,12,vie,358,0,10775000,22.04,23.12,135,39,27,424,75,123
2021-12-25,2021,12,sab,359,1,10775000,19.62,7.59,137,48,18,427,90,122
2021-12-26,2021,12,dom,360,0,10775000,20.1,6.55,143,43,10,456,88,94
2021-12-27,2021,12,lun,361,0,10775000,21.47,12.07,140,46,19,500,94,110
2021-12-28,2021,12,mar,362,0,10775000,19.44,15.04,137,38,23,457,104,101
2021-12-29,2021,12,mie,363,0,10775000,21.67,20.22,133,35,27,526,96,103
2021-12-30,2021,12,jue,364,0,10775000,20.12,7.0,116,33,24,509,88,98
2021-12-31,2021,12,vie,365,0,10775000,19.81,11.95,123,42,15,413,85,108
2022-01-01,2022,1,sab,1,1,10919000,20.51,6.6,118,43,15,427,69,100
2022-01-02,2022,1,dom,2,0,10919000,20.22,4.09,122,43,18,487,101,90
2022-01-03,2022,1,lun,3,0,10919000,21.56,8.61,126,42,24,538,104,108
2022-01-04,2022,1,mar,4,0,10919000,23.01,19.16,138,35,20,483,82,112
2022-01-05,2022,1,mie,5,0,10919000,22.15,15.75,148,44,16,486,83,97
2022-01-06,2022,1,jue,6,0,10919000,21.93,16.01,132,47,19,493,98,97
2022-01-07,2022,1,vie,7,0,10919000,20.67,18.37,119,42,21,406,106,88
2022-01-08,2022,1,sab,8,0,10919000,21.15,14.41,141,39,17,484,90,96
2022-01-09,2022,1,dom,9,0,10919000,21.58,14.34,144,26,20,458,78,125
2022-01-10,2022,1,lun,10,0,10919000,21.41,25.01,153,52,20,466,99,121
2022-01-11,2022,1,mar,11,0,10919000,21.68,18.55,138,37,19,421,91,107
2022-01-12,2022,1,mie,12,0,10919000,20.09,3.0,114,45,19,455,90,104
2022-01-13,2022,1,jue,13,0,10919000,23.67,18.0,126,59,19,472,88,94
2022-01-14,2022,1,vie,14,0,10919000,19.96,20.07,153,40,21,464,89,100
2022-01-15,2022,1,sab,15,0,10919000,21.41,14.6,146,42,17,475,84,84
2022-01-16,2022,1,dom,16,0,10919000,22.6,8.87,141,36,25,450,83,120
2022-01-17,2022,1,lun,17,0,10919000,20.74,9.62,147,37,22,452,96,117
2022-01-18,2022,1,mar,18,0,10919000,22.92,15.24,116,47,20,504,91,103
2022-01-19,2022,1,mie,19,0,10919000,19.99,18.55,154,41,29,468,93,126
2022-01-20,2022,1,jue,20,0,10919000,20.81,19.55,152,42,17,410,92,103
2022-01-21,2022,1,vie,21,0,10919000,18.9,5.4,138,37,19,437,86,105
2022-01-22,2022,1,sab,22,0,10919000,22.98,13.78,138,42,17,439,101,114
2022-01-23,2022,1,dom,23,0,10919000,20.32,18.73,147,37,27,460,100,117
2022-01-24,2022,1,lun,24,0,10919000,20.94,19.08,142,39,19,452,94,105
2022-01-25,2022,1,mar,25,0,10919000,22.71,28.39,159,39,20,429,94,101
2022-01-26,2022,1,mie,26,0,10919000,22.22,11.46,138,37,29,494,75,107
2022-01-27,2022,1,jue,27,0,10919000,23.09,8.8,136,50,25,466,89,121
2022-01-28,2022,1,vie,28,0,10919000,22.61,19.78,133,43,21,452,96,115
2022-01-29,2022,1,sab,29,0,10919000,22.91,20.06,144,39,23,444,93,120
2022-01-30,2022,1,dom,30,0,10919000,21.28,6.95,146,37,22,464,74,109
2022-01-31,2022,1,lun,31,0,10919000,21.77,15.52,123,33,25,494,95,110
2022-02-01,2022,2,mar,32,0,10919000,22.77,16.56,133,39,22,526,110,101
2022-02-02,2022,2,mie,33,0,10919000,22.79,17.55,132,38,23,475,103,101
2022-02-03,2022,2,jue,34,0,10919000,23.04,21.97,146,42,30,506,105,120
2022-02-04,2022,2,vie,35,0,10919000,20.99,27.7,153,39,24,435,90,87
2022-02-05,2022,2,sab,36,0,10919000,20.6,9.52,150,42,21,502,71,84
2022-02-06,2022,2,dom,37,0,10919000,20.42,10.94,129,50,27,452,92,88
2022-02-07,2022,2,lun,38,0,10919000,21.37,7.79,126,55,13,481,105,106
2022-02-08,2022,2,mar,39,0,10919000,21.82,19.73,168,41,25,436,74,100
2022-02-09,2022,2,mie,40,0,10919000,20.51,9.87,115,25,25,405,88,96
2022-02-10,2022,2,jue,41,0,10919000,21.73,16.47,137,43,23,479,89,108
2022-02-11,2022,2,vie,42,0,10919000,22.71,18.29,148,43,23,425,88,120
2022-02-12,2022,2,sab,43,0,10919000,23.14,19.88,130,53,24,477,90,122
2022-02-13,2022,2,dom,44,0,10919000,21.25,12.75,135,39,30,374,97,109
2022-02-14,2022,2,lun,45,0,10919000,22.64,13.57,165,42,19,434,102,125
2022-02-15,2022,2,mar,46,0,10919000,20.42,12.85,149,42,22,492,95,111
2022-02-16,2022,2,mie,47,0,10919000,21.16,21.37,149,48,22,442,76,105
2022-02-17,2022,2,jue,48,0,10919000,22.08,14.55,128,40,25,425,87,108
2022-02-18,2022,2,vie,49,0,10919000,21.17,16.73,165,43,17,428,78,130
2022-02-19,2022,2,sab,50,0,10919000,21.01,17.48,126,30,19,469,100,97
2022-02-20,2022,2,dom,51,0,10919000,22.26,20.36,133,54,24,439,83,103
2022-02-21,2022,2,lun,52,0,10919000,20.74,22.72,149,35,17,465,97,91
2022-02-22,2022,2,mar,53,0,10919000,22.06,9.49,136,43,19,439,79,119
2022-02-23,2022,2,mie,54,0,10919000,21.79,11.24,128,51,23,436,105,119
2022-02-24,2022,2,jue,55,0,10919000,22.52,18.87,129,44,30,480,108,114
2022-02-25,2022,2,vie,56,0,10919000,22.81,20.1,145,46,28,511,92,111
2022-02-26,2022,2,sab,57,0,10919000,22.05,15.65,150,58,21,457,94,115
2022-02-27,2022,2,dom,58,0,10919000,21.28,21.12,145,43,17,437,89,98
2022-02-28,2022,2,lun,59,0,10919000,23.08,25.44,130,42,28,509,96,101
2022-03-01,2022,3,mar,60,0,10919000,22.09,17.17,145,47,27,411,84,112
2022-03-02,2022,3,mie,61,0,10919000,20.79,18.61,114,39,17,452,86,95
2022-03-03,2022,3,jue,62,0,10919000,22.03,23.45,148,40,19,452,81,108
2022-03-04,2022,3,vie,63,0,10919000,21.08,22.43,131,35,10,457,81,116
2022-03-05,2022,3,sab,64,0,10919000,18.77,9.82,146,38,20,461,95,92
2022-03-06,2022,3,dom,65,0,10919000,20.63,8.43,110,46,16,474,103,121
2022-03-07,2022,3,lun,66,0,10919000,21.31,9.12,141,33,22,410,95,126
2022-03-08,2022,3,mar,67,0,10919000,21.19,18.33,125,40,20,440,97,108
2022-03-09,2022,3,mie,68,0,10919000,19.88,15.46,131,41,17,504,90,121
2022-03-10,2022,3,jue,69,0,10919000,21.28,15.12,151,46,34,456,81,108
2022-03-11,2022,3,vie,70,0,10919000,22.19,10.81,139,40,20,441,93,98
2022-03-12,2022,3,sab,71,0,10919000,20.29,15.63,157,32,22,524,89,107
2022-03-13,2022,3,dom,72,0,10919000,21.94,8.22,128,39,28,448,101,109
2022-03-14,2022,3,lun,73,0,10919000,19.18,13.12,140,36,29,495,98,129
2022-03-15,2022,3,mar,74,0,10919000,22.19,17.46,145,45,22,477,109,98
2022-03-16,2022,3,mie,75,0,10919000,20.88,21.84,158,55,21,491,87,105
2022-03-17,2022,3,jue,76,0,10919000,19.93,19.75,152,53,20,477,98,114
2022-03-18,2022,3,vie,77,0,10919000,22.84,23.27,149,40,16,524,85,123
2022-03-19,2022,3,sab,78,0,10919000,22.04,16.53,165,52,28,513,105,134
2022-03-20,2022,3,dom,79,0,10919000,22.59,14.84,142,41,20,428,82,102
2022-03-21,2022,3,lun,80,0,10919000,21.8,18.49,153,37,28,496,99,116
2022-03-22,2022,3,mar,81,0,10919000,21.81,15.69,160,42,24,488,91,119
2022-03-23,2022,3,mie,82,0,10919000,20.9,20.61,147,39,20,478,97,118
2022-03-24,2022,3,jue,83,0,10919000,21.84,26.66,133,46,18,475,89,118
2022-03-25,2022,3,vie,84,0,10919000,21.2,24.55,140,28,14,460,87,117
2022-03-26,2022,3,sab,85,0,10919000,20.5,21.61,139,47,20,495,106,115
2022-03-27,2022,3,dom,86,0,10919000,21.01,20.0,138,36,27,464,93,110
2022-03-28,2022,3,lun,87,0,10919000,19.67,22.41,134,35,30,521,106,103
2022-03-29,2022,3,mar,88,0,10919000,21.14,21.91,154,43,18,544,96,121
2022-03-30,2022,3,mie,89,0,10919000,21.66,16.07,154,40,17,484,89,128
2022-03-31,2022,3,jue,90,0,10919000,21.24,16.01,134,48,18,434,104,118
2022-04-01,2022,4,vie,91,0,10919000,21.74,17.05,142,58,21,476,93,124
2022-04-02,2022,4,sab,92,0,10919000,20.65,23.79,192,43,17,518,91,116
2022-04-03,2022,4,dom,93,0,10919000,21.02,16.0,147,48,20,496,89,120
2022-04-04,2022,4,lun,94,0,10919000,20.98,25.58,182,53,26,503,119,149
2022-04-05,2022,4,mar,95,0,10919000,23.21,16.74,147,36,21,451,92,123
2022-04-06,2022,4,mie,96,0,10919000,19.31,21.31,141,55,17,519,110,114
2022-04-07,2022,4,jue,97,0,10919000,23.24,17.92,162,57,20,561,110,122
2022-04-08,2022,4,vie,98,0,10919000,19.92,26.54,143,47,16,473,93,109
2022-04-09,2022,4,sab,99,0,10919000,20.35,30.19,143,45,23,519,90,94
2022-04-10,2022,4,dom,100,0,10919000,21.04,14.11,153,54,30,509,102,100
2022-04-11,2022,4,lun,101,0,10919000,21.36,25.04,138,49,28,505,111,114
2022-04-12,2022,4,mar,102,0,10919000,20.59,19.54,156,47,23,534,96,117
2022-04-13,2022,4,mie,103,0,10919000,20.84,27.51,177,42,20,530,85,97
2022-04-14,2022,4,jue,104,0,10919000,22.2,32.58,155,41,19,507,103,138
2022-04-15,2022,4,vie,105,0,10919000,23.59,21.61,158,53,27,489,121,130
2022-04-16,2022,4,sab,106,0,10919000,20.94,26.53,168,53,23,561,108,119
2022-04-17,2022,4,dom,107,0,10919000,21.24,21.05,158,45,25,490,84,104
2022-04-18,2022,4,lun,108,0,10919000,20.24,21.13,170,40,25,522,89,114
2022-04-19,2022,4,mar,109,0,10919000,22.29,23.03,140,48,28,491,94,114
2022-04-20,2022,4,mie,110,0,10919000,20.14,31.09,179,47,30,519,105,126
2022-04-21,2022,4,jue,111,0,10919000,20.83,27.53,156,41,24,523,104,123
2022-04-22,2022,4,vie,112,0,10919000,18.93,25.16,154,50,19,508,101,101
2022-04-23,2022,4,sab,113,0,10919000,16.97,21.87,153,52,27,510,117,109
2022-04-24,2022,4,dom,114,0,10919000,22.78,19.76,173,47,23,523,102,131
2022-04-25,2022,4,lun,115,0,10919000,21.31,29.4,171,40,19,539,109,132
2022-04-26,2022,4,mar,116,0,10919000,21.08,37.22,169,45,33,592,119,145
2022-04-27,2022,4,mie,117,0,10919000,18.83,25.59,166,46,24,495,113,128
2022-04-28,2022,4,jue,118,0,10919000,17.96,21.33,176,47,25,499,111,128
2022-04-29,2022,4,vie,119,0,10919000,19.56,28.73,139,42,29,568,122,136
2022-04-30,2022,4,sab,120,0,10919000,19.93,26.69,153,50,28,579,111,112
2022-05-01,2022,5,dom,121,0,10919000,20.6,29.63,164,46,32,552,145,141
2022-05-02,2022,5,lun,122,0,10919000,19.71,21.13,162,39,24,587,114,137
2022-05-03,2022,5,mar,123,0,10919000,21.17,28.97,175,46,25,479,99,120
2022-05-04,2022,5,mie,124,0,10919000,20.01,23.3,136,59,28,596,116,142
2022-05-05,2022,5,jue,125,0,10919000,19.91,34.83,140,50,27,516,101,169
2022-05-06,2022,5,vie,126,0,10919000,20.88,31.83,159,49,22,532,115,138
2022-05-07,2022,5,sab,127,0,10919000,18.65,24.16,147,42,27,438,97,118
2022-05-08,2022,5,dom,128,0,10919000,19.85,19.08,175,47,27,522,105,123
2022-05-09,2022,5,lun,129,0,10919000,18.68,38.19,190,40,24,530,113,127
2022-05-10,2022,5,mar,130,0,10919000,18.49,27.86,149,42,24,533,100,125
2022-05-11,2022,5,mie,131,0,10919000,21.04,33.41,171,35,28,505,124,120
2022-05-12,2022,5,jue,132,0,10919000,20.49,19.13,162,39,31,552,106,139
2022-05-13,2022,5,vie,133,0,10919000,19.78,29.77,134,44,28,561,108,125
2022-05-14,2022,5,sab,134,0,10919000,20.64,30.22,165,51,31,514,113,135
2022-05-15,2022,5,dom,135,0,10919000,19.48,15.35,177,55,20,564,97,152
2022-05-16,2022,5,lun,136,0,10919000,20.59,30.96,148,46,31,621,101,123
2022-05-17,2022,5,mar,137,0,10919000,17.93,36.21,150,47,34,527,95,120
2022-05-18,2022,5,mie,138,0,10919000,18.71,22.34,168,54,27,532,104,118
2022-05-19,2022,5,jue,139,0,10919000,19.29,29.35,166,51,25,577,119,109
2022-05-20,2022,5,vie,140,0,10919000,17.59,28.38,187,43,28,577,128,135
2022-05-21,2022,5,sab,141,0,10919000,17.93,24.09,183,45,25,554,125,152
2022-05-22,2022,5,dom,142,0,10919000,17.21,24.25,148,49,22,552,110,144
2022-05-23,2022,5,lun,143,0,10919000,19.43,26.0,171,44,32,594,136,125
2022-05-24,2022,5,mar,144,0,10919000,18.03,26.8,172,34,29,574,109,144
2022-05-25,2022,5,mie,145,0,10919000,18.85,30.53,169,58,25,596,114,155
2022-05-26,2022,5,jue,146,0,10919000,19.1,31.38,172,63,31,517,119,127
2022-05-27,2022,5,vie,147,0,10919000,18.24,24.32,174,56,28,538,95,145
2022-05-28,2022,5,sab,148,0,10919000,18.41,25.19,203,48,31,549,98,125
2022-05-29,2022,5,dom,149,0,10919000,18.49,28.89,151,57,23,597,105,137
2022-05-30,2022,5,lun,150,0,10919000,18.78,37.59,163,50,31,553,115,149
2022-05-31,2022,5,mar,151,0,10919000,19.82,37.78,162,45,40,539,113,117
2022-06-01,2022,6,mie,152,0,10919000,16.88,31.63,169,56,35,583,125,163
2022-06-02,2022,6,jue,153,0,10919000,18.24,32.48,197,61,30,576,107,140
2022-06-03,2022,6,vie,154,0,10919000,16.66,24.84,194,33,30,615,109,130
2022-06-04,2022,6,sab,155,0,10919000,19.75,29.53,184,51,24,584,120,160
2022-06-05,2022,6,dom,156,0,10919000,15.82,19.69,184,55,31,540,101,134
2022-06-06,2022,6,lun,157,0,10919000,18.13,30.43,192,57,25,590,123,154
2022-06-07,2022,6,mar,158,0,10919000,17.39,25.86,147,56,30,624,121,145
2022-06-08,2022,6,mie,159,0,10919000,17.16,28.75,181,60,26,594,103,146
2022-06-09,2022,6,jue,160,0,10919000,18.64,33.41,163,57,24,695,112,128
2022-06-10,2022,6,vie,161,0,10919000,18.37,33.86,202,56,25,571,124,153
2022-06-11,2022,6,sab,162,0,10919000,16.57,36.28,153,54,22,631,106,126
2022-06-12,2022,6,dom,163,0,10919000,18.2,31.13,176,53,30,533,122,131
2022-06-13,2022,6,lun,164,0,10919000,17.95,30.53,148,57,31,615,117,156
2022-06-14,2022,6,mar,165,0,10919000,16.68,36.44,183,63,34,609,128,172
2022-06-15,2022,6,mie,166,0,10919000,15.79,24.87,212,48,24,643,110,153
2022-06-16,2022,6,jue,167,0,10919000,18.4,41.87,184,72,24,658,120,140
2022-06-17,2022,6,vie,168,0,10919000,18.25,22.68,209,46,32,652,125,154
2022-06-18,2022,6,sab,169,0,10919000,17.99,33.9,216,66,33,610,150,153
2022-06-19,2022,6,dom,170,0,10919000,16.71,33.39,175,54,23,559,113,167
2022-06-20,2022,6,lun,171,0,10919000,18.72,30.79,198,61,34,574,129,147
2022-06-21,2022,6,mar,172,0,10919000,21.32,31.56,172,60,43,667,115,164
2022-06-22,2022,6,mie,173,0,10919000,17.4,26.37,185,70,34,577,118,132
2022-06-23,2022,6,jue,174,0,10919000,17.79,34.5,175,52,35,626,126,128
2022-06-24,2022,6,vie,175,0,10919000,16.15,36.74,163,58,34,621,124,135
2022-06-25,2022,6,sab,176,0,10919000,16.12,28.37,191,49,28,584,122,128
2022-06-26,2022,6,dom,177,0,10919000,19.12,33.3,151,53,26,634,128,139
2022-06-27,2022,6,lun,178,0,10919000,19.69,37.67,175,47,28,565,137,147
2022-06-28,2022,6,mar,179,0,10919000,16.67,30.43,185,57,26,568,121,174
2022-06-29,2022,6,mie,180,0,10919000,16.14,38.63,176,56,26,601,112,157
2022-06-30,2022,6,jue,181,0,10919000,15.79,36.7,195,51,36,559,121,149
2022-07-01,2022,7,vie,182,0,10919000,16.12,34.82,195,55,31,627,111,134
2022-07-02,2022,7,sab,183,0,10919000,16.87,35.37,219,45,44,665,129,164
2022-07-03,2022,7,dom,184,0,10919000,15.29,33.12,196,60,28,598,126,159
2022-07-04,2022,7,lun,185,0,10919000,15.89,30.97,217,64,38,627,127,163
2022-07-05,2022,7,mar,186,0,10919000,17.82,31.42,171,45,38,575,105,130
2022-07-06,2022,7,mie,187,0,10919000,16.46,35.81,202,58,24,695,143,153
2022-07-07,2022,7,jue,188,0,10919000,15.7,40.26,181,51,28,679,130,162
2022-07-08,2022,7,vie,189,0,10919000,15.19,35.66,173,57,26,578,116,154
2022-07-09,2022,7,sab,190,0,10919000,17.83,29.82,194,54,37,607,125,133
2022-07-10,2022,7,dom,191,0,10919000,15.28,32.02,220,56,41,627,98,165
2022-07-11,2022,7,lun,192,0,10919000,16.32,28.95,179,62,33,581,151,169
2022-07-12,2022,7,mar,193,0,10919000,17.66,40.59,235,66,34,682,126,154
2022-07-13,2022,7,mie,194,0,10919000,17.08,41.95,190,64,28,566,123,161
2022-07-14,2022,7,jue,195,0,10919000,16.76,43.23,180,68,29,614,132,147
2022-07-15,2022,7,vie,196,0,10919000,16.74,39.33,195,61,38,626,108,162
2022-07-16,2022,7,sab,197,0,10919000,15.23,28.52,194,42,28,553,132,155
2022-07-17,2022,7,dom,198,0,10919000,15.47,31.25,192,51,34,673,136,146
2022-07-18,2022,7,lun,199,0,10919000,15.75,32.91,194,63,32,546,141,179
2022-07-19,2022,7,mar,200,0,10919000,12.86,37.04,197,64,32,675,118,155
2022-07-20,2022,7,mie,201,0,10919000,15.76,41.61,193,61,41,584,126,161
2022-07-21,2022,7,jue,202,0,10919000,16.12,22.65,185,71,25,748,125,157
2022-07-22,2022,7,vie,203,0,10919000,16.12,36.91,183,61,31,629,133,149
2022-07-23,2022,7,sab,204,0,10919000,16.05,33.1,209,55,37,602,135,160
2022-07-24,2022,7,dom,205,0,10919000,16.42,33.24,196,60,43,608,129,174
2022-07-25,2022,7,lun,206,0,10919000,16.48,38.14,212,66,27,604,126,163
2022-07-26,2022,7,mar,207,0,10919000,18.09,30.47,191,50,28,594,142,151
2022-07-27,2022,7,mie,208,0,10919000,16.31,39.47,174,45,31,628,122,163
2022-07-28,2022,7,jue,209,1,10919000,17.13,36.36,169,47,24,562,129,151
2022-07-29,2022,7,vie,210,1,10919000,15.38,33.71,161,57,24,578,117,141
2022-07-30,2022,7,sab,211,0,10919000,16.47,31.8,170,40,31,675,142,150
2022-07-31,2022,7,dom,212,0,10919000,16.41,29.52,203,58,34,638,150,165
2022-08-01,2022,8,lun,213,0,10919000,15.78,35.08,204,47,32,685,129,155
2022-08-02,2022,8,mar,214,0,10919000,14.0,37.49,193,53,33,633,111,160
2022-08-03,2022,8,mie,215,0,10919000,14.43,28.17,188,63,35,626,114,144
2022-08-04,2022,8,jue,216,0,10919000,16.56,32.78,221,55,24,601,144,143
2022-08-05,2022,8,vie,217,0,10919000,15.96,32.13,184,59,32,573,135,163
2022-08-06,2022,8,sab,218,0,10919000,15.72,31.23,191,52,30,608,128,158
2022-08-07,2022,8,dom,219,0,10919000,15.19,29.94,191,60,27,673,137,147
2022-08-08,2022,8,lun,220,0,10919000,16.1,25.52,204,62,27,698,133,173
2022-08-09,2022,8,mar,221,0,10919000,16.68,36.53,179,71,39,615,129,144
2022-08-10,2022,8,mie,222,0,10919000,18.21,40.09,181,68,32,635,123,155
2022-08-11,2022,8,jue,223,0,10919000,15.97,30.62,200,63,25,613,136,154
2022-08-12,2022,8,vie,224,0,10919000,15.78,34.84,175,56,32,590,103,178
2022-08-13,2022,8,sab,225,0,10919000,16.31,27.53,198,50,30,680,111,142
2022-08-14,2022,8,dom,226,0,10919000,17.38,31.88,172,60,31,580,129,153
2022-08-15,2022,8,lun,227,0,10919000,18.75,32.75,191,57,18,627,143,143
2022-08-16,2022,8,mar,228,0,10919000,16.66,39.18,171,60,31,667,124,157
2022-08-17,2022,8,mie,229,0,10919000,14.27,30.89,179,65,33,611,118,149
2022-08-18,2022,8,jue,230,0,10919000,16.03,36.76,202,61,33,633,138,154
2022-08-19,2022,8,vie,231,0,10919000,14.64,29.92,145,60,32,651,113,159
2022-08-20,2022,8,sab,232,0,10919000,14.86,27.72,187,54,33,638,125,149
2022-08-21,2022,8,dom,233,0,10919000,18.18,30.85,192,54,30,583,114,171
2022-08-22,2022,8,lun,234,0,10919000,15.61,25.11,196,50,28,617,126,158
2022-08-23,2022,8,mar,235,0,10919000,15.17,28.72,173,65,27,675,146,147
2022-08-24,2022,8,mie,236,0,10919000,17.68,37.13,169,57,33,560,130,158
2022-08-25,2022,8,jue,237,0,10919000,16.14,29.51,168,58,36,583,123,148
2022-08-26,2022,8,vie,238,0,10919000,14.7,26.12,181,48,39,653,114,145
2022-08-27,2022,8,sab,239,0,10919000,16.14,22.57,179,52,38,573,125,127
2022-08-28,2022,8,dom,240,0,10919000,14.41,29.99,185,44,36,629,121,149
2022-08-29,2022,8,lun,241,0,10919000,15.07,29.7,207,56,29,577,128,168
2022-08-30,2022,8,mar,242,0,10919000,16.34,32.6,213,51,26,659,110,149
2022-08-31,2022,8,mie,243,0,10919000,13.07,18.33,191,61,35,581,126,161
2022-09-01,2022,9,jue,244,0,10919000,17.0,28.12,192,64,28,582,132,155
2022-09-02,2022,9,vie,245,0,10919000,16.46,28.09,202,47,35,618,109,158
2022-09-03,2022,9,sab,246,0,10919000,17.18,32.58,208,70,30,608,155,164
2022-09-04,2022,9,dom,247,0,10919000,15.73,33.08,196,64,27,641,130,157
2022-09-05,2022,9,lun,248,0,10919000,16.72,34.84,215,57,25,693,112,157
2022-09-06,2022,9,mar,249,0,10919000,15.05,21.44,176,66,28,601,134,167
2022-09-07,2022,9,mie,250,0,10919000,15.15,35.49,195,67,40,562,116,153
2022-09-08,2022,9,jue,251,0,10919000,16.4,37.12,197,61,29,630,144,178
2022-09-09,2022,9,vie,252,0,10919000,16.33,27.04,190,51,30,591,105,165
2022-09-10,2022,9,sab,253,0,10919000,16.31,29.25,184,48,28,618,129,117
2022-09-11,2022,9,dom,254,0,10919000,17.96,29.84,173,48,31,621,131,160
2022-09-12,2022,9,lun,255,0,10919000,16.04,28.52,208,57,36,639,150,155
2022-09-13,2022,9,mar,256,0,10919000,16.93,31.08,167,67,25,527,134,169
2022-09-14,2022,9,mie,257,0,10919000,16.83,26.28,206,49,38,589,137,156
2022-09-15,2022,9,jue,258,0,10919000,16.63,30.94,190,63,37,557,107,143
2022-09-16,2022,9,vie,259,0,10919000,16.96,29.36,160,78,26,548,136,148
2022-09-17,2022,9,sab,260,0,10919000,14.42,28.19,194,63,43,607,117,154
2022-09-18,2022,9,dom,261,0,10919000,15.86,36.16,188,47,32,620,130,132
2022-09-19,2022,9,lun,262,0,10919000,17.87,24.32,187,55,40,625,121,134
2022-09-20,2022,9,mar,263,0,10919000,16.23,35.34,168,65,26,593,111,157
2022-09-21,2022,9,mie,264,0,10919000,17.45,29.77,152,60,31,624,97,136
2022-09-22,2022,9,jue,265,0,10919000,17.21,29.22,189,61,25,609,119,137
2022-09-23,2022,9,vie,266,0,10919000,13.03,18.45,183,55,20,643,115,138
2022-09-24,2022,9,sab,267,0,10919000,15.14,30.7,185,43,32,506,125,167
2022-09-25,2022,9,dom,268,0,10919000,15.94,19.91,180,59,30,570,109,158
2022-09-26,2022,9,lun,269,0,10919000,15.96,23.82,164,67,31,637,111,143
2022-09-27,2022,9,mar,270,0,10919000,16.27,27.02,166,45,37,586,122,172
2022-09-28,2022,9,mie,271,0,10919000,16.32,26.59,194,43,30,574,112,131
2022-09-29,2022,9,jue,272,0,10919000,15.9,23.73,177,43,28,630,117,129
2022-09-30,2022,9,vie,273,0,10919000,16.11,35.15,202,57,31,624,125,132
2022-10-01,2022,10,sab,274,0,10919000,14.61,28.09,163,54,31,581,109,138
2022-10-02,2022,10,dom,275,0,10919000,19.31,36.63,180,55,28,574,119,133
2022-10-03,2022,10,lun,276,0,10919000,18.69,23.72,193,70,33,527,101,151
2022-10-04,2022,10,mar,277,0,10919000,18.11,23.34,177,39,32,520,108,175
2022-10-05,2022,10,mie,278,0,10919000,17.0,36.95,160,50,24,557,116,125
2022-10-06,2022,10,jue,279,0,10919000,16.05,20.64,198,62,21,592,101,156
2022-10-07,2022,10,vie,280,0,10919000,20.1,28.22,177,43,31,599,113,133
2022-10-08,2022,10,sab,281,0,10919000,16.09,22.16,171,46,26,529,119,142
2022-10-09,2022,10,dom,282,0,10919000,18.98,22.22,178,46,22,562,116,135
2022-10-10,2022,10,lun,283,0,10919000,17.67,19.28,157,55,31,677,117,146
2022-10-11,2022,10,mar,284,0,10919000,16.25,22.8,144,54,27,581,105,122
2022-10-12,2022,10,mie,285,0,10919000,16.41,35.83,160,57,25,582,116,134
2022-10-13,2022,10,jue,286,0,10919000,16.92,26.68,178,58,25,518,107,126
2022-10-14,2022,10,vie,287,0,10919000,16.72,33.27,180,45,30,540,94,158
2022-10-15,2022,10,sab,288,0,10919000,15.82,19.4,167,53,35,522,109,145
2022-10-16,2022,10,dom,289,0,10919000,18.07,23.08,162,55,23,517,113,125
2022-10-17,2022,10,lun,290,0,10919000,16.5,28.47,177,60,24,615,110,119
2022-10-18,2022,10,mar,291,0,10919000,18.57,28.23,168,55,18,575,113,130
2022-10-19,2022,10,mie,292,0,10919000,17.48,23.95,171,64,33,634,102,134
2022-10-20,2022,10,jue,293,0,10919000,17.92,25.06,169,58,23,518,93,146
2022-10-21,2022,10,vie,294,0,10919000,17.93,30.02,145,47,28,577,101,152
2022-10-22,2022,10,sab,295,0,10919000,17.37,22.99,174,51,27,544,113,151
2022-10-23,2022,10,dom,296,0,10919000,17.77,12.36,151,54,35,542,90,145
2022-10-24,2022,10,lun,297,0,10919000,18.14,21.0,158,63,42,514,91,148
2022-10-25,2022,10,mar,298,0,10919000,20.75,18.35,170,49,30,497,115,131
2022-10-26,2022,10,mie,299,0,10919000,16.49,15.23,158,59,28,494,104,120
2022-10-27,2022,10,jue,300,0,10919000,17.24,27.57,160,45,28,671,106,130
2022-10-28,2022,10,vie,301,0,10919000,17.66,28.72,154,60,27,562,117,122
2022-10-29,2022,10,sab,302,0,10919000,16.66,16.34,155,48,26,623,100,129
2022-10-30,2022,10,dom,303,0,10919000,16.62,18.44,159,48,32,492,133,128
2022-10-31,2022,10,lun,304,0,10919000,16.41,32.76,175,58,37,516,108,135
2022-11-01,2022,11,mar,305,0,10919000,18.24,21.91,179,43,28,589,103,133
2022-11-02,2022,11,mie,306,0,10919000,17.71,22.1,185,40,28,514,111,136
2022-11-03,2022,11,jue,307,0,10919000,18.61,23.93,184,48,21,514,105,140
2022-11-04,2022,11,vie,308,0,10919000,16.74,28.71,165,40,23,537,118,139
2022-11-05,2022,11,sab,309,0,10919000,17.43,21.55,160,44,20,531,134,123
2022-11-06,2022,11,dom,310,0,10919000,19.65,24.24,167,47,23,497,90,138
2022-11-07,2022,11,lun,311,0,10919000,19.5,16.89,167,51,28,535,116,140
2022-11-08,2022,11,mar,312,0,10919000,16.78,25.87,178,54,28,551,115,121
2022-11-09,2022,11,mie,313,0,10919000,19.69,20.98,171,49,26,481,83,115
2022-11-10,2022,11,jue,314,0,10919000,18.09,17.23,162,47,32,523,112,117
2022-11-11,2022,11,vie,315,0,10919000,17.47,23.86,150,48,27,572,107,123
2022-11-12,2022,11,sab,316,0,10919000,19.72,30.64,145,57,21,568,116,147
2022-11-13,2022,11,dom,317,0,10919000,19.98,18.88,144,48,17,510,101,127
2022-11-14,2022,11,lun,318,0,10919000,15.96,25.8,156,43,18,534,114,132
2022-11-15,2022,11,mar,319,0,10919000,20.04,19.17,138,42,26,432,100,145
2022-11-16,2022,11,mie,320,0,10919000,18.45,12.59,159,44,26,462,103,102
2022-11-17,2022,11,jue,321,0,10919000,18.46,22.92,142,47,23,484,101,121
2022-11-18,2022,11,vie,322,0,10919000,18.69,15.01,148,51,21,478,105,132
2022-11-19,2022,11,sab,323,0,10919000,20.47,15.78,140,40,26,477,94,108
2022-11-20,2022,11,dom,324,0,10919000,20.74,26.56,154,51,34,500,112,110
2022-11-21,2022,11,lun,325,0,10919000,19.68,10.6,149,41,24,513,99,124
2022-11-22,2022,11,mar,326,0,10919000,20.26,21.26,162,49,29,478,116,109
2022-11-23,2022,11,mie,327,0,10919000,21.92,21.9,114,57,34,529,89,127
2022-11-24,2022,11,jue,328,0,10919000,19.39,20.8,132,39,21,435,109,109
2022-11-25,2022,11,vie,329,0,10919000,18.25,16.12,144,35,24,575,93,115
2022-11-26,2022,11,sab,330,0,10919000,20.14,16.85,158,38,18,482,92,96
2022-11-27,2022,11,dom,331,0,10919000,20.41,11.02,131,39,25,434,97,119
2022-11-28,2022,11,lun,332,0,10919000,19.43,26.4,168,45,18,505,105,102
2022-11-29,2022,11,mar,333,0,10919000,19.44,19.33,145,44,16,481,106,119
2022-11-30,2022,11,mie,334,0,10919000,22.29,24.98,145,51,33,492,98,113
2022-12-01,2022,12,jue,335,0,10919000,19.46,16.82,133,40,25,515,110,126
2022-12-02,2022,12,vie,336,0,10919000,18.75,22.49,132,40,25,458,86,113
2022-12-03,2022,12,sab,337,0,10919000,16.66,18.48,139,44,32,491,109,127
2022-12-04,2022,12,dom,338,0,10919000,20.9,9.19,137,34,20,491,118,128
2022-12-05,2022,12,lun,339,0,10919000,21.5,25.72,152,37,29,521,82,117
2022-12-06,2022,12,mar,340,0,10919000,18.62,31.2,151,55,25,575,106,92
2022-12-07,2022,12,mie,341,0,10919000,20.77,22.9,125,43,28,506,107,114
2022-12-08,2022,12,jue,342,0,10919000,19.72,10.74,152,50,22,458,102,109
2022-12-09,2022,12,vie,343,0,10919000,20.25,13.15,140,39,21,467,99,108
2022-12-10,2022,12,sab,344,0,10919000,19.52,3.11,154,47,20,475,96,108
2022-12-11,2022,12,dom,345,0,10919000,20.26,10.09,161,32,21,439,100,109
2022-12-12,2022,12,lun,346,0,10919000,21.35,25.9,155,45,26,498,119,123
2022-12-13,2022,12,mar,347,0,10919000,19.76,22.11,146,42,28,483,87,120
2022-12-14,2022,12,mie,348,0,10919000,19.6,12.02,139,34,28,459,108,120
2022-12-15,2022,12,jue,349,0,10919000,19.25,10.42,141,36,23,515,95,105
2022-12-16,2022,12,vie,350,0,10919000,21.85,13.41,141,41,17,489,96,102
2022-12-17,2022,12,sab,351,0,10919000,19.55,18.98,122,46,30,438,102,118
2022-12-18,2022,12,dom,352,0,10919000,21.34,15.94,138,53,30,544,95,122
2022-12-19,2022,12,lun,353,0,10919000,19.15,23.86,148,44,30,484,100,104
2022-12-20,2022,12,mar,354,0,10919000,18.13,13.09,154,44,21,496,81,99
2022-12-21,2022,12,mie,355,0,10919000,20.05,16.85,144,46,26,460,106,112
2022-12-22,2022,12,jue,356,0,10919000,21.05,12.59,150,39,24,514,93,129
2022-12-23,2022,12,vie,357,0,10919000,22.1,15.09,169,45,19,455,82,116
2022-12-24,2022,12,sab,358,0,10919000,21.8,11.46,147,34,25,424,87,109
2022-12-25,2022,12,dom,359,1,10919000,21.27,11.46,130,41,17,398,87,101
2022-12-26,2022,12,lun,360,0,10919000,17.94,18.82,132,49,23,457,83,107
2022-12-27,2022,12,mar,361,0,10919000,21.54,13.45,171,59,23,488,90,101
2022-12-28,2022,12,mie,362,0,10919000,19.24,15.04,148,27,22,480,97,100
2022-12-29,2022,12,jue,363,0,10919000,20.21,11.25,150,36,16,490,86,126
2022-12-30,2022,12,vie,364,0,10919000,23.22,21.67,159,42,27,452,115,116
2022-12-31,2022,12,sab,365,0,10919000,22.32,21.21,142,43,18,441,92,104
2023-01-01,2023,1,dom,1,1,11059000,19.87,22.34,114,37,13,487,95,105
2023-01-02,2023,1,lun,2,0,11059000,20.78,19.59,134,38,26,426,87,120
2023-01-03,2023,1,mar,3,0,11059000,22.17,15.29,148,35,23,505,109,114
2023-01-04,2023,1,mie,4,0,11059000,21.09,10.78,135,35,22,492,97,107
2023-01-05,2023,1,jue,5,0,11059000,21.04,10.13,146,34,22,395,100,113
2023-01-06,2023,1,vie,6,0,11059000,19.99,14.98,136,38,20,424,71,74
2023-01-07,2023,1,sab,7,0,11059000,22.01,6.13,147,48,26,458,98,87
2023-01-08,2023,1,dom,8,0,11059000,22.2,16.12,132,32,17,431,94,103
2023-01-09,2023,1,lun,9,0,11059000,20.47,16.54,125,40,14,474,100,106
2023-01-10,2023,1,mar,10,0,11059000,19.03,8.55,147,43,15,449,83,100
2023-01-11,2023,1,mie,11,0,11059000,23.65,14.16,126,41,27,510,94,128
2023-01-12,2023,1,jue,12,0,11059000,20.68,19.48,123,37,7,494,102,96
2023-01-13,2023,1,vie,13,0,11059000,22.05,21.0,154,37,25,464,100,128
2023-01-14,2023,1,sab,14,0,11059000,20.55,13.31,135,26,21,546,85,97
2023-01-15,2023,1,dom,15,0,11059000,20.71,15.41,158,37,22,388,103,104
2023-01-16,2023,1,lun,16,0,11059000,22.77,16.86,140,47,28,551,99,122
2023-01-17,2023,1,mar,17,0,11059000,21.27,12.99,134,29,25,481,109,96
2023-01-18,2023,1,mie,18,0,11059000,22.6,16.01,131,35,20,404,91,113
2023-01-19,2023,1,jue,19,0,11059000,22.65,15.9,150,40,17,491,81,106
2023-01-20,2023,1,vie,20,0,11059000,21.11,12.38,149,36,19,450,95,123
2023-01-21,2023,1,sab,21,0,11059000,22.1,13.53,161,39,22,542,97,97
2023-01-22,2023,1,dom,22,0,11059000,22.7,12.21,133,49,30,458,89,104
2023-01-23,2023,1,lun,23,0,11059000,23.28,17.24,167,45,19,463,94,119
2023-01-24,2023,1,mar,24,0,11059000,21.49,15.42,148,54,24,405,101,100
2023-01-25,2023,1,mie,25,0,11059000,21.84,15.33,137,44,22,503,94,108
2023-01-26,2023,1,jue,26,0,11059000,20.72,6.4,133,28,18,463,96,85
2023-01-27,2023,1,vie,27,0,11059000,22.8,27.14,154,46,25,384,99,94
2023-01-28,2023,1,sab,28,0,11059000,22.0,16.05,142,53,19,466,102,108
2023-01-29,2023,1,dom,29,0,11059000,20.3,14.67,151,31,22,390,79,111
2023-01-30,2023,1,lun,30,0,11059000,21.49,24.3,163,48,28,431,106,133
2023-01-31,2023,1,mar,31,0,11059000,21.79,20.53,150,43,28,459,87,119
2023-02-01,2023,2,mie,32,0,11059000,21.23,18.0,157,49,18,472,94,96
2023-02-02,2023,2,jue,33,0,11059000,21.09,18.94,131,52,22,473,95,108
2023-02-03,2023,2,vie,34,0,11059000,20.01,24.01,153,38,16,495,103,112
2023-02-04,2023,2,sab,35,0,11059000,22.09,14.08,148,40,20,495,107,96
2023-02-05,2023,2,dom,36,0,11059000,21.47,6.11,154,45,22,522,93,111
2023-02-06,2023,2,lun,37,0,11059000,23.09,8.37,136,55,21,462,94,111
2023-02-07,2023,2,mar,38,0,11059000,21.87,22.82,143,41,21,451,102,113
2023-02-08,2023,2,mie,39,0,11059000,23.01,15.01,150,44,24,462,95,114
2023-02-09,2023,2,jue,40,0,11059000,20.58,18.74,129,32,15,443,99,93
2023-02-10,2023,2,vie,41,0,11059000,22.47,15.7,145,39,34,504,80,103
2023-02-11,2023,2,sab,42,0,11059000,22.89,15.43,122,45,23,483,101,113
2023-02-12,2023,2,dom,43,0,11059000,22.91,9.06,134,51,25,467,99,119
2023-02-13,2023,2,lun,44,0,11059000,21.7,18.68,174,40,28,493,104,118
2023-02-14,2023,2,mar,45,0,11059000,20.97,5.11,141,34,29,440,88,94
2023-02-15,2023,2,mie,46,0,11059000,24.02,15.12,138,51,13,519,105,107
2023-02-16,2023,2,jue,47,0,11059000,21.8,9.82,137,36,29,541,92,126
2023-02-17,2023,2,vie,48,0,11059000,20.6,16.66,147,30,19,452,84,106
2023-02-18,2023,2,sab,49,0,11059000,21.78,14.19,136,34,20,494,109,115
2023-02-19,2023,2,dom,50,0,11059000,22.42,13.04,153,42,23,479,88,84
2023-02-20,2023,2,lun,51,0,11059000,21.17,17.64,157,44,29,422,86,103
2023-02-21,2023,2,mar,52,0,11059000,22.51,8.21,155,40,27,483,104,97
2023-02-22,2023,2,mie,53,0,11059000,23.09,11.7,144,45,30,411,102,122
2023-02-23,2023,2,jue,54,0,11059000,21.96,16.09,131,41,22,550,96,113
2023-02-24,2023,2,vie,55,0,11059000,23.21,19.16,148,48,26,530,115,118
2023-02-25,2023,2,sab,56,0,11059000,21.86,15.64,148,43,25,537,109,124
2023-02-26,2023,2,dom,57,0,11059000,21.43,5.92,143,43,18,472,97,113
2023-02-27,2023,2,lun,58,0,11059000,23.87,24.02,163,47,22,562,98,113
2023-02-28,2023,2,mar,59,0,11059000,22.72,17.08,146,38,27,525,101,123
2023-03-01,2023,3,mie,60,0,11059000,22.09,25.8,145,38,18,469,119,106
2023-03-02,2023,3,jue,61,0,11059000,19.79,21.24,132,44,22,457,75,112
2023-03-03,2023,3,vie,62,0,11059000,20.28,23.74,137,37,25,460,95,127
2023-03-04,2023,3,sab,63,0,11059000,19.92,17.73,134,42,30,422,78,107
2023-03-05,2023,3,dom,64,0,11059000,21.85,12.9,148,42,20,417,100,117
2023-03-06,2023,3,lun,65,0,11059000,21.84,17.02,133,60,15,447,100,120
2023-03-07,2023,3,mar,66,0,11059000,22.36,22.78,132,58,27,490,92,102
2023-03-08,2023,3,mie,67,0,11059000,23.08,16.78,157,39,25,469,124,132
2023-03-09,2023,3,jue,68,0,11059000,20.0,9.22,133,41,21,508,98,115
2023-03-10,2023,3,vie,69,0,11059000,20.19,18.81,151,40,18,479,94,124
2023-03-11,2023,3,sab,70,0,11059000,20.69,17.15,138,45,15,544,131,142
2023-03-12,2023,3,dom,71,0,11059000,22.31,18.32,172,39,28,480,102,110
2023-03-13,2023,3,lun,72,0,11059000,22.08,22.7,140,36,21,556,88,100
2023-03-14,2023,3,mar,73,0,11059000,20.47,29.33,150,55,24,446,89,131
2023-03-15,2023,3,mie,74,0,11059000,20.85,12.02,157,51,13,465,89,122
2023-03-16,2023,3,jue,75,0,11059000,22.12,28.45,168,47,23,457,102,127
2023-03-17,2023,3,vie,76,0,11059000,21.72,23.35,140,42,20,456,91,124
2023-03-18,2023,3,sab,77,0,11059000,22.83,16.86,138,46,34,498,92,124
2023-03-19,2023,3,dom,78,0,11059000,20.61,10.31,153,36,28,525,105,116
2023-03-20,2023,3,lun,79,0,11059000,21.39,20.56,140,41,24,584,88,118
2023-03-21,2023,3,mar,80,0,11059000,20.34,23.34,134,50,20,516,99,113
2023-03-22,2023,3,mie,81,0,11059000,22.87,20.29,153,49,27,500,93,106
2023-03-23,2023,3,jue,82,0,11059000,22.69,18.32,138,43,27,538,116,106
2023-03-24,2023,3,vie,83,0,11059000,22.02,17.79,150,49,16,502,111,119
2023-03-25,2023,3,sab,84,0,11059000,22.57,13.97,151,50,30,475,92,110
2023-03-26,2023,3,dom,85,0,11059000,23.02,21.3,159,44,29,504,87,131
2023-03-27,2023,3,lun,86,0,11059000,23.08,24.11,146,54,22,515,108,121
2023-03-28,2023,3,mar,87,0,11059000,23.34,26.19,158,55,26,511,111,114
2023-03-29,2023,3,mie,88,0,11059000,20.43,17.69,168,47,24,491,88,114
2023-03-30,2023,3,jue,89,0,11059000,20.3,28.4,142,53,25,557,85,116
2023-03-31,2023,3,vie,90,0,11059000,22.75,34.29,147,48,24,490,102,122
2023-04-01,2023,4,sab,91,0,11059000,20.68,19.54,139,53,13,509,93,135
2023-04-02,2023,4,dom,92,0,11059000,19.04,24.94,144,42,28,489,99,115
2023-04-03,2023,4,lun,93,0,11059000,20.57,15.76,156,48,15,484,123,120
2023-04-04,2023,4,mar,94,0,11059000,22.29,34.43,155,40,15,493,92,121
2023-04-05,2023,4,mie,95,0,11059000,20.48,25.84,133,40,27,568,97,118
2023-04-06,2023,4,jue,96,0,11059000,21.91,29.03,131,42,32,454,93,117
2023-04-07,2023,4,vie,97,0,11059000,21.32,24.51,149,44,32,519,96,131
2023-04-08,2023,4,sab,98,0,11059000,19.31,12.29,169,36,26,472,82,112
2023-04-09,2023,4,dom,99,0,11059000,21.42,22.84,151,54,30,467,90,123
2023-04-10,2023,4,lun,100,0,11059000,20.85,23.51,183,49,17,563,96,112
2023-04-11,2023,4,mar,101,0,11059000,20.14,28.33,143,36,21,519,85,112
2023-04-12,2023,4,mie,102,0,11059000,19.04,19.7,162,61,20,480,104,120
2023-04-13,2023,4,jue,103,0,11059000,22.63,8.91,146,59,22,523,111,112
2023-04-14,2023,4,vie,104,0,11059000,19.58,23.86,145,51,22,511,112,121
2023-04-15,2023,4,sab,105,0,11059000,18.18,19.71,140,47,19,581,101,134
2023-04-16,2023,4,dom,106,0,11059000,21.58,25.21,169,62,36,479,121,121
2023-04-17,2023,4,lun,107,0,11059000,20.0,20.43,177,48,31,628,109,123
2023-04-18,2023,4,mar,108,0,11059000,21.91,23.0,151,41,26,501,83,117
2023-04-19,2023,4,mie,109,0,11059000,20.32,23.22,147,60,32,429,98,108
2023-04-20,2023,4,jue,110,0,11059000,20.38,21.57,156,36,24,572,88,100
2023-04-21,2023,4,vie,111,0,11059000,21.05,28.22,143,42,19,570,102,113
2023-04-22,2023,4,sab,112,0,11059000,20.44,21.19,165,48,24,528,113,118
2023-04-23,2023,4,dom,113,0,11059000,20.39,20.3,166,39,28,485,115,118
2023-04-24,2023,4,lun,114,0,11059000,21.5,22.51,142,40,18,504,88,133
2023-04-25,2023,4,mar,115,0,11059000,19.08,24.58,168,47,13,539,100,121
2023-04-26,2023,4,mie,116,0,11059000,20.78,33.96,162,36,22,538,106,143
2023-04-27,2023,4,jue,117,0,11059000,20.41,25.26,156,54,22,509,133,121
2023-04-28,2023,4,vie,118,0,11059000,18.09,23.33,151,49,28,502,93,126
2023-04-29,2023,4,sab,119,0,11059000,21.3,24.32,175,53,30,511,121,123
2023-04-30,2023,4,dom,120,0,11059000,20.84,27.96,156,52,17,490,113,126
2023-05-01,2023,5,lun,121,0,11059000,21.71,27.18,129,46,22,486,111,137
2023-05-02,2023,5,mar,122,0,11059000,19.3,29.38,139,48,30,566,94,119
2023-05-03,2023,5,mie,123,0,11059000,18.45,30.64,148,51,28,529,116,132
2023-05-04,2023,5,jue,124,0,11059000,23.4,31.42,168,39,29,568,118,139
2023-05-05,2023,5,vie,125,0,11059000,18.45,28.93,186,47,18,563,117,129
2023-05-06,2023,5,sab,126,0,11059000,18.67,18.05,156,48,29,537,116,111
2023-05-07,2023,5,dom,127,0,11059000,20.23,24.55,174,45,23,561,97,127
2023-05-08,2023,5,lun,128,0,11059000,19.0,25.05,164,55,19,578,125,118
2023-05-09,2023,5,mar,129,0,11059000,19.96,32.1,175,57,20,492,98,131
2023-05-10,2023,5,mie,130,0,11059000,17.83,35.03,165,48,35,577,109,114
2023-05-11,2023,5,jue,131,0,11059000,17.33,26.91,176,53,40,556,109,128
2023-05-12,2023,5,vie,132,0,11059000,18.66,32.63,160,40,41,551,110,143
2023-05-13,2023,5,sab,133,0,11059000,20.07,27.96,151,41,39,510,109,149
2023-05-14,2023,5,dom,134,0,11059000,19.17,25.11,185,47,19,587,118,126
2023-05-15,2023,5,lun,135,0,11059000,20.59,36.38,165,49,24,511,115,127
2023-05-16,2023,5,mar,136,0,11059000,18.79,27.27,159,49,23,551,116,140
2023-05-17,2023,5,mie,137,0,11059000,19.28,26.29,160,49,26,565,104,129
2023-05-18,2023,5,jue,138,0,11059000,17.92,25.52,171,52,22,586,108,120
2023-05-19,2023,5,vie,139,0,11059000,17.2,35.26,172,51,28,563,104,130
2023-05-20,2023,5,sab,140,0,11059000,17.45,23.44,162,62,39,566,113,146
2023-05-21,2023,5,dom,141,0,11059000,17.9,23.52,177,71,36,549,117,139
2023-05-22,2023,5,lun,142,0,11059000,21.15,35.78,176,53,26,602,127,163
2023-05-23,2023,5,mar,143,0,11059000,17.2,32.33,172,52,25,560,113,134
2023-05-24,2023,5,mie,144,0,11059000,17.64,29.94,163,68,35,522,135,133
2023-05-25,2023,5,jue,145,0,11059000,20.29,26.6,184,45,23,616,102,150
2023-05-26,2023,5,vie,146,0,11059000,17.8,32.16,171,64,22,533,129,139
2023-05-27,2023,5,sab,147,0,11059000,19.25,22.83,175,48,18,584,118,140
2023-05-28,2023,5,dom,148,0,11059000,15.76,29.23,199,53,33,505,104,137
2023-05-29,2023,5,lun,149,0,11059000,17.28,32.12,193,49,24,564,119,160
2023-05-30,2023,5,mar,150,0,11059000,19.0,31.17,201,36,29,501,119,125
2023-05-31,2023,5,mie,151,0,11059000,16.3,32.6,170,48,29,621,123,148
2023-06-01,2023,6,jue,152,0,11059000,18.51,34.83,163,56,22,614,114,151
2023-06-02,2023,6,vie,153,0,11059000,18.28,22.92,187,49,31,572,107,166
2023-06-03,2023,6,sab,154,0,11059000,17.52,23.81,179,55,21,568,117,136
2023-06-04,2023,6,dom,155,0,11059000,17.81,32.76,200,54,20,604,106,131
2023-06-05,2023,6,lun,156,0,11059000,18.94,31.51,177,56,41,565,108,146
2023-06-06,2023,6,mar,157,0,11059000,17.98,36.61,182,60,30,550,110,148
2023-06-07,2023,6,mie,158,0,11059000,19.18,40.95,168,46,28,582,132,142
2023-06-08,2023,6,jue,159,0,11059000,18.88,40.35,184,52,23,478,118,136
2023-06-09,2023,6,vie,160,0,11059000,19.74,37.65,168,53,21,594,135,130
2023-06-10,2023,6,sab,161,0,11059000,17.34,30.35,183,47,24,615,148,155
2023-06-11,2023,6,dom,162,0,11059000,18.01,35.86,175,49,32,617,107,168
2023-06-12,2023,6,lun,163,0,11059000,16.49,30.09,156,54,33,643,130,134
2023-06-13,2023,6,mar,164,0,11059000,18.46,34.16,188,53,26,616,124,169
2023-06-14,2023,6,mie,165,0,11059000,16.81,32.01,205,39,28,615,122,146
2023-06-15,2023,6,jue,166,0,11059000,18.36,31.05,153,60,24,609,111,136
2023-06-16,2023,6,vie,167,0,11059000,17.24,29.81,184,60,34,562,126,142
2023-06-17,2023,6,sab,168,0,11059000,17.33,32.68,169,45,27,606,124,142
2023-06-18,2023,6,dom,169,0,11059000,17.76,23.04,182,60,29,564,139,162
2023-06-19,2023,6,lun,170,0,11059000,16.56,24.11,182,56,21,634,139,139
2023-06-20,2023,6,mar,171,0,11059000,16.6,38.79,156,39,28,552,124,170
2023-06-21,2023,6,mie,172,0,11059000,16.61,35.92,170,57,27,621,123,156
2023-06-22,2023,6,jue,173,0,11059000,16.67,38.07,174,57,39,698,103,144
2023-06-23,2023,6,vie,174,0,11059000,18.02,33.46,196,64,34,638,142,142
2023-06-24,2023,6,sab,175,0,11059000,16.77,33.47,191,52,44,609,118,141
2023-06-25,2023,6,dom,176,0,11059000,16.5,28.75,185,48,27,597,105,159
2023-06-26,2023,6,lun,177,0,11059000,18.13,31.68,223,62,28,639,113,152
2023-06-27,2023,6,mar,178,0,11059000,17.94,28.77,222,66,34,588,110,170
2023-06-28,2023,6,mie,179,0,11059000,16.88,43.28,173,52,34,666,126,171
2023-06-29,2023,6,jue,180,0,11059000,19.98,29.68,171,64,29,605,111,171
2023-06-30,2023,6,vie,181,0,11059000,15.74,42.3,184,73,28,558,153,128
2023-07-01,2023,7,sab,182,0,11059000,18.88,25.55,203,52,27,651,129,156
2023-07-02,2023,7,dom,183,0,11059000,17.23,27.12,198,55,28,595,112,159
2023-07-03,2023,7,lun,184,0,11059000,18.09,40.7,203,62,28,659,120,164
2023-07-04,2023,7,mar,185,0,11059000,16.49,37.57,193,52,46,574,132,150
2023-07-05,2023,7,mie,186,0,11059000,18.21,36.78,182,49,30,637,114,189
2023-07-06,2023,7,jue,187,0,11059000,15.6,30.17,192,58,34,576,124,127
2023-07-07,2023,7,vie,188,0,11059000,17.71,39.6,200,60,26,634,110,157
2023-07-08,2023,7,sab,189,0,11059000,17.03,27.57,180,59,28,609,132,146
2023-07-09,2023,7,dom,190,0,11059000,17.77,33.38,200,50,32,586,146,141
2023-07-10,2023,7,lun,191,0,11059000,16.08,31.32,196,57,37,572,133,148
2023-07-11,2023,7,mar,192,0,11059000,17.13,42.61,195,49,31,639,120,185
2023-07-12,2023,7,mie,193,0,11059000,15.66,36.93,204,65,39,577,131,163
2023-07-13,2023,7,jue,194,0,11059000,16.14,41.64,204,63,30,665,118,153
2023-07-14,2023,7,vie,195,0,11059000,16.24,34.22,211,50,32,615,120,164
2023-07-15,2023,7,sab,196,0,11059000,15.79,28.46,189,49,32,634,142,144
2023-07-16,2023,7,dom,197,0,11059000,15.9,25.22,180,66,37,632,105,174
2023-07-17,2023,7,lun,198,0,11059000,15.0,36.27,179,64,33,593,135,162
2023-07-18,2023,7,mar,199,0,11059000,16.29,40.93,182,71,38,639,140,154
2023-07-19,2023,7,mie,200,0,11059000,18.15,37.67,193,58,28,637,119,145
2023-07-20,2023,7,jue,201,0,11059000,19.8,31.49,164,75,40,638,144,164
2023-07-21,2023,7,vie,202,0,11059000,15.37,32.78,179,60,38,652,120,154
2023-07-22,2023,7,sab,203,0,11059000,15.44,29.78,169,64,32,602,124,154
2023-07-23,2023,7,dom,204,0,11059000,16.73,31.85,203,63,22,708,121,139
2023-07-24,2023,7,lun,205,0,11059000,16.91,38.43,206,63,35,667,139,147
2023-07-25,2023,7,mar,206,0,11059000,14.74,35.65,194,50,32,638,113,173
2023-07-26,2023,7,mie,207,0,11059000,13.51,38.48,201,74,34,659,147,141
2023-07-27,2023,7,jue,208,0,11059000,16.57,37.12,184,69,32,656,138,156
2023-07-28,2023,7,vie,209,1,11059000,17.84,29.85,183,56,23,577,124,134
2023-07-29,2023,7,sab,210,1,11059000,17.93,32.33,162,56,29,565,106,144
2023-07-30,2023,7,dom,211,0,11059000,16.2,26.86,187,59,37,590,124,164
2023-07-31,2023,7,lun,212,0,11059000,17.87,35.28,196,48,32,679,135,166
2023-08-01,2023,8,mar,213,0,11059000,15.98,36.93,170,68,24,589,135,173
2023-08-02,2023,8,mie,214,0,11059000,14.5,30.86,205,60,30,643,137,164
2023-08-03,2023,8,jue,215,0,11059000,16.0,28.13,204,61,25,670,130,159
2023-08-04,2023,8,vie,216,0,11059000,17.39,35.7,157,59,48,495,118,205
2023-08-05,2023,8,sab,217,0,11059000,16.3,31.01,199,74,40,597,139,160
2023-08-06,2023,8,dom,218,0,11059000,15.46,37.33,194,58,37,630,119,141
2023-08-07,2023,8,lun,219,0,11059000,16.19,31.24,176,62,29,657,118,141
2023-08-08,2023,8,mar,220,0,11059000,16.52,42.57,179,66,33,658,124,171
2023-08-09,2023,8,mie,221,0,11059000,16.28,37.64,187,47,34,598,111,176
2023-08-10,2023,8,jue,222,0,11059000,16.47,26.82,194,47,31,663,144,186
2023-08-11,2023,8,vie,223,0,11059000,16.56,30.91,222,68,34,630,126,150
2023-08-12,2023,8,sab,224,0,11059000,17.38,31.33,181,77,31,570,117,155
2023-08-13,2023,8,dom,225,0,11059000,16.26,30.52,179,54,29,595,148,165
2023-08-14,2023,8,lun,226,0,11059000,15.92,29.63,181,68,29,605,136,150
2023-08-15,2023,8,mar,227,0,11059000,16.53,24.94,177,64,31,650,90,151
2023-08-16,2023,8,mie,228,0,11059000,16.81,32.35,189,62,25,546,96,151
2023-08-17,2023,8,jue,229,0,11059000,14.01,32.69,198,48,33,579,132,192
2023-08-18,2023,8,vie,230,0,11059000,17.48,36.57,165,47,27,542,130,143
2023-08-19,2023,8,sab,231,0,11059000,18.14,31.58,186,58,34,601,127,138
2023-08-20,2023,8,dom,232,0,11059000,16.14,25.2,190,56,37,569,152,159
2023-08-21,2023,8,lun,233,0,11059000,16.85,37.31,209,60,36,646,126,174
2023-08-22,2023,8,mar,234,0,11059000,15.23,30.41,201,59,35,573,127,161
2023-08-23,2023,8,mie,235,0,11059000,16.93,38.01,202,68,32,542,130,153
2023-08-24,2023,8,jue,236,0,11059000,15.11,30.83,196,62,32,643,111,160
2023-08-25,2023,8,vie,237,0,11059000,16.36,30.33,165,68,23,578,130,144
2023-08-26,2023,8,sab,238,0,11059000,16.84,29.92,156,50,29,653,142,141
2023-08-27,2023,8,dom,239,0,11059000,15.22,33.67,170,42,28,592,134,142
2023-08-28,2023,8,lun,240,0,11059000,14.84,34.04,192,44,38,621,130,155
2023-08-29,2023,8,mar,241,0,11059000,15.77,26.18,201,60,34,648,117,146
2023-08-30,2023,8,mie,242,0,11059000,15.52,37.34,175,38,26,631,131,137
2023-08-31,2023,8,jue,243,0,11059000,15.82,29.08,188,48,36,699,125,153
2023-09-01,2023,9,vie,244,0,11059000,14.9,25.11,158,55,29,599,127,171
2023-09-02,2023,9,sab,245,0,11059000,17.54,20.71,204,65,23,641,125,155
2023-09-03,2023,9,dom,246,0,11059000,15.93,35.51,187,59,36,607,111,140
2023-09-04,2023,9,lun,247,0,11059000,16.8,39.49,221,72,34,596,138,168
2023-09-05,2023,9,mar,248,0,11059000,14.34,29.08,182,57,34,628,119,166
2023-09-06,2023,9,mie,249,0,11059000,15.6,30.21,169,55,33,582,132,150
2023-09-07,2023,9,jue,250,0,11059000,18.24,31.26,201,60,32,647,117,155
2023-09-08,2023,9,vie,251,0,11059000,15.29,25.14,176,57,32,615,134,160
2023-09-09,2023,9,sab,252,0,11059000,16.71,28.93,178,53,33,594,117,151
2023-09-10,2023,9,dom,253,0,11059000,18.89,30.87,177,54,31,603,133,143
2023-09-11,2023,9,lun,254,0,11059000,16.41,28.88,168,58,30,590,108,159
2023-09-12,2023,9,mar,255,0,11059000,18.24,32.04,165,47,42,602,125,150
2023-09-13,2023,9,mie,256,0,11059000,15.38,28.64,168,43,25,553,132,145
2023-09-14,2023,9,jue,257,0,11059000,15.91,35.64,163,54,30,595,125,140
2023-09-15,2023,9,vie,258,0,11059000,16.43,25.85,181,46,27,622,136,143
2023-09-16,2023,9,sab,259,0,11059000,15.88,24.94,159,54,38,628,120,137
2023-09-17,2023,9,dom,260,0,11059000,16.97,34.25,186,61,27,541,130,159
2023-09-18,2023,9,lun,261,0,11059000,14.46,30.89,193,57,32,700,110,159
2023-09-19,2023,9,mar,262,0,11059000,15.34,41.84,175,47,33,544,119,160
2023-09-20,2023,9,mie,263,0,11059000,18.21,33.37,197,64,29,540,122,172
2023-09-21,2023,9,jue,264,0,11059000,16.82,35.33,212,63,28,584,143,139
2023-09-22,2023,9,vie,265,0,11059000,17.29,32.61,177,50,30,638,116,144
2023-09-23,2023,9,sab,266,0,11059000,18.75,22.45,195,67,26,546,111,151
2023-09-24,2023,9,dom,267,0,11059000,14.67,30.73,179,63,31,560,114,137
2023-09-25,2023,9,lun,268,0,11059000,13.22,23.95,212,46,22,566,120,152
2023-09-26,2023,9,mar,269,0,11059000,18.96,20.56,197,54,35,589,91,144
2023-09-27,2023,9,mie,270,0,11059000,15.22,30.53,179,58,29,525,129,149
2023-09-28,2023,9,jue,271,0,11059000,17.0,33.4,162,48,32,560,125,136
2023-09-29,2023,9,vie,272,0,11059000,14.98,34.44,174,53,30,563,118,150
2023-09-30,2023,9,sab,273,0,11059000,13.9,27.16,192,58,28,552,107,161
2023-10-01,2023,10,dom,274,0,11059000,16.91,24.58,181,54,37,645,121,145
2023-10-02,2023,10,lun,275,0,11059000,17.6,27.08,176,49,31,639,131,150
2023-10-03,2023,10,mar,276,0,11059000,16.08,30.25,185,47,28,582,106,154
2023-10-04,2023,10,mie,277,0,11059000,14.06,32.44,176,48,26,477,114,146
2023-10-05,2023,10,jue,278,0,11059000,17.52,27.4,174,60,30,581,120,160
2023-10-06,2023,10,vie,279,0,11059000,19.47,30.27,200,47,29,527,110,157
2023-10-07,2023,10,sab,280,0,11059000,15.15,29.71,172,53,29,578,123,148
2023-10-08,2023,10,dom,281,0,11059000,18.18,29.76,177,53,25,564,132,131
2023-10-09,2023,10,lun,282,0,11059000,17.64,32.42,179,44,34,626,128,150
2023-10-10,2023,10,mar,283,0,11059000,15.13,30.6,180,66,18,516,123,161
2023-10-11,2023,10,mie,284,0,11059000,18.6,34.91,166,56,32,522,85,145
2023-10-12,2023,10,jue,285,0,11059000,17.66,21.69,164,60,31,590,135,138
2023-10-13,2023,10,vie,286,0,11059000,17.31,34.3,195,49,30,520,116,137
2023-10-14,2023,10,sab,287,0,11059000,19.06,23.12,182,56,38,584,110,153
2023-10-15,2023,10,dom,288,0,11059000,17.61,14.86,168,53,16,509,100,127
2023-10-16,2023,10,lun,289,0,11059000,19.15,26.02,174,59,22,588,136,143
2023-10-17,2023,10,mar,290,0,11059000,20.81,26.83,173,45,36,562,112,134
2023-10-18,2023,10,mie,291,0,11059000,17.97,18.46,160,45,31,536,107,133
2023-10-19,2023,10,jue,292,0,11059000,18.29,25.02,161,55,28,512,108,136
2023-10-20,2023,10,vie,293,0,11059000,17.12,13.77,151,49,22,521,107,147
2023-10-21,2023,10,sab,294,0,11059000,19.7,30.03,161,44,25,510,113,130
2023-10-22,2023,10,dom,295,0,11059000,16.44,20.06,194,40,29,492,112,119
2023-10-23,2023,10,lun,296,0,11059000,17.35,24.16,146,52,25,567,104,139
2023-10-24,2023,10,mar,297,0,11059000,17.94,28.8,155,51,26,514,111,144
2023-10-25,2023,10,mie,298,0,11059000,17.85,23.9,167,48,28,548,141,114
2023-10-26,2023,10,jue,299,0,11059000,17.26,17.38,160,50,31,564,118,127
2023-10-27,2023,10,vie,300,0,11059000,19.22,13.85,158,49,25,519,90,136
2023-10-28,2023,10,sab,301,0,11059000,17.84,23.64,168,37,24,536,114,135
2023-10-29,2023,10,dom,302,0,11059000,15.68,24.15,163,49,17,536,111,128
2023-10-30,2023,10,lun,303,0,11059000,19.71,20.82,160,57,36,619,112,130
2023-10-31,2023,10,mar,304,0,11059000,20.44,12.81,164,44,29,525,109,139
2023-11-01,2023,11,mie,305,0,11059000,17.74,24.29,156,39,28,528,125,119
2023-11-02,2023,11,jue,306,0,11059000,20.09,22.4,165,49,24,585,121,103
2023-11-03,2023,11,vie,307,0,11059000,17.87,25.4,161,52,21,500,115,126
2023-11-04,2023,11,sab,308,0,11059000,17.37,15.19,155,44,28,556,102,128
2023-11-05,2023,11,dom,309,0,11059000,17.51,8.53,147,49,28,539,118,116
2023-11-06,2023,11,lun,310,0,11059000,20.63,19.08,176,53,30,592,112,120
2023-11-07,2023,11,mar,311,0,11059000,20.36,25.53,173,50,21,520,116,139
2023-11-08,2023,11,mie,312,0,11059000,19.6,26.7,161,51,27,506,107,114
2023-11-09,2023,11,jue,313,0,11059000,17.61,19.6,149,42,28,518,111,126
2023-11-10,2023,11,vie,314,0,11059000,19.83,18.37,150,44,26,486,86,122
2023-11-11,2023,11,sab,315,0,11059000,17.62,8.99,143,42,22,459,114,122
2023-11-12,2023,11,dom,316,0,11059000,19.73,23.81,150,47,28,529,97,113
2023-11-13,2023,11,lun,317,0,11059000,18.37,18.44,166,40,22,481,119,130
2023-11-14,2023,11,mar,318,0,11059000,18.4,16.97,161,39,22,544,106,108
2023-11-15,2023,11,mie,319,0,11059000,18.5,15.93,159,48,29,464,92,115
2023-11-16,2023,11,jue,320,0,11059000,16.7,18.25,152,42,19,489,110,123
2023-11-17,2023,11,vie,321,0,11059000,17.13,22.17,155,41,23,479,91,118
2023-11-18,2023,11,sab,322,0,11059000,19.11,15.03,162,53,31,546,102,114
2023-11-19,2023,11,dom,323,0,11059000,18.05,23.54,172,48,18,561,102,127
2023-11-20,2023,11,lun,324,0,11059000,20.38,22.88,161,47,22,504,96,146
2023-11-21,2023,11,mar,325,0,11059000,20.85,21.34,154,46,24,508,121,136
2023-11-22,2023,11,mie,326,0,11059000,17.62,25.83,158,43,21,468,102,115
2023-11-23,2023,11,jue,327,0,11059000,17.74,13.19,125,40,27,496,106,129
2023-11-24,2023,11,vie,328,0,11059000,19.39,19.78,170,44,21,445,91,118
2023-11-25,2023,11,sab,329,0,11059000,21.98,19.89,173,40,26,483,102,118
2023-11-26,2023,11,dom,330,0,11059000,18.75,19.89,156,46,20,504,107,113
2023-11-27,2023,11,lun,331,0,11059000,20.34,16.55,168,37,26,517,99,121
2023-11-28,2023,11,mar,332,0,11059000,17.81,12.54,175,44,21,496,95,126
2023-11-29,2023,11,mie,333,0,11059000,18.75,9.13,143,48,20,500,108,124
2023-11-30,2023,11,jue,334,0,11059000,20.47,20.75,144,33,29,516,109,139
2023-12-01,2023,12,vie,335,0,11059000,19.64,17.73,155,51,18,438,98,111
2023-12-02,2023,12,sab,336,0,11059000,20.58,14.16,165,39,19,510,91,116
2023-12-03,2023,12,dom,337,0,11059000,20.18,15.8,157,47,20,441,97,128
2023-12-04,2023,12,lun,338,0,11059000,20.06,17.54,139,40,25,494,110,119
2023-12-05,2023,12,mar,339,0,11059000,20.08,15.14,135,34,21,490,116,110
2023-12-06,2023,12,mie,340,0,11059000,21.81,21.31,155,53,21,472,94,125
2023-12-07,2023,12,jue,341,0,11059000,20.14,10.72,145,43,22,451,85,110
2023-12-08,2023,12,vie,342,0,11059000,21.3,11.73,157,50,25,439,85,121
2023-12-09,2023,12,sab,343,0,11059000,19.99,7.71,149,46,21,469,92,119
2023-12-10,2023,12,dom,344,0,11059000,20.46,12.41,141,30,26,442,103,111
2023-12-11,2023,12,lun,345,0,11059000,19.11,20.13,145,40,29,494,102,118
2023-12-12,2023,12,mar,346,0,11059000,17.93,13.1,140,52,33,502,109,119
2023-12-13,2023,12,mie,347,0,11059000,19.98,17.54,147,37,26,457,89,118
2023-12-14,2023,12,jue,348,0,11059000,20.65,21.4,157,49,21,494,96,113
2023-12-15,2023,12,vie,349,0,11059000,20.0,25.45,156,49,28,470,98,117
2023-12-16,2023,12,sab,350,0,11059000,21.27,17.79,133,39,24,521,96,119
2023-12-17,2023,12,dom,351,0,11059000,19.7,10.95,145,42,21,470,118,106
2023-12-18,2023,12,lun,352,0,11059000,19.03,8.92,147,52,23,501,101,119
2023-12-19,2023,12,mar,353,0,11059000,18.97,3.82,141,36,23,475,101,117
2023-12-20,2023,12,mie,354,0,11059000,21.57,13.3,135,47,25,513,94,109
2023-12-21,2023,12,jue,355,0,11059000,19.83,16.7,131,40,24,556,89,110
2023-12-22,2023,12,vie,356,0,11059000,20.87,13.9,139,34,27,444,94,120
2023-12-23,2023,12,sab,357,0,11059000,19.2,22.71,144,39,22,493,100,119
2023-12-24,2023,12,dom,358,0,11059000,19.9,6.51,136,47,27,456,108,95
2023-12-25,2023,12,lun,359,1,11059000,20.95,12.82,141,36,15,484,88,102
2023-12-26,2023,12,mar,360,0,11059000,22.3,4.38,149,38,28,478,100,115
2023-12-27,2023,12,mie,361,0,11059000,19.76,21.47,143,39,31,450,100,120
2023-12-28,2023,12,jue,362,0,11059000,19.34,12.64,130,47,23,454,92,117
2023-12-29,2023,12,vie,363,0,11059000,21.1,6.56,128,44,22,469,85,109
2023-12-30,2023,12,sab,364,0,11059000,21.33,11.68,131,38,24,464,87,99
2023-12-31,2023,12,dom,365,0,11059000,20.66,19.72,117,41,16,475,93,131
