"","id","redcap_survey_identifier","brigadas_timestamp","microred","name_point","n_brigada","record_id","date","form_encuesta","hora_m_complete","hora_partida_pv","hora_movil_pv","como_movil_o","hora_lleg_pv","cambio_corto","punto_inicio","name_gps","pp_zona","pf_total1_can_vac1","pf_total1_cat_inicial1","cambio_2","cambio_quien_2","cambio_hora_2","cambio_pv_2","pf_cambio_total2_can_vac","pf_cambio_total2_cat","pm_total2_can_vac","pm_total2_cat_inicial","cambio_3","cambio_quien_3","cambio_hora_3","cambio_pv_3","pf_cambio_total3_can_vac","pf_cambio_total3_cat","pm_total3_can_vac","pm_total3_cat_inicial","cambio_4","cambio_quien_4","cambio_hora_4","cambio_pv_4","cambio_total4_can_vac","cambio_total4_cat_vac","pm_total4_can_vac1","pm_total4_cat_inicial1","pm_ruta","pm_otra_zona","pm_total_can_animal","pm_total_cat_animal","pp_ruta","pp_ruta_inidi","pp_ruta_inidi_o","pp_total_v_can","pp_total_v_cat","pp_total_animales","hora_fin","observaciones","total_canes","total_cat","total_animales","latitud_1","longitud_1","latitud_2","longitud_2","latitud_3","longitud_3","latitud_4","longitud_4","pm_latitud","pm_longitud","brigadas_complete","microred.factor","form_encuesta.factor","hora_movil_pv.factor","cambio_corto.factor","punto_inicio.factor","pp_zona.factor","cambio_2.factor","cambio_quien_2.factor","cambio_pv_2.factor","cambio_3.factor","cambio_quien_3.factor","cambio_pv_3.factor","cambio_4.factor","cambio_quien_4.factor","cambio_pv_4.factor","pm_ruta.factor","pm_otra_zona.factor","pp_ruta.factor","pp_ruta_inidi.factor","brigadas_complete.factor","latitud1","longitud1","latitud2","longitud2"
"1",1,NA,"2024-06-01 16:07:20","7","Parque el volcán san Basilio",1,71,2024-06-01,NA,"08:07","08:12",4,"","08:25",NA,1,NA,NA,9,0,1,1,"11:01",2,NA,NA,19,3,2,NA,"",NA,NA,NA,NA,NA,NA,NA,NA,NA,NA,NA,NA,NA,NA,NA,NA,NA,NA,NA,"",NA,NA,NA,"13:08","no habia gente y tuvimos que caminar puerta por puerta",28,3,31,NA,NA,NA,NA,NA,NA,NA,NA,NA,NA,2,"MR. VICTOR R. HINOJOSA",NA,"4. Caminando",NA,"Punto fijo",NA,"SI","Microred","Cambiamos a Punto movil","NO",NA,NA,NA,NA,NA,NA,NA,NA,NA,"Complete","-16.429240","-71.543308","-16,427216","-71,542914"
"2",2,NA,"2024-06-01 16:09:59","7","Parque urb. villa hermosa",2,72,2024-06-01,NA,"08:07","08:08",4,"","08:23",NA,1,NA,NA,27,7,2,NA,"",NA,NA,NA,NA,NA,NA,NA,"",NA,NA,NA,NA,NA,NA,NA,NA,NA,NA,NA,NA,NA,NA,NA,NA,NA,NA,NA,"",NA,NA,NA,"13:05","No hicieron publicidad anticipado",27,7,34,NA,NA,NA,NA,NA,NA,NA,NA,NA,NA,2,"MR. VICTOR R. HINOJOSA",NA,"4. Caminando",NA,"Punto fijo",NA,"NO",NA,NA,NA,NA,NA,NA,NA,NA,NA,NA,NA,NA,"Complete","-16.428773","-71.545740","",""
"3",3,NA,"2024-06-01 16:13:29","7","Iglesia Jesucristo",4,74,2024-06-01,1,"08:47","09:01",1,"","10:17",NA,1,NA,NA,100,0,2,NA,"",NA,NA,NA,NA,NA,NA,NA,"",NA,NA,NA,NA,NA,NA,NA,NA,NA,NA,NA,NA,NA,NA,NA,NA,NA,NA,NA,"",NA,NA,NA,"13:11","deben de dejarnos mas temprano en el punto de ubicación así podemos vacunar mas perros",100,0,100,NA,NA,NA,NA,NA,NA,NA,NA,NA,NA,2,"MR. VICTOR R. HINOJOSA",NA,"1, Bus",NA,"Punto fijo",NA,"NO",NA,NA,NA,NA,NA,NA,NA,NA,NA,NA,NA,NA,"Complete","-16.426368","-71.535623","",""
"4",4,NA,"2024-06-01 16:18:36","7","Parque colombia",5,75,2024-06-01,1,"08:50","08:59",1,"","09:30",NA,1,NA,NA,6,0,1,1,"10:56",1,3,0,NA,NA,1,1,"11:23",1,1,0,NA,NA,2,NA,NA,NA,NA,NA,NA,NA,NA,NA,NA,NA,NA,NA,"",NA,NA,NA,"13:20","poco o nula actividad, se perifoneo con un maximo de dos cuadras del primer punto y se perifoneo una cuadra del segundo punto, se retorno al prime punto sin ningún incremento de vacunación ",10,0,10,NA,NA,NA,NA,NA,NA,NA,NA,NA,NA,2,"MR. VICTOR R. HINOJOSA",NA,"1, Bus",NA,"Punto fijo",NA,"SI","Microred","Cambiamos a Punto fijo","SI","Microred","Cambiamos a Punto fijo","NO",NA,NA,NA,NA,NA,NA,"Complete","-16.415140","-71.516190","-16,41612","-71,517708"
"5",5,NA,"2024-06-01 16:20:03","7","Parque diez canseco ",6,76,2024-06-01,NA,"08:38","08:39",4,"","09:00",NA,1,NA,NA,46,0,2,NA,"",NA,NA,NA,NA,NA,NA,NA,"",NA,NA,NA,NA,NA,NA,NA,NA,NA,NA,NA,NA,NA,NA,NA,NA,NA,NA,NA,"",NA,NA,NA,"13:00","",46,0,46,NA,NA,NA,NA,NA,NA,NA,NA,NA,NA,2,"MR. VICTOR R. HINOJOSA",NA,"4. Caminando",NA,"Punto fijo",NA,"NO",NA,NA,NA,NA,NA,NA,NA,NA,NA,NA,NA,NA,"Complete","-16.428461","-71.526179","",""
"6",6,NA,"2024-06-01 16:22:42","7","Parque divino niño",7,77,2024-06-01,NA,"08:36","08:39",4,"","08:50",NA,1,NA,NA,28,0,2,NA,"",NA,NA,NA,NA,NA,NA,NA,"",NA,NA,NA,NA,NA,NA,NA,NA,NA,NA,NA,NA,NA,NA,NA,NA,NA,NA,NA,"",NA,NA,NA,"13:05","",28,0,28,NA,NA,NA,NA,NA,NA,NA,NA,NA,NA,2,"MR. VICTOR R. HINOJOSA",NA,"4. Caminando",NA,"Punto fijo",NA,"NO",NA,NA,NA,NA,NA,NA,NA,NA,NA,NA,NA,NA,"Complete","-16.427076","-71.524546","",""
"7",7,NA,"2024-06-01 16:24:46","7","Parque 7 de agosto",8,78,2024-06-01,NA,"08:41","09:00",2,"","09:16",NA,1,NA,NA,13,0,2,NA,"",NA,NA,NA,NA,NA,NA,NA,"",NA,NA,NA,NA,NA,NA,NA,NA,NA,NA,NA,NA,NA,NA,NA,NA,NA,NA,NA,"",NA,NA,NA,"13:10","que los horarios de entrega del material sea mas puntual o temprano",13,0,13,NA,NA,NA,NA,NA,NA,NA,NA,NA,NA,2,"MR. VICTOR R. HINOJOSA",NA,"2. Camioneta/Auto",NA,"Punto fijo",NA,"NO",NA,NA,NA,NA,NA,NA,NA,NA,NA,NA,NA,NA,"Complete","-16.425860","-71.516030","",""
"8",8,NA,"2024-06-01 16:27:35","7","Parque Universidad Alas ",9,79,2024-06-01,NA,"08:41","09:00",2,"","09:05",NA,1,NA,NA,27,1,2,NA,"",NA,NA,NA,NA,NA,NA,NA,"",NA,NA,NA,NA,NA,NA,NA,NA,NA,NA,NA,NA,NA,NA,NA,NA,NA,NA,NA,"",NA,NA,NA,"13:08","mascarillas no se encontró - ",27,1,28,NA,NA,NA,NA,NA,NA,NA,NA,NA,NA,2,"MR. VICTOR R. HINOJOSA",NA,"2. Camioneta/Auto",NA,"Punto fijo",NA,"NO",NA,NA,NA,NA,NA,NA,NA,NA,NA,NA,NA,NA,"Complete","-16.425030","-71.521670","-16,424905","-71,523251"
"9",9,NA,"2024-06-01 16:29:46","7","Parque cooperativa lambramani ",10,710,2024-06-01,NA,"08:48","08:50",4,"","08:59",NA,1,NA,NA,18,0,2,NA,"",NA,NA,NA,NA,NA,NA,NA,"",NA,NA,NA,NA,NA,NA,NA,NA,NA,NA,NA,NA,NA,NA,NA,NA,NA,NA,NA,"",NA,NA,NA,"13:00","falta de uniforme para vacunar",18,0,18,NA,NA,NA,NA,NA,NA,NA,NA,NA,NA,2,"MR. VICTOR R. HINOJOSA",NA,"4. Caminando",NA,"Punto fijo",NA,"NO",NA,NA,NA,NA,NA,NA,NA,NA,NA,NA,NA,NA,"Complete","-16.424594","-71.528573","",""
"10",10,NA,"2024-06-01 16:32:17","7","Parque urb. bancarios",11,711,2024-06-01,NA,"08:40","09:15",1,"","10:00",NA,1,NA,NA,18,0,2,NA,"",NA,NA,NA,NA,NA,NA,NA,"",NA,NA,NA,NA,NA,NA,NA,NA,NA,NA,NA,NA,NA,NA,NA,NA,NA,NA,NA,"",NA,NA,NA,"13:00","",18,0,18,NA,NA,NA,NA,NA,NA,NA,NA,NA,NA,2,"MR. VICTOR R. HINOJOSA",NA,"1, Bus",NA,"Punto fijo",NA,"NO",NA,NA,NA,NA,NA,NA,NA,NA,NA,NA,NA,NA,"Complete","-16.422141","-71.528857","",""
"11",11,NA,"2024-06-01 16:34:21","7","Complejo 4 habitacional dunker",12,712,2024-06-01,NA,"08:44","09:00",1,"","09:47",NA,1,NA,NA,12,1,2,NA,"",NA,NA,NA,NA,NA,NA,NA,"",NA,NA,NA,NA,NA,NA,NA,NA,NA,NA,NA,NA,NA,NA,NA,NA,NA,NA,NA,"",NA,NA,NA,"13:38","zona residencial -  lugar cerrado",12,1,13,NA,NA,NA,NA,NA,NA,NA,NA,NA,NA,2,"MR. VICTOR R. HINOJOSA",NA,"1, Bus",NA,"Punto fijo",NA,"NO",NA,NA,NA,NA,NA,NA,NA,NA,NA,NA,NA,NA,"Complete","-16.417882","-71.517465","",""
"12",12,NA,"2024-06-01 16:36:58","7","Parque cantuta segunda etapa ",13,713,2024-06-01,NA,"08:44","09:00",1,"","09:37",NA,1,NA,NA,18,0,2,NA,"",NA,NA,NA,NA,NA,NA,NA,"",NA,NA,NA,NA,NA,NA,NA,NA,NA,NA,NA,NA,NA,NA,NA,NA,NA,NA,NA,"",NA,NA,NA,"13:10","en la zona la mayoría de perros estaban vacunados los vecinos indican que un dia antes avisar de la campaña",18,0,18,NA,NA,NA,NA,NA,NA,NA,NA,NA,NA,2,"MR. VICTOR R. HINOJOSA",NA,"1, Bus",NA,"Punto fijo",NA,"NO",NA,NA,NA,NA,NA,NA,NA,NA,NA,NA,NA,NA,"Complete","-16.411739","-71.517765","-16,41612","-71,517708"
"13",13,NA,"2024-06-01 16:39:38","7","Parque camino real",14,714,2024-06-01,NA,"08:46","08:55",2,"","09:08",NA,1,NA,NA,10,0,1,1,"11:52",1,3,0,NA,NA,2,NA,"",NA,NA,NA,NA,NA,NA,NA,NA,NA,NA,NA,NA,NA,NA,NA,NA,NA,NA,NA,"",NA,NA,NA,"12:56","",13,0,13,NA,NA,NA,NA,NA,NA,NA,NA,NA,NA,2,"MR. VICTOR R. HINOJOSA",NA,"2. Camioneta/Auto",NA,"Punto fijo",NA,"SI","Microred","Cambiamos a Punto fijo","NO",NA,NA,NA,NA,NA,NA,NA,NA,NA,"Complete","-16.415151","-71.519926","",""
"14",14,NA,"2024-06-01 16:41:13","7","Parque urb. agricultura ",15,715,2024-06-01,NA,"08:50","09:00",1,"","10:05",NA,1,NA,NA,9,0,2,NA,"",NA,NA,NA,NA,NA,NA,NA,"",NA,NA,NA,NA,NA,NA,NA,NA,NA,NA,NA,NA,NA,NA,NA,NA,NA,NA,NA,"",NA,NA,NA,"12:52","",9,0,9,NA,NA,NA,NA,NA,NA,NA,NA,NA,NA,2,"MR. VICTOR R. HINOJOSA",NA,"1, Bus",NA,"Punto fijo",NA,"NO",NA,NA,NA,NA,NA,NA,NA,NA,NA,NA,NA,NA,"Complete","-16.417437","-71.529165","",""
"15",15,NA,"2024-06-01 16:44:03","7","Puesto de salud 13 de enero",16,716,2024-06-01,NA,"07:30","07:30",5,"","07:30",NA,1,NA,NA,56,0,2,NA,"",NA,NA,NA,NA,NA,NA,NA,"",NA,NA,NA,NA,NA,NA,NA,NA,NA,NA,NA,NA,NA,NA,NA,NA,NA,NA,NA,"",NA,NA,NA,"12:50","no habido ni días antes y el mismo día perifoneo - entrego megafono a la 10:00am. ",56,0,56,NA,NA,NA,NA,NA,NA,NA,NA,NA,NA,2,"MR. VICTOR R. HINOJOSA",NA,"5. Mi punto era el Centro de Salud",NA,"Punto fijo",NA,"NO",NA,NA,NA,NA,NA,NA,NA,NA,NA,NA,NA,NA,"Complete","-16.432804","-71.530571","",""
"16",16,NA,"2024-06-01 16:46:10","7","Centro de salud las esmeraldas ",17,717,2024-06-01,NA,"07:30","07:30",5,"","08:00",NA,1,NA,NA,25,1,2,NA,"",NA,NA,NA,NA,NA,NA,NA,"",NA,NA,NA,NA,NA,NA,NA,NA,NA,NA,NA,NA,NA,NA,NA,NA,NA,NA,NA,"",NA,NA,NA,"13:12","la población pide desparasitación",25,1,26,NA,NA,NA,NA,NA,NA,NA,NA,NA,NA,2,"MR. VICTOR R. HINOJOSA",NA,"5. Mi punto era el Centro de Salud",NA,"Punto fijo",NA,"NO",NA,NA,NA,NA,NA,NA,NA,NA,NA,NA,NA,NA,"Complete","-16.449975","-71.512456","",""
"17",17,NA,"2024-06-01 16:47:55","7","Centro de salud Víctor Raúl",18,718,2024-06-01,NA,"08:00","08:00",5,"","08:00",NA,1,NA,NA,26,1,2,NA,"",NA,NA,NA,NA,NA,NA,NA,"",NA,NA,NA,NA,NA,NA,NA,NA,NA,NA,NA,NA,NA,NA,NA,NA,NA,NA,NA,"",NA,NA,NA,"12:50","",26,1,27,NA,NA,NA,NA,NA,NA,NA,NA,NA,NA,2,"MR. VICTOR R. HINOJOSA",NA,"5. Mi punto era el Centro de Salud",NA,"Punto fijo",NA,"NO",NA,NA,NA,NA,NA,NA,NA,NA,NA,NA,NA,NA,"Complete","-16.444803","-71.515538","",""
"18",18,NA,"2024-06-02 11:58:27","7","Centro de vacunación cero juli",3,73,2024-06-01,NA,"08:07","08:10",5,"","08:10",NA,1,NA,NA,76,0,2,NA,"",NA,NA,NA,NA,NA,NA,NA,"",NA,NA,NA,NA,NA,NA,NA,NA,NA,NA,NA,NA,NA,NA,NA,NA,NA,NA,NA,"",NA,NA,NA,"13:07","",76,0,76,NA,NA,NA,NA,NA,NA,NA,NA,NA,NA,2,"MR. VICTOR R. HINOJOSA",NA,"5. Mi punto era el Centro de Salud",NA,"Punto fijo",NA,"NO",NA,NA,NA,NA,NA,NA,NA,NA,NA,NA,NA,NA,"Complete","-16.425457","-71.542338","",""
"19",19,NA,"2024-06-02 16:21:57","2","",NA,NA,2024-06-02,NA,"07:33","07:45",1,"","08:20",NA,2,29,NA,NA,NA,NA,NA,"",NA,NA,NA,NA,NA,NA,NA,"",NA,NA,NA,NA,NA,NA,NA,NA,NA,NA,NA,NA,NA,2,1,95,5,NA,NA,"",NA,NA,NA,"12:20","mas orden con los equipos",95,5,100,NA,NA,NA,NA,NA,NA,NA,NA,NA,NA,2,"MR. BUENOS AIRES DE CAYMA",NA,"1, Bus",NA,"Punto movil",NA,NA,NA,NA,NA,NA,NA,NA,NA,NA,"Mapa con recorrido de inicio a fin","SI",NA,NA,"Complete","-16.337819","-71.552052","",""
"20",20,NA,"2024-06-02 16:25:37","2","",NA,NA,2024-06-02,NA,"07:33","07:45",4,"","08:30",NA,2,34,NA,NA,NA,NA,NA,"",NA,NA,NA,NA,NA,NA,NA,"",NA,NA,NA,NA,NA,NA,NA,NA,NA,NA,NA,NA,NA,3,2,96,13,NA,NA,"",NA,NA,NA,"12:00","realizar una mejor distribución de campo",96,13,109,NA,NA,NA,NA,NA,NA,NA,NA,NA,NA,2,"MR. BUENOS AIRES DE CAYMA",NA,"4. Caminando",NA,"Punto movil",NA,NA,NA,NA,NA,NA,NA,NA,NA,NA,"indicacion verbal (reportar en whats app)","NO",NA,NA,"Complete","-16.335609","-71.550530","",""
"21",21,NA,"2024-06-02 16:28:03","2","",NA,NA,2024-06-02,NA,"07:32","08:00",4,"","08:20",NA,2,2,NA,NA,NA,NA,NA,"",NA,NA,NA,NA,NA,NA,NA,"",NA,NA,NA,NA,NA,NA,NA,NA,NA,NA,NA,NA,NA,3,2,82,18,NA,NA,"",NA,NA,NA,"12:22","",82,18,100,NA,NA,NA,NA,NA,NA,NA,NA,NA,NA,2,"MR. BUENOS AIRES DE CAYMA",NA,"4. Caminando",NA,"Punto movil",NA,NA,NA,NA,NA,NA,NA,NA,NA,NA,"indicacion verbal (reportar en whats app)","NO",NA,NA,"Complete","-16.336695","-71.551937","",""
"22",22,NA,"2024-06-02 16:31:38","2","",NA,NA,2024-06-02,NA,"07:30","07:50",3,"","08:20",NA,2,19,NA,NA,NA,NA,NA,"",NA,NA,NA,NA,NA,NA,NA,"",NA,NA,NA,NA,NA,NA,NA,NA,NA,NA,NA,NA,NA,2,2,86,14,NA,NA,"",NA,NA,NA,"12:25","",86,14,100,NA,NA,NA,NA,NA,NA,NA,NA,NA,NA,2,"MR. BUENOS AIRES DE CAYMA",NA,"3. Transporte público",NA,"Punto movil",NA,NA,NA,NA,NA,NA,NA,NA,NA,NA,"Mapa con recorrido de inicio a fin","NO",NA,NA,"Complete","-16.326893","-71.540674","",""
"23",23,NA,"2024-06-02 16:35:27","2","",NA,NA,2024-06-02,NA,"07:00","07:30",1,"","08:00",NA,2,18,NA,NA,NA,NA,NA,"",NA,NA,NA,NA,NA,NA,NA,"",NA,NA,NA,NA,NA,NA,NA,NA,NA,NA,NA,NA,NA,2,2,90,10,NA,NA,"",NA,NA,NA,"10:52","",90,10,100,NA,NA,NA,NA,NA,NA,NA,NA,NA,NA,2,"MR. BUENOS AIRES DE CAYMA",NA,"1, Bus",NA,"Punto movil",NA,NA,NA,NA,NA,NA,NA,NA,NA,NA,"Mapa con recorrido de inicio a fin","NO",NA,NA,"Complete","-16.324922","-71.542794","",""
"24",24,NA,"2024-06-02 16:38:10","2","",NA,NA,2024-06-02,NA,"07:00","07:50",1,"","07:50",NA,1,NA,NA,63,8,2,NA,"",NA,NA,NA,NA,NA,NA,NA,"",NA,NA,NA,NA,NA,NA,NA,NA,NA,NA,NA,NA,NA,NA,NA,NA,NA,NA,NA,"",NA,NA,NA,"12:30","",63,8,71,NA,NA,NA,NA,NA,NA,NA,NA,NA,NA,2,"MR. BUENOS AIRES DE CAYMA",NA,"1, Bus",NA,"Punto fijo",NA,"NO",NA,NA,NA,NA,NA,NA,NA,NA,NA,NA,NA,NA,"Complete","-16.328083","-71.539300","",""
"25",25,NA,"2024-06-02 16:40:16","2","",NA,NA,2024-06-02,NA,"07:30","08:00",2,"","08:00",NA,2,NA,NA,NA,NA,NA,NA,"",NA,NA,NA,NA,NA,NA,NA,"",NA,NA,NA,NA,NA,NA,NA,NA,NA,NA,NA,NA,NA,3,1,72,0,NA,NA,"",NA,NA,NA,"12:20","mayor indicación de mapa de zona",72,0,72,NA,NA,NA,NA,NA,NA,NA,NA,NA,NA,2,"MR. BUENOS AIRES DE CAYMA",NA,"2. Camioneta/Auto",NA,"Punto movil",NA,NA,NA,NA,NA,NA,NA,NA,NA,NA,"indicacion verbal (reportar en whats app)","SI",NA,NA,"Complete","-16.328817","-71.540070","",""
"26",26,NA,"2024-06-02 16:41:25","2","",NA,NA,2024-06-02,NA,"07:40","08:00",1,"","08:07",NA,2,23,NA,NA,NA,NA,NA,"",NA,NA,NA,NA,NA,NA,NA,"",NA,NA,NA,NA,NA,NA,NA,NA,NA,NA,NA,NA,NA,3,2,54,22,NA,NA,"",NA,NA,NA,"11:51","falta de coordinación ",54,22,76,NA,NA,NA,NA,NA,NA,NA,NA,NA,NA,2,"MR. BUENOS AIRES DE CAYMA",NA,"1, Bus",NA,"Punto movil",NA,NA,NA,NA,NA,NA,NA,NA,NA,NA,"indicacion verbal (reportar en whats app)","NO",NA,NA,"Complete","-16.328419","-71.539749","",""
"27",27,NA,"2024-06-02 16:42:21","2","",NA,NA,2024-06-02,NA,"07:30","08:00",1,"","08:10",NA,2,NA,NA,NA,NA,NA,NA,"",NA,NA,NA,NA,NA,NA,NA,"",NA,NA,NA,NA,NA,NA,NA,NA,NA,NA,NA,NA,NA,3,2,81,0,NA,NA,"",NA,NA,NA,"12:30","divertido",81,0,81,NA,NA,NA,NA,NA,NA,NA,NA,NA,NA,2,"MR. BUENOS AIRES DE CAYMA",NA,"1, Bus",NA,"Punto movil",NA,NA,NA,NA,NA,NA,NA,NA,NA,NA,"indicacion verbal (reportar en whats app)","NO",NA,NA,"Complete","-16.325464","-71.543091","-16,33231","-71,550433"
"28",28,NA,"2024-06-02 16:44:04","2","",NA,NA,2024-06-02,NA,"07:35","07:45",2,"","08:00",NA,2,NA,NA,NA,NA,NA,NA,"",NA,NA,NA,NA,NA,NA,NA,"",NA,NA,NA,NA,NA,NA,NA,NA,NA,NA,NA,NA,NA,1,2,39,20,NA,NA,"",NA,NA,NA,"12:20","seria bueno que nos den stikers para colocar en las puertas de las viviendas ya vacunadas ",39,20,59,NA,NA,NA,NA,NA,NA,NA,NA,NA,NA,2,"MR. BUENOS AIRES DE CAYMA",NA,"2. Camioneta/Auto",NA,"Punto movil",NA,NA,NA,NA,NA,NA,NA,NA,NA,NA,"Mapa con zona delimitada","NO",NA,NA,"Complete","-16.322112","-71.538847","",""
"29",29,NA,"2024-06-02 16:45:25","2","",NA,NA,2024-06-02,NA,"07:43","08:00",2,"","08:07",NA,1,NA,NA,57,10,2,NA,"",NA,NA,NA,NA,NA,NA,NA,"",NA,NA,NA,NA,NA,NA,NA,NA,NA,NA,NA,NA,NA,NA,NA,NA,NA,NA,NA,"",NA,NA,NA,"12:14","nos falto collares",57,10,67,NA,NA,NA,NA,NA,NA,NA,NA,NA,NA,2,"MR. BUENOS AIRES DE CAYMA",NA,"2. Camioneta/Auto",NA,"Punto fijo",NA,"NO",NA,NA,NA,NA,NA,NA,NA,NA,NA,NA,NA,NA,"Complete","-16.331737","-71.544006","",""
"30",30,NA,"2024-06-02 16:46:46","2","",NA,NA,2024-06-02,NA,"07:40","08:00",2,"","08:15",NA,2,NA,NA,NA,NA,NA,NA,"",NA,NA,NA,NA,NA,NA,NA,"",NA,NA,NA,NA,NA,NA,NA,NA,NA,NA,NA,NA,NA,1,1,48,13,NA,NA,"",NA,NA,NA,"12:43","nos dieron muchas brigadas en una zona cercana ",48,13,61,NA,NA,NA,NA,NA,NA,NA,NA,NA,NA,2,"MR. BUENOS AIRES DE CAYMA",NA,"2. Camioneta/Auto",NA,"Punto movil",NA,NA,NA,NA,NA,NA,NA,NA,NA,NA,"Mapa con zona delimitada","SI",NA,NA,"Complete","-16.327294","-71.540798","",""
"31",31,NA,"2024-06-02 16:47:50","2","",NA,NA,2024-06-02,NA,"08:11","08:20",2,"","09:51",NA,2,NA,NA,NA,NA,NA,NA,"",NA,NA,NA,NA,NA,NA,NA,"",NA,NA,NA,NA,NA,NA,NA,NA,NA,NA,NA,NA,NA,1,2,53,8,NA,NA,"",NA,NA,NA,"12:54","fue mucho mayor numero de perros",53,8,61,NA,NA,NA,NA,NA,NA,NA,NA,NA,NA,2,"MR. BUENOS AIRES DE CAYMA",NA,"2. Camioneta/Auto",NA,"Punto movil",NA,NA,NA,NA,NA,NA,NA,NA,NA,NA,"Mapa con zona delimitada","NO",NA,NA,"Complete","-16.332331","-71.550476","",""
"32",32,NA,"2024-06-02 16:49:01","2","",NA,NA,2024-06-02,NA,"08:10","08:20",2,"","08:25",NA,1,NA,NA,52,15,2,NA,"",NA,NA,NA,NA,NA,NA,NA,"",NA,NA,NA,NA,NA,NA,NA,NA,NA,NA,NA,NA,NA,NA,NA,NA,NA,NA,NA,"",NA,NA,NA,"12:57","organización de los equipos",52,15,67,NA,NA,NA,NA,NA,NA,NA,NA,NA,NA,2,"MR. BUENOS AIRES DE CAYMA",NA,"2. Camioneta/Auto",NA,"Punto fijo",NA,"NO",NA,NA,NA,NA,NA,NA,NA,NA,NA,NA,NA,NA,"Complete","-16.330128","-71.542795","",""
"33",33,NA,"2024-06-02 16:49:40","2","",NA,NA,2024-06-02,NA,"07:58","08:00",1,"","08:10",NA,2,1,NA,NA,NA,NA,NA,"",NA,NA,NA,NA,NA,NA,NA,"",NA,NA,NA,NA,NA,NA,NA,NA,NA,NA,NA,NA,NA,2,2,39,8,NA,NA,"",NA,NA,NA,"13:00","",39,8,47,NA,NA,NA,NA,NA,NA,NA,NA,NA,NA,2,"MR. BUENOS AIRES DE CAYMA",NA,"1, Bus",NA,"Punto movil",NA,NA,NA,NA,NA,NA,NA,NA,NA,NA,"Mapa con recorrido de inicio a fin","NO",NA,NA,"Complete","-16.325160","-71.540487","",""
"34",34,NA,"2024-06-02 16:50:34","2","",NA,NA,2024-06-02,NA,"07:30","07:45",1,"","08:00",NA,2,33,NA,NA,NA,NA,NA,"",NA,NA,NA,NA,NA,NA,NA,"",NA,NA,NA,NA,NA,NA,NA,NA,NA,NA,NA,NA,NA,1,2,90,10,NA,NA,"",NA,NA,NA,"13:10","",90,10,100,NA,NA,NA,NA,NA,NA,NA,NA,NA,NA,2,"MR. BUENOS AIRES DE CAYMA",NA,"1, Bus",NA,"Punto movil",NA,NA,NA,NA,NA,NA,NA,NA,NA,NA,"Mapa con zona delimitada","NO",NA,NA,"Complete","-16.336863","-71.548987","",""
"35",35,NA,"2024-06-02 16:51:23","2","",NA,NA,2024-06-02,NA,"07:32","08:05",4,"","08:10",NA,2,31,NA,NA,NA,NA,NA,"",NA,NA,NA,NA,NA,NA,NA,"",NA,NA,NA,NA,NA,NA,NA,NA,NA,NA,NA,NA,NA,1,2,42,8,NA,NA,"",NA,NA,NA,"12:05","",42,8,50,NA,NA,NA,NA,NA,NA,NA,NA,NA,NA,2,"MR. BUENOS AIRES DE CAYMA",NA,"4. Caminando",NA,"Punto movil",NA,NA,NA,NA,NA,NA,NA,NA,NA,NA,"Mapa con zona delimitada","NO",NA,NA,"Complete","-16.333914","-71.547027","",""
"36",36,NA,"2024-06-02 16:52:20","2","",NA,NA,2024-06-02,NA,"07:40","08:00",4,"","08:15",NA,2,NA,NA,NA,NA,NA,NA,"",NA,NA,NA,NA,NA,NA,NA,"",NA,NA,NA,NA,NA,NA,NA,NA,NA,NA,NA,NA,NA,3,1,96,0,NA,NA,"",NA,NA,NA,"12:00","",96,0,96,NA,NA,NA,NA,NA,NA,NA,NA,NA,NA,2,"MR. BUENOS AIRES DE CAYMA",NA,"4. Caminando",NA,"Punto movil",NA,NA,NA,NA,NA,NA,NA,NA,NA,NA,"indicacion verbal (reportar en whats app)","SI",NA,NA,"Complete","-16.335057","-71.548451","",""
"37",37,NA,"2024-06-02 16:54:00","2","",NA,NA,2024-06-02,NA,"07:32","07:47",1,"","08:01",NA,2,21,NA,NA,NA,NA,NA,"",NA,NA,NA,NA,NA,NA,NA,"",NA,NA,NA,NA,NA,NA,NA,NA,NA,NA,NA,NA,NA,3,1,75,25,NA,NA,"",NA,NA,NA,"12:34","mala coordinación al momento de dar las rutas / aglomeración de brigadas de vacunación ",75,25,100,NA,NA,NA,NA,NA,NA,NA,NA,NA,NA,2,"MR. BUENOS AIRES DE CAYMA",NA,"1, Bus",NA,"Punto movil",NA,NA,NA,NA,NA,NA,NA,NA,NA,NA,"indicacion verbal (reportar en whats app)","SI",NA,NA,"Complete","-16.329374","-71.539940","",""
"38",38,NA,"2024-06-02 16:54:59","2","",NA,NA,2024-06-02,NA,"07:30","07:40",1,"","08:15",NA,2,NA,NA,NA,NA,NA,NA,"",NA,NA,NA,NA,NA,NA,NA,"",NA,NA,NA,NA,NA,NA,NA,NA,NA,NA,NA,NA,NA,2,2,56,7,NA,NA,"",NA,NA,NA,"12:15","mordieron a una señorita y los perros se quisieron pelear ",56,7,63,NA,NA,NA,NA,NA,NA,NA,NA,NA,NA,2,"MR. BUENOS AIRES DE CAYMA",NA,"1, Bus",NA,"Punto movil",NA,NA,NA,NA,NA,NA,NA,NA,NA,NA,"Mapa con recorrido de inicio a fin","NO",NA,NA,"Complete","-16.327825","-71.539383","",""
"39",39,NA,"2024-06-02 16:56:41","2","",NA,NA,2024-06-02,NA,"07:15","08:20",1,"","08:30",NA,2,NA,NA,NA,NA,NA,NA,"",NA,NA,NA,NA,NA,NA,NA,"",NA,NA,NA,NA,NA,NA,NA,NA,NA,NA,NA,NA,NA,3,1,59,16,NA,NA,"",NA,NA,NA,"12:30","nos cambiaron las rutas muy amenudo y chocamos varias veces con otras brigadas y no hubo otro guante ",59,16,75,NA,NA,NA,NA,NA,NA,NA,NA,NA,NA,2,"MR. BUENOS AIRES DE CAYMA",NA,"1, Bus",NA,"Punto movil",NA,NA,NA,NA,NA,NA,NA,NA,NA,NA,"indicacion verbal (reportar en whats app)","SI",NA,NA,"Complete","-16.332349","-71.550480","",""
"40",40,NA,"2024-06-02 16:58:06","2","",NA,NA,2024-06-02,NA,"07:50","08:10",2,"","08:40",NA,1,NA,NA,53,5,2,NA,"",NA,NA,NA,NA,NA,NA,NA,"",NA,NA,NA,NA,NA,NA,NA,NA,NA,NA,NA,NA,NA,NA,NA,NA,NA,NA,NA,"",NA,NA,NA,"12:33","mala distribución de los puntos de vacunación ",53,5,58,NA,NA,NA,NA,NA,NA,NA,NA,NA,NA,2,"MR. BUENOS AIRES DE CAYMA",NA,"2. Camioneta/Auto",NA,"Punto fijo",NA,"NO",NA,NA,NA,NA,NA,NA,NA,NA,NA,NA,NA,NA,"Complete","-16.307037","-71.530754","",""
"41",41,NA,"2024-06-02 16:59:01","2","",NA,NA,2024-06-02,NA,"07:40","07:50",1,"","08:00",NA,2,NA,NA,NA,NA,NA,NA,"",NA,NA,NA,NA,NA,NA,NA,"",NA,NA,NA,NA,NA,NA,NA,NA,NA,NA,NA,NA,NA,3,2,45,0,NA,NA,"",NA,NA,NA,"13:00","mas orden al poner las rutas ",45,0,45,NA,NA,NA,NA,NA,NA,NA,NA,NA,NA,2,"MR. BUENOS AIRES DE CAYMA",NA,"1, Bus",NA,"Punto movil",NA,NA,NA,NA,NA,NA,NA,NA,NA,NA,"indicacion verbal (reportar en whats app)","NO",NA,NA,"Complete","-16.324886","-71.542748","",""
"42",42,NA,"2024-06-02 16:59:56","2","",NA,NA,2024-06-02,NA,"07:40","08:00",2,"","08:15",NA,1,NA,NA,43,11,2,NA,"",NA,NA,NA,NA,NA,NA,NA,"",NA,NA,NA,NA,NA,NA,NA,NA,NA,NA,NA,NA,NA,NA,NA,NA,NA,NA,NA,"",NA,NA,NA,"12:10","",43,11,54,NA,NA,NA,NA,NA,NA,NA,NA,NA,NA,2,"MR. BUENOS AIRES DE CAYMA",NA,"2. Camioneta/Auto",NA,"Punto fijo",NA,"NO",NA,NA,NA,NA,NA,NA,NA,NA,NA,NA,NA,NA,"Complete","-16.327172","-71.540682","-16,328768","-71,543354"
"43",43,NA,"2024-06-02 17:00:54","2","",NA,NA,2024-06-02,NA,"08:00","08:30",2,"","08:45",NA,2,NA,NA,NA,NA,NA,NA,"",NA,NA,NA,NA,NA,NA,NA,"",NA,NA,NA,NA,NA,NA,NA,NA,NA,NA,NA,NA,NA,2,2,86,14,NA,NA,"",NA,NA,NA,"12:30","no brindaron mas vacunas y jeringas ",86,14,100,NA,NA,NA,NA,NA,NA,NA,NA,NA,NA,2,"MR. BUENOS AIRES DE CAYMA",NA,"2. Camioneta/Auto",NA,"Punto movil",NA,NA,NA,NA,NA,NA,NA,NA,NA,NA,"Mapa con recorrido de inicio a fin","NO",NA,NA,"Complete","-16.322625","-71.537458","",""
"44",44,NA,"2024-06-02 17:04:46","2","",NA,NA,2024-06-01,NA,"08:00","08:05",2,"","08:14",NA,2,27,NA,NA,NA,NA,NA,"",NA,NA,NA,NA,NA,NA,NA,"",NA,NA,NA,NA,NA,NA,NA,NA,NA,NA,NA,NA,NA,2,1,64,1,NA,NA,"",NA,NA,NA,"12:15","",64,1,65,NA,NA,NA,NA,NA,NA,NA,NA,NA,NA,2,"MR. BUENOS AIRES DE CAYMA",NA,"2. Camioneta/Auto",NA,"Punto movil",NA,NA,NA,NA,NA,NA,NA,NA,NA,NA,"Mapa con recorrido de inicio a fin","SI",NA,NA,"Complete","-16.306647","-71.530640","",""
"45",45,NA,"2024-06-02 17:06:03","2","",NA,NA,2024-06-01,NA,"07:50","08:23",2,"","09:02",NA,2,34,NA,NA,NA,NA,NA,"",NA,NA,NA,NA,NA,NA,NA,"",NA,NA,NA,NA,NA,NA,NA,NA,NA,NA,NA,NA,NA,3,1,27,2,NA,NA,"",NA,NA,NA,"12:42","nos llevaron de un lado a otro en camioneta ",27,2,29,NA,NA,NA,NA,NA,NA,NA,NA,NA,NA,2,"MR. BUENOS AIRES DE CAYMA",NA,"2. Camioneta/Auto",NA,"Punto movil",NA,NA,NA,NA,NA,NA,NA,NA,NA,NA,"indicacion verbal (reportar en whats app)","SI",NA,NA,"Complete","-16.308149","-71.534511","",""
"46",46,NA,"2024-06-02 17:07:00","2","",NA,NA,2024-06-01,NA,"08:00","08:00",2,"","08:25",NA,2,31,NA,NA,NA,NA,NA,"",NA,NA,NA,NA,NA,NA,NA,"",NA,NA,NA,NA,NA,NA,NA,NA,NA,NA,NA,NA,NA,1,2,72,28,NA,NA,"",NA,NA,NA,"12:40","",72,28,100,NA,NA,NA,NA,NA,NA,NA,NA,NA,NA,2,"MR. BUENOS AIRES DE CAYMA",NA,"2. Camioneta/Auto",NA,"Punto movil",NA,NA,NA,NA,NA,NA,NA,NA,NA,NA,"Mapa con zona delimitada","NO",NA,NA,"Complete","-16.310178","-71.531406","",""
"47",47,NA,"2024-06-02 17:09:29","2","",NA,NA,2024-06-01,NA,"07:00","07:30",2,"","07:50",NA,2,25,NA,NA,NA,NA,NA,"",NA,NA,NA,NA,NA,NA,NA,"",NA,NA,NA,NA,NA,NA,NA,NA,NA,NA,NA,NA,NA,2,1,79,11,NA,NA,"",NA,NA,NA,"12:40","me dijeron que baje en zigzag",79,11,90,NA,NA,NA,NA,NA,NA,NA,NA,NA,NA,2,"MR. BUENOS AIRES DE CAYMA",NA,"2. Camioneta/Auto",NA,"Punto movil",NA,NA,NA,NA,NA,NA,NA,NA,NA,NA,"Mapa con recorrido de inicio a fin","SI",NA,NA,"Complete","-16.309978","-71.531362","",""
"48",48,NA,"2024-06-02 17:10:37","2","",NA,NA,2024-06-01,NA,"07:30","07:40",2,"","08:10",NA,2,22,NA,NA,NA,NA,NA,"",NA,NA,NA,NA,NA,NA,NA,"",NA,NA,NA,NA,NA,NA,NA,NA,NA,NA,NA,NA,NA,2,1,49,15,NA,NA,"",NA,NA,NA,"13:00","que no se olviden dela demás brigadas de vacunación ",49,15,64,NA,NA,NA,NA,NA,NA,NA,NA,NA,NA,2,"MR. BUENOS AIRES DE CAYMA",NA,"2. Camioneta/Auto",NA,"Punto movil",NA,NA,NA,NA,NA,NA,NA,NA,NA,NA,"Mapa con recorrido de inicio a fin","SI",NA,NA,"Complete","-16.301171","-71.531010","",""
"49",49,NA,"2024-06-02 17:12:08","2","",NA,NA,2024-06-01,NA,"08:00","08:10",2,"","08:30",NA,2,NA,NA,NA,NA,NA,NA,"",NA,NA,NA,NA,NA,NA,NA,"",NA,NA,NA,NA,NA,NA,NA,NA,NA,NA,NA,NA,NA,2,1,34,4,NA,NA,"",NA,NA,NA,"12:30","mala organización y delimitación de zona",34,4,38,NA,NA,NA,NA,NA,NA,NA,NA,NA,NA,2,"MR. BUENOS AIRES DE CAYMA",NA,"2. Camioneta/Auto",NA,"Punto movil",NA,NA,NA,NA,NA,NA,NA,NA,NA,NA,"Mapa con recorrido de inicio a fin","SI",NA,NA,"Complete","-16.306144","-71.534833","",""
"50",50,NA,"2024-06-02 17:14:21","2","",NA,NA,2024-06-01,NA,"08:40","08:15",2,"","08:40",NA,2,NA,NA,NA,NA,NA,NA,"",NA,NA,NA,NA,NA,NA,NA,"",NA,NA,NA,NA,NA,NA,NA,NA,NA,NA,NA,NA,NA,1,2,20,5,NA,NA,"",NA,NA,NA,"12:20","fue experiencia buena con los animales ",20,5,25,NA,NA,NA,NA,NA,NA,NA,NA,NA,NA,2,"MR. BUENOS AIRES DE CAYMA",NA,"2. Camioneta/Auto",NA,"Punto movil",NA,NA,NA,NA,NA,NA,NA,NA,NA,NA,"Mapa con zona delimitada","NO",NA,NA,"Complete","-16.308213","-71.534567","",""
"51",51,NA,"2024-06-02 17:16:48","2","",NA,NA,2024-06-01,NA,"08:00","08:15",2,"","08:30",NA,1,NA,NA,14,3,1,1,"09:20",1,20,0,NA,NA,1,1,"09:54",2,NA,NA,11,3,2,NA,NA,NA,NA,NA,NA,NA,NA,NA,NA,NA,NA,NA,"",NA,NA,NA,"12:44","",45,6,51,NA,NA,NA,NA,NA,NA,NA,NA,NA,NA,2,"MR. BUENOS AIRES DE CAYMA",NA,"2. Camioneta/Auto",NA,"Punto fijo",NA,"SI","Microred","Cambiamos a Punto fijo","SI","Microred","Cambiamos a Punto movil","NO",NA,NA,NA,NA,NA,NA,"Complete","-16.331072","-71.543529","",""
"52",52,NA,"2024-06-02 17:17:59","2","",NA,NA,2024-06-01,NA,"08:00","08:15",2,"","08:30",NA,2,NA,NA,NA,NA,NA,NA,"",NA,NA,NA,NA,NA,NA,NA,"",NA,NA,NA,NA,NA,NA,NA,NA,NA,NA,NA,NA,NA,3,1,72,15,NA,NA,"",NA,NA,NA,"13:00","organización de distribución de las brigadas ",72,15,87,NA,NA,NA,NA,NA,NA,NA,NA,NA,NA,2,"MR. BUENOS AIRES DE CAYMA",NA,"2. Camioneta/Auto",NA,"Punto movil",NA,NA,NA,NA,NA,NA,NA,NA,NA,NA,"indicacion verbal (reportar en whats app)","SI",NA,NA,"Complete","-16.313945","-71.534553","",""
"53",53,NA,"2024-06-02 17:19:08","2","",NA,NA,2024-06-01,NA,"07:50","08:05",2,"","08:30",NA,2,NA,NA,NA,NA,NA,NA,"",NA,NA,NA,NA,NA,NA,NA,"",NA,NA,NA,NA,NA,NA,NA,NA,NA,NA,NA,NA,NA,3,2,71,0,NA,NA,"",NA,NA,NA,"12:50","falta de coordinación, no dieron indicaciones y se juntaron los grupos",71,0,71,NA,NA,NA,NA,NA,NA,NA,NA,NA,NA,2,"MR. BUENOS AIRES DE CAYMA",NA,"2. Camioneta/Auto",NA,"Punto movil",NA,NA,NA,NA,NA,NA,NA,NA,NA,NA,"indicacion verbal (reportar en whats app)","NO",NA,NA,"Complete","-16.308232","-71.534508","",""
"54",54,NA,"2024-06-02 17:21:05","2","",NA,NA,2024-06-01,NA,"08:15","08:30",2,"","08:45",NA,2,NA,NA,NA,NA,NA,NA,"",NA,NA,NA,NA,NA,NA,NA,"",NA,NA,NA,NA,NA,NA,NA,NA,NA,NA,NA,NA,NA,3,2,71,0,NA,NA,"",NA,NA,NA,"12:30","no me brindaron mayor cantidad de agua, nos llevaron en una tolva de camioneta, no nos brindaron almuerzo, que nos brinden un mejor manejo de mapa",71,0,71,NA,NA,NA,NA,NA,NA,NA,NA,NA,NA,2,"MR. BUENOS AIRES DE CAYMA",NA,"2. Camioneta/Auto",NA,"Punto movil",NA,NA,NA,NA,NA,NA,NA,NA,NA,NA,"indicacion verbal (reportar en whats app)","NO",NA,NA,"Complete","-16.320249","-71.536276","",""
"55",55,NA,"2024-06-02 17:22:01","2","",NA,NA,2024-06-01,NA,"07:50","08:30",2,"","09:00",NA,2,NA,NA,NA,NA,NA,NA,"",NA,NA,NA,NA,NA,NA,NA,"",NA,NA,NA,NA,NA,NA,NA,NA,NA,NA,NA,NA,NA,3,NA,23,5,NA,NA,"",NA,NA,NA,"12:40","no hay dueños en casa",23,5,28,NA,NA,NA,NA,NA,NA,NA,NA,NA,NA,2,"MR. BUENOS AIRES DE CAYMA",NA,"2. Camioneta/Auto",NA,"Punto movil",NA,NA,NA,NA,NA,NA,NA,NA,NA,NA,"indicacion verbal (reportar en whats app)",NA,NA,NA,"Complete","-16.306654","-71.530648","",""
"56",56,NA,"2024-06-02 17:22:49","2","",NA,NA,2024-06-01,NA,"08:00","08:15",2,"","08:30",NA,2,NA,NA,NA,NA,NA,NA,"",NA,NA,NA,NA,NA,NA,NA,"",NA,NA,NA,NA,NA,NA,NA,NA,NA,NA,NA,NA,NA,3,1,37,10,NA,NA,"",NA,NA,NA,"13:05","mejor organización ",37,10,47,NA,NA,NA,NA,NA,NA,NA,NA,NA,NA,2,"MR. BUENOS AIRES DE CAYMA",NA,"2. Camioneta/Auto",NA,"Punto movil",NA,NA,NA,NA,NA,NA,NA,NA,NA,NA,"indicacion verbal (reportar en whats app)","SI",NA,NA,"Complete","-16.301197","-71.530447","",""
"57",57,NA,"2024-06-02 17:23:47","2","",NA,NA,2024-06-01,NA,"08:00","08:05",2,"","08:15",NA,2,NA,NA,NA,NA,NA,NA,"",NA,NA,NA,NA,NA,NA,NA,"",NA,NA,NA,NA,NA,NA,NA,NA,NA,NA,NA,NA,NA,2,1,67,15,NA,NA,"",NA,NA,NA,"12:18","",67,15,82,NA,NA,NA,NA,NA,NA,NA,NA,NA,NA,2,"MR. BUENOS AIRES DE CAYMA",NA,"2. Camioneta/Auto",NA,"Punto movil",NA,NA,NA,NA,NA,NA,NA,NA,NA,NA,"Mapa con recorrido de inicio a fin","SI",NA,NA,"Complete","-16.310110","-71.531491","",""
"58",58,NA,"2024-06-02 17:24:26","2","",NA,NA,2024-06-01,NA,"07:30","07:40",2,"","08:07",NA,2,NA,NA,NA,NA,NA,NA,"",NA,NA,NA,NA,NA,NA,NA,"",NA,NA,NA,NA,NA,NA,NA,NA,NA,NA,NA,NA,NA,1,2,45,4,NA,NA,"",NA,NA,NA,"12:06","",45,4,49,NA,NA,NA,NA,NA,NA,NA,NA,NA,NA,2,"MR. BUENOS AIRES DE CAYMA",NA,"2. Camioneta/Auto",NA,"Punto movil",NA,NA,NA,NA,NA,NA,NA,NA,NA,NA,"Mapa con zona delimitada","NO",NA,NA,"Complete","-16.295263","-71.528181","",""
"59",59,NA,"2024-06-02 17:25:13","2","",NA,NA,2024-06-01,NA,"07:15","08:30",2,"","08:52",NA,2,NA,NA,NA,NA,NA,NA,"",NA,NA,NA,NA,NA,NA,NA,"",NA,NA,NA,NA,NA,NA,NA,NA,NA,NA,NA,NA,NA,2,2,47,12,NA,NA,"",NA,NA,NA,"13:04","",47,12,59,NA,NA,NA,NA,NA,NA,NA,NA,NA,NA,2,"MR. BUENOS AIRES DE CAYMA",NA,"2. Camioneta/Auto",NA,"Punto movil",NA,NA,NA,NA,NA,NA,NA,NA,NA,NA,"Mapa con recorrido de inicio a fin","NO",NA,NA,"Complete","-16.298029","-71.528267","",""
"60",60,NA,"2024-06-02 17:26:06","2","",NA,NA,2024-06-01,NA,"07:50","08:30",2,"","08:45",NA,2,NA,NA,NA,NA,NA,NA,"",NA,NA,NA,NA,NA,NA,NA,"",NA,NA,NA,NA,NA,NA,NA,NA,NA,NA,NA,NA,NA,NA,1,31,5,NA,NA,"",NA,NA,NA,"12:20","estuvo bien",31,5,36,NA,NA,NA,NA,NA,NA,NA,NA,NA,NA,2,"MR. BUENOS AIRES DE CAYMA",NA,"2. Camioneta/Auto",NA,"Punto movil",NA,NA,NA,NA,NA,NA,NA,NA,NA,NA,NA,"SI",NA,NA,"Complete","-16.307098","-71.535851","",""
"61",61,NA,"2024-06-02 17:26:55","2","",NA,NA,2024-06-01,NA,"08:20","08:23",2,"","08:50",NA,2,NA,NA,NA,NA,NA,NA,"",NA,NA,NA,NA,NA,NA,NA,"",NA,NA,NA,NA,NA,NA,NA,NA,NA,NA,NA,NA,NA,1,1,27,2,NA,NA,"",NA,NA,NA,"13:05","mas organización ",27,2,29,NA,NA,NA,NA,NA,NA,NA,NA,NA,NA,2,"MR. BUENOS AIRES DE CAYMA",NA,"2. Camioneta/Auto",NA,"Punto movil",NA,NA,NA,NA,NA,NA,NA,NA,NA,NA,"Mapa con zona delimitada","SI",NA,NA,"Complete","-16.308169","-71.534554","-16.310334","-71.536610"
"62",62,NA,"2024-06-02 17:28:38","2","",NA,NA,2024-06-01,NA,"08:30","08:30",5,"","08:30",NA,1,NA,NA,44,0,2,NA,"",NA,NA,NA,NA,NA,NA,NA,"",NA,NA,NA,NA,NA,NA,NA,NA,NA,NA,NA,NA,NA,NA,NA,NA,NA,NA,NA,"",NA,NA,NA,"13:40","faltaba mas difusión, un megáfono para el puesto fijo  ",44,0,44,NA,NA,NA,NA,NA,NA,NA,NA,NA,NA,2,"MR. BUENOS AIRES DE CAYMA",NA,"5. Mi punto era el Centro de Salud",NA,"Punto fijo",NA,"NO",NA,NA,NA,NA,NA,NA,NA,NA,NA,NA,NA,NA,"Complete","-16.333436","-71.547346","",""
"63",63,NA,"2024-06-02 17:30:10","2","",NA,NA,2024-06-01,NA,"","",2,"","",NA,2,NA,NA,NA,NA,NA,NA,"",NA,NA,NA,NA,NA,NA,NA,"",NA,NA,NA,NA,NA,NA,NA,NA,NA,NA,NA,NA,NA,2,2,15,NA,NA,NA,"",NA,NA,NA,"12:30","inicie en una cuadra que fue marcada por un lote y terminaba cuatro cuadras después ",15,NA,15,NA,NA,NA,NA,NA,NA,NA,NA,NA,NA,2,"MR. BUENOS AIRES DE CAYMA",NA,"2. Camioneta/Auto",NA,"Punto movil",NA,NA,NA,NA,NA,NA,NA,NA,NA,NA,"Mapa con recorrido de inicio a fin","NO",NA,NA,"Complete","-16.306862","-71.533097","",""
"64",64,NA,"2024-06-02 17:30:54","2","",NA,NA,2024-06-01,NA,"07:00","08:00",2,"","08:20",NA,2,NA,NA,NA,NA,NA,NA,"",NA,NA,NA,NA,NA,NA,NA,"",NA,NA,NA,NA,NA,NA,NA,NA,NA,NA,NA,NA,NA,3,2,37,4,NA,NA,"",NA,NA,NA,"","buena experiencia ",37,4,41,NA,NA,NA,NA,NA,NA,NA,NA,NA,NA,2,"MR. BUENOS AIRES DE CAYMA",NA,"2. Camioneta/Auto",NA,"Punto movil",NA,NA,NA,NA,NA,NA,NA,NA,NA,NA,"indicacion verbal (reportar en whats app)","NO",NA,NA,"Complete","-16.295952","-71.527571","",""
"65",65,NA,"2024-06-02 17:31:39","2","",NA,NA,2024-06-01,NA,"08:00","08:15",2,"","08:45",NA,2,NA,NA,NA,NA,NA,NA,"",NA,NA,NA,NA,NA,NA,NA,"",NA,NA,NA,NA,NA,NA,NA,NA,NA,NA,NA,NA,NA,1,2,18,12,NA,NA,"",NA,NA,NA,"12:30","",18,12,30,NA,NA,NA,NA,NA,NA,NA,NA,NA,NA,2,"MR. BUENOS AIRES DE CAYMA",NA,"2. Camioneta/Auto",NA,"Punto movil",NA,NA,NA,NA,NA,NA,NA,NA,NA,NA,"Mapa con zona delimitada","NO",NA,NA,"Complete","-16.301845","-71.528317","-16,302247","-71,529119"
"66",66,NA,"2024-06-02 17:32:24","2","",NA,NA,2024-06-01,NA,"08:00","08:05",2,"","08:15",NA,2,NA,NA,NA,NA,NA,NA,"",NA,NA,NA,NA,NA,NA,NA,"",NA,NA,NA,NA,NA,NA,NA,NA,NA,NA,NA,NA,NA,3,1,57,30,NA,NA,"",NA,NA,NA,"","",57,30,87,NA,NA,NA,NA,NA,NA,NA,NA,NA,NA,2,"MR. BUENOS AIRES DE CAYMA",NA,"2. Camioneta/Auto",NA,"Punto movil",NA,NA,NA,NA,NA,NA,NA,NA,NA,NA,"indicacion verbal (reportar en whats app)","SI",NA,NA,"Complete","-16.307532","-71.535092","-16.306764","-71.535899"
"67",67,NA,"2024-06-02 17:33:21","2","",NA,NA,2024-06-01,NA,"08:00","08:00",2,"","08:10",NA,2,NA,NA,NA,NA,NA,NA,"",NA,NA,NA,NA,NA,NA,NA,"",NA,NA,NA,NA,NA,NA,NA,NA,NA,NA,NA,NA,NA,2,1,26,7,NA,NA,"",NA,NA,NA,"12:20","",26,7,33,NA,NA,NA,NA,NA,NA,NA,NA,NA,NA,2,"MR. BUENOS AIRES DE CAYMA",NA,"2. Camioneta/Auto",NA,"Punto movil",NA,NA,NA,NA,NA,NA,NA,NA,NA,NA,"Mapa con recorrido de inicio a fin","SI",NA,NA,"Complete","-16.331072","-71.543529","",""
"68",68,NA,"2024-06-02 17:34:16","2","",NA,NA,2024-06-01,NA,"08:00","08:20",2,"","09:00",NA,2,NA,NA,NA,NA,NA,NA,"",NA,NA,NA,NA,NA,NA,NA,"",NA,NA,NA,NA,NA,NA,NA,NA,NA,NA,NA,NA,NA,1,2,30,9,NA,NA,"",NA,NA,NA,"13:00","buen trabajo en equipo y buen material ",30,9,39,NA,NA,NA,NA,NA,NA,NA,NA,NA,NA,2,"MR. BUENOS AIRES DE CAYMA",NA,"2. Camioneta/Auto",NA,"Punto movil",NA,NA,NA,NA,NA,NA,NA,NA,NA,NA,"Mapa con zona delimitada","NO",NA,NA,"Complete","-16.311144","-71.536012","",""
"69",69,NA,"2024-06-02 17:37:01","7","puesto de salud esmeralda ",1,71,2024-06-02,NA,"08:00","08:00",5,"","08:30",NA,1,NA,NA,71,10,2,NA,"",NA,NA,NA,NA,NA,NA,NA,"",NA,NA,NA,NA,NA,NA,NA,NA,NA,NA,NA,NA,NA,NA,NA,NA,NA,NA,NA,"",NA,NA,NA,"13:00","falta de perifoneo en punto fijo, refrigerio para todo el personal que apoya se le debe incluir ",71,10,81,NA,NA,NA,NA,NA,NA,NA,NA,NA,NA,2,"MR. VICTOR R. HINOJOSA",NA,"5. Mi punto era el Centro de Salud",NA,"Punto fijo",NA,"NO",NA,NA,NA,NA,NA,NA,NA,NA,NA,NA,NA,NA,"Complete","-16.449975","-71.512456","",""
"70",70,NA,"2024-06-02 17:38:21","7","ricardo palma",2,72,2024-06-02,NA,"08:00","08:05",4,"","08:43",NA,1,NA,NA,54,7,2,NA,"",NA,NA,NA,NA,NA,NA,NA,"",NA,NA,NA,NA,NA,NA,NA,NA,NA,NA,NA,NA,NA,NA,NA,NA,NA,NA,NA,"",NA,NA,NA,"12:57","",54,7,61,NA,NA,NA,NA,NA,NA,NA,NA,NA,NA,2,"MR. VICTOR R. HINOJOSA",NA,"4. Caminando",NA,"Punto fijo",NA,"NO",NA,NA,NA,NA,NA,NA,NA,NA,NA,NA,NA,NA,"Complete","-16.447472","-71.515697","",""
"71",71,NA,"2024-06-02 17:39:43","7","centro de salud Víctor Raúl Hinojoza ",3,73,2024-06-02,NA,"08:00","08:00",5,"","08:00",NA,1,NA,NA,35,0,2,NA,"",NA,NA,NA,NA,NA,NA,NA,"",NA,NA,NA,NA,NA,NA,NA,NA,NA,NA,NA,NA,NA,NA,NA,NA,NA,NA,NA,"",NA,NA,NA,"13:00","",35,0,35,NA,NA,NA,NA,NA,NA,NA,NA,NA,NA,2,"MR. VICTOR R. HINOJOSA",NA,"5. Mi punto era el Centro de Salud",NA,"Punto fijo",NA,"NO",NA,NA,NA,NA,NA,NA,NA,NA,NA,NA,NA,NA,"Complete","-16.444803","-71.515538","",""
"72",72,NA,"2024-06-02 17:41:27","7","parroquia san miguel",4,74,2024-06-02,NA,"07:58","08:00",4,"","08:10",NA,1,NA,NA,32,3,1,3,"09:30",2,NA,NA,31,0,1,3,"12:00",2,NA,NA,0,0,2,NA,NA,NA,NA,NA,NA,NA,NA,NA,NA,NA,NA,NA,"",NA,NA,NA,"13:15","faltaron tarjetas y collares ",63,3,66,NA,NA,NA,NA,NA,NA,NA,NA,NA,NA,2,"MR. VICTOR R. HINOJOSA",NA,"4. Caminando",NA,"Punto fijo",NA,"SI","Yo mismo","Cambiamos a Punto movil","SI","Yo mismo","Cambiamos a Punto movil","NO",NA,NA,NA,NA,NA,NA,"Complete","-16.445274","-71.511798","",""
"73",73,NA,"2024-06-02 17:42:42","7","parque comité 5",5,75,2024-06-02,NA,"08:00","08:30",1,"","09:10",NA,1,NA,NA,35,0,2,NA,"",NA,NA,NA,NA,NA,NA,NA,"",NA,NA,NA,NA,NA,NA,NA,NA,NA,NA,NA,NA,NA,NA,NA,NA,NA,NA,NA,"",NA,NA,NA,"13:15","el megáfono se apago a las 11:15",35,0,35,NA,NA,NA,NA,NA,NA,NA,NA,NA,NA,2,"MR. VICTOR R. HINOJOSA",NA,"1, Bus",NA,"Punto fijo",NA,"NO",NA,NA,NA,NA,NA,NA,NA,NA,NA,NA,NA,NA,"Complete","-16.442567","-71.519414","",""
"74",74,NA,"2024-06-02 17:43:48","7","tasahuayo ",6,76,2024-06-02,1,"08:17","08:28",1,"","08:36",NA,1,NA,NA,36,2,2,NA,"",NA,NA,NA,NA,NA,NA,NA,"",NA,NA,NA,NA,NA,NA,NA,NA,NA,NA,NA,NA,NA,NA,NA,NA,NA,NA,NA,"",NA,NA,NA,"12:55","entregar los megáfonos cargados para evitar inconvenientes ",36,2,38,NA,NA,NA,NA,NA,NA,NA,NA,NA,NA,2,"MR. VICTOR R. HINOJOSA",NA,"1, Bus",NA,"Punto fijo",NA,"NO",NA,NA,NA,NA,NA,NA,NA,NA,NA,NA,NA,NA,"Complete","-16.440689","-71.525017","-16,440311","-71,524564"
"75",75,NA,"2024-06-02 17:44:42","7","losa deportiva mi Perú ",7,77,2024-06-02,NA,"08:05","08:25",1,"","08:40",NA,1,NA,NA,51,2,2,NA,"",NA,NA,NA,NA,NA,NA,NA,"",NA,NA,NA,NA,NA,NA,NA,NA,NA,NA,NA,NA,NA,NA,NA,NA,NA,NA,NA,"",NA,NA,NA,"13:22","",51,2,53,NA,NA,NA,NA,NA,NA,NA,NA,NA,NA,2,"MR. VICTOR R. HINOJOSA",NA,"1, Bus",NA,"Punto fijo",NA,"NO",NA,NA,NA,NA,NA,NA,NA,NA,NA,NA,NA,NA,"Complete","-16.433396","-71.514857","",""
"76",76,NA,"2024-06-02 17:46:04","7","parque la encalada ",8,78,2024-06-02,NA,"08:05","08:30",1,"","08:55",NA,1,NA,NA,23,0,2,NA,"",NA,NA,NA,NA,NA,NA,NA,"",NA,NA,NA,NA,NA,NA,NA,NA,NA,NA,NA,NA,NA,NA,NA,NA,NA,NA,NA,"",NA,NA,NA,"13:11","no hubo bozal para los perros que requieren y no guantes ",23,0,23,NA,NA,NA,NA,NA,NA,NA,NA,NA,NA,2,"MR. VICTOR R. HINOJOSA",NA,"1, Bus",NA,"Punto fijo",NA,"NO",NA,NA,NA,NA,NA,NA,NA,NA,NA,NA,NA,NA,"Complete","-16.429697","-71.516415","",""
"77",77,NA,"2024-06-02 17:47:14","7","parque mi Perú ",9,79,2024-06-02,NA,"08:03","08:28",1,"","08:42",NA,1,NA,NA,36,0,2,NA,"",NA,NA,NA,NA,NA,NA,NA,"",NA,NA,NA,NA,NA,NA,NA,NA,NA,NA,NA,NA,NA,NA,NA,NA,NA,NA,NA,"",NA,NA,NA,"13:13","no nos dejaron enj el mismo punto fijo tuvimos que caminar para llegar y algunos perros vacunamos en la puerta de la casa ",36,0,36,NA,NA,NA,NA,NA,NA,NA,NA,NA,NA,2,"MR. VICTOR R. HINOJOSA",NA,"1, Bus",NA,"Punto fijo",NA,"NO",NA,NA,NA,NA,NA,NA,NA,NA,NA,NA,NA,NA,"Complete","-16.430561","-71.512450","-16.433.708","-71.517.648"
"78",78,NA,"2024-06-02 17:49:22","7","urb. Monterrico ",10,710,2024-06-02,NA,"07:55","08:03",1,"","08:12",NA,1,NA,NA,19,0,2,NA,"",NA,NA,NA,NA,NA,NA,NA,"",NA,NA,NA,NA,NA,NA,NA,NA,NA,NA,NA,NA,NA,NA,NA,NA,NA,NA,NA,"",NA,NA,NA,"13:05","en un perro al aplicar la vacuna se movió y se salió el liquido de la vacuna  asi que procedimos a ponerle nuevamente la vacuna, es por eso que se termino 2 frascos en 19 perros  ",19,0,19,NA,NA,NA,NA,NA,NA,NA,NA,NA,NA,2,"MR. VICTOR R. HINOJOSA",NA,"1, Bus",NA,"Punto fijo",NA,"NO",NA,NA,NA,NA,NA,NA,NA,NA,NA,NA,NA,NA,"Complete","-16.432599","-71.520170","",""
"79",79,NA,"2024-06-02 17:50:17","7","casa adulto mayor ",11,711,2024-06-02,NA,"07:55","08:00",4,"","08:10",NA,1,NA,NA,66,3,2,NA,"",NA,NA,NA,NA,NA,NA,NA,"",NA,NA,NA,NA,NA,NA,NA,NA,NA,NA,NA,NA,NA,NA,NA,NA,NA,NA,NA,"",NA,NA,NA,"13:00","",66,3,69,NA,NA,NA,NA,NA,NA,NA,NA,NA,NA,2,"MR. VICTOR R. HINOJOSA",NA,"4. Caminando",NA,"Punto fijo",NA,"NO",NA,NA,NA,NA,NA,NA,NA,NA,NA,NA,NA,NA,"Complete","-16.436238","-71.521733","",""
"80",80,NA,"2024-06-02 17:51:06","7","rodantes del sur ",12,712,2024-06-02,NA,"07:40","08:00",4,"","08:31",NA,1,NA,NA,40,3,2,NA,"",NA,NA,NA,NA,NA,NA,NA,"",NA,NA,NA,NA,NA,NA,NA,NA,NA,NA,NA,NA,NA,NA,NA,NA,NA,NA,NA,"",NA,NA,NA,"13:20","",40,3,43,NA,NA,NA,NA,NA,NA,NA,NA,NA,NA,2,"MR. VICTOR R. HINOJOSA",NA,"4. Caminando",NA,"Punto fijo",NA,"NO",NA,NA,NA,NA,NA,NA,NA,NA,NA,NA,NA,NA,"Complete","-16.436182","-71.527375","",""
"81",81,NA,"2024-06-02 17:52:28","7","losa deportiva 13 de enero ",13,713,2024-06-02,NA,"08:10","08:28",1,"","08:55",NA,1,NA,NA,21,1,1,3,"10:45",1,27,4,NA,NA,2,NA,"",NA,NA,NA,NA,NA,NA,NA,NA,NA,NA,NA,NA,NA,NA,NA,NA,NA,NA,NA,"",NA,NA,NA,"13:08","el primer punto no encontramos un lugar adecuado para vacunar ",48,5,53,NA,NA,NA,NA,NA,NA,NA,NA,NA,NA,2,"MR. VICTOR R. HINOJOSA",NA,"1, Bus",NA,"Punto fijo",NA,"SI","Yo mismo","Cambiamos a Punto fijo","NO",NA,NA,NA,NA,NA,NA,NA,NA,NA,"Complete","-16.431762","-71.531259","-16,430626","-71,529552"
"82",82,NA,"2024-06-02 17:53:54","7","parque Jorge Basadre ",14,714,2024-06-02,NA,"08:11","08:28",1,"","08:55",NA,1,NA,NA,18,0,2,NA,"",NA,NA,NA,NA,NA,NA,NA,"",NA,NA,NA,NA,NA,NA,NA,NA,NA,NA,NA,NA,NA,NA,NA,NA,NA,NA,NA,"",NA,NA,NA,"13:00","se ha retirado 33 jeringas para el grupo 13 de la señora maría obregón por orden de la doctora Shirley",18,0,18,NA,NA,NA,NA,NA,NA,NA,NA,NA,NA,2,"MR. VICTOR R. HINOJOSA",NA,"1, Bus",NA,"Punto fijo",NA,"NO",NA,NA,NA,NA,NA,NA,NA,NA,NA,NA,NA,NA,"Complete","-16.433503","-71.526170","",""
"83",83,NA,"2024-06-02 17:54:41","7","losa deportiva la melgariana ",15,715,2024-06-02,NA,"08:20","08:32",2,"","08:40",NA,1,NA,NA,21,0,2,NA,"",NA,NA,NA,NA,NA,NA,NA,"",NA,NA,NA,NA,NA,NA,NA,NA,NA,NA,NA,NA,NA,NA,NA,NA,NA,NA,NA,"",NA,NA,NA,"12:55","",21,0,21,NA,NA,NA,NA,NA,NA,NA,NA,NA,NA,2,"MR. VICTOR R. HINOJOSA",NA,"2. Camioneta/Auto",NA,"Punto fijo",NA,"NO",NA,NA,NA,NA,NA,NA,NA,NA,NA,NA,NA,NA,"Complete","-16.427713","-71.521346","",""
"84",84,NA,"2024-06-02 17:55:49","7","puesto de salud 13 de enero ",16,716,2024-06-02,1,"07:52","08:04",1,"","08:22",NA,1,NA,NA,116,4,2,NA,"",NA,NA,NA,NA,NA,NA,NA,"",NA,NA,NA,NA,NA,NA,NA,NA,NA,NA,NA,NA,NA,NA,NA,NA,NA,NA,NA,"",NA,NA,NA,"12:53","aumentar  dosis y jeringas ya que nos faltaron ",116,4,120,NA,NA,NA,NA,NA,NA,NA,NA,NA,NA,2,"MR. VICTOR R. HINOJOSA",NA,"1, Bus",NA,"Punto fijo",NA,"NO",NA,NA,NA,NA,NA,NA,NA,NA,NA,NA,NA,NA,"Complete","-16.433073","-71.530389","-16,432952","-71,529525"
"85",85,NA,"2024-06-08 17:26:06","2","",NA,NA,2024-06-08,NA,"07:30","07:40",2,"","09:20",NA,2,NA,NA,NA,NA,NA,NA,"",NA,NA,NA,NA,NA,NA,NA,"",NA,NA,NA,NA,NA,NA,NA,NA,NA,NA,NA,NA,NA,2,1,84,16,NA,NA,"",NA,NA,NA,"12:00","mejor organización ",84,16,100,NA,NA,NA,NA,NA,NA,NA,NA,NA,NA,2,"MR. BUENOS AIRES DE CAYMA",NA,"2. Camioneta/Auto",NA,"Punto movil",NA,NA,NA,NA,NA,NA,NA,NA,NA,NA,"Mapa con recorrido de inicio a fin","SI",NA,NA,"Complete","-16.352979","-71.553412","",""
"86",86,NA,"2024-06-08 17:28:31","2","San Miguel",NA,NA,2024-06-08,NA,"09:00","09:00",2,"","09:15",NA,2,NA,NA,NA,NA,NA,NA,"",NA,NA,NA,NA,NA,NA,NA,"",NA,NA,NA,NA,NA,NA,NA,NA,NA,NA,NA,NA,NA,1,2,56,17,NA,NA,"",NA,NA,NA,"13:00","fue una experiencia bonita",56,17,73,NA,NA,NA,NA,NA,NA,NA,NA,NA,NA,2,"MR. BUENOS AIRES DE CAYMA",NA,"2. Camioneta/Auto",NA,"Punto movil",NA,NA,NA,NA,NA,NA,NA,NA,NA,NA,"Mapa con zona delimitada","NO",NA,NA,"Complete","-16.339212","-71.548393","",""
"87",87,NA,"2024-06-08 17:30:20","2","",NA,NA,2024-06-08,NA,"07:30","07:40",3,"","08:00",NA,2,14,NA,NA,NA,NA,NA,"",NA,NA,NA,NA,NA,NA,NA,"",NA,NA,NA,NA,NA,NA,NA,NA,NA,NA,NA,NA,NA,3,1,114,0,NA,NA,"",NA,NA,NA,"12:30","divertido",114,0,114,NA,NA,NA,NA,NA,NA,NA,NA,NA,NA,2,"MR. BUENOS AIRES DE CAYMA",NA,"3. Transporte público",NA,"Punto movil",NA,NA,NA,NA,NA,NA,NA,NA,NA,NA,"indicacion verbal (reportar en whats app)","SI",NA,NA,"Complete","-16.351404","-71.549485","",""
"88",88,NA,"2024-06-08 17:31:50","2","",NA,NA,2024-06-08,NA,"09:00","09:00",5,"","09:00",NA,1,NA,NA,30,2,2,NA,"",NA,NA,NA,NA,NA,NA,NA,"",NA,NA,NA,NA,NA,NA,NA,NA,NA,NA,NA,NA,NA,NA,NA,NA,NA,NA,NA,"",NA,NA,NA,"13:03","",30,2,32,NA,NA,NA,NA,NA,NA,NA,NA,NA,NA,2,"MR. BUENOS AIRES DE CAYMA",NA,"5. Mi punto era el Centro de Salud",NA,"Punto fijo",NA,"NO",NA,NA,NA,NA,NA,NA,NA,NA,NA,NA,NA,NA,"Complete","-16.351401","-71.549487","",""
"89",89,NA,"2024-06-08 17:33:25","2","",NA,NA,2024-06-08,NA,"08:25","08:30",1,"","08:57",NA,2,NA,NA,NA,NA,NA,NA,"",NA,NA,NA,NA,NA,NA,NA,"",NA,NA,NA,NA,NA,NA,NA,NA,NA,NA,NA,NA,NA,3,2,62,8,NA,NA,"",NA,NA,NA,"12:20","",62,8,70,NA,NA,NA,NA,NA,NA,NA,NA,NA,NA,2,"MR. BUENOS AIRES DE CAYMA",NA,"1, Bus",NA,"Punto movil",NA,NA,NA,NA,NA,NA,NA,NA,NA,NA,"indicacion verbal (reportar en whats app)","NO",NA,NA,"Complete","-16.346573","-71.554726","",""
"90",90,NA,"2024-06-08 17:34:43","2","",NA,NA,2024-06-08,NA,"08:03","08:15",1,"","08:25",NA,2,NA,NA,NA,NA,NA,NA,"",NA,NA,NA,NA,NA,NA,NA,"",NA,NA,NA,NA,NA,NA,NA,NA,NA,NA,NA,NA,NA,3,1,74,16,NA,NA,"",NA,NA,NA,"12:30","",74,16,90,NA,NA,NA,NA,NA,NA,NA,NA,NA,NA,2,"MR. BUENOS AIRES DE CAYMA",NA,"1, Bus",NA,"Punto movil",NA,NA,NA,NA,NA,NA,NA,NA,NA,NA,"indicacion verbal (reportar en whats app)","SI",NA,NA,"Complete","-16.351465","-71.555358","",""
"91",91,NA,"2024-06-08 17:36:06","2","comité 17",NA,NA,2024-06-08,NA,"07:30","08:30",2,"","09:00",NA,2,NA,NA,NA,NA,NA,NA,"",NA,NA,NA,NA,NA,NA,NA,"",NA,NA,NA,NA,NA,NA,NA,NA,NA,NA,NA,NA,NA,2,1,79,21,NA,NA,"",NA,NA,NA,"13:00","",79,21,100,NA,NA,NA,NA,NA,NA,NA,NA,NA,NA,2,"MR. BUENOS AIRES DE CAYMA",NA,"2. Camioneta/Auto",NA,"Punto movil",NA,NA,NA,NA,NA,NA,NA,NA,NA,NA,"Mapa con recorrido de inicio a fin","SI",NA,NA,"Complete","-16.350631","-71.555221","",""
"92",92,NA,"2024-06-08 17:37:09","2","",NA,NA,2024-06-08,NA,"08:20","08:35",2,"","08:59",NA,2,NA,NA,NA,NA,NA,NA,"",NA,NA,NA,NA,NA,NA,NA,"",NA,NA,NA,NA,NA,NA,NA,NA,NA,NA,NA,NA,NA,3,1,48,14,NA,NA,"",NA,NA,NA,"13:00","",48,14,62,NA,NA,NA,NA,NA,NA,NA,NA,NA,NA,2,"MR. BUENOS AIRES DE CAYMA",NA,"2. Camioneta/Auto",NA,"Punto movil",NA,NA,NA,NA,NA,NA,NA,NA,NA,NA,"indicacion verbal (reportar en whats app)","SI",NA,NA,"Complete","-16.351406","-71.549489","",""
"93",93,NA,"2024-06-08 17:38:35","2","",NA,NA,2024-06-08,NA,"07:45","08:00",2,"","08:00",NA,1,NA,NA,118,2,2,NA,"",NA,NA,NA,NA,NA,NA,NA,"",NA,NA,NA,NA,NA,NA,NA,NA,NA,NA,NA,NA,NA,NA,NA,NA,NA,NA,NA,"",NA,NA,NA,"13:20","",118,2,120,NA,NA,NA,NA,NA,NA,NA,NA,NA,NA,2,"MR. BUENOS AIRES DE CAYMA",NA,"2. Camioneta/Auto",NA,"Punto fijo",NA,"NO",NA,NA,NA,NA,NA,NA,NA,NA,NA,NA,NA,NA,"Complete","-16.350021","-71.549386","",""
"94",94,NA,"2024-06-08 18:11:54","2","virgen de chapi",NA,NA,2024-06-08,NA,"07:45","08:15",1,"","08:39",NA,2,NA,NA,NA,NA,NA,NA,"",NA,NA,NA,NA,NA,NA,NA,"",NA,NA,NA,NA,NA,NA,NA,NA,NA,NA,NA,NA,NA,3,2,98,22,NA,NA,"",NA,NA,NA,"12:20","incompleto nuestra bolsa",98,22,120,NA,NA,NA,NA,NA,NA,NA,NA,NA,NA,2,"MR. BUENOS AIRES DE CAYMA",NA,"1, Bus",NA,"Punto movil",NA,NA,NA,NA,NA,NA,NA,NA,NA,NA,"indicacion verbal (reportar en whats app)","NO",NA,NA,"Complete","-16.340172","-71.544793","-16,339036","-71,543007"
"95",95,NA,"2024-06-08 18:13:13","2","",NA,NA,2024-06-08,NA,"07:30","08:20",1,"","08:30",NA,2,NA,NA,NA,NA,NA,NA,"",NA,NA,NA,NA,NA,NA,NA,"",NA,NA,NA,NA,NA,NA,NA,NA,NA,NA,NA,NA,NA,1,1,84,8,NA,NA,"",NA,NA,NA,"12:15","",84,8,92,NA,NA,NA,NA,NA,NA,NA,NA,NA,NA,2,"MR. BUENOS AIRES DE CAYMA",NA,"1, Bus",NA,"Punto movil",NA,NA,NA,NA,NA,NA,NA,NA,NA,NA,"Mapa con zona delimitada","SI",NA,NA,"Complete","-16.348514","-71.555254","",""
"96",96,NA,"2024-06-08 18:14:58","2","sol de oro",NA,NA,2024-06-08,NA,"07:45","08:30",2,"","09:00",NA,2,3,NA,NA,NA,NA,NA,"",NA,NA,NA,NA,NA,NA,NA,"",NA,NA,NA,NA,NA,NA,NA,NA,NA,NA,NA,NA,NA,1,2,61,17,NA,NA,"",NA,NA,NA,"12:50","mas organización y mejor apoyo hacia los ayudantes ",61,17,78,NA,NA,NA,NA,NA,NA,NA,NA,NA,NA,2,"MR. BUENOS AIRES DE CAYMA",NA,"2. Camioneta/Auto",NA,"Punto movil",NA,NA,NA,NA,NA,NA,NA,NA,NA,NA,"Mapa con zona delimitada","NO",NA,NA,"Complete","-16.339853","-71.554529","",""
"97",97,NA,"2024-06-08 18:18:29","2","",NA,NA,2024-06-08,NA,"08:15","08:20",1,"","08:35",NA,2,NA,NA,NA,NA,NA,NA,"",NA,NA,NA,NA,NA,NA,NA,"",NA,NA,NA,NA,NA,NA,NA,NA,NA,NA,NA,NA,NA,1,1,70,20,NA,NA,"",NA,NA,NA,"12:15","un bue conteo con el material , ya que nos faltaba jeringas y los carnet nos estaban completos",70,20,90,NA,NA,NA,NA,NA,NA,NA,NA,NA,NA,2,"MR. BUENOS AIRES DE CAYMA",NA,"1, Bus",NA,"Punto movil",NA,NA,NA,NA,NA,NA,NA,NA,NA,NA,"Mapa con zona delimitada","SI",NA,NA,"Complete","-16.343675","-71.553564","",""
"98",98,NA,"2024-06-08 18:20:10","2","",NA,NA,2024-06-08,NA,"08:08","08:40",2,"","08:55",NA,2,1,NA,NA,NA,NA,NA,"",NA,NA,NA,NA,NA,NA,NA,"",NA,NA,NA,NA,NA,NA,NA,NA,NA,NA,NA,NA,NA,3,2,74,21,NA,NA,"",NA,NA,NA,"12:30","",74,21,95,NA,NA,NA,NA,NA,NA,NA,NA,NA,NA,2,"MR. BUENOS AIRES DE CAYMA",NA,"2. Camioneta/Auto",NA,"Punto movil",NA,NA,NA,NA,NA,NA,NA,NA,NA,NA,"indicacion verbal (reportar en whats app)","NO",NA,NA,"Complete","-16.339470","-71.551131","",""
"99",99,NA,"2024-06-08 18:22:05","2","villa continental ",NA,NA,2024-06-08,NA,"08:15","08:32",2,"","08:50",NA,2,NA,NA,NA,NA,NA,NA,"",NA,NA,NA,NA,NA,NA,NA,"",NA,NA,NA,NA,NA,NA,NA,NA,NA,NA,NA,NA,NA,2,1,87,20,NA,NA,"",NA,NA,NA,"12:00","nos falto jeringas  ",87,20,107,NA,NA,NA,NA,NA,NA,NA,NA,NA,NA,2,"MR. BUENOS AIRES DE CAYMA",NA,"2. Camioneta/Auto",NA,"Punto movil",NA,NA,NA,NA,NA,NA,NA,NA,NA,NA,"Mapa con recorrido de inicio a fin","SI",NA,NA,"Complete","-16.343670","-71.552799","",""
"100",100,NA,"2024-06-08 18:23:51","2","",NA,NA,2024-06-08,NA,"08:07","08:25",2,"","08:35",NA,2,28,NA,NA,NA,NA,NA,"",NA,NA,NA,NA,NA,NA,NA,"",NA,NA,NA,NA,NA,NA,NA,NA,NA,NA,NA,NA,NA,1,1,66,10,NA,NA,"",NA,NA,NA,"12:30","",66,10,76,NA,NA,NA,NA,NA,NA,NA,NA,NA,NA,2,"MR. BUENOS AIRES DE CAYMA",NA,"2. Camioneta/Auto",NA,"Punto movil",NA,NA,NA,NA,NA,NA,NA,NA,NA,NA,"Mapa con zona delimitada","SI",NA,NA,"Complete","-16.346608","-71.554318","",""
"101",101,NA,"2024-06-08 18:26:12","2","villa continental comité 21",NA,NA,2024-06-08,NA,"08:03","08:28",1,"","09:00",NA,2,2,NA,NA,NA,NA,NA,"",NA,NA,NA,NA,NA,NA,NA,"",NA,NA,NA,NA,NA,NA,NA,NA,NA,NA,NA,NA,NA,3,1,51,12,NA,NA,"",NA,NA,NA,"12:40","falta de coordinación, el trato déspota para la coordinación ",51,12,63,NA,NA,NA,NA,NA,NA,NA,NA,NA,NA,2,"MR. BUENOS AIRES DE CAYMA",NA,"1, Bus",NA,"Punto movil",NA,NA,NA,NA,NA,NA,NA,NA,NA,NA,"indicacion verbal (reportar en whats app)","SI",NA,NA,"Complete","-16.349884","-71.552582","",""
"102",102,NA,"2024-06-09 15:47:18","2","",NA,NA,2024-06-08,NA,"07:50","08:00",3,"","08:45",NA,2,NA,NA,NA,NA,NA,NA,"",NA,NA,NA,NA,NA,NA,NA,"",NA,NA,NA,NA,NA,NA,NA,NA,NA,NA,NA,NA,NA,3,2,85,15,NA,NA,"",NA,NA,NA,"13:06","",85,15,100,NA,NA,NA,NA,NA,NA,NA,NA,NA,NA,2,"MR. BUENOS AIRES DE CAYMA",NA,"3. Transporte público",NA,"Punto movil",NA,NA,NA,NA,NA,NA,NA,NA,NA,NA,"indicacion verbal (reportar en whats app)","NO",NA,NA,"Complete","-16.342124","-71.547135","",""
"103",103,NA,"2024-06-09 15:49:50","2","",NA,NA,2024-06-08,NA,"08:05","08:30",2,"","09:02",NA,2,NA,NA,NA,NA,NA,NA,"",NA,NA,NA,NA,NA,NA,NA,"",NA,NA,NA,NA,NA,NA,NA,NA,NA,NA,NA,NA,NA,1,2,70,30,NA,NA,"",NA,NA,NA,"12:30","",70,30,100,NA,NA,NA,NA,NA,NA,NA,NA,NA,NA,2,"MR. BUENOS AIRES DE CAYMA",NA,"2. Camioneta/Auto",NA,"Punto movil",NA,NA,NA,NA,NA,NA,NA,NA,NA,NA,"Mapa con zona delimitada","NO",NA,NA,"Complete","-16.344899","-71.554573","",""
"104",104,NA,"2024-06-09 15:52:21","2","Puesto de salud Dean Valdivia ",NA,NA,2024-06-08,NA,"08:30","09:00",4,"","",NA,1,NA,NA,19,2,2,NA,"",NA,NA,NA,NA,NA,NA,NA,"",NA,NA,NA,NA,NA,NA,NA,NA,NA,NA,NA,NA,NA,NA,NA,NA,NA,NA,NA,"",NA,NA,NA,"13:29","",19,2,21,NA,NA,NA,NA,NA,NA,NA,NA,NA,NA,2,"MR. BUENOS AIRES DE CAYMA",NA,"4. Caminando",NA,"Punto fijo",NA,"NO",NA,NA,NA,NA,NA,NA,NA,NA,NA,NA,NA,NA,"Complete","-16.333433","-71.547348","",""
"105",105,NA,"2024-06-09 15:54:08","2","",NA,NA,2024-06-08,NA,"07:20","07:50",4,"","08:10",NA,2,NA,NA,NA,NA,NA,NA,"",NA,NA,NA,NA,NA,NA,NA,"",NA,NA,NA,NA,NA,NA,NA,NA,NA,NA,NA,NA,NA,3,1,90,0,NA,NA,"",NA,NA,NA,"12:26","",90,0,90,NA,NA,NA,NA,NA,NA,NA,NA,NA,NA,2,"MR. BUENOS AIRES DE CAYMA",NA,"4. Caminando",NA,"Punto movil",NA,NA,NA,NA,NA,NA,NA,NA,NA,NA,"indicacion verbal (reportar en whats app)","SI",NA,NA,"Complete","-16.343303","-71.553582","",""
"106",106,NA,"2024-06-09 15:56:12","2","",NA,NA,2024-06-08,NA,"08:30","09:30",2,"","09:40",NA,2,NA,NA,NA,NA,NA,NA,"",NA,NA,NA,NA,NA,NA,NA,"",NA,NA,NA,NA,NA,NA,NA,NA,NA,NA,NA,NA,NA,3,1,91,0,NA,NA,"",NA,NA,NA,"12:50","mayor organización y liderazgo mas respeto ",91,0,91,NA,NA,NA,NA,NA,NA,NA,NA,NA,NA,2,"MR. BUENOS AIRES DE CAYMA",NA,"2. Camioneta/Auto",NA,"Punto movil",NA,NA,NA,NA,NA,NA,NA,NA,NA,NA,"indicacion verbal (reportar en whats app)","SI",NA,NA,"Complete","-16.347071","-71.554543","",""
"107",107,NA,"2024-06-09 16:03:08","2","",NA,NA,2024-06-09,NA,"07:30","08:35",2,"","08:48",NA,2,33,NA,NA,NA,NA,NA,"",NA,NA,NA,NA,NA,NA,NA,"",NA,NA,NA,NA,NA,NA,NA,NA,NA,NA,NA,NA,NA,3,2,64,6,NA,NA,"",NA,NA,NA,"12:30","",64,6,70,NA,NA,NA,NA,NA,NA,NA,NA,NA,NA,2,"MR. BUENOS AIRES DE CAYMA",NA,"2. Camioneta/Auto",NA,"Punto movil",NA,NA,NA,NA,NA,NA,NA,NA,NA,NA,"indicacion verbal (reportar en whats app)","NO",NA,NA,"Complete",NA,NA,NA,NA
"108",108,NA,"2024-06-09 16:05:41","2","",NA,NA,2024-06-09,NA,"07:30","08:00",4,"","08:05",NA,2,5,NA,NA,NA,NA,NA,"",NA,NA,NA,NA,NA,NA,NA,"",NA,NA,NA,NA,NA,NA,NA,NA,NA,NA,NA,NA,NA,3,1,107,18,NA,NA,"",NA,NA,NA,"12:15","",107,18,125,NA,NA,NA,NA,NA,NA,NA,NA,NA,NA,2,"MR. BUENOS AIRES DE CAYMA",NA,"4. Caminando",NA,"Punto movil",NA,NA,NA,NA,NA,NA,NA,NA,NA,NA,"indicacion verbal (reportar en whats app)","SI",NA,NA,"Complete",NA,NA,NA,NA
"109",109,NA,"2024-06-09 16:07:12","2","",NA,NA,2024-06-09,NA,"08:20","08:30",4,"","08:40",NA,2,25,NA,NA,NA,NA,NA,"",NA,NA,NA,NA,NA,NA,NA,"",NA,NA,NA,NA,NA,NA,NA,NA,NA,NA,NA,NA,NA,3,2,76,24,NA,NA,"",NA,NA,NA,"12:15","",76,24,100,NA,NA,NA,NA,NA,NA,NA,NA,NA,NA,2,"MR. BUENOS AIRES DE CAYMA",NA,"4. Caminando",NA,"Punto movil",NA,NA,NA,NA,NA,NA,NA,NA,NA,NA,"indicacion verbal (reportar en whats app)","NO",NA,NA,"Complete",NA,NA,NA,NA
"110",110,NA,"2024-06-09 16:08:42","2","casimiro cuadros",NA,NA,2024-06-09,NA,"07:40","08:50",2,"","09:00",NA,2,35,NA,NA,NA,NA,NA,"",NA,NA,NA,NA,NA,NA,NA,"",NA,NA,NA,NA,NA,NA,NA,NA,NA,NA,NA,NA,NA,2,2,90,10,NA,NA,"",NA,NA,NA,"12:00","",90,10,100,NA,NA,NA,NA,NA,NA,NA,NA,NA,NA,2,"MR. BUENOS AIRES DE CAYMA",NA,"2. Camioneta/Auto",NA,"Punto movil",NA,NA,NA,NA,NA,NA,NA,NA,NA,NA,"Mapa con recorrido de inicio a fin","NO",NA,NA,"Complete",NA,NA,NA,NA
"111",111,NA,"2024-06-09 16:10:13","2","Andrés Avelino Cáceres ",NA,NA,2024-06-09,NA,"08:04","08:11",4,"","08:20",NA,2,30,NA,NA,NA,NA,NA,"",NA,NA,NA,NA,NA,NA,NA,"",NA,NA,NA,NA,NA,NA,NA,NA,NA,NA,NA,NA,NA,3,1,86,6,NA,NA,"",NA,NA,NA,"12:10","",86,6,92,NA,NA,NA,NA,NA,NA,NA,NA,NA,NA,2,"MR. BUENOS AIRES DE CAYMA",NA,"4. Caminando",NA,"Punto movil",NA,NA,NA,NA,NA,NA,NA,NA,NA,NA,"indicacion verbal (reportar en whats app)","SI",NA,NA,"Complete",NA,NA,NA,NA
"112",112,NA,"2024-06-09 16:11:58","2","",NA,NA,2024-06-09,NA,"07:53","08:01",2,"","08:14",NA,2,29,NA,NA,NA,NA,NA,"",NA,NA,NA,NA,NA,NA,NA,"",NA,NA,NA,NA,NA,NA,NA,NA,NA,NA,NA,NA,NA,3,2,76,10,NA,NA,"",NA,NA,NA,"12:20","",76,10,86,NA,NA,NA,NA,NA,NA,NA,NA,NA,NA,2,"MR. BUENOS AIRES DE CAYMA",NA,"2. Camioneta/Auto",NA,"Punto movil",NA,NA,NA,NA,NA,NA,NA,NA,NA,NA,"indicacion verbal (reportar en whats app)","NO",NA,NA,"Complete",NA,NA,NA,NA
"113",113,NA,"2024-06-09 16:14:17","2","",NA,NA,2024-06-09,NA,"08:10","08:15",2,"","08:30",NA,2,26,NA,NA,NA,NA,NA,"",NA,NA,NA,NA,NA,NA,NA,"",NA,NA,NA,NA,NA,NA,NA,NA,NA,NA,NA,NA,NA,1,2,49,17,NA,NA,"",NA,NA,NA,"11:30","por la zona recorrida se encontro un alverge de perros la cual no se pudo vacunar ya que la dueña indico que no contaba con tiempo (total aprox. de 30 perros)",49,17,66,NA,NA,NA,NA,NA,NA,NA,NA,NA,NA,2,"MR. BUENOS AIRES DE CAYMA",NA,"2. Camioneta/Auto",NA,"Punto movil",NA,NA,NA,NA,NA,NA,NA,NA,NA,NA,"Mapa con zona delimitada","NO",NA,NA,"Complete",NA,NA,NA,NA
"114",114,NA,"2024-06-09 16:16:05","2","",NA,NA,2024-06-09,NA,"07:40","08:10",2,"","08:45",NA,2,27,NA,NA,NA,NA,NA,"",NA,NA,NA,NA,NA,NA,NA,"",NA,NA,NA,NA,NA,NA,NA,NA,NA,NA,NA,NA,NA,3,1,39,6,NA,NA,"",NA,NA,NA,"11:40","no nos dieron un punto zona especifica ",39,6,45,NA,NA,NA,NA,NA,NA,NA,NA,NA,NA,2,"MR. BUENOS AIRES DE CAYMA",NA,"2. Camioneta/Auto",NA,"Punto movil",NA,NA,NA,NA,NA,NA,NA,NA,NA,NA,"indicacion verbal (reportar en whats app)","SI",NA,NA,"Complete",NA,NA,NA,NA
"115",115,NA,"2024-06-09 16:17:28","2","plaza de buenos aires",NA,NA,2024-06-09,NA,"08:00","08:10",2,"","08:15",NA,2,13,NA,NA,NA,NA,NA,"",NA,NA,NA,NA,NA,NA,NA,"",NA,NA,NA,NA,NA,NA,NA,NA,NA,NA,NA,NA,NA,3,2,31,12,NA,NA,"",NA,NA,NA,"11:50","falta coordinación ",31,12,43,NA,NA,NA,NA,NA,NA,NA,NA,NA,NA,2,"MR. BUENOS AIRES DE CAYMA",NA,"2. Camioneta/Auto",NA,"Punto movil",NA,NA,NA,NA,NA,NA,NA,NA,NA,NA,"indicacion verbal (reportar en whats app)","NO",NA,NA,"Complete",NA,NA,NA,NA
"116",116,NA,"2024-06-09 16:18:38","2","",NA,NA,2024-06-09,NA,"08:00","08:20",2,"","08:35",NA,2,15,NA,NA,NA,NA,NA,"",NA,NA,NA,NA,NA,NA,NA,"",NA,NA,NA,NA,NA,NA,NA,NA,NA,NA,NA,NA,NA,2,2,65,22,NA,NA,"",NA,NA,NA,"12:00","",65,22,87,NA,NA,NA,NA,NA,NA,NA,NA,NA,NA,2,"MR. BUENOS AIRES DE CAYMA",NA,"2. Camioneta/Auto",NA,"Punto movil",NA,NA,NA,NA,NA,NA,NA,NA,NA,NA,"Mapa con recorrido de inicio a fin","NO",NA,NA,"Complete",NA,NA,NA,NA
"117",117,NA,"2024-06-09 16:20:01","2","",NA,NA,2024-06-09,NA,"08:00","08:00",2,"","08:10",NA,2,17,NA,NA,NA,NA,NA,"",NA,NA,NA,NA,NA,NA,NA,"",NA,NA,NA,NA,NA,NA,NA,NA,NA,NA,NA,NA,NA,3,2,45,21,NA,NA,"",NA,NA,NA,"12:10","",45,21,66,NA,NA,NA,NA,NA,NA,NA,NA,NA,NA,2,"MR. BUENOS AIRES DE CAYMA",NA,"2. Camioneta/Auto",NA,"Punto movil",NA,NA,NA,NA,NA,NA,NA,NA,NA,NA,"indicacion verbal (reportar en whats app)","NO",NA,NA,"Complete",NA,NA,NA,NA
"118",118,NA,"2024-06-09 16:22:38","2","comité 2",NA,NA,2024-06-09,NA,"08:30","08:40",2,"","08:51",NA,2,18,NA,NA,NA,NA,NA,"",NA,NA,NA,NA,NA,NA,NA,"",NA,NA,NA,NA,NA,NA,NA,NA,NA,NA,NA,NA,NA,1,1,64,6,NA,NA,"",NA,NA,NA,"12:30","se sujiere que las brigadas de vacunación sean mas separadas parta avanzar mejor las zonas de vacunación ",64,6,70,NA,NA,NA,NA,NA,NA,NA,NA,NA,NA,2,"MR. BUENOS AIRES DE CAYMA",NA,"2. Camioneta/Auto",NA,"Punto movil",NA,NA,NA,NA,NA,NA,NA,NA,NA,NA,"Mapa con zona delimitada","SI",NA,NA,"Complete",NA,NA,NA,NA
"119",119,NA,"2024-06-09 16:24:44","2","comité 1",NA,NA,2024-06-09,NA,"07:50","08:05",2,"","08:15",NA,2,24,NA,NA,NA,NA,NA,"",NA,NA,NA,NA,NA,NA,NA,"",NA,NA,NA,NA,NA,NA,NA,NA,NA,NA,NA,NA,NA,1,1,57,23,NA,NA,"",NA,NA,NA,"12:45","",57,23,80,NA,NA,NA,NA,NA,NA,NA,NA,NA,NA,2,"MR. BUENOS AIRES DE CAYMA",NA,"2. Camioneta/Auto",NA,"Punto movil",NA,NA,NA,NA,NA,NA,NA,NA,NA,NA,"Mapa con zona delimitada","SI",NA,NA,"Complete",NA,NA,NA,NA
"120",120,NA,"2024-06-09 16:26:06","2","ramiro priale",NA,NA,2024-06-09,NA,"08:40","09:00",2,"","09:30",NA,2,36,NA,NA,NA,NA,NA,"",NA,NA,NA,NA,NA,NA,NA,"",NA,NA,NA,NA,NA,NA,NA,NA,NA,NA,NA,NA,NA,3,2,79,14,NA,NA,"",NA,NA,NA,"12:35","",79,14,93,NA,NA,NA,NA,NA,NA,NA,NA,NA,NA,2,"MR. BUENOS AIRES DE CAYMA",NA,"2. Camioneta/Auto",NA,"Punto movil",NA,NA,NA,NA,NA,NA,NA,NA,NA,NA,"indicacion verbal (reportar en whats app)","NO",NA,NA,"Complete",NA,NA,NA,NA
"121",121,NA,"2024-06-09 16:27:50","2","",NA,NA,2024-06-09,NA,"08:00","08:30",2,"","09:00",NA,2,12,NA,NA,NA,NA,NA,"",NA,NA,NA,NA,NA,NA,NA,"",NA,NA,NA,NA,NA,NA,NA,NA,NA,NA,NA,NA,NA,1,2,100,26,NA,NA,"",NA,NA,NA,"12:40","me mordió gato",100,26,126,NA,NA,NA,NA,NA,NA,NA,NA,NA,NA,2,"MR. BUENOS AIRES DE CAYMA",NA,"2. Camioneta/Auto",NA,"Punto movil",NA,NA,NA,NA,NA,NA,NA,NA,NA,NA,"Mapa con zona delimitada","NO",NA,NA,"Complete",NA,NA,NA,NA
"122",122,NA,"2024-06-09 16:29:10","2","",NA,NA,2024-06-09,NA,"08:30","09:00",2,"","09:40",NA,2,16,NA,NA,NA,NA,NA,"",NA,NA,NA,NA,NA,NA,NA,"",NA,NA,NA,NA,NA,NA,NA,NA,NA,NA,NA,NA,NA,3,1,85,15,NA,NA,"",NA,NA,NA,"13:12","mayor organización ",85,15,100,NA,NA,NA,NA,NA,NA,NA,NA,NA,NA,2,"MR. BUENOS AIRES DE CAYMA",NA,"2. Camioneta/Auto",NA,"Punto movil",NA,NA,NA,NA,NA,NA,NA,NA,NA,NA,"indicacion verbal (reportar en whats app)","SI",NA,NA,"Complete",NA,NA,NA,NA
"123",123,NA,"2024-06-09 16:30:39","2","",NA,NA,2024-06-09,NA,"08:45","09:00",2,"","09:10",NA,2,14,NA,NA,NA,NA,NA,"",NA,NA,NA,NA,NA,NA,NA,"",NA,NA,NA,NA,NA,NA,NA,NA,NA,NA,NA,NA,NA,2,1,85,15,NA,NA,"",NA,NA,NA,"13:00","muy bien ",85,15,100,NA,NA,NA,NA,NA,NA,NA,NA,NA,NA,2,"MR. BUENOS AIRES DE CAYMA",NA,"2. Camioneta/Auto",NA,"Punto movil",NA,NA,NA,NA,NA,NA,NA,NA,NA,NA,"Mapa con recorrido de inicio a fin","SI",NA,NA,"Complete",NA,NA,NA,NA
"124",124,NA,"2024-06-09 16:32:09","2","",NA,NA,2024-06-09,NA,"08:00","08:30",2,"","09:20",NA,2,28,NA,NA,NA,NA,NA,"",NA,NA,NA,NA,NA,NA,NA,"",NA,NA,NA,NA,NA,NA,NA,NA,NA,NA,NA,NA,NA,1,2,104,11,NA,NA,"",NA,NA,NA,"13:10","",104,11,115,NA,NA,NA,NA,NA,NA,NA,NA,NA,NA,2,"MR. BUENOS AIRES DE CAYMA",NA,"2. Camioneta/Auto",NA,"Punto movil",NA,NA,NA,NA,NA,NA,NA,NA,NA,NA,"Mapa con zona delimitada","NO",NA,NA,"Complete",NA,NA,NA,NA
"125",128,NA,"2024-06-09 18:29:20","7","",1,71,2024-06-09,NA,"08:15","08:30",1,"","08:40",NA,3,NA,NA,NA,NA,NA,NA,"",NA,NA,NA,NA,NA,NA,NA,"",NA,NA,NA,NA,NA,NA,NA,NA,NA,NA,NA,NA,NA,NA,NA,NA,NA,4,1,"",55,3,58,"13:16","NO",55,3,58,NA,NA,NA,NA,NA,NA,NA,NA,NA,NA,2,"MR. VICTOR R. HINOJOSA",NA,"1, Bus",NA,"Puerta Puerta",NA,NA,NA,NA,NA,NA,NA,NA,NA,NA,NA,NA,"4. Mapa digital","Tocar puerta por puerta","Complete","-16.453588","-71.512960","-16,455670","-71,514412"
"126",129,NA,"2024-06-09 18:30:30","7","",2,72,2024-06-09,NA,"08:15","08:30",1,"","08:47",NA,3,NA,NA,NA,NA,NA,NA,"",NA,NA,NA,NA,NA,NA,NA,"",NA,NA,NA,NA,NA,NA,NA,NA,NA,NA,NA,NA,NA,NA,NA,NA,NA,1,1,"",38,5,43,"13:16","mas agua y comida ",38,5,43,NA,NA,NA,NA,NA,NA,NA,NA,NA,NA,2,"MR. VICTOR R. HINOJOSA",NA,"1, Bus",NA,"Puerta Puerta",NA,NA,NA,NA,NA,NA,NA,NA,NA,NA,NA,NA,"1. Mapa con zona delimitada","Tocar puerta por puerta","Complete","-16.450193","-71.515451","",""
"127",130,NA,"2024-06-09 18:32:45","7","",3,73,2024-06-09,NA,"08:00","08:30",1,"","08:45",NA,3,NA,NA,NA,NA,NA,NA,"",NA,NA,NA,NA,NA,NA,NA,"",NA,NA,NA,NA,NA,NA,NA,NA,NA,NA,NA,NA,NA,NA,NA,NA,NA,1,1,"",51,2,53,"12:45","",51,2,53,NA,NA,NA,NA,NA,NA,NA,NA,NA,NA,2,"MR. VICTOR R. HINOJOSA",NA,"1, Bus",NA,"Puerta Puerta",NA,NA,NA,NA,NA,NA,NA,NA,NA,NA,NA,NA,"1. Mapa con zona delimitada","Tocar puerta por puerta","Complete","-16.449742","-71.516940","",""
"128",131,NA,"2024-06-09 18:34:22","7","",4,74,2024-06-09,NA,"08:25","08:35",4,"","08:40",NA,3,NA,NA,NA,NA,NA,NA,"",NA,NA,NA,NA,NA,NA,NA,"",NA,NA,NA,NA,NA,NA,NA,NA,NA,NA,NA,NA,NA,NA,NA,NA,NA,1,2,"",103,5,108,"13:10","sugiero que debemos de tener dos pares de guantes y cubrebocas ",103,5,108,NA,NA,NA,NA,NA,NA,NA,NA,NA,NA,2,"MR. VICTOR R. HINOJOSA",NA,"4. Caminando",NA,"Puerta Puerta",NA,NA,NA,NA,NA,NA,NA,NA,NA,NA,NA,NA,"1. Mapa con zona delimitada","Caminar cuadra en cuadra","Complete","-16.453731","-71.513278","-16,454043","-71,513964"
"129",132,NA,"2024-06-09 18:35:42","7","",5,75,2024-06-09,NA,"08:10","08:30",1,"","08:45",NA,3,NA,NA,NA,NA,NA,NA,"",NA,NA,NA,NA,NA,NA,NA,"",NA,NA,NA,NA,NA,NA,NA,NA,NA,NA,NA,NA,NA,NA,NA,NA,NA,1,2,"",43,0,43,"13:02","no",43,0,43,NA,NA,NA,NA,NA,NA,NA,NA,NA,NA,2,"MR. VICTOR R. HINOJOSA",NA,"1, Bus",NA,"Puerta Puerta",NA,NA,NA,NA,NA,NA,NA,NA,NA,NA,NA,NA,"1. Mapa con zona delimitada","Caminar cuadra en cuadra","Complete","-16.451575","-71.509724","-16,449865","-71,512311"
"130",133,NA,"2024-06-09 18:37:44","7","",6,76,2024-06-09,NA,"08:15","08:28",1,"","08:40",NA,3,NA,NA,NA,NA,NA,NA,"",NA,NA,NA,NA,NA,NA,NA,"",NA,NA,NA,NA,NA,NA,NA,NA,NA,NA,NA,NA,NA,NA,NA,NA,NA,2,1,"",47,1,48,"12:58","hubo problemas con la aplicación alrededor de las 11:28, por ende no se pudo guardar datos ",47,1,48,NA,NA,NA,NA,NA,NA,NA,NA,NA,NA,2,"MR. VICTOR R. HINOJOSA",NA,"1, Bus",NA,"Puerta Puerta",NA,NA,NA,NA,NA,NA,NA,NA,NA,NA,NA,NA,"2. Mapa con recorrido de inicio a fin","Tocar puerta por puerta","Complete","-16.450694","-71.511618","-16,452294","-71,51242"
"131",134,NA,"2024-06-09 18:39:16","7","",7,77,2024-06-09,NA,"08:17","08:22",1,"","08:41",NA,3,NA,NA,NA,NA,NA,NA,"",NA,NA,NA,NA,NA,NA,NA,"",NA,NA,NA,NA,NA,NA,NA,NA,NA,NA,NA,NA,NA,NA,NA,NA,NA,3,1,"",54,3,57,"13:00","mejorar el GPS ya que no indica el lugar preciso",54,3,57,NA,NA,NA,NA,NA,NA,NA,NA,NA,NA,2,"MR. VICTOR R. HINOJOSA",NA,"1, Bus",NA,"Puerta Puerta",NA,NA,NA,NA,NA,NA,NA,NA,NA,NA,NA,NA,"3. indicacion verbal (reportar en whats app)","Tocar puerta por puerta","Complete","-16.438308","-71.506886","",""
"132",135,NA,"2024-06-09 18:40:42","7","",8,78,2024-06-09,NA,"08:09","08:15",4,"","08:25",NA,3,NA,NA,NA,NA,NA,NA,"",NA,NA,NA,NA,NA,NA,NA,"",NA,NA,NA,NA,NA,NA,NA,NA,NA,NA,NA,NA,NA,NA,NA,NA,NA,1,1,"",54,3,57,"13:00","no",54,3,57,NA,NA,NA,NA,NA,NA,NA,NA,NA,NA,2,"MR. VICTOR R. HINOJOSA",NA,"4. Caminando",NA,"Puerta Puerta",NA,NA,NA,NA,NA,NA,NA,NA,NA,NA,NA,NA,"1. Mapa con zona delimitada","Tocar puerta por puerta","Complete","-16.441819","-71.504346","-16,442085","-71,505624"
"133",136,NA,"2024-06-09 18:42:50","7","",9,79,2024-06-09,NA,"08:10","08:30",1,"","09:00",NA,3,NA,NA,NA,NA,NA,NA,"",NA,NA,NA,NA,NA,NA,NA,"",NA,NA,NA,NA,NA,NA,NA,NA,NA,NA,NA,NA,NA,NA,NA,NA,NA,1,1,"",49,0,49,"13:40","el megáfono no podía conectarse con bluetooth",49,0,49,NA,NA,NA,NA,NA,NA,NA,NA,NA,NA,2,"MR. VICTOR R. HINOJOSA",NA,"1, Bus",NA,"Puerta Puerta",NA,NA,NA,NA,NA,NA,NA,NA,NA,NA,NA,NA,"1. Mapa con zona delimitada","Tocar puerta por puerta","Complete","-16.444523","-71.512146","-16,443255","-71,517438"
"134",137,NA,"2024-06-09 18:43:52","7","",10,710,2024-06-09,NA,"08:00","08:10",1,"","08:20",NA,3,NA,NA,NA,NA,NA,NA,"",NA,NA,NA,NA,NA,NA,NA,"",NA,NA,NA,NA,NA,NA,NA,NA,NA,NA,NA,NA,NA,NA,NA,NA,NA,2,1,"",53,5,58,"13:30","no",53,5,58,NA,NA,NA,NA,NA,NA,NA,NA,NA,NA,2,"MR. VICTOR R. HINOJOSA",NA,"1, Bus",NA,"Puerta Puerta",NA,NA,NA,NA,NA,NA,NA,NA,NA,NA,NA,NA,"2. Mapa con recorrido de inicio a fin","Tocar puerta por puerta","Complete","-16.443949","-71.513669","-16,443379","-71,50857"
"135",138,NA,"2024-06-09 18:45:04","7","",11,711,2024-06-09,NA,"08:28","08:35",1,"","09:00",NA,3,NA,NA,NA,NA,NA,NA,"",NA,NA,NA,NA,NA,NA,NA,"",NA,NA,NA,NA,NA,NA,NA,NA,NA,NA,NA,NA,NA,NA,NA,NA,NA,4,3,"ninguna",34,0,34,"12:59","no",34,0,34,NA,NA,NA,NA,NA,NA,NA,NA,NA,NA,2,"MR. VICTOR R. HINOJOSA",NA,"1, Bus",NA,"Puerta Puerta",NA,NA,NA,NA,NA,NA,NA,NA,NA,NA,NA,NA,"4. Mapa digital","Otro","Complete","-16.443536","-71.514926","-16,443900","-71,508085"
"136",139,NA,"2024-06-09 18:48:02","7","",12,712,2024-06-09,NA,"08:30","08:47",4,"","08:47",NA,3,NA,NA,NA,NA,NA,NA,"",NA,NA,NA,NA,NA,NA,NA,"",NA,NA,NA,NA,NA,NA,NA,NA,NA,NA,NA,NA,NA,NA,NA,NA,NA,2,1,"",52,7,59,"13:55","el internet no era bueno en algunas casas ",52,7,59,NA,NA,NA,NA,NA,NA,NA,NA,NA,NA,2,"MR. VICTOR R. HINOJOSA",NA,"4. Caminando",NA,"Puerta Puerta",NA,NA,NA,NA,NA,NA,NA,NA,NA,NA,NA,NA,"2. Mapa con recorrido de inicio a fin","Tocar puerta por puerta","Complete","-16.444958","-71.515258","-16,444936","-71,510005"
"137",140,NA,"2024-06-09 18:49:24","7","",13,713,2024-06-09,NA,"08:15","08:20",4,"","08:25",NA,3,NA,NA,NA,NA,NA,NA,"",NA,NA,NA,NA,NA,NA,NA,"",NA,NA,NA,NA,NA,NA,NA,NA,NA,NA,NA,NA,NA,NA,NA,NA,NA,4,1,"",53,9,62,"13:00","no",53,9,62,NA,NA,NA,NA,NA,NA,NA,NA,NA,NA,2,"MR. VICTOR R. HINOJOSA",NA,"4. Caminando",NA,"Puerta Puerta",NA,NA,NA,NA,NA,NA,NA,NA,NA,NA,NA,NA,"4. Mapa digital","Tocar puerta por puerta","Complete","-16.434939","-71.525549","-16,436556","-71,524077"
"138",141,NA,"2024-06-09 18:51:49","7","",14,714,2024-06-09,NA,"07:50","07:55",2,"","08:20",NA,3,NA,NA,NA,NA,NA,NA,"",NA,NA,NA,NA,NA,NA,NA,"",NA,NA,NA,NA,NA,NA,NA,NA,NA,NA,NA,NA,NA,NA,NA,NA,NA,3,1,"",43,10,53,"13:40","no",43,10,53,NA,NA,NA,NA,NA,NA,NA,NA,NA,NA,2,"MR. VICTOR R. HINOJOSA",NA,"2. Camioneta/Auto",NA,"Puerta Puerta",NA,NA,NA,NA,NA,NA,NA,NA,NA,NA,NA,NA,"3. indicacion verbal (reportar en whats app)","Tocar puerta por puerta","Complete","-16.433548","-71.515052","-16,439941","-71,515474"
"139",142,NA,"2024-06-11 15:42:11","4","Juan Velasco Alvarado",NA,NA,2024-06-08,NA,"08:10","08:38",1,"","09:30",NA,2,34,NA,NA,NA,NA,NA,"",NA,NA,NA,NA,NA,NA,NA,"",NA,NA,NA,NA,NA,NA,NA,NA,NA,NA,NA,NA,NA,3,2,50,0,NA,NA,"",NA,NA,NA,"13:50","estoy conforme",50,0,50,NA,NA,NA,NA,NA,NA,NA,NA,NA,NA,2,"MR. PEDREGAL (MAJES)",NA,"1, Bus",NA,"Punto movil",NA,NA,NA,NA,NA,NA,NA,NA,NA,NA,"indicacion verbal (reportar en whats app)","NO",NA,NA,"Complete","-16.329575","-72.197566","-16,329423","-72,196588"
"140",143,NA,"2024-06-11 15:44:04","4","el bosque",NA,NA,2024-06-08,NA,"08:00","08:30",2,"","08:58",NA,2,NA,NA,NA,NA,NA,NA,"",NA,NA,NA,NA,NA,NA,NA,"",NA,NA,NA,NA,NA,NA,NA,NA,NA,NA,NA,NA,NA,3,2,77,0,NA,NA,"",NA,NA,NA,"13:30","no",77,0,77,NA,NA,NA,NA,NA,NA,NA,NA,NA,NA,2,"MR. PEDREGAL (MAJES)",NA,"2. Camioneta/Auto",NA,"Punto movil",NA,NA,NA,NA,NA,NA,NA,NA,NA,NA,"indicacion verbal (reportar en whats app)","NO",NA,NA,"Complete","-16.311005","-72.177019","",""
"141",144,NA,"2024-06-11 15:46:28","4","parque dinosaurios ",NA,NA,2024-06-08,NA,"08:15","08:25",1,"","08:35",NA,2,NA,NA,NA,NA,NA,NA,"",NA,NA,NA,NA,NA,NA,NA,"",NA,NA,NA,NA,NA,NA,NA,NA,NA,NA,NA,NA,NA,3,2,25,0,NA,NA,"",NA,NA,NA,"13:35","ningún comentario",25,0,25,NA,NA,NA,NA,NA,NA,NA,NA,NA,NA,2,"MR. PEDREGAL (MAJES)",NA,"1, Bus",NA,"Punto movil",NA,NA,NA,NA,NA,NA,NA,NA,NA,NA,"indicacion verbal (reportar en whats app)","NO",NA,NA,"Complete","-16.365681","-72.194128","-16,365520","-72,194607"
"142",145,NA,"2024-06-11 15:49:08","4","pedregal sur primera etapa",NA,NA,2024-06-08,NA,"08:00","08:15",2,"","08:30",NA,2,NA,NA,NA,NA,NA,NA,"",NA,NA,NA,NA,NA,NA,NA,"",NA,NA,NA,NA,NA,NA,NA,NA,NA,NA,NA,NA,NA,1,2,67,0,NA,NA,"",NA,NA,NA,"13:30","población no esta enterada de la campaña de vacunación, deberían difundir en los medios de comunicación  ",67,0,67,NA,NA,NA,NA,NA,NA,NA,NA,NA,NA,2,"MR. PEDREGAL (MAJES)",NA,"2. Camioneta/Auto",NA,"Punto movil",NA,NA,NA,NA,NA,NA,NA,NA,NA,NA,"Mapa con zona delimitada","NO",NA,NA,"Complete","-16.311175","-72.173767","-16,378921","-72,198612"
"143",146,NA,"2024-06-11 15:51:11","4","Pedregal sur segunda etapa ",NA,NA,2024-06-08,NA,"08:00","08:50",1,"","09:00",NA,2,40,NA,NA,NA,NA,NA,"",NA,NA,NA,NA,NA,NA,NA,"",NA,NA,NA,NA,NA,NA,NA,NA,NA,NA,NA,NA,NA,3,2,57,0,NA,NA,"",NA,NA,NA,"14:00","todo conforme ",57,0,57,NA,NA,NA,NA,NA,NA,NA,NA,NA,NA,2,"MR. PEDREGAL (MAJES)",NA,"1, Bus",NA,"Punto movil",NA,NA,NA,NA,NA,NA,NA,NA,NA,NA,"indicacion verbal (reportar en whats app)","NO",NA,NA,"Complete","-16.388042","-72.198606","",""
"144",147,NA,"2024-06-11 15:53:28","4","futuro majes ",NA,NA,2024-06-08,NA,"07:35","07:40",4,"","07:50",NA,2,4,NA,NA,NA,NA,NA,"",NA,NA,NA,NA,NA,NA,NA,"",NA,NA,NA,NA,NA,NA,NA,NA,NA,NA,NA,NA,NA,3,2,50,0,NA,NA,"",NA,NA,NA,"14:00","mas puntualidad, nuestro grupo fue el primero en salir nos dieron refrigerio ",50,0,50,NA,NA,NA,NA,NA,NA,NA,NA,NA,NA,2,"MR. PEDREGAL (MAJES)",NA,"4. Caminando",NA,"Punto movil",NA,NA,NA,NA,NA,NA,NA,NA,NA,NA,"indicacion verbal (reportar en whats app)","NO",NA,NA,"Complete","-16.354654","-72.189677","",""
"145",148,NA,"2024-06-11 15:55:32","4","estadio almirante Miguel Grau",NA,NA,2024-06-08,NA,"07:45","08:00",4,"","08:15",NA,2,NA,NA,NA,NA,NA,NA,"",NA,NA,NA,NA,NA,NA,NA,"",NA,NA,NA,NA,NA,NA,NA,NA,NA,NA,NA,NA,NA,3,2,25,0,NA,NA,"",NA,NA,NA,"13:30","no hubo mucha vacunación (población)",25,0,25,NA,NA,NA,NA,NA,NA,NA,NA,NA,NA,2,"MR. PEDREGAL (MAJES)",NA,"4. Caminando",NA,"Punto movil",NA,NA,NA,NA,NA,NA,NA,NA,NA,NA,"indicacion verbal (reportar en whats app)","NO",NA,NA,"Complete","-16.359944","-72.191074","-16,357800","-72,187946"
"146",149,NA,"2024-06-11 15:57:56","4","frontis de la municipalidad ",NA,NA,2024-06-08,NA,"08:20","08:40",4,"","09:10",NA,2,NA,NA,NA,NA,NA,NA,"",NA,NA,NA,NA,NA,NA,NA,"",NA,NA,NA,NA,NA,NA,NA,NA,NA,NA,NA,NA,NA,3,2,26,0,NA,NA,"",NA,NA,NA,"13:59","el dia de hoy no hubo mucha difusión de la vacunación ",26,0,26,NA,NA,NA,NA,NA,NA,NA,NA,NA,NA,2,"MR. PEDREGAL (MAJES)",NA,"4. Caminando",NA,"Punto movil",NA,NA,NA,NA,NA,NA,NA,NA,NA,NA,"indicacion verbal (reportar en whats app)","NO",NA,NA,"Complete","-16.362626","-72.191171","-16,362606","-72,191031"
"147",150,NA,"2024-06-11 16:03:00","4","bloque 5",NA,NA,2024-06-08,NA,"08:00","08:30",1,"","09:30",NA,2,21,NA,NA,NA,NA,NA,"",NA,NA,NA,NA,NA,NA,NA,"",NA,NA,NA,NA,NA,NA,NA,NA,NA,NA,NA,NA,NA,3,1,31,0,NA,NA,"",NA,NA,NA,"13:35","pasamos por las diferentes viviendas y estaban por la feria o las danzas del estadio ",31,0,31,NA,NA,NA,NA,NA,NA,NA,NA,NA,NA,2,"MR. PEDREGAL (MAJES)",NA,"1, Bus",NA,"Punto movil",NA,NA,NA,NA,NA,NA,NA,NA,NA,NA,"indicacion verbal (reportar en whats app)","SI",NA,NA,"Complete","-16.329642","-72.197391","",""
"148",151,NA,"2024-06-11 16:04:25","4","copra ",NA,NA,2024-06-08,NA,"07:55","08:15",1,"","09:00",NA,2,NA,NA,NA,NA,NA,NA,"",NA,NA,NA,NA,NA,NA,NA,"",NA,NA,NA,NA,NA,NA,NA,NA,NA,NA,NA,NA,NA,3,2,80,0,NA,NA,"",NA,NA,NA,"13:20","todo tranquilo ",80,0,80,NA,NA,NA,NA,NA,NA,NA,NA,NA,NA,2,"MR. PEDREGAL (MAJES)",NA,"1, Bus",NA,"Punto movil",NA,NA,NA,NA,NA,NA,NA,NA,NA,NA,"indicacion verbal (reportar en whats app)","NO",NA,NA,"Complete","-16.311650","-72.175467","",""
"149",152,NA,"2024-06-11 16:07:09","4","centro educativo niño alegre ",NA,NA,2024-06-08,NA,"08:00","08:40",1,"","09:58",NA,2,NA,NA,NA,NA,NA,NA,"",NA,NA,NA,NA,NA,NA,NA,"",NA,NA,NA,NA,NA,NA,NA,NA,NA,NA,NA,NA,NA,3,2,36,0,NA,NA,"",NA,NA,NA,"13:30","no hubo perifoneo por la zona, la población no tenia conocimiento sobre la campaña de vacunación ",36,0,36,NA,NA,NA,NA,NA,NA,NA,NA,NA,NA,2,"MR. PEDREGAL (MAJES)",NA,"1, Bus",NA,"Punto movil",NA,NA,NA,NA,NA,NA,NA,NA,NA,NA,"indicacion verbal (reportar en whats app)","NO",NA,NA,"Complete","-16.339047","-72.193050","",""
"150",153,NA,"2024-06-11 16:09:28","4","villa caylloma ",NA,NA,2024-06-08,NA,"08:00","08:15",1,"","08:30",NA,2,NA,NA,NA,NA,NA,NA,"",NA,NA,NA,NA,NA,NA,NA,"",NA,NA,NA,NA,NA,NA,NA,NA,NA,NA,NA,NA,NA,3,2,50,0,NA,NA,"",NA,NA,NA,"14:00","flat de publicidad falta de perifoneo, falto de movilidad refrigerio escasos ",50,0,50,NA,NA,NA,NA,NA,NA,NA,NA,NA,NA,2,"MR. PEDREGAL (MAJES)",NA,"1, Bus",NA,"Punto movil",NA,NA,NA,NA,NA,NA,NA,NA,NA,NA,"indicacion verbal (reportar en whats app)","NO",NA,NA,"Complete","-16.348699","-72.191419","",""
"151",154,NA,"2024-06-11 16:14:11","4","Juan Velasco Alvarado centro poblado  ",NA,NA,2024-06-09,NA,"07:20","07:25",1,"","09:50",NA,2,34,NA,NA,NA,NA,NA,"",NA,NA,NA,NA,NA,NA,NA,"",NA,NA,NA,NA,NA,NA,NA,NA,NA,NA,NA,NA,NA,3,2,40,0,NA,NA,"",NA,NA,NA,"14:00","la población no esta informada u hacia quieren que nos mantengamos en un solo lugar ",40,0,40,NA,NA,NA,NA,NA,NA,NA,NA,NA,NA,2,"MR. PEDREGAL (MAJES)",NA,"1, Bus",NA,"Punto movil",NA,NA,NA,NA,NA,NA,NA,NA,NA,NA,"indicacion verbal (reportar en whats app)","NO",NA,NA,"Complete","-16.422511","-72.235655","-16,422477","-72,235722"
"152",155,NA,"2024-06-11 16:32:15","4","modulo F",NA,NA,2024-06-09,NA,"08:15","08:30",2,"","08:49",NA,2,NA,NA,NA,NA,NA,NA,"",NA,NA,NA,NA,NA,NA,NA,"",NA,NA,NA,NA,NA,NA,NA,NA,NA,NA,NA,NA,NA,3,2,32,0,NA,NA,"",NA,NA,NA,"12:45","hay perros pero no propietarios, dueño de los canes ",32,0,32,NA,NA,NA,NA,NA,NA,NA,NA,NA,NA,2,"MR. PEDREGAL (MAJES)",NA,"2. Camioneta/Auto",NA,"Punto movil",NA,NA,NA,NA,NA,NA,NA,NA,NA,NA,"indicacion verbal (reportar en whats app)","NO",NA,NA,"Complete","-16.329003","-72.180201","-16.328657"," -72.177738"
"153",156,NA,"2024-06-11 16:34:03","4","apurimeños",NA,NA,2024-06-09,NA,"08:30","08:50",1,"","09:00",NA,2,NA,NA,NA,NA,NA,NA,"",NA,NA,NA,NA,NA,NA,NA,"",NA,NA,NA,NA,NA,NA,NA,NA,NA,NA,NA,NA,NA,3,2,45,0,NA,NA,"",NA,NA,NA,"13:40","no había mucha dificultad y la gente desconocía de la campaña",45,0,45,NA,NA,NA,NA,NA,NA,NA,NA,NA,NA,2,"MR. PEDREGAL (MAJES)",NA,"1, Bus",NA,"Punto movil",NA,NA,NA,NA,NA,NA,NA,NA,NA,NA,"indicacion verbal (reportar en whats app)","NO",NA,NA,"Complete","-16.329112","-72.189322","-16,334138","-72,193117"
"154",157,NA,"2024-06-11 16:36:02","4","terminal terrestre",NA,NA,2024-06-09,NA,"08:20","08:30",1,"","08:40",NA,2,21,NA,NA,NA,NA,NA,"",NA,NA,NA,NA,NA,NA,NA,"",NA,NA,NA,NA,NA,NA,NA,NA,NA,NA,NA,NA,NA,3,2,31,0,NA,NA,"",NA,NA,NA,"13:41","no hubo gente en sus casas que no había aviso del perifoneo ",31,0,31,NA,NA,NA,NA,NA,NA,NA,NA,NA,NA,2,"MR. PEDREGAL (MAJES)",NA,"1, Bus",NA,"Punto movil",NA,NA,NA,NA,NA,NA,NA,NA,NA,NA,"indicacion verbal (reportar en whats app)","NO",NA,NA,"Complete","-16.344354","-72.189841","-16,342267","-72,19024"
"155",158,NA,"2024-06-11 16:38:45","4","centro poblado san juan el alto ",NA,NA,2024-06-09,NA,"07:45","08:21",2,"","08:39",NA,2,39,NA,NA,NA,NA,NA,"",NA,NA,NA,NA,NA,NA,NA,"",NA,NA,NA,NA,NA,NA,NA,NA,NA,NA,NA,NA,NA,3,2,94,0,NA,NA,"",NA,NA,NA,"13:00","sugerencia que debian enviar mas brigadas para san juan el alto ya que hay demasiados perritos para vacunar por la paralela también hay muchos perritos por vacunar ",94,0,94,NA,NA,NA,NA,NA,NA,NA,NA,NA,NA,2,"MR. PEDREGAL (MAJES)",NA,"2. Camioneta/Auto",NA,"Punto movil",NA,NA,NA,NA,NA,NA,NA,NA,NA,NA,"indicacion verbal (reportar en whats app)","NO",NA,NA,"Complete","-16.386589","-72.177318","",""
"156",159,NA,"2024-06-11 16:40:54","4","ciudad majes modulo A ",NA,NA,2024-06-09,NA,"08:00","08:18",2,"","08:30",NA,2,NA,NA,NA,NA,NA,NA,"",NA,NA,NA,NA,NA,NA,NA,"",NA,NA,NA,NA,NA,NA,NA,NA,NA,NA,NA,NA,NA,3,1,75,0,NA,NA,"",NA,NA,NA,"13:20","falta de megáfono y coordinación hacia los demás puntos de vacunación y falta bozal  ",75,0,75,NA,NA,NA,NA,NA,NA,NA,NA,NA,NA,2,"MR. PEDREGAL (MAJES)",NA,"2. Camioneta/Auto",NA,"Punto movil",NA,NA,NA,NA,NA,NA,NA,NA,NA,NA,"indicacion verbal (reportar en whats app)","SI",NA,NA,"Complete","-16.330640","-72.181841","-16,340423","-72,183627"
"157",160,NA,"2024-06-11 16:43:15","4","casa amarrilla ",NA,NA,2024-06-09,NA,"07:50","08:20",1,"","08:50",NA,2,NA,NA,NA,NA,NA,NA,"",NA,NA,NA,NA,NA,NA,NA,"",NA,NA,NA,NA,NA,NA,NA,NA,NA,NA,NA,NA,NA,3,2,42,0,NA,NA,"",NA,NA,NA,"13:10","nos fue bien encontramos mas perros en la calle sin dueño, falta de difusión ",42,0,42,NA,NA,NA,NA,NA,NA,NA,NA,NA,NA,2,"MR. PEDREGAL (MAJES)",NA,"1, Bus",NA,"Punto movil",NA,NA,NA,NA,NA,NA,NA,NA,NA,NA,"indicacion verbal (reportar en whats app)","NO",NA,NA,"Complete","-16.341276","-72.188266","-16,338286","-72,189991"
"158",161,NA,"2024-06-11 16:46:01","4","i.e. Belaunde Terry ",NA,NA,2024-06-09,NA,"08:15","08:30",1,"","08:55",NA,2,NA,NA,NA,NA,NA,NA,"",NA,NA,NA,NA,NA,NA,NA,"",NA,NA,NA,NA,NA,NA,NA,NA,NA,NA,NA,NA,NA,3,2,58,0,NA,NA,"",NA,NA,NA,"13:35","La población no tiene interés y son irresponsables porque a pesar de estar en la puerta de su casa no salían hacer vacunar a sus perros ",58,0,58,NA,NA,NA,NA,NA,NA,NA,NA,NA,NA,2,"MR. PEDREGAL (MAJES)",NA,"1, Bus",NA,"Punto movil",NA,NA,NA,NA,NA,NA,NA,NA,NA,NA,"indicacion verbal (reportar en whats app)","NO",NA,NA,"Complete","-16.342501","-72.184341","-16,341287","-72,186522"
"159",162,NA,"2024-06-11 16:48:52","4","mercado los palitos modulo B ",NA,NA,2024-06-09,NA,"08:26","08:40",1,"","09:30",NA,2,NA,NA,NA,NA,NA,NA,"",NA,NA,NA,NA,NA,NA,NA,"",NA,NA,NA,NA,NA,NA,NA,NA,NA,NA,NA,NA,NA,3,2,66,0,NA,NA,"",NA,NA,NA,"13:57","",66,0,66,NA,NA,NA,NA,NA,NA,NA,NA,NA,NA,2,"MR. PEDREGAL (MAJES)",NA,"1, Bus",NA,"Punto movil",NA,NA,NA,NA,NA,NA,NA,NA,NA,NA,"indicacion verbal (reportar en whats app)","NO",NA,NA,"Complete","-16.324871","-72.177147","-16,323238","-72,178784"
"160",163,NA,"2024-06-11 16:51:06","4","ciudad majes - modulo B",NA,NA,2024-06-09,NA,"07:50","08:30",1,"","09:00",NA,2,40,NA,NA,NA,NA,NA,"",NA,NA,NA,NA,NA,NA,NA,"",NA,NA,NA,NA,NA,NA,NA,NA,NA,NA,NA,NA,NA,3,2,55,0,NA,NA,"",NA,NA,NA,"14:00","deberían dar mas tiempo para vacunar, porque nos falto mas para recorrer la zona ",55,0,55,NA,NA,NA,NA,NA,NA,NA,NA,NA,NA,2,"MR. PEDREGAL (MAJES)",NA,"1, Bus",NA,"Punto movil",NA,NA,NA,NA,NA,NA,NA,NA,NA,NA,"indicacion verbal (reportar en whats app)","NO",NA,NA,"Complete","-16.325892","-72.180740","-16,326871","-72,182327"
"161",164,NA,"2024-06-11 16:53:49","4","ciudad majes  modulo G cancha deportiva ",NA,NA,2024-06-09,NA,"08:30","08:37",2,"","08:55",NA,2,NA,NA,NA,NA,NA,NA,"",NA,NA,NA,NA,NA,NA,NA,"",NA,NA,NA,NA,NA,NA,NA,NA,NA,NA,NA,NA,NA,3,2,51,0,NA,NA,"",NA,NA,NA,"13:00","no hay presencia de todos los dueños ",51,0,51,NA,NA,NA,NA,NA,NA,NA,NA,NA,NA,2,"MR. PEDREGAL (MAJES)",NA,"2. Camioneta/Auto",NA,"Punto movil",NA,NA,NA,NA,NA,NA,NA,NA,NA,NA,"indicacion verbal (reportar en whats app)","NO",NA,NA,"Complete","-16.312193","-72.192055","",""
"162",165,NA,"2024-06-11 16:55:23","4","ciudad majes modulo G ",NA,NA,2024-06-09,NA,"08:21","08:36",1,"","09:10",NA,2,NA,NA,NA,NA,NA,NA,"",NA,NA,NA,NA,NA,NA,NA,"",NA,NA,NA,NA,NA,NA,NA,NA,NA,NA,NA,NA,NA,3,2,45,0,NA,NA,"",NA,NA,NA,"13:15","no todo bien ",45,0,45,NA,NA,NA,NA,NA,NA,NA,NA,NA,NA,2,"MR. PEDREGAL (MAJES)",NA,"1, Bus",NA,"Punto movil",NA,NA,NA,NA,NA,NA,NA,NA,NA,NA,"indicacion verbal (reportar en whats app)","NO",NA,NA,"Complete","-16.318621","-72.193599","-16,318605","-72,193605"
"163",166,NA,"2024-06-11 16:56:37","4","modulo G",NA,NA,2024-06-09,NA,"08:10","08:15",1,"","09:00",NA,2,NA,NA,NA,NA,NA,NA,"",NA,NA,NA,NA,NA,NA,NA,"",NA,NA,NA,NA,NA,NA,NA,NA,NA,NA,NA,NA,NA,3,2,45,0,NA,NA,"",NA,NA,NA,"13:15","",45,0,45,NA,NA,NA,NA,NA,NA,NA,NA,NA,NA,2,"MR. PEDREGAL (MAJES)",NA,"1, Bus",NA,"Punto movil",NA,NA,NA,NA,NA,NA,NA,NA,NA,NA,"indicacion verbal (reportar en whats app)","NO",NA,NA,"Complete","-16.315412","-72.191196","-16,314566","-72,190747"
"164",167,NA,"2024-06-11 16:59:18","4","I.E. Los ositos D-1",NA,NA,2024-06-09,NA,"08:15","08:35",1,"","08:50",NA,2,NA,NA,NA,NA,NA,NA,"",NA,NA,NA,NA,NA,NA,NA,"",NA,NA,NA,NA,NA,NA,NA,NA,NA,NA,NA,NA,NA,3,2,45,0,NA,NA,"",NA,NA,NA,"13:50","no hubo difusión de la vacunación canina no sabían y  otras personas se fueron a desfilar y como no sabían de vacunación ya no llegaron ",45,0,45,NA,NA,NA,NA,NA,NA,NA,NA,NA,NA,2,"MR. PEDREGAL (MAJES)",NA,"1, Bus",NA,"Punto movil",NA,NA,NA,NA,NA,NA,NA,NA,NA,NA,"indicacion verbal (reportar en whats app)","NO",NA,NA,"Complete","-16.323564","-72.194465","-16,322556","-72,194554"
"165",168,NA,"2024-06-11 17:02:24","4","pioneros ",NA,NA,2024-06-09,NA,"07:40","07:50",1,"","08:30",NA,2,NA,NA,NA,NA,NA,NA,"",NA,NA,NA,NA,NA,NA,NA,"",NA,NA,NA,NA,NA,NA,NA,NA,NA,NA,NA,NA,NA,3,2,73,0,NA,NA,"",NA,NA,NA,"14:50","no se nos dio a tiempo las pastillas antiparasitarios, nos faltaron collarines, no almorzamos bien, hubo aglomeración y no nos brindaron bozal   ",73,0,73,NA,NA,NA,NA,NA,NA,NA,NA,NA,NA,2,"MR. PEDREGAL (MAJES)",NA,"1, Bus",NA,"Punto movil",NA,NA,NA,NA,NA,NA,NA,NA,NA,NA,"indicacion verbal (reportar en whats app)","NO",NA,NA,"Complete","-16.337612","-72.201241","",""
"166",169,NA,"2024-06-11 17:05:38","4","bloque 5",NA,NA,2024-06-09,NA,"08:10","08:30",1,"","09:21",NA,2,4,NA,NA,NA,NA,NA,"",NA,NA,NA,NA,NA,NA,NA,"",NA,NA,NA,NA,NA,NA,NA,NA,NA,NA,NA,NA,NA,3,2,35,0,NA,NA,"",NA,NA,NA,"13:25","no habian muchos perros porque ya habían vacunado por la zona ",35,0,35,NA,NA,NA,NA,NA,NA,NA,NA,NA,NA,2,"MR. PEDREGAL (MAJES)",NA,"1, Bus",NA,"Punto movil",NA,NA,NA,NA,NA,NA,NA,NA,NA,NA,"indicacion verbal (reportar en whats app)","NO",NA,NA,"Complete","-16.332418","-72.198937","",""
"167",170,NA,"2024-06-11 17:07:26","4","la quebradita ",NA,NA,2024-06-09,NA,"08:30","08:50",1,"","09:20",NA,2,NA,NA,NA,NA,NA,NA,"",NA,NA,NA,NA,NA,NA,NA,"",NA,NA,NA,NA,NA,NA,NA,NA,NA,NA,NA,NA,NA,3,2,39,0,NA,NA,"",NA,NA,NA,"13:15","la gente desconocía de la campaña",39,0,39,NA,NA,NA,NA,NA,NA,NA,NA,NA,NA,2,"MR. PEDREGAL (MAJES)",NA,"1, Bus",NA,"Punto movil",NA,NA,NA,NA,NA,NA,NA,NA,NA,NA,"indicacion verbal (reportar en whats app)","NO",NA,NA,"Complete","-16.338781","-72.202006","",""
"168",171,NA,"2024-06-11 17:09:36","4","chumvivilcanos ",NA,NA,2024-06-09,NA,"08:15","08:30",2,"","08:40",NA,2,NA,NA,NA,NA,NA,NA,"",NA,NA,NA,NA,NA,NA,NA,"",NA,NA,NA,NA,NA,NA,NA,NA,NA,NA,NA,NA,NA,3,2,39,0,NA,NA,"",NA,NA,NA,"13:30","algunas personas no le dieron importancia a la vacunacion, el anuncio de la propaganda no tenia al concreto ",39,0,39,NA,NA,NA,NA,NA,NA,NA,NA,NA,NA,2,"MR. PEDREGAL (MAJES)",NA,"2. Camioneta/Auto",NA,"Punto movil",NA,NA,NA,NA,NA,NA,NA,NA,NA,NA,"indicacion verbal (reportar en whats app)","NO",NA,NA,"Complete","-16.333516","-72.195163","",""
"169",172,NA,"2024-06-11 17:13:15","4","talleres",NA,NA,2024-06-09,NA,"07:45","08:37",2,"","08:45",NA,2,NA,NA,NA,NA,NA,NA,"",NA,NA,NA,NA,NA,NA,NA,"",NA,NA,NA,NA,NA,NA,NA,NA,NA,NA,NA,NA,NA,3,2,43,0,NA,NA,"",NA,NA,NA,"11:40","población desconocía de la ejecución de vacunación en la jurisdicción,  puertas cerradas,  canes en vía publica, megáfono sin batería desde las 11:05am ",43,0,43,NA,NA,NA,NA,NA,NA,NA,NA,NA,NA,2,"MR. PEDREGAL (MAJES)",NA,"2. Camioneta/Auto",NA,"Punto movil",NA,NA,NA,NA,NA,NA,NA,NA,NA,NA,"indicacion verbal (reportar en whats app)","NO",NA,NA,"Complete","-16.325713","-72.188787","",""
"170",173,NA,"2024-06-11 17:15:34","4","chunvivilcanos ",NA,NA,2024-06-09,NA,"08:20","08:30",2,"","08:50",NA,2,NA,NA,NA,NA,NA,NA,"",NA,NA,NA,NA,NA,NA,NA,"",NA,NA,NA,NA,NA,NA,NA,NA,NA,NA,NA,NA,NA,3,2,62,0,NA,NA,"",NA,NA,NA,"13:00","no tenían bozal, no hubo difusión por parte de la municipalidad, no hubo gente aglomerado en ningún momento ",62,0,62,NA,NA,NA,NA,NA,NA,NA,NA,NA,NA,2,"MR. PEDREGAL (MAJES)",NA,"2. Camioneta/Auto",NA,"Punto movil",NA,NA,NA,NA,NA,NA,NA,NA,NA,NA,"indicacion verbal (reportar en whats app)","NO",NA,NA,"Complete","-16.329650","-72.196821","",""
"171",174,NA,"2024-06-11 17:20:23","4","chunvivilca modulo E ",NA,NA,2024-06-09,NA,"08:25","08:30",2,"","08:45",NA,2,NA,NA,NA,NA,NA,NA,"",NA,NA,NA,NA,NA,NA,NA,"",NA,NA,NA,NA,NA,NA,NA,NA,NA,NA,NA,NA,NA,3,2,62,0,NA,NA,"",NA,NA,NA,"13:20","no tuvimos refrigerio, la licenciada nos movilizo en la camioneta de la municipalidad, fuimos el ultimo grupo ",62,0,62,NA,NA,NA,NA,NA,NA,NA,NA,NA,NA,2,"MR. PEDREGAL (MAJES)",NA,"2. Camioneta/Auto",NA,"Punto movil",NA,NA,NA,NA,NA,NA,NA,NA,NA,NA,"indicacion verbal (reportar en whats app)","NO",NA,NA,"Complete","-16.311262","-72.192613","",""
"172",175,NA,"2024-06-15 13:31:32","4","Villa caylloma ",NA,NA,2024-06-09,1,"08:20","08:30",1,"","09:05",NA,2,NA,NA,NA,NA,NA,NA,"",NA,NA,NA,NA,NA,NA,NA,"",NA,NA,NA,NA,NA,NA,NA,NA,NA,NA,NA,NA,NA,3,2,38,0,NA,NA,"",NA,NA,NA,"13:45","ya habían vacunada esa misma zona un día antes ",38,0,38,NA,NA,NA,NA,NA,NA,NA,NA,NA,NA,2,"MR. PEDREGAL (MAJES)","DETALLADO","1, Bus",NA,"Punto movil",NA,NA,NA,NA,NA,NA,NA,NA,NA,NA,"indicacion verbal (reportar en whats app)","NO",NA,NA,"Complete","-16.315412","-72.191196","-16,348518","-72,190634"
"173",176,NA,"2024-06-15 17:37:17","1","Parque triangular virgen de chapi",1,11,2024-06-15,2,"","",NA,"","",NA,1,NA,NA,45,19,NA,NA,"",NA,NA,NA,NA,NA,NA,NA,"",NA,NA,NA,NA,NA,NA,NA,NA,NA,NA,NA,NA,NA,NA,NA,NA,NA,NA,NA,"",NA,NA,NA,"","",45,19,64,NA,NA,NA,NA,NA,NA,NA,NA,NA,NA,2,"MR. FRANCISCO BOLOGNESI","CORTO",NA,NA,"Punto fijo",NA,NA,NA,NA,NA,NA,NA,NA,NA,NA,NA,NA,NA,NA,"Complete","-16.340290","-71.544770","",""
"174",177,NA,"2024-06-15 17:38:40","1","Loza deportiva de virgen de chapi",2,12,2024-06-15,2,"","",NA,"","",NA,1,NA,NA,57,9,NA,NA,"",NA,NA,NA,NA,NA,NA,NA,"",NA,NA,NA,NA,NA,NA,NA,NA,NA,NA,NA,NA,NA,NA,NA,NA,NA,NA,NA,"",NA,NA,NA,"","",57,9,66,NA,NA,NA,NA,NA,NA,NA,NA,NA,NA,2,"MR. FRANCISCO BOLOGNESI","CORTO",NA,NA,"Punto fijo",NA,NA,NA,NA,NA,NA,NA,NA,NA,NA,NA,NA,NA,NA,"Complete","-16.337715","-71.544353","",""
"175",178,NA,"2024-06-15 17:39:46","1","Grifo de radio azul",3,13,2024-06-15,2,"","",NA,"","",NA,1,NA,NA,118,6,NA,NA,"",NA,NA,NA,NA,NA,NA,NA,"",NA,NA,NA,NA,NA,NA,NA,NA,NA,NA,NA,NA,NA,NA,NA,NA,NA,NA,NA,"",NA,NA,NA,"","",118,6,124,NA,NA,NA,NA,NA,NA,NA,NA,NA,NA,2,"MR. FRANCISCO BOLOGNESI","CORTO",NA,NA,"Punto fijo",NA,NA,NA,NA,NA,NA,NA,NA,NA,NA,NA,NA,NA,NA,"Complete","-16.327207","-71.537295","",""
"176",179,NA,"2024-06-15 17:41:01","1","Av. rafael belaunde",4,14,2024-06-15,2,"","",NA,"","",NA,1,NA,NA,116,15,NA,NA,"",NA,NA,NA,NA,NA,NA,NA,"",NA,NA,NA,NA,NA,NA,NA,NA,NA,NA,NA,NA,NA,NA,NA,NA,NA,NA,NA,"",NA,NA,NA,"","",116,15,131,NA,NA,NA,NA,NA,NA,NA,NA,NA,NA,2,"MR. FRANCISCO BOLOGNESI","CORTO",NA,NA,"Punto fijo",NA,NA,NA,NA,NA,NA,NA,NA,NA,NA,NA,NA,NA,NA,"Complete","-16.343161","-71.547293","",""
"177",180,NA,"2024-06-15 17:42:04","1","Sauna talentos de 1ro de junio",5,15,2024-06-15,2,"","",NA,"","",NA,1,NA,NA,66,4,NA,NA,"",NA,NA,NA,NA,NA,NA,NA,"",NA,NA,NA,NA,NA,NA,NA,NA,NA,NA,NA,NA,NA,NA,NA,NA,NA,NA,NA,"",NA,NA,NA,"","",66,4,70,NA,NA,NA,NA,NA,NA,NA,NA,NA,NA,2,"MR. FRANCISCO BOLOGNESI","CORTO",NA,NA,"Punto fijo",NA,NA,NA,NA,NA,NA,NA,NA,NA,NA,NA,NA,NA,NA,"Complete","-16.325749","-71.536057","",""
"178",181,NA,"2024-06-15 17:47:43","1","Loza deportiva 20 de enero",6,16,2024-06-15,1,"07:40","08:30",1,"","09:15",NA,1,33,NA,15,0,1,1,"11:00",2,NA,NA,20,21,2,NA,"",NA,NA,NA,NA,NA,NA,NA,NA,NA,NA,NA,NA,NA,NA,NA,NA,NA,NA,NA,"",NA,NA,NA,"13:32","Se vacuó 62 animales pero solo se registro 56 animales",35,21,56,NA,NA,NA,NA,NA,NA,NA,NA,NA,NA,2,"MR. FRANCISCO BOLOGNESI","DETALLADO","1, Bus",NA,"Punto fijo",NA,"SI","Microred","Cambiamos a Punto movil","NO",NA,NA,NA,NA,NA,NA,NA,NA,NA,"Complete","-16.321092","-71.531195","",""
"179",182,NA,"2024-06-15 17:48:50","1","Loza deportiva el sol de los andes",7,17,2024-06-15,2,"","",NA,"","",NA,1,NA,NA,62,8,NA,NA,"",NA,NA,NA,NA,NA,NA,NA,"",NA,NA,NA,NA,NA,NA,NA,NA,NA,NA,NA,NA,NA,NA,NA,NA,NA,NA,NA,"",NA,NA,NA,"","",62,8,70,NA,NA,NA,NA,NA,NA,NA,NA,NA,NA,2,"MR. FRANCISCO BOLOGNESI","CORTO",NA,NA,"Punto fijo",NA,NA,NA,NA,NA,NA,NA,NA,NA,NA,NA,NA,NA,NA,"Complete","-16.315865","-71.525974","",""
"180",183,NA,"2024-06-15 17:50:26","1","I.E. Inicial sol de los andes ",8,18,2024-06-15,2,"","",NA,"","",NA,1,NA,NA,36,12,NA,NA,"",NA,NA,NA,NA,NA,NA,NA,"",NA,NA,NA,NA,NA,NA,NA,NA,NA,NA,NA,NA,NA,NA,NA,NA,NA,NA,NA,"",NA,NA,NA,"","",36,12,48,NA,NA,NA,NA,NA,NA,NA,NA,NA,NA,2,"MR. FRANCISCO BOLOGNESI","CORTO",NA,NA,"Punto fijo",NA,NA,NA,NA,NA,NA,NA,NA,NA,NA,NA,NA,NA,NA,"Complete","-16.314524","-71.526314","-16,316408","-71,527252"
"181",184,NA,"2024-06-15 17:51:07","1","Embajada de japón zona B",9,19,2024-06-15,1,"07:40","08:10",1,"","08:52",NA,1,35,NA,96,17,2,NA,"",NA,NA,NA,NA,NA,NA,NA,"",NA,NA,NA,NA,NA,NA,NA,NA,NA,NA,NA,NA,NA,NA,NA,NA,NA,NA,NA,"",NA,NA,NA,"13:32","",96,17,113,NA,NA,NA,NA,NA,NA,NA,NA,NA,NA,2,"MR. FRANCISCO BOLOGNESI","DETALLADO","1, Bus",NA,"Punto fijo",NA,"NO",NA,NA,NA,NA,NA,NA,NA,NA,NA,NA,NA,NA,"Complete","-16.309280","-71.524925","",""
"182",185,NA,"2024-06-15 17:53:07","1","Embajada de japón zona A",11,111,2024-06-15,1,"08:00","08:30",3,"","08:59",NA,1,40,NA,66,7,2,NA,"",NA,NA,NA,NA,NA,NA,NA,"",NA,NA,NA,NA,NA,NA,NA,NA,NA,NA,NA,NA,NA,NA,NA,NA,NA,NA,NA,"",NA,NA,NA,"13:00","Nos vinieron a recoger muy tarde",66,7,73,NA,NA,NA,NA,NA,NA,NA,NA,NA,NA,2,"MR. FRANCISCO BOLOGNESI","DETALLADO","3. Transporte público",NA,"Punto fijo",NA,"NO",NA,NA,NA,NA,NA,NA,NA,NA,NA,NA,NA,NA,"Complete","-16.309667","-71.527539","",""
"183",186,NA,"2024-06-15 17:54:03","1","Iglesia embajada de Japón zona b ",10,110,2024-06-15,1,"07:40","08:53",1,"","09:00",NA,1,30,NA,7,4,1,3,"10:05",2,NA,NA,106,17,2,NA,"",NA,NA,NA,NA,NA,NA,NA,NA,NA,NA,NA,NA,NA,NA,NA,NA,NA,NA,NA,"",NA,NA,NA,"13:30","se encontró perros callejeros incluso perros bavos que casi nos muerden ",113,21,134,NA,NA,NA,NA,NA,NA,NA,NA,NA,NA,2,"MR. FRANCISCO BOLOGNESI","DETALLADO","1, Bus",NA,"Punto fijo",NA,"SI","Yo mismo","Cambiamos a Punto movil","NO",NA,NA,NA,NA,NA,NA,NA,NA,NA,"Complete","-16.311934","-71.526912","-16,312062","-71,525789"
"184",187,NA,"2024-06-15 17:55:10","1","Local social de pioneros zona A",12,112,2024-06-15,1,"08:20","08:45",1,"","09:12",NA,1,22,NA,78,22,1,3,"13:00",1,23,0,NA,NA,2,NA,"",NA,NA,NA,NA,NA,NA,NA,NA,NA,NA,NA,NA,NA,NA,NA,NA,NA,NA,NA,"",NA,NA,NA,"13:30","",101,22,123,NA,NA,NA,NA,NA,NA,NA,NA,NA,NA,2,"MR. FRANCISCO BOLOGNESI","DETALLADO","1, Bus",NA,"Punto fijo",NA,"SI","Yo mismo","Cambiamos a Punto fijo","NO",NA,NA,NA,NA,NA,NA,NA,NA,NA,"Complete","-16.304808","-71.522742","",""
"185",188,NA,"2024-06-15 17:55:55","1","pioneros zona c ",13,113,2024-06-15,1,"08:05","08:27",1,"","09:04",NA,1,18,NA,44,14,2,NA,"",NA,NA,NA,NA,NA,NA,NA,"",NA,NA,NA,NA,NA,NA,NA,NA,NA,NA,NA,NA,NA,NA,NA,NA,NA,NA,NA,"",NA,NA,NA,"12:44","",44,14,58,NA,NA,NA,NA,NA,NA,NA,NA,NA,NA,2,"MR. FRANCISCO BOLOGNESI","DETALLADO","1, Bus",NA,"Punto fijo",NA,"NO",NA,NA,NA,NA,NA,NA,NA,NA,NA,NA,NA,NA,"Complete","-16.302618","-71.523279","-16,302759","-71,52464"
"186",189,NA,"2024-06-15 17:57:07","1","comedor popular de jazmines zona B",15,115,2024-06-15,2,"","",NA,"","",NA,1,NA,NA,15,6,NA,NA,"",NA,NA,NA,NA,NA,NA,NA,"",NA,NA,NA,NA,NA,NA,NA,NA,NA,NA,NA,NA,NA,NA,NA,NA,NA,NA,NA,"",NA,NA,NA,"","",15,6,21,NA,NA,NA,NA,NA,NA,NA,NA,NA,NA,2,"MR. FRANCISCO BOLOGNESI","CORTO",NA,NA,"Punto fijo",NA,NA,NA,NA,NA,NA,NA,NA,NA,NA,NA,NA,NA,NA,"Complete","-16.292961","-71.520814","-16,294631","-71,519143"
"187",190,NA,"2024-06-15 17:57:11","1","Loza deportiva jazmines zona A",14,114,2024-06-15,2,"","",NA,"","",NA,1,NA,NA,21,4,NA,NA,"",NA,NA,NA,NA,NA,NA,NA,"",NA,NA,NA,NA,NA,NA,NA,NA,NA,NA,NA,NA,NA,NA,NA,NA,NA,NA,NA,"",NA,NA,NA,"","Por la ubicación hubiera sido mejor movilizarnos y vacunar durante la caminata, ya que en esa zona no vivia mucha gente",21,4,25,NA,NA,NA,NA,NA,NA,NA,NA,NA,NA,2,"MR. FRANCISCO BOLOGNESI","CORTO",NA,NA,"Punto fijo",NA,NA,NA,NA,NA,NA,NA,NA,NA,NA,NA,NA,NA,NA,"Complete","-16.297601","-71.522738","",""
"188",191,NA,"2024-06-17 10:01:56","1","Loza deportiva virgen de chapi",1,11,2024-06-16,2,"","",NA,"","",1,2,NA,NA,NA,NA,NA,NA,"",NA,NA,NA,NA,NA,NA,NA,"",NA,NA,NA,NA,NA,NA,NA,NA,NA,NA,NA,NA,NA,NA,NA,38,4,NA,NA,"",NA,NA,NA,"","Se vacunó un perro y un gato",38,4,42,NA,NA,NA,NA,NA,NA,NA,NA,NA,NA,2,"MR. FRANCISCO BOLOGNESI","CORTO",NA,"Sí","Punto movil",NA,NA,NA,NA,NA,NA,NA,NA,NA,NA,NA,NA,NA,NA,"Complete","-16.337580","-71.544638","",""
"189",192,NA,"2024-06-17 10:09:50","1","Grifo de radio azul",3,13,2024-06-16,1,"07:51","08:04",2,"","08:10",NA,1,1,NA,58,6,1,1,"11:40",2,NA,NA,3,5,2,NA,"",NA,NA,NA,NA,NA,NA,NA,NA,NA,NA,NA,NA,NA,NA,NA,NA,NA,NA,NA,"",NA,NA,NA,"12:17","",61,11,72,NA,NA,NA,NA,NA,NA,NA,NA,NA,NA,2,"MR. FRANCISCO BOLOGNESI","DETALLADO","2. Camioneta/Auto",NA,"Punto fijo",NA,"SI","Microred","Cambiamos a Punto movil","NO",NA,NA,NA,NA,NA,NA,NA,NA,NA,"Complete","-16.333006","-71.538381","",""
"190",193,NA,"2024-06-17 10:11:24","1","Av. rafael belaunde",4,14,2024-06-16,2,"","",NA,"","",1,2,NA,NA,NA,NA,NA,NA,"",NA,NA,NA,NA,NA,NA,NA,"",NA,NA,NA,NA,NA,NA,NA,NA,NA,NA,NA,NA,NA,NA,NA,84,11,NA,NA,"",NA,NA,NA,"","",84,11,95,NA,NA,NA,NA,NA,NA,NA,NA,NA,NA,2,"MR. FRANCISCO BOLOGNESI","CORTO",NA,"Sí","Punto movil",NA,NA,NA,NA,NA,NA,NA,NA,NA,NA,NA,NA,NA,NA,"Complete","-16.336745","-71.543107","",""
"191",194,NA,"2024-06-17 10:23:44","1","Sauna talentos 1ro de junio",5,15,2024-06-16,1,"07:45","08:05",2,"","08:14",NA,1,12,NA,0,0,1,3,"08:15",2,NA,NA,96,27,2,NA,"",NA,NA,NA,NA,NA,NA,NA,NA,NA,NA,NA,NA,NA,NA,NA,NA,NA,NA,NA,"",NA,NA,NA,"12:09","Siempre he sido punto móvil",96,27,123,NA,NA,NA,NA,NA,NA,NA,NA,NA,NA,2,"MR. FRANCISCO BOLOGNESI","DETALLADO","2. Camioneta/Auto",NA,"Punto fijo",NA,"SI","Yo mismo","Cambiamos a Punto movil","NO",NA,NA,NA,NA,NA,NA,NA,NA,NA,"Complete","-16.325397","-71.536592","-16,324609","-71,535065"
"192",195,NA,"2024-06-17 10:28:09","1","20 enero-loza deportiva",6,16,2024-06-16,1,"07:53","08:13",1,"","08:22",NA,1,13,NA,0,0,1,1,"08:22",2,NA,NA,43,7,2,NA,"",NA,NA,NA,NA,NA,NA,NA,NA,NA,NA,NA,NA,NA,NA,NA,NA,NA,NA,NA,"",NA,NA,NA,"12:01","Siempre fui punto movil",43,7,50,NA,NA,NA,NA,NA,NA,NA,NA,NA,NA,2,"MR. FRANCISCO BOLOGNESI","DETALLADO","1, Bus",NA,"Punto fijo",NA,"SI","Microred","Cambiamos a Punto movil","NO",NA,NA,NA,NA,NA,NA,NA,NA,NA,"Complete","-16.318443","-71.529444","-16,321611","-71,531587"
"193",196,NA,"2024-06-17 10:29:47","1","Loza deportiva sol de los andes",7,17,2024-06-16,2,"","",NA,"","",1,2,NA,NA,NA,NA,NA,NA,"",NA,NA,NA,NA,NA,NA,NA,"",NA,NA,NA,NA,NA,NA,NA,NA,NA,NA,NA,NA,NA,NA,NA,30,6,NA,NA,"",NA,NA,NA,"","",30,6,36,NA,NA,NA,NA,NA,NA,NA,NA,NA,NA,2,"MR. FRANCISCO BOLOGNESI","CORTO",NA,"Sí","Punto movil",NA,NA,NA,NA,NA,NA,NA,NA,NA,NA,NA,NA,NA,NA,"Complete","-16.315603","-71.526076","",""
"194",197,NA,"2024-06-17 10:31:39","1","I.E. Inicial sol de los andes",8,18,2024-06-16,2,"","",NA,"","",1,2,NA,NA,NA,NA,NA,NA,"",NA,NA,NA,NA,NA,NA,NA,"",NA,NA,NA,NA,NA,NA,NA,NA,NA,NA,NA,NA,NA,NA,NA,40,0,NA,NA,"",NA,NA,NA,"","",40,0,40,NA,NA,NA,NA,NA,NA,NA,NA,NA,NA,2,"MR. FRANCISCO BOLOGNESI","CORTO",NA,"Sí","Punto movil",NA,NA,NA,NA,NA,NA,NA,NA,NA,NA,NA,NA,NA,NA,"Complete","-16.314061","-71.527372","",""
"195",198,NA,"2024-06-17 10:37:05","1","Embajada de japón zona B",9,19,2024-06-16,1,"07:53","08:14",1,"","08:38",NA,1,17,NA,51,7,2,NA,"",NA,NA,NA,NA,NA,NA,NA,"",NA,NA,NA,NA,NA,NA,NA,NA,NA,NA,NA,NA,NA,NA,NA,NA,NA,NA,NA,"",NA,NA,NA,"12:00","",51,7,58,NA,NA,NA,NA,NA,NA,NA,NA,NA,NA,2,"MR. FRANCISCO BOLOGNESI","DETALLADO","1, Bus",NA,"Punto fijo",NA,"NO",NA,NA,NA,NA,NA,NA,NA,NA,NA,NA,NA,NA,"Complete","-16.309165","-71.524927","-16,309684","-71,525373"
"196",199,NA,"2024-06-17 11:12:24","1","Embajada de japon",11,111,2024-06-16,1,"07:45","08:14",2,"","08:50",NA,1,33,NA,0,0,1,1,"08:50",2,NA,NA,85,13,2,NA,"",NA,NA,NA,NA,NA,NA,NA,NA,NA,NA,NA,NA,NA,NA,NA,NA,NA,NA,NA,"",NA,NA,NA,"12:10","Siempre fui punto movil",85,13,98,NA,NA,NA,NA,NA,NA,NA,NA,NA,NA,2,"MR. FRANCISCO BOLOGNESI","DETALLADO","2. Camioneta/Auto",NA,"Punto fijo",NA,"SI","Microred","Cambiamos a Punto movil","NO",NA,NA,NA,NA,NA,NA,NA,NA,NA,"Complete","-16.304345","-71.525535","",""
"197",200,NA,"2024-06-17 11:14:05","1","Local social pioneros",12,112,2024-06-16,2,"","",NA,"","",1,2,NA,NA,NA,NA,NA,NA,"",NA,NA,NA,NA,NA,NA,NA,"",NA,NA,NA,NA,NA,NA,NA,NA,NA,NA,NA,NA,NA,NA,NA,40,2,NA,NA,"",NA,NA,NA,"","",40,2,42,NA,NA,NA,NA,NA,NA,NA,NA,NA,NA,2,"MR. FRANCISCO BOLOGNESI","CORTO",NA,"Sí","Punto movil",NA,NA,NA,NA,NA,NA,NA,NA,NA,NA,NA,NA,NA,NA,"Complete","-16.304844","-71.522691","",""
"198",201,NA,"2024-06-17 11:16:55","1","Iglesia embajada de japon B",10,110,2024-06-16,1,"07:49","08:14",2,"","08:40",NA,1,15,NA,7,2,1,1,"09:10",2,NA,NA,44,7,2,NA,"",NA,NA,NA,NA,NA,NA,NA,NA,NA,NA,NA,NA,NA,NA,NA,NA,NA,NA,NA,"",NA,NA,NA,"12:10","",51,9,60,NA,NA,NA,NA,NA,NA,NA,NA,NA,NA,2,"MR. FRANCISCO BOLOGNESI","DETALLADO","2. Camioneta/Auto",NA,"Punto fijo",NA,"SI","Microred","Cambiamos a Punto movil","NO",NA,NA,NA,NA,NA,NA,NA,NA,NA,"Complete","-16.312066","-71.525807","",""
"199",202,NA,"2024-06-17 11:18:19","1","Loza de pioneros zona A",13,113,2024-06-16,2,"","",NA,"","",1,2,NA,NA,NA,NA,NA,NA,"",NA,NA,NA,NA,NA,NA,NA,"",NA,NA,NA,NA,NA,NA,NA,NA,NA,NA,NA,NA,NA,NA,NA,38,4,NA,NA,"",NA,NA,NA,"","",38,4,42,NA,NA,NA,NA,NA,NA,NA,NA,NA,NA,2,"MR. FRANCISCO BOLOGNESI","CORTO",NA,"Sí","Punto movil",NA,NA,NA,NA,NA,NA,NA,NA,NA,NA,NA,NA,NA,NA,"Complete","-16.305838","-71.526184","",""
"200",203,NA,"2024-06-17 11:19:44","1","Loza deportiva jazmines zona A",14,114,2024-06-16,2,"","",NA,"","",1,2,NA,NA,NA,NA,NA,NA,"",NA,NA,NA,NA,NA,NA,NA,"",NA,NA,NA,NA,NA,NA,NA,NA,NA,NA,NA,NA,NA,NA,NA,67,4,NA,NA,"",NA,NA,NA,"","",67,4,71,NA,NA,NA,NA,NA,NA,NA,NA,NA,NA,2,"MR. FRANCISCO BOLOGNESI","CORTO",NA,"Sí","Punto movil",NA,NA,NA,NA,NA,NA,NA,NA,NA,NA,NA,NA,NA,NA,"Complete","-16.297287","-71.519852","",""
"201",204,NA,"2024-06-17 11:21:09","1","Comedor popular de jazmines zona B",15,115,2024-06-16,2,"","",NA,"","",1,2,NA,NA,NA,NA,NA,NA,"",NA,NA,NA,NA,NA,NA,NA,"",NA,NA,NA,NA,NA,NA,NA,NA,NA,NA,NA,NA,NA,NA,NA,64,20,NA,NA,"",NA,NA,NA,"","",64,20,84,NA,NA,NA,NA,NA,NA,NA,NA,NA,NA,2,"MR. FRANCISCO BOLOGNESI","CORTO",NA,"Sí","Punto movil",NA,NA,NA,NA,NA,NA,NA,NA,NA,NA,NA,NA,NA,NA,"Complete","-16.299088","-71.522773","",""
"202",205,NA,"2024-06-22 16:22:56","1","Iglesia acequia alta",1,11,2024-06-22,2,"","",NA,"","",2,1,NA,NA,58,2,NA,NA,"",NA,NA,NA,NA,NA,NA,NA,"",NA,NA,NA,NA,NA,NA,NA,NA,NA,NA,NA,NA,NA,NA,NA,NA,NA,NA,NA,"",NA,NA,NA,"","",58,2,60,NA,NA,NA,NA,NA,NA,NA,NA,NA,NA,2,"MR. FRANCISCO BOLOGNESI","CORTO",NA,"No","Punto fijo",NA,NA,NA,NA,NA,NA,NA,NA,NA,NA,NA,NA,NA,NA,"Complete","-16.363978","-71.541192","",""
"203",206,NA,"2024-06-22 16:24:44","1","Estadio acequia alta",2,12,2024-06-22,2,"","",NA,"","",2,1,NA,NA,45,12,NA,NA,"",NA,NA,NA,NA,NA,NA,NA,"",NA,NA,NA,NA,NA,NA,NA,NA,NA,NA,NA,NA,NA,NA,NA,NA,NA,NA,NA,"",NA,NA,NA,"","",45,12,57,NA,NA,NA,NA,NA,NA,NA,NA,NA,NA,2,"MR. FRANCISCO BOLOGNESI","CORTO",NA,"No","Punto fijo",NA,NA,NA,NA,NA,NA,NA,NA,NA,NA,NA,NA,NA,NA,"Complete","-16.360017","-71.542508","",""
"204",207,NA,"2024-06-22 16:25:46","1","Comisaria acequia alta",3,13,2024-06-22,2,"","",NA,"","",2,1,NA,NA,25,7,NA,NA,"",NA,NA,NA,NA,NA,NA,NA,"",NA,NA,NA,NA,NA,NA,NA,NA,NA,NA,NA,NA,NA,NA,NA,NA,NA,NA,NA,"",NA,NA,NA,"","",25,7,32,NA,NA,NA,NA,NA,NA,NA,NA,NA,NA,2,"MR. FRANCISCO BOLOGNESI","CORTO",NA,"No","Punto fijo",NA,NA,NA,NA,NA,NA,NA,NA,NA,NA,NA,NA,NA,NA,"Complete","-16.355885","-71.541114","-16.356187","-71.542425"
"205",208,NA,"2024-06-22 16:27:02","1","Restaurante chaska",4,14,2024-06-22,2,"","",NA,"","",2,1,NA,NA,35,6,NA,NA,"",NA,NA,NA,NA,NA,NA,NA,"",NA,NA,NA,NA,NA,NA,NA,NA,NA,NA,NA,NA,NA,NA,NA,NA,NA,NA,NA,"",NA,NA,NA,"","",35,6,41,NA,NA,NA,NA,NA,NA,NA,NA,NA,NA,2,"MR. FRANCISCO BOLOGNESI","CORTO",NA,"No","Punto fijo",NA,NA,NA,NA,NA,NA,NA,NA,NA,NA,NA,NA,NA,NA,"Complete","-16.365142","-71.546907","-16.361776","-71.544651"
"206",209,NA,"2024-06-22 16:28:01","1","Iglesia ave maria",5,15,2024-06-22,2,"","",NA,"","",2,1,NA,NA,69,13,NA,NA,"",NA,NA,NA,NA,NA,NA,NA,"",NA,NA,NA,NA,NA,NA,NA,NA,NA,NA,NA,NA,NA,NA,NA,NA,NA,NA,NA,"",NA,NA,NA,"","",69,13,82,NA,NA,NA,NA,NA,NA,NA,NA,NA,NA,2,"MR. FRANCISCO BOLOGNESI","CORTO",NA,"No","Punto fijo",NA,NA,NA,NA,NA,NA,NA,NA,NA,NA,NA,NA,NA,NA,"Complete","-16.356349","-71.545818","",""
"207",210,NA,"2024-06-22 16:29:15","1","Av. 28 de julio/cahuide",6,16,2024-06-22,2,"","",NA,"","",2,1,NA,NA,100,15,NA,NA,"",NA,NA,NA,NA,NA,NA,NA,"",NA,NA,NA,NA,NA,NA,NA,NA,NA,NA,NA,NA,NA,NA,NA,NA,NA,NA,NA,"",NA,NA,NA,"","",100,15,115,NA,NA,NA,NA,NA,NA,NA,NA,NA,NA,2,"MR. FRANCISCO BOLOGNESI","CORTO",NA,"No","Punto fijo",NA,NA,NA,NA,NA,NA,NA,NA,NA,NA,NA,NA,NA,NA,"Complete","-16.360305","-71.545797","-16.358996","-71.545732"
"208",211,NA,"2024-06-22 16:31:04","1","plaza la tomilla",7,17,2024-06-22,1,"07:48","08:09",1,"","08:13",NA,1,NA,NA,77,22,2,NA,"",NA,NA,NA,NA,NA,NA,NA,"",NA,NA,NA,NA,NA,NA,NA,NA,NA,NA,NA,NA,NA,NA,NA,NA,NA,NA,NA,"",NA,NA,NA,"13:35","",77,22,99,NA,NA,NA,NA,NA,NA,NA,NA,NA,NA,2,"MR. FRANCISCO BOLOGNESI","DETALLADO","1, Bus",NA,"Punto fijo",NA,"NO",NA,NA,NA,NA,NA,NA,NA,NA,NA,NA,NA,NA,"Complete","-16.357499","-71.544333","-16.357656","-71.544224"
"209",212,NA,"2024-06-22 16:32:22","1","Loza deportiva juan velasco alvarado",8,18,2024-06-22,2,"","",NA,"","",2,1,NA,NA,61,8,NA,NA,"",NA,NA,NA,NA,NA,NA,NA,"",NA,NA,NA,NA,NA,NA,NA,NA,NA,NA,NA,NA,NA,NA,NA,NA,NA,NA,NA,"",NA,NA,NA,"","",61,8,69,NA,NA,NA,NA,NA,NA,NA,NA,NA,NA,2,"MR. FRANCISCO BOLOGNESI","CORTO",NA,"No","Punto fijo",NA,NA,NA,NA,NA,NA,NA,NA,NA,NA,NA,NA,NA,NA,"Complete","-16.354126","-71.544113","",""
"210",213,NA,"2024-06-22 16:34:26","1","Curva de cortaderas",9,19,2024-06-22,1,"07:46","08:09",1,"","08:25",NA,1,NA,NA,78,7,2,NA,"",NA,NA,NA,NA,NA,NA,NA,"",NA,NA,NA,NA,NA,NA,NA,NA,NA,NA,NA,NA,NA,NA,NA,NA,NA,NA,NA,"",NA,NA,NA,"13:32","",78,7,85,NA,NA,NA,NA,NA,NA,NA,NA,NA,NA,2,"MR. FRANCISCO BOLOGNESI","DETALLADO","1, Bus",NA,"Punto fijo",NA,"NO",NA,NA,NA,NA,NA,NA,NA,NA,NA,NA,NA,NA,"Complete","-16.348199","-71.543578","-16.348142","-71.543546"
"211",214,NA,"2024-06-22 16:48:02","1","Plaza de francisco bolognesi",10,110,2024-06-22,1,"07:46","08:08",1,"","08:38",NA,1,NA,NA,7,1,1,3,"10:15",2,NA,NA,98,10,2,NA,"",NA,NA,NA,NA,NA,NA,NA,NA,NA,NA,NA,NA,NA,NA,NA,NA,NA,NA,NA,"",NA,NA,NA,"13:22","primera hora modificada por Arlet",105,11,116,NA,NA,NA,NA,NA,NA,NA,NA,NA,NA,2,"MR. FRANCISCO BOLOGNESI","DETALLADO","1, Bus",NA,"Punto fijo",NA,"SI","Yo mismo","Cambiamos a Punto movil","NO",NA,NA,NA,NA,NA,NA,NA,NA,NA,"Complete","-16.351718","-71.541670","-16.350967","-71.540851"
"212",215,NA,"2024-06-22 16:49:45","1","Estadio Bolognesi",11,111,2024-06-22,2,"","",NA,"","",2,1,NA,NA,78,12,NA,NA,"",NA,NA,NA,NA,NA,NA,NA,"",NA,NA,NA,NA,NA,NA,NA,NA,NA,NA,NA,NA,NA,NA,NA,NA,NA,NA,NA,"",NA,NA,NA,"","",78,12,90,NA,NA,NA,NA,NA,NA,NA,NA,NA,NA,2,"MR. FRANCISCO BOLOGNESI","CORTO",NA,"No","Punto fijo",NA,NA,NA,NA,NA,NA,NA,NA,NA,NA,NA,NA,NA,NA,"Complete","-16.345272","-71.541444","",""
"213",216,NA,"2024-06-22 16:51:52","1","Esquina avenida arequipa/amazonas",12,112,2024-06-22,1,"07:46","08:09",1,"","08:42",NA,1,NA,NA,90,12,2,NA,"",NA,NA,NA,NA,NA,NA,NA,"",NA,NA,NA,NA,NA,NA,NA,NA,NA,NA,NA,NA,NA,NA,NA,NA,NA,NA,NA,"",NA,NA,NA,"13:50","",90,12,102,NA,NA,NA,NA,NA,NA,NA,NA,NA,NA,2,"MR. FRANCISCO BOLOGNESI","DETALLADO","1, Bus",NA,"Punto fijo",NA,"NO",NA,NA,NA,NA,NA,NA,NA,NA,NA,NA,NA,NA,"Complete","-16.345082","-71.540318","-16.347217","-71.540206"
"214",217,NA,"2024-06-22 16:54:30","1","Loza deportiva Jose olaya",13,113,2024-06-22,1,"07:50","08:10",1,"","08:26",NA,1,NA,NA,89,23,2,NA,"",NA,NA,NA,NA,NA,NA,NA,"",NA,NA,NA,NA,NA,NA,NA,NA,NA,NA,NA,NA,NA,NA,NA,NA,NA,NA,NA,"",NA,NA,NA,"13:34","Perros y gatos modificado por Arlet",89,23,112,NA,NA,NA,NA,NA,NA,NA,NA,NA,NA,2,"MR. FRANCISCO BOLOGNESI","DETALLADO","1, Bus",NA,"Punto fijo",NA,"NO",NA,NA,NA,NA,NA,NA,NA,NA,NA,NA,NA,NA,"Complete","-16.342983","-71.543806","-16.343261","-71.541285"
"215",218,NA,"2024-06-22 16:55:28","1","Complejo san martin de porres",14,114,2024-06-22,2,"","",NA,"","",2,1,NA,NA,30,3,NA,NA,"",NA,NA,NA,NA,NA,NA,NA,"",NA,NA,NA,NA,NA,NA,NA,NA,NA,NA,NA,NA,NA,NA,NA,NA,NA,NA,NA,"",NA,NA,NA,"","",30,3,33,NA,NA,NA,NA,NA,NA,NA,NA,NA,NA,2,"MR. FRANCISCO BOLOGNESI","CORTO",NA,"No","Punto fijo",NA,NA,NA,NA,NA,NA,NA,NA,NA,NA,NA,NA,NA,NA,"Complete","-16.341007","-71.541289","-16.341024","-71.542194"
"216",219,NA,"2024-06-22 16:58:18","1","Cetpro jose olaya",15,115,2024-06-22,1,"07:51","08:10",1,"","08:33",NA,1,NA,NA,21,7,1,1,"11:06",2,NA,NA,1,2,2,NA,"",NA,NA,NA,NA,NA,NA,NA,NA,NA,NA,NA,NA,NA,NA,NA,NA,NA,NA,NA,"",NA,NA,NA,"12:50","",22,9,31,NA,NA,NA,NA,NA,NA,NA,NA,NA,NA,2,"MR. FRANCISCO BOLOGNESI","DETALLADO","1, Bus",NA,"Punto fijo",NA,"SI","Microred","Cambiamos a Punto movil","NO",NA,NA,NA,NA,NA,NA,NA,NA,NA,"Complete","-16.339815","-71.542036","",""
"217",220,NA,"2024-06-22 16:59:10","1","Charcani",16,116,2024-06-22,2,"","",NA,"","",1,2,NA,NA,NA,NA,NA,NA,"",NA,NA,NA,NA,NA,NA,NA,"",NA,NA,NA,NA,NA,NA,NA,NA,NA,NA,NA,NA,NA,NA,NA,67,13,NA,NA,"",NA,NA,NA,"","",67,13,80,NA,NA,NA,NA,NA,NA,NA,NA,NA,NA,2,"MR. FRANCISCO BOLOGNESI","CORTO",NA,"Sí","Punto movil",NA,NA,NA,NA,NA,NA,NA,NA,NA,NA,NA,NA,NA,NA,"Complete","-16.343801","-71.539880","",""
"218",221,NA,"2024-06-22 17:00:09","1","Comite 22 amp. la tomilla",17,117,2024-06-22,2,"","",NA,"","",1,2,NA,NA,NA,NA,NA,NA,"",NA,NA,NA,NA,NA,NA,NA,"",NA,NA,NA,NA,NA,NA,NA,NA,NA,NA,NA,NA,NA,NA,NA,103,0,NA,NA,"",NA,NA,NA,"","",103,0,103,NA,NA,NA,NA,NA,NA,NA,NA,NA,NA,2,"MR. FRANCISCO BOLOGNESI","CORTO",NA,"Sí","Punto movil",NA,NA,NA,NA,NA,NA,NA,NA,NA,NA,NA,NA,NA,NA,"Complete","-16.359713","-71.548700","",""
"219",222,NA,"2024-06-22 17:06:04","9","Plaza de sachaca",1,91,2024-06-22,2,"","",NA,"","",2,1,NA,NA,18,0,NA,NA,"",NA,NA,NA,NA,NA,NA,NA,"",NA,NA,NA,NA,NA,NA,NA,NA,NA,NA,NA,NA,NA,NA,NA,NA,NA,NA,NA,"",NA,NA,NA,"","incomodidad para atender por campaña contra la anemia lo que dificulto usar el megafono",18,0,18,NA,NA,NA,NA,NA,NA,NA,NA,NA,NA,2,"MR. YANAHUARA","CORTO",NA,"No","Punto fijo",NA,NA,NA,NA,NA,NA,NA,NA,NA,NA,NA,NA,NA,NA,"Complete","-16.424665","-71.566722","",""
"220",223,NA,"2024-06-22 17:08:38","9","Mirador de sachaca",2,92,2024-06-22,2,"","",NA,"","",1,2,NA,NA,NA,NA,NA,NA,"",NA,NA,NA,NA,NA,NA,NA,"",NA,NA,NA,NA,NA,NA,NA,NA,NA,NA,NA,NA,NA,NA,NA,37,3,NA,NA,"",NA,NA,NA,"","No tuvimos cartillas de vacunación y por eso no querian vacunar a sus perros por eso es importante este tipo de medio  ",37,3,40,NA,NA,NA,NA,NA,NA,NA,NA,NA,NA,2,"MR. YANAHUARA","CORTO",NA,"Sí","Punto movil",NA,NA,NA,NA,NA,NA,NA,NA,NA,NA,NA,NA,NA,NA,"Complete","-16.426208","-71.567490","",""
"221",224,NA,"2024-06-22 17:09:52","9","E. tahuaycani",3,93,2024-06-22,2,"","",NA,"","",1,2,NA,NA,NA,NA,NA,NA,"",NA,NA,NA,NA,NA,NA,NA,"",NA,NA,NA,NA,NA,NA,NA,NA,NA,NA,NA,NA,NA,NA,NA,45,5,NA,NA,"",NA,NA,NA,"","1 perro no se vacunó porque estaba agresivo",45,5,50,NA,NA,NA,NA,NA,NA,NA,NA,NA,NA,2,"MR. YANAHUARA","CORTO",NA,"Sí","Punto movil",NA,NA,NA,NA,NA,NA,NA,NA,NA,NA,NA,NA,NA,NA,"Complete","-16.405458","-71.554094","-16.406929","-71.555982"
"222",225,NA,"2024-06-22 17:12:23","9","Arancota lado derecho",5,95,2024-06-22,2,"","",NA,"","",1,2,NA,NA,NA,NA,NA,NA,"",NA,NA,NA,NA,NA,NA,NA,"",NA,NA,NA,NA,NA,NA,NA,NA,NA,NA,NA,NA,NA,NA,NA,28,2,NA,NA,"",NA,NA,NA,"","En la localidad en donde hay puros negocios por el cual solo se vacuno 25 perros y 2 gatos (no tienen perros)",28,2,30,NA,NA,NA,NA,NA,NA,NA,NA,NA,NA,2,"MR. YANAHUARA","CORTO",NA,"Sí","Punto movil",NA,NA,NA,NA,NA,NA,NA,NA,NA,NA,NA,NA,NA,NA,"Complete","-16.436823","-71.569972","",""
"223",226,NA,"2024-06-22 17:13:48","9","Arancota lado izquierdo",6,96,2024-06-22,2,"","",NA,"","",1,2,NA,NA,NA,NA,NA,NA,"",NA,NA,NA,NA,NA,NA,NA,"",NA,NA,NA,NA,NA,NA,NA,NA,NA,NA,NA,NA,NA,NA,NA,37,3,NA,NA,"",NA,NA,NA,"","no recibimos carnets",37,3,40,NA,NA,NA,NA,NA,NA,NA,NA,NA,NA,2,"MR. YANAHUARA","CORTO",NA,"Sí","Punto movil",NA,NA,NA,NA,NA,NA,NA,NA,NA,NA,NA,NA,NA,NA,"Complete","-16.441796","-71.572690","",""
"224",227,NA,"2024-06-22 17:15:12","9","Variante de uchumayo",7,97,2024-06-22,2,"","",NA,"","",1,2,NA,NA,NA,NA,NA,NA,"",NA,NA,NA,NA,NA,NA,NA,"",NA,NA,NA,NA,NA,NA,NA,NA,NA,NA,NA,NA,NA,NA,NA,22,0,NA,NA,"",NA,NA,NA,"","no hubo muchos perros y era avenida",22,0,22,NA,NA,NA,NA,NA,NA,NA,NA,NA,NA,2,"MR. YANAHUARA","CORTO",NA,"Sí","Punto movil",NA,NA,NA,NA,NA,NA,NA,NA,NA,NA,NA,NA,NA,NA,"Complete","-16.406713","-71.561835","-16.407968","-71.562089"
"225",228,NA,"2024-06-22 17:17:58","9","Arrayane",8,98,2024-06-22,2,"","",NA,"","",1,2,NA,NA,NA,NA,NA,NA,"",NA,NA,NA,NA,NA,NA,NA,"",NA,NA,NA,NA,NA,NA,NA,NA,NA,NA,NA,NA,NA,NA,NA,16,2,NA,NA,"",NA,NA,NA,"","De preferencia no agregar zonas residenciales porque la mayoria de perros estan vacunados o sus dueños tienen veterinario al cual acudir que el megafono venga grabado con un audio que diga campaña de vacunacion antirrabica",16,2,18,NA,NA,NA,NA,NA,NA,NA,NA,NA,NA,2,"MR. YANAHUARA","CORTO",NA,"Sí","Punto movil",NA,NA,NA,NA,NA,NA,NA,NA,NA,NA,NA,NA,NA,NA,"Complete","-16.411217","-71.552083","",""
"226",229,NA,"2024-06-22 17:19:00","9","Edificio santa fe",9,99,2024-06-22,2,"","",NA,"","",1,2,NA,NA,NA,NA,NA,NA,"",NA,NA,NA,NA,NA,NA,NA,"",NA,NA,NA,NA,NA,NA,NA,NA,NA,NA,NA,NA,NA,NA,NA,11,0,NA,NA,"",NA,NA,NA,"","",11,0,11,NA,NA,NA,NA,NA,NA,NA,NA,NA,NA,2,"MR. YANAHUARA","CORTO",NA,"Sí","Punto movil",NA,NA,NA,NA,NA,NA,NA,NA,NA,NA,NA,NA,NA,NA,"Complete","-16.406906","-71.552397","",""
"227",230,NA,"2024-06-22 17:20:03","9","Palacio 1",10,910,2024-06-22,2,"","",NA,"","",1,2,NA,NA,NA,NA,NA,NA,"",NA,NA,NA,NA,NA,NA,NA,"",NA,NA,NA,NA,NA,NA,NA,NA,NA,NA,NA,NA,NA,NA,NA,33,4,NA,NA,"",NA,NA,NA,"","",33,4,37,NA,NA,NA,NA,NA,NA,NA,NA,NA,NA,2,"MR. YANAHUARA","CORTO",NA,"Sí","Punto movil",NA,NA,NA,NA,NA,NA,NA,NA,NA,NA,NA,NA,NA,NA,"Complete","-16.427473","-71.564565","",""
"228",231,NA,"2024-06-22 17:22:13","9","El palacio 2",11,911,2024-06-22,2,"","",NA,"","",1,2,NA,NA,NA,NA,NA,NA,"",NA,NA,NA,NA,NA,NA,NA,"",NA,NA,NA,NA,NA,NA,NA,NA,NA,NA,NA,NA,NA,NA,NA,14,0,NA,NA,"",NA,NA,NA,"","La zona ya tenia la mayor parte vacunada",14,0,14,NA,NA,NA,NA,NA,NA,NA,NA,NA,NA,2,"MR. YANAHUARA","CORTO",NA,"Sí","Punto movil",NA,NA,NA,NA,NA,NA,NA,NA,NA,NA,NA,NA,NA,NA,"Complete","-16.428970","-71.568710","",""
"229",232,NA,"2024-06-22 17:23:51","9","Campo verde",12,912,2024-06-22,2,"","",NA,"","",1,2,NA,NA,NA,NA,NA,NA,"",NA,NA,NA,NA,NA,NA,NA,"",NA,NA,NA,NA,NA,NA,NA,NA,NA,NA,NA,NA,NA,NA,NA,19,0,NA,NA,"",NA,NA,NA,"","Mala distribucion",19,0,19,NA,NA,NA,NA,NA,NA,NA,NA,NA,NA,2,"MR. YANAHUARA","CORTO",NA,"Sí","Punto movil",NA,NA,NA,NA,NA,NA,NA,NA,NA,NA,NA,NA,NA,NA,"Complete","-16.428431","-71.570194","",""
"230",233,NA,"2024-06-22 17:28:02","9","Casa campo",13,913,2024-06-22,2,"","",NA,"","",1,2,NA,NA,NA,NA,NA,NA,"",NA,NA,NA,NA,NA,NA,NA,"",NA,NA,NA,NA,NA,NA,NA,NA,NA,NA,NA,NA,NA,NA,NA,21,3,NA,NA,"",NA,NA,NA,"","hace 2 meses los perros fueron vacunados en el segundo punto",21,3,24,NA,NA,NA,NA,NA,NA,NA,NA,NA,NA,2,"MR. YANAHUARA","CORTO",NA,"Sí","Punto movil",NA,NA,NA,NA,NA,NA,NA,NA,NA,NA,NA,NA,NA,NA,"Complete","-16.434371","-71.571277","-16.428314","-71.581920"
"231",234,NA,"2024-06-22 17:29:32","9","Residencial el dorado",14,914,2024-06-22,2,"","",NA,"","",1,2,NA,NA,NA,NA,NA,NA,"",NA,NA,NA,NA,NA,NA,NA,"",NA,NA,NA,NA,NA,NA,NA,NA,NA,NA,NA,NA,NA,NA,NA,66,10,NA,NA,"",NA,NA,NA,"","no llegaba los carnets y no teniamos megafono",66,10,76,NA,NA,NA,NA,NA,NA,NA,NA,NA,NA,2,"MR. YANAHUARA","CORTO",NA,"Sí","Punto movil",NA,NA,NA,NA,NA,NA,NA,NA,NA,NA,NA,NA,NA,NA,"Complete","-16.425229","-71.573217","",""
"232",235,NA,"2024-06-22 17:30:25","9","La catedral",15,915,2024-06-22,2,"","",NA,"","",1,2,NA,NA,NA,NA,NA,NA,"",NA,NA,NA,NA,NA,NA,NA,"",NA,NA,NA,NA,NA,NA,NA,NA,NA,NA,NA,NA,NA,NA,NA,26,0,NA,NA,"",NA,NA,NA,"","",26,0,26,NA,NA,NA,NA,NA,NA,NA,NA,NA,NA,2,"MR. YANAHUARA","CORTO",NA,"Sí","Punto movil",NA,NA,NA,NA,NA,NA,NA,NA,NA,NA,NA,NA,NA,NA,"Complete","-16.426469","-71.574536","-16.426924","-71.575958"
"233",236,NA,"2024-06-22 17:32:24","9","Las peñas",16,916,2024-06-22,1,"08:45","09:20",1,"","09:40",NA,1,NA,NA,6,NA,2,NA,"",NA,NA,NA,NA,NA,NA,NA,"",NA,NA,NA,NA,NA,NA,NA,NA,NA,NA,NA,NA,NA,NA,NA,NA,NA,NA,NA,"",NA,NA,NA,"13:30","Poca gene con perros en la residencial",6,NA,6,NA,NA,NA,NA,NA,NA,NA,NA,NA,NA,2,"MR. YANAHUARA","DETALLADO","1, Bus",NA,"Punto fijo",NA,"NO",NA,NA,NA,NA,NA,NA,NA,NA,NA,NA,NA,NA,"Complete","-16.423742","-71.570549","-16.424402","-71.570572"
"234",237,NA,"2024-06-22 17:33:40","9","La planicie",18,918,2024-06-22,2,"","",NA,"","",1,2,NA,NA,NA,NA,NA,NA,"",NA,NA,NA,NA,NA,NA,NA,"",NA,NA,NA,NA,NA,NA,NA,NA,NA,NA,NA,NA,NA,NA,NA,35,1,NA,NA,"",NA,NA,NA,"","No nos recogieron a tiempo",35,1,36,NA,NA,NA,NA,NA,NA,NA,NA,NA,NA,2,"MR. YANAHUARA","CORTO",NA,"Sí","Punto movil",NA,NA,NA,NA,NA,NA,NA,NA,NA,NA,NA,NA,NA,NA,"Complete","-16.419174","-71.569104","-16.419248","-71.569355"
"235",238,NA,"2024-06-22 17:35:22","9","Guadalupe",19,919,2024-06-22,1,"09:00","09:30",1,"","10:20",NA,2,NA,NA,NA,NA,NA,NA,"",NA,NA,NA,NA,NA,NA,NA,"",NA,NA,NA,NA,NA,NA,NA,NA,NA,NA,NA,NA,NA,3,2,50,6,NA,NA,"",NA,NA,NA,"12:45","",50,6,56,NA,NA,NA,NA,NA,NA,NA,NA,NA,NA,2,"MR. YANAHUARA","DETALLADO","1, Bus",NA,"Punto movil",NA,NA,NA,NA,NA,NA,NA,NA,NA,NA,"indicacion verbal (reportar en whats app)","NO",NA,NA,"Complete","-16.437193","-71.588632","-16.437133","-71.588453"
"236",239,NA,"2024-06-22 17:37:14","9","Corazon de jesus",20,920,2024-06-22,1,"08:30","09:05",2,"","09:26",NA,1,NA,NA,61,11,2,NA,"",NA,NA,NA,NA,NA,NA,NA,"",NA,NA,NA,NA,NA,NA,NA,NA,NA,NA,NA,NA,NA,NA,NA,NA,NA,NA,NA,"",NA,NA,NA,"12:27","El grupo 27 se nos unio",61,11,72,NA,NA,NA,NA,NA,NA,NA,NA,NA,NA,2,"MR. YANAHUARA","DETALLADO","2. Camioneta/Auto",NA,"Punto fijo",NA,"NO",NA,NA,NA,NA,NA,NA,NA,NA,NA,NA,NA,NA,"Complete","-16.431444","-71.583778","",""
"237",240,NA,"2024-06-22 17:39:01","9","Sachaca pedro vilcapaza",21,921,2024-06-22,2,"","",NA,"","",1,2,NA,NA,NA,NA,NA,NA,"",NA,NA,NA,NA,NA,NA,NA,"",NA,NA,NA,NA,NA,NA,NA,NA,NA,NA,NA,NA,NA,NA,NA,18,8,NA,NA,"",NA,NA,NA,"","Salimos muy tarde  por falta de coordinacion ",18,8,26,NA,NA,NA,NA,NA,NA,NA,NA,NA,NA,2,"MR. YANAHUARA","CORTO",NA,"Sí","Punto movil",NA,NA,NA,NA,NA,NA,NA,NA,NA,NA,NA,NA,NA,NA,"Complete","-16.435962","-71.581785","",""
"238",241,NA,"2024-06-22 17:39:52","9","7 de junio",22,922,2024-06-22,2,"","",NA,"","",1,2,NA,NA,NA,NA,NA,NA,"",NA,NA,NA,NA,NA,NA,NA,"",NA,NA,NA,NA,NA,NA,NA,NA,NA,NA,NA,NA,NA,NA,NA,59,4,NA,NA,"",NA,NA,NA,"","",59,4,63,NA,NA,NA,NA,NA,NA,NA,NA,NA,NA,2,"MR. YANAHUARA","CORTO",NA,"Sí","Punto movil",NA,NA,NA,NA,NA,NA,NA,NA,NA,NA,NA,NA,NA,NA,"Complete","-16.441507","-71.579086","",""
"239",242,NA,"2024-06-22 17:41:51","9","San geronimo",23,923,2024-06-22,2,"","",NA,"","",1,2,NA,NA,NA,NA,NA,NA,"",NA,NA,NA,NA,NA,NA,NA,"",NA,NA,NA,NA,NA,NA,NA,NA,NA,NA,NA,NA,NA,NA,NA,37,22,NA,NA,"",NA,NA,NA,"","Falta de collares perros agresivos y falta de personas  salgan donde vivan personas",37,22,59,NA,NA,NA,NA,NA,NA,NA,NA,NA,NA,2,"MR. YANAHUARA","CORTO",NA,"Sí","Punto movil",NA,NA,NA,NA,NA,NA,NA,NA,NA,NA,NA,NA,NA,NA,"Complete","-16.438650","-71.581204","",""
"240",243,NA,"2024-06-22 17:42:43","9","Angeles de la cruz",24,924,2024-06-22,2,"","",NA,"","",1,2,NA,NA,NA,NA,NA,NA,"",NA,NA,NA,NA,NA,NA,NA,"",NA,NA,NA,NA,NA,NA,NA,NA,NA,NA,NA,NA,NA,NA,NA,27,5,NA,NA,"",NA,NA,NA,"","",27,5,32,NA,NA,NA,NA,NA,NA,NA,NA,NA,NA,2,"MR. YANAHUARA","CORTO",NA,"Sí","Punto movil",NA,NA,NA,NA,NA,NA,NA,NA,NA,NA,NA,NA,NA,NA,"Complete","-16.435440","-71.580984","-16.436154","-71.581155"
"241",244,NA,"2024-06-22 17:44:06","9","Pasos del señor",25,925,2024-06-22,2,"","",NA,"","",1,2,NA,NA,NA,NA,NA,NA,"",NA,NA,NA,NA,NA,NA,NA,"",NA,NA,NA,NA,NA,NA,NA,NA,NA,NA,NA,NA,NA,NA,NA,17,0,NA,NA,"",NA,NA,NA,"","Los dueños de los perros estaban trabajando",17,0,17,NA,NA,NA,NA,NA,NA,NA,NA,NA,NA,2,"MR. YANAHUARA","CORTO",NA,"Sí","Punto movil",NA,NA,NA,NA,NA,NA,NA,NA,NA,NA,NA,NA,NA,NA,"Complete","-16.439058","-71.579135","",""
"242",245,NA,"2024-06-22 17:45:56","9","Cerro la parecida",26,926,2024-06-22,1,"09:05","09:10",1,"","09:40",NA,2,35,NA,NA,NA,NA,NA,"",NA,NA,NA,NA,NA,NA,NA,"",NA,NA,NA,NA,NA,NA,NA,NA,NA,NA,NA,NA,NA,3,2,48,0,NA,NA,"",NA,NA,NA,"13:00","",48,0,48,NA,NA,NA,NA,NA,NA,NA,NA,NA,NA,2,"MR. YANAHUARA","DETALLADO","1, Bus",NA,"Punto movil",NA,NA,NA,NA,NA,NA,NA,NA,NA,NA,"indicacion verbal (reportar en whats app)","NO",NA,NA,"Complete","-16.421645","-71.568814","",""
"243",246,NA,"2024-06-23 15:35:12","9","Pampas de camarones villa pradera",1,91,2024-06-23,1,"08:50","08:52",2,"","09:00",NA,2,35,NA,NA,NA,NA,NA,"",NA,NA,NA,NA,NA,NA,NA,"",NA,NA,NA,NA,NA,NA,NA,NA,NA,NA,NA,NA,NA,3,2,63,0,NA,NA,"",NA,NA,NA,"12:25","",63,0,63,NA,NA,NA,NA,NA,NA,NA,NA,NA,NA,2,"MR. YANAHUARA","DETALLADO","2. Camioneta/Auto",NA,"Punto movil",NA,NA,NA,NA,NA,NA,NA,NA,NA,NA,"indicacion verbal (reportar en whats app)","NO",NA,NA,"Complete","-16.409943","-71.565861","-16.408207","-71.565444"
"244",247,NA,"2024-06-23 15:40:36","9","28 de julio",2,92,2024-06-23,1,"08:00","08:35",2,"","08:45",NA,2,NA,NA,NA,NA,NA,NA,"",NA,NA,NA,NA,NA,NA,NA,"",NA,NA,NA,NA,NA,NA,NA,NA,NA,NA,NA,NA,NA,3,2,50,14,NA,NA,"",NA,NA,NA,"13:20","",50,14,64,NA,NA,NA,NA,NA,NA,NA,NA,NA,NA,2,"MR. YANAHUARA","DETALLADO","2. Camioneta/Auto",NA,"Punto movil",NA,NA,NA,NA,NA,NA,NA,NA,NA,NA,"indicacion verbal (reportar en whats app)","NO",NA,NA,"Complete","-16.408834","-71.568274","-16.406840","-71.568913"
"245",248,NA,"2024-06-23 15:41:49","9","Torre blanca",3,93,2024-06-23,2,"","",NA,"","",1,2,NA,NA,NA,NA,NA,NA,"",NA,NA,NA,NA,NA,NA,NA,"",NA,NA,NA,NA,NA,NA,NA,NA,NA,NA,NA,NA,NA,NA,NA,50,7,NA,NA,"",NA,NA,NA,"","",50,7,57,NA,NA,NA,NA,NA,NA,NA,NA,NA,NA,2,"MR. YANAHUARA","CORTO",NA,"Sí","Punto movil",NA,NA,NA,NA,NA,NA,NA,NA,NA,NA,NA,NA,NA,NA,"Complete","-16.406070","-71.569087","",""
"246",249,NA,"2024-06-23 15:45:15","9","Urb las tabladas y fatima, coop torre blanca",4,94,2024-06-23,2,"","",NA,"","",1,2,NA,NA,NA,NA,NA,NA,"",NA,NA,NA,NA,NA,NA,NA,"",NA,NA,NA,NA,NA,NA,NA,NA,NA,NA,NA,NA,NA,NA,NA,32,4,NA,NA,"",NA,NA,NA,"","En el primer punto no habia suficientes animales para la vacunacion antirrabica",32,4,36,NA,NA,NA,NA,NA,NA,NA,NA,NA,NA,2,"MR. YANAHUARA","CORTO",NA,"Sí","Punto movil",NA,NA,NA,NA,NA,NA,NA,NA,NA,NA,NA,NA,NA,NA,"Complete","-16.409547","-71.571814","-16.404889","-71.569678"
"247",250,NA,"2024-06-23 15:49:09","9","Villa hermosa",5,95,2024-06-23,1,"08:50","09:03",2,"","09:30",NA,2,NA,NA,NA,NA,NA,NA,"",NA,NA,NA,NA,NA,NA,NA,"",NA,NA,NA,NA,NA,NA,NA,NA,NA,NA,NA,NA,NA,2,2,41,4,NA,NA,"",NA,NA,NA,"12:06","mas organizacion tanto con los materiales y personal cargar a tiempo los megafonos",41,4,45,NA,NA,NA,NA,NA,NA,NA,NA,NA,NA,2,"MR. YANAHUARA","DETALLADO","2. Camioneta/Auto",NA,"Punto movil",NA,NA,NA,NA,NA,NA,NA,NA,NA,NA,"Mapa con recorrido de inicio a fin","NO",NA,NA,"Complete","-16.414123","-71.595209","-16.413832","-71.596281"
"248",251,NA,"2024-06-23 15:50:45","9","Jose carlos mariategui",6,96,2024-06-23,2,"","",NA,"","",1,2,NA,NA,NA,NA,NA,NA,"",NA,NA,NA,NA,NA,NA,NA,"",NA,NA,NA,NA,NA,NA,NA,NA,NA,NA,NA,NA,NA,NA,NA,44,6,NA,NA,"",NA,NA,NA,"","",44,6,50,NA,NA,NA,NA,NA,NA,NA,NA,NA,NA,2,"MR. YANAHUARA","CORTO",NA,"Sí","Punto movil",NA,NA,NA,NA,NA,NA,NA,NA,NA,NA,NA,NA,NA,NA,"Complete","-16.414362","-71.582471","-16.414442","-71.582321"
"249",252,NA,"2024-06-23 15:52:38","9","Grifo de alto amados",7,97,2024-06-23,2,"","",NA,"","",1,2,NA,NA,NA,NA,NA,NA,"",NA,NA,NA,NA,NA,NA,NA,"",NA,NA,NA,NA,NA,NA,NA,NA,NA,NA,NA,NA,NA,NA,NA,42,5,NA,NA,"",NA,NA,NA,"","No me dieron megafono",42,5,47,NA,NA,NA,NA,NA,NA,NA,NA,NA,NA,2,"MR. YANAHUARA","CORTO",NA,"Sí","Punto movil",NA,NA,NA,NA,NA,NA,NA,NA,NA,NA,NA,NA,NA,NA,"Complete","-16.420952","-71.586776","-16.422620","-71.587170"
"250",253,NA,"2024-06-23 15:54:33","9","Calle sanches trujillo",8,98,2024-06-23,1,"08:45","09:00",1,"","09:25",NA,2,3,NA,NA,NA,NA,NA,"",NA,NA,NA,NA,NA,NA,NA,"",NA,NA,NA,NA,NA,NA,NA,NA,NA,NA,NA,NA,NA,3,2,54,16,NA,NA,"",NA,NA,NA,"12:52","",54,16,70,NA,NA,NA,NA,NA,NA,NA,NA,NA,NA,2,"MR. YANAHUARA","DETALLADO","1, Bus",NA,"Punto movil",NA,NA,NA,NA,NA,NA,NA,NA,NA,NA,"indicacion verbal (reportar en whats app)","NO",NA,NA,"Complete","-16.425775","-71.585440","-16.425666","-71.585645"
"251",254,NA,"2024-06-23 15:58:22","9","Estadio alto amados",9,99,2024-06-23,2,"","",NA,"","",1,2,NA,NA,NA,NA,NA,NA,"",NA,NA,NA,NA,NA,NA,NA,"",NA,NA,NA,NA,NA,NA,NA,NA,NA,NA,NA,NA,NA,NA,NA,58,7,NA,NA,"",NA,NA,NA,"","mejor ubicacion de equipos",58,7,65,NA,NA,NA,NA,NA,NA,NA,NA,NA,NA,2,"MR. YANAHUARA","CORTO",NA,"Sí","Punto movil",NA,NA,NA,NA,NA,NA,NA,NA,NA,NA,NA,NA,NA,NA,"Complete","-16.421833","-71.588938","-16.420789","-71.589603"
"252",255,NA,"2024-06-23 15:59:23","9","Villa el triunfo",10,910,2024-06-23,2,"","",NA,"","",1,2,NA,NA,NA,NA,NA,NA,"",NA,NA,NA,NA,NA,NA,NA,"",NA,NA,NA,NA,NA,NA,NA,NA,NA,NA,NA,NA,NA,NA,NA,70,14,NA,NA,"",NA,NA,NA,"","",70,14,84,NA,NA,NA,NA,NA,NA,NA,NA,NA,NA,2,"MR. YANAHUARA","CORTO",NA,"Sí","Punto movil",NA,NA,NA,NA,NA,NA,NA,NA,NA,NA,NA,NA,NA,NA,"Complete","-16.413970","-71.594507","",""
"253",256,NA,"2024-06-23 16:00:22","9","Villa maria del triunfo",11,911,2024-06-23,2,"","",NA,"","",1,2,NA,NA,NA,NA,NA,NA,"",NA,NA,NA,NA,NA,NA,NA,"",NA,NA,NA,NA,NA,NA,NA,NA,NA,NA,NA,NA,NA,NA,NA,68,6,NA,NA,"",NA,NA,NA,"","",68,6,74,NA,NA,NA,NA,NA,NA,NA,NA,NA,NA,2,"MR. YANAHUARA","CORTO",NA,"Sí","Punto movil",NA,NA,NA,NA,NA,NA,NA,NA,NA,NA,NA,NA,NA,NA,"Complete","-16.417868","-71.593476","",""
"254",257,NA,"2024-06-23 16:02:02","9","Av principal junta de regantes tio chico",12,912,2024-06-23,2,"","",NA,"","",1,2,NA,NA,NA,NA,NA,NA,"",NA,NA,NA,NA,NA,NA,NA,"",NA,NA,NA,NA,NA,NA,NA,NA,NA,NA,NA,NA,NA,NA,NA,63,1,NA,NA,"",NA,NA,NA,"","Mordedura del gato",63,1,64,NA,NA,NA,NA,NA,NA,NA,NA,NA,NA,2,"MR. YANAHUARA","CORTO",NA,"Sí","Punto movil",NA,NA,NA,NA,NA,NA,NA,NA,NA,NA,NA,NA,NA,NA,"Complete","-16.432590","-71.587880","-16.429630","-71.587259"
"255",258,NA,"2024-06-23 16:03:56","9","Tio grande",13,913,2024-06-23,2,"","",NA,"","",1,2,NA,NA,NA,NA,NA,NA,"",NA,NA,NA,NA,NA,NA,NA,"",NA,NA,NA,NA,NA,NA,NA,NA,NA,NA,NA,NA,NA,NA,NA,23,11,NA,NA,"",NA,NA,NA,"","creo que el chofer de la combi deberia de tener mas paciencia a la hora de recojo",23,11,34,NA,NA,NA,NA,NA,NA,NA,NA,NA,NA,2,"MR. YANAHUARA","CORTO",NA,"Sí","Punto movil",NA,NA,NA,NA,NA,NA,NA,NA,NA,NA,NA,NA,NA,NA,"Complete","-16.432777","-71.594552","-16.432713","-71.594527"
"256",259,NA,"2024-06-23 16:05:11","9","23 de junio",14,914,2024-06-23,2,"","",NA,"","",1,2,NA,NA,NA,NA,NA,NA,"",NA,NA,NA,NA,NA,NA,NA,"",NA,NA,NA,NA,NA,NA,NA,NA,NA,NA,NA,NA,NA,NA,NA,21,6,NA,NA,"",NA,NA,NA,"","Megafono no funcionaba se repitieron zonas",21,6,27,NA,NA,NA,NA,NA,NA,NA,NA,NA,NA,2,"MR. YANAHUARA","CORTO",NA,"Sí","Punto movil",NA,NA,NA,NA,NA,NA,NA,NA,NA,NA,NA,NA,NA,NA,"Complete","-16.410515","-71.570460","",""
"257",260,NA,"2024-06-23 16:05:59","9","Villa maria del triunfo",15,915,2024-06-23,2,"","",NA,"","",1,2,NA,NA,NA,NA,NA,NA,"",NA,NA,NA,NA,NA,NA,NA,"",NA,NA,NA,NA,NA,NA,NA,NA,NA,NA,NA,NA,NA,NA,NA,50,15,NA,NA,"",NA,NA,NA,"","",50,15,65,NA,NA,NA,NA,NA,NA,NA,NA,NA,NA,2,"MR. YANAHUARA","CORTO",NA,"Sí","Punto movil",NA,NA,NA,NA,NA,NA,NA,NA,NA,NA,NA,NA,NA,NA,"Complete","-16.413703","-71.593937","-16.413788","-71.593790"
"258",261,NA,"2024-06-23 16:06:50","9","28 de julio",16,916,2024-06-23,2,"","",NA,"","",1,2,NA,NA,NA,NA,NA,NA,"",NA,NA,NA,NA,NA,NA,NA,"",NA,NA,NA,NA,NA,NA,NA,NA,NA,NA,NA,NA,NA,NA,NA,11,6,NA,NA,"",NA,NA,NA,"","",11,6,17,NA,NA,NA,NA,NA,NA,NA,NA,NA,NA,2,"MR. YANAHUARA","CORTO",NA,"Sí","Punto movil",NA,NA,NA,NA,NA,NA,NA,NA,NA,NA,NA,NA,NA,NA,"Complete","-16.427819","-71.586819","",""
"259",262,NA,"2024-06-23 16:09:30","9","Residencial huaranguillo",17,917,2024-06-23,2,"","",NA,"","",1,2,NA,NA,NA,NA,NA,NA,"",NA,NA,NA,NA,NA,NA,NA,"",NA,NA,NA,NA,NA,NA,NA,NA,NA,NA,NA,NA,NA,NA,NA,47,5,NA,NA,"",NA,NA,NA,"","",47,5,52,NA,NA,NA,NA,NA,NA,NA,NA,NA,NA,2,"MR. YANAHUARA","CORTO",NA,"Sí","Punto movil",NA,NA,NA,NA,NA,NA,NA,NA,NA,NA,NA,NA,NA,NA,"Complete","-16.413349","-71.575971","-16.413355","-71.575974"
"260",263,NA,"2024-06-23 16:10:09","9","Av progreso",18,918,2024-06-23,2,"","",NA,"","",1,2,NA,NA,NA,NA,NA,NA,"",NA,NA,NA,NA,NA,NA,NA,"",NA,NA,NA,NA,NA,NA,NA,NA,NA,NA,NA,NA,NA,NA,NA,29,3,NA,NA,"",NA,NA,NA,"","",29,3,32,NA,NA,NA,NA,NA,NA,NA,NA,NA,NA,2,"MR. YANAHUARA","CORTO",NA,"Sí","Punto movil",NA,NA,NA,NA,NA,NA,NA,NA,NA,NA,NA,NA,NA,NA,"Complete","-16.414123","-71.577694","",""
"261",264,NA,"2024-06-23 16:10:58","9","Villa industrial",19,919,2024-06-23,2,"","",NA,"","",1,2,NA,NA,NA,NA,NA,NA,"",NA,NA,NA,NA,NA,NA,NA,"",NA,NA,NA,NA,NA,NA,NA,NA,NA,NA,NA,NA,NA,NA,NA,17,1,NA,NA,"",NA,NA,NA,"","",17,1,18,NA,NA,NA,NA,NA,NA,NA,NA,NA,NA,2,"MR. YANAHUARA","CORTO",NA,"Sí","Punto movil",NA,NA,NA,NA,NA,NA,NA,NA,NA,NA,NA,NA,NA,NA,"Complete","-16.410088","-71.585305","-16.410160","-71.585279"
"262",265,NA,"2024-06-23 16:12:35","9","Alto jose maria arguedas",20,920,2024-06-23,2,"","",NA,"","",1,2,NA,NA,NA,NA,NA,NA,"",NA,NA,NA,NA,NA,NA,NA,"",NA,NA,NA,NA,NA,NA,NA,NA,NA,NA,NA,NA,NA,NA,NA,39,20,NA,NA,"",NA,NA,NA,"","me dejaron muy tarde en mi punto por falta de organizacion",39,20,59,NA,NA,NA,NA,NA,NA,NA,NA,NA,NA,2,"MR. YANAHUARA","CORTO",NA,"Sí","Punto movil",NA,NA,NA,NA,NA,NA,NA,NA,NA,NA,NA,NA,NA,NA,"Complete","-16.429028","-71.585072","",""
"263",266,NA,"2024-06-23 16:15:21","9","Puesto de salud pampa de camarones",21,921,2024-06-23,2,"","",NA,"","",1,2,NA,NA,NA,NA,NA,NA,"",NA,NA,NA,NA,NA,NA,NA,"",NA,NA,NA,NA,NA,NA,NA,NA,NA,NA,NA,NA,NA,NA,NA,46,4,NA,NA,"",NA,NA,NA,"","",46,4,50,NA,NA,NA,NA,NA,NA,NA,NA,NA,NA,2,"MR. YANAHUARA","CORTO",NA,"Sí","Punto movil",NA,NA,NA,NA,NA,NA,NA,NA,NA,NA,NA,NA,NA,NA,"Complete","-16.411356","-71.572038","",""
"264",267,NA,"2024-06-23 16:21:58","7","Los cristales",1,71,2024-06-23,1,"08:55","09:03",1,"","09:26",NA,3,NA,1,NA,NA,NA,NA,"",NA,NA,NA,NA,NA,NA,NA,"",NA,NA,NA,NA,NA,NA,NA,NA,NA,NA,NA,NA,NA,NA,NA,NA,NA,3,1,"",17,0,17,"13:13","Nos mandaron a una zona residencial",17,0,17,NA,NA,NA,NA,NA,NA,NA,NA,NA,NA,2,"MR. VICTOR R. HINOJOSA","DETALLADO","1, Bus",NA,"Puerta Puerta","Urbano",NA,NA,NA,NA,NA,NA,NA,NA,NA,NA,NA,"3. indicacion verbal (reportar en whats app)","Tocar puerta por puerta","Complete","-16.431842","-71.519869","",""
"265",268,NA,"2024-06-23 16:24:05","7","Imac suma",2,72,2024-06-23,1,"08:20","09:05",1,"","09:18",NA,3,NA,1,NA,NA,NA,NA,"",NA,NA,NA,NA,NA,NA,NA,"",NA,NA,NA,NA,NA,NA,NA,NA,NA,NA,NA,NA,NA,NA,NA,NA,NA,1,1,"",30,0,30,"13:30","Falta megafonos",30,0,30,NA,NA,NA,NA,NA,NA,NA,NA,NA,NA,2,"MR. VICTOR R. HINOJOSA","DETALLADO","1, Bus",NA,"Puerta Puerta","Urbano",NA,NA,NA,NA,NA,NA,NA,NA,NA,NA,NA,"1. Mapa con zona delimitada","Tocar puerta por puerta","Complete","-16.442242","-71.519081","-16.442659","-71.517491"
"266",269,NA,"2024-06-23 16:25:43","7","Amauta",3,73,2024-06-23,1,"08:30","08:52",2,"","09:03",NA,3,NA,1,NA,NA,NA,NA,"",NA,NA,NA,NA,NA,NA,NA,"",NA,NA,NA,NA,NA,NA,NA,NA,NA,NA,NA,NA,NA,NA,NA,NA,NA,4,1,"",41,0,41,"12:50","no teniamos megafono",41,0,41,NA,NA,NA,NA,NA,NA,NA,NA,NA,NA,2,"MR. VICTOR R. HINOJOSA","DETALLADO","2. Camioneta/Auto",NA,"Puerta Puerta","Urbano",NA,NA,NA,NA,NA,NA,NA,NA,NA,NA,NA,"4. Mapa digital","Tocar puerta por puerta","Complete","-16.440178","-71.523055","",""
"267",270,NA,"2024-06-23 16:28:32","7","Las casuarinas satelite chico",4,74,2024-06-23,1,"08:08","08:15",1,"","08:30",NA,3,NA,1,NA,NA,NA,NA,"",NA,NA,NA,NA,NA,NA,NA,"",NA,NA,NA,NA,NA,NA,NA,NA,NA,NA,NA,NA,NA,NA,NA,NA,NA,1,2,"",54,0,54,"12:57","",54,0,54,NA,NA,NA,NA,NA,NA,NA,NA,NA,NA,2,"MR. VICTOR R. HINOJOSA","DETALLADO","1, Bus",NA,"Puerta Puerta","Urbano",NA,NA,NA,NA,NA,NA,NA,NA,NA,NA,NA,"1. Mapa con zona delimitada","Caminar cuadra en cuadra","Complete","-16.434486","-71.533295","",""
"268",271,NA,"2024-06-23 16:30:25","7","Villa manuelito",5,75,2024-06-23,1,"08:25","09:03",1,"","09:39",NA,3,NA,1,NA,NA,NA,NA,"",NA,NA,NA,NA,NA,NA,NA,"",NA,NA,NA,NA,NA,NA,NA,NA,NA,NA,NA,NA,NA,NA,NA,NA,NA,4,1,"",18,3,21,"13:45","no habian muchos perros",18,3,21,NA,NA,NA,NA,NA,NA,NA,NA,NA,NA,2,"MR. VICTOR R. HINOJOSA","DETALLADO","1, Bus",NA,"Puerta Puerta","Urbano",NA,NA,NA,NA,NA,NA,NA,NA,NA,NA,NA,"4. Mapa digital","Tocar puerta por puerta","Complete","-16.429375","-71.541313","-16.429592","-71.541550"
"269",272,NA,"2024-06-23 16:32:28","7","Los olivos",6,76,2024-06-23,1,"08:20","09:00",2,"","09:19",NA,3,NA,1,NA,NA,NA,NA,"",NA,NA,NA,NA,NA,NA,NA,"",NA,NA,NA,NA,NA,NA,NA,NA,NA,NA,NA,NA,NA,NA,NA,NA,NA,4,1,"",39,0,39,"13:00","no teniamos megafonos",39,0,39,NA,NA,NA,NA,NA,NA,NA,NA,NA,NA,2,"MR. VICTOR R. HINOJOSA","DETALLADO","2. Camioneta/Auto",NA,"Puerta Puerta","Urbano",NA,NA,NA,NA,NA,NA,NA,NA,NA,NA,NA,"4. Mapa digital","Tocar puerta por puerta","Complete","-16.435224","-71.529958","",""
"270",273,NA,"2024-06-23 16:34:11","7","Jorge basadre",7,77,2024-06-23,1,"08:25","09:03",1,"","09:15",NA,3,NA,1,NA,NA,NA,NA,"",NA,NA,NA,NA,NA,NA,NA,"",NA,NA,NA,NA,NA,NA,NA,NA,NA,NA,NA,NA,NA,NA,NA,NA,NA,1,1,"",22,2,24,"13:00","",22,2,24,NA,NA,NA,NA,NA,NA,NA,NA,NA,NA,2,"MR. VICTOR R. HINOJOSA","DETALLADO","1, Bus",NA,"Puerta Puerta","Urbano",NA,NA,NA,NA,NA,NA,NA,NA,NA,NA,NA,"1. Mapa con zona delimitada","Tocar puerta por puerta","Complete","-16.446292","-71.515534","",""
"271",274,NA,"2024-06-23 16:36:14","7","los cisnes",8,78,2024-06-23,1,"08:47","08:51",2,"","09:00",NA,3,NA,1,NA,NA,NA,NA,"",NA,NA,NA,NA,NA,NA,NA,"",NA,NA,NA,NA,NA,NA,NA,NA,NA,NA,NA,NA,NA,NA,NA,NA,NA,1,1,"",32,2,34,"13:00","vacunador fue mordido",32,2,34,NA,NA,NA,NA,NA,NA,NA,NA,NA,NA,2,"MR. VICTOR R. HINOJOSA","DETALLADO","2. Camioneta/Auto",NA,"Puerta Puerta","Urbano",NA,NA,NA,NA,NA,NA,NA,NA,NA,NA,NA,"1. Mapa con zona delimitada","Tocar puerta por puerta","Complete","-16.441744","-71.519569","-16.441181","-71.519188"
"272",275,NA,"2024-06-23 16:37:35","7","La melgariana",9,79,2024-06-23,1,"08:07","08:14",2,"","08:37",NA,3,NA,1,NA,NA,NA,NA,"",NA,NA,NA,NA,NA,NA,NA,"",NA,NA,NA,NA,NA,NA,NA,NA,NA,NA,NA,NA,NA,NA,NA,NA,NA,1,1,"",58,1,59,"13:12","",58,1,59,NA,NA,NA,NA,NA,NA,NA,NA,NA,NA,2,"MR. VICTOR R. HINOJOSA","DETALLADO","2. Camioneta/Auto",NA,"Puerta Puerta","Urbano",NA,NA,NA,NA,NA,NA,NA,NA,NA,NA,NA,"1. Mapa con zona delimitada","Tocar puerta por puerta","Complete","-16.427218","-71.518605","-16.427444","-71.520463"
"273",276,NA,"2024-06-23 16:39:39","7","Alto de la luna",10,710,2024-06-23,1,"08:10","08:14",2,"","08:30",NA,3,NA,1,NA,NA,NA,NA,"",NA,NA,NA,NA,NA,NA,NA,"",NA,NA,NA,NA,NA,NA,NA,NA,NA,NA,NA,NA,NA,NA,NA,NA,NA,2,1,"",14,0,14,"13:15","no habia perros",14,0,14,NA,NA,NA,NA,NA,NA,NA,NA,NA,NA,2,"MR. VICTOR R. HINOJOSA","DETALLADO","2. Camioneta/Auto",NA,"Puerta Puerta","Urbano",NA,NA,NA,NA,NA,NA,NA,NA,NA,NA,NA,"2. Mapa con recorrido de inicio a fin","Tocar puerta por puerta","Complete","-16.430695","-71.525655","",""
"274",277,NA,"2024-06-23 16:41:30","7","Santa monica",11,711,2024-06-23,1,"08:28","09:00",1,"","09:17",NA,3,0,1,NA,NA,NA,NA,"",NA,NA,NA,NA,NA,NA,NA,"",NA,NA,NA,NA,NA,NA,NA,NA,NA,NA,NA,NA,NA,NA,NA,NA,NA,1,1,"",43,0,43,"13:10","",43,0,43,NA,NA,NA,NA,NA,NA,NA,NA,NA,NA,2,"MR. VICTOR R. HINOJOSA","DETALLADO","1, Bus",NA,"Puerta Puerta","Urbano",NA,NA,NA,NA,NA,NA,NA,NA,NA,NA,NA,"1. Mapa con zona delimitada","Tocar puerta por puerta","Complete","-16.447701","-71.514623","-16.447638","-71.513789"
"275",278,NA,"2024-06-23 16:42:50","7","San basilio",12,712,2024-06-23,1,"08:10","09:03",1,"","09:40",NA,3,NA,1,NA,NA,NA,NA,"",NA,NA,NA,NA,NA,NA,NA,"",NA,NA,NA,NA,NA,NA,NA,NA,NA,NA,NA,NA,NA,NA,NA,NA,NA,3,1,"",34,0,34,"12:50","",34,0,34,NA,NA,NA,NA,NA,NA,NA,NA,NA,NA,2,"MR. VICTOR R. HINOJOSA","DETALLADO","1, Bus",NA,"Puerta Puerta","Urbano",NA,NA,NA,NA,NA,NA,NA,NA,NA,NA,NA,"3. indicacion verbal (reportar en whats app)","Tocar puerta por puerta","Complete","-16.429522","-71.542933","-16.428819","-71.542490"
"276",279,NA,"2024-06-23 16:44:43","7","La union con san agustin",13,713,2024-06-23,1,"08:28","09:03",1,"","09:10",NA,3,NA,1,NA,NA,NA,NA,"",NA,NA,NA,NA,NA,NA,NA,"",NA,NA,NA,NA,NA,NA,NA,NA,NA,NA,NA,NA,NA,NA,NA,NA,NA,4,1,"",65,1,66,"13:34","",65,1,66,NA,NA,NA,NA,NA,NA,NA,NA,NA,NA,2,"MR. VICTOR R. HINOJOSA","DETALLADO","1, Bus",NA,"Puerta Puerta","Urbano",NA,NA,NA,NA,NA,NA,NA,NA,NA,NA,NA,"4. Mapa digital","Tocar puerta por puerta","Complete","-16.446048","-71.518678","-16.447866","-71.519648"
"277",280,NA,"2024-06-23 16:45:59","7","Convenciones",14,714,2024-06-23,1,"08:25","09:03",1,"","09:35",NA,3,NA,1,NA,NA,NA,NA,"",NA,NA,NA,NA,NA,NA,NA,"",NA,NA,NA,NA,NA,NA,NA,NA,NA,NA,NA,NA,NA,NA,NA,NA,NA,3,1,"",42,2,44,"12:52","",42,2,44,NA,NA,NA,NA,NA,NA,NA,NA,NA,NA,2,"MR. VICTOR R. HINOJOSA","DETALLADO","1, Bus",NA,"Puerta Puerta","Urbano",NA,NA,NA,NA,NA,NA,NA,NA,NA,NA,NA,"3. indicacion verbal (reportar en whats app)","Tocar puerta por puerta","Complete","-16.430410","-71.540118","-16.430637","-71.541763"
"278",281,NA,"2024-06-23 16:53:16","1","Parque señor de las cañas",1,11,2024-06-23,2,"","",NA,"","",1,2,NA,NA,NA,NA,NA,NA,"",NA,NA,NA,NA,NA,NA,NA,"",NA,NA,NA,NA,NA,NA,NA,NA,NA,NA,NA,NA,NA,NA,NA,17,3,NA,NA,"",NA,NA,NA,"","",17,3,20,NA,NA,NA,NA,NA,NA,NA,NA,NA,NA,2,"MR. FRANCISCO BOLOGNESI","CORTO",NA,"Sí","Punto movil",NA,NA,NA,NA,NA,NA,NA,NA,NA,NA,NA,NA,NA,NA,"Complete","-16.392092","-71.549828","-16.391051","-71.549473"
"279",282,NA,"2024-06-23 16:54:50","1","Colegio honorio delgado",2,12,2024-06-23,2,"","",NA,"","",1,2,NA,NA,NA,NA,NA,NA,"",NA,NA,NA,NA,NA,NA,NA,"",NA,NA,NA,NA,NA,NA,NA,NA,NA,NA,NA,NA,NA,NA,NA,86,6,NA,NA,"",NA,NA,NA,"","mas guantes",86,6,92,NA,NA,NA,NA,NA,NA,NA,NA,NA,NA,2,"MR. FRANCISCO BOLOGNESI","CORTO",NA,"Sí","Punto movil",NA,NA,NA,NA,NA,NA,NA,NA,NA,NA,NA,NA,NA,NA,"Complete","-16.388055","-71.549091","-16.386897","-71.549613"
"280",283,NA,"2024-06-23 16:56:08","1","Coop ing urb bellavista",3,13,2024-06-23,2,"","",NA,"","",1,2,NA,NA,NA,NA,NA,NA,"",NA,NA,NA,NA,NA,NA,NA,"",NA,NA,NA,NA,NA,NA,NA,NA,NA,NA,NA,NA,NA,NA,NA,40,0,NA,NA,"",NA,NA,NA,"","",40,0,40,NA,NA,NA,NA,NA,NA,NA,NA,NA,NA,2,"MR. FRANCISCO BOLOGNESI","CORTO",NA,"Sí","Punto movil",NA,NA,NA,NA,NA,NA,NA,NA,NA,NA,NA,NA,NA,NA,"Complete","-16.384187","-71.549449","",""
"281",284,NA,"2024-06-23 16:57:01","1","Plaza de cayma",4,14,2024-06-23,2,"","",NA,"","",2,1,NA,NA,51,1,NA,NA,"",NA,NA,NA,NA,NA,NA,NA,"",NA,NA,NA,NA,NA,NA,NA,NA,NA,NA,NA,NA,NA,NA,NA,NA,NA,NA,NA,"",NA,NA,NA,"","",51,1,52,NA,NA,NA,NA,NA,NA,NA,NA,NA,NA,2,"MR. FRANCISCO BOLOGNESI","CORTO",NA,"No","Punto fijo",NA,NA,NA,NA,NA,NA,NA,NA,NA,NA,NA,NA,NA,NA,"Complete","-16.381449","-71.545500","-16.381503","-71.545504"
"282",285,NA,"2024-06-23 16:57:57","1","Los angeles urb",5,15,2024-06-23,2,"","",NA,"","",1,2,NA,NA,NA,NA,NA,NA,"",NA,NA,NA,NA,NA,NA,NA,"",NA,NA,NA,NA,NA,NA,NA,NA,NA,NA,NA,NA,NA,NA,NA,61,9,NA,NA,"",NA,NA,NA,"","",61,9,70,NA,NA,NA,NA,NA,NA,NA,NA,NA,NA,2,"MR. FRANCISCO BOLOGNESI","CORTO",NA,"Sí","Punto movil",NA,NA,NA,NA,NA,NA,NA,NA,NA,NA,NA,NA,NA,NA,"Complete","-16.379813","-71.552113","",""
"283",286,NA,"2024-06-23 16:58:49","1","Cerrito san jacinto",6,16,2024-06-23,2,"","",NA,"","",1,2,NA,NA,NA,NA,NA,NA,"",NA,NA,NA,NA,NA,NA,NA,"",NA,NA,NA,NA,NA,NA,NA,NA,NA,NA,NA,NA,NA,NA,NA,44,1,NA,NA,"",NA,NA,NA,"","",44,1,45,NA,NA,NA,NA,NA,NA,NA,NA,NA,NA,2,"MR. FRANCISCO BOLOGNESI","CORTO",NA,"Sí","Punto movil",NA,NA,NA,NA,NA,NA,NA,NA,NA,NA,NA,NA,NA,NA,"Complete","-16.382826","-71.542098","",""
"284",287,NA,"2024-06-23 16:59:42","1","Chaska",8,18,2024-06-23,2,"","",NA,"","",1,2,NA,NA,NA,NA,NA,NA,"",NA,NA,NA,NA,NA,NA,NA,"",NA,NA,NA,NA,NA,NA,NA,NA,NA,NA,NA,NA,NA,NA,NA,15,5,NA,NA,"",NA,NA,NA,"","",15,5,20,NA,NA,NA,NA,NA,NA,NA,NA,NA,NA,2,"MR. FRANCISCO BOLOGNESI","CORTO",NA,"Sí","Punto movil",NA,NA,NA,NA,NA,NA,NA,NA,NA,NA,NA,NA,NA,NA,"Complete","-16.364943","-71.547327","-16.365426","-71.547341"
"285",288,NA,"2024-06-23 17:00:50","1","Estadio acequia alta",9,19,2024-06-23,2,"","",NA,"","",1,2,NA,NA,NA,NA,NA,NA,"",NA,NA,NA,NA,NA,NA,NA,"",NA,NA,NA,NA,NA,NA,NA,NA,NA,NA,NA,NA,NA,NA,NA,61,11,NA,NA,"",NA,NA,NA,"","",61,11,72,NA,NA,NA,NA,NA,NA,NA,NA,NA,NA,2,"MR. FRANCISCO BOLOGNESI","CORTO",NA,"Sí","Punto movil",NA,NA,NA,NA,NA,NA,NA,NA,NA,NA,NA,NA,NA,NA,"Complete","-16.354570","-71.541832","-16.361661","-71.542861"
"286",289,NA,"2024-06-23 17:02:41","1","Iglesia ave maria",10,110,2024-06-23,1,"07:18","08:01",1,"","08:05",NA,1,NA,NA,53,13,1,1,"10:30",2,NA,NA,41,11,2,NA,"",NA,NA,NA,NA,NA,NA,NA,NA,NA,NA,NA,NA,NA,NA,NA,NA,NA,NA,NA,"",NA,NA,NA,"13:45","",94,24,118,NA,NA,NA,NA,NA,NA,NA,NA,NA,NA,2,"MR. FRANCISCO BOLOGNESI","DETALLADO","1, Bus",NA,"Punto fijo",NA,"SI","Microred","Cambiamos a Punto movil","NO",NA,NA,NA,NA,NA,NA,NA,NA,NA,"Complete","-16.355483","-71.545790","-16.356251","-71.546664"
"287",290,NA,"2024-06-23 17:04:37","1","Local social juan velasco alvarado",11,111,2024-06-23,1,"07:08","07:55",1,"","08:08",NA,1,NA,NA,74,7,1,1,"11:07",1,27,6,NA,NA,2,NA,"",NA,NA,NA,NA,NA,NA,NA,NA,NA,NA,NA,NA,NA,NA,NA,NA,NA,NA,NA,"",NA,NA,NA,"13:12","",101,13,114,NA,NA,NA,NA,NA,NA,NA,NA,NA,NA,2,"MR. FRANCISCO BOLOGNESI","DETALLADO","1, Bus",NA,"Punto fijo",NA,"SI","Microred","Cambiamos a Punto fijo","NO",NA,NA,NA,NA,NA,NA,NA,NA,NA,"Complete","-16.352776","-71.544340","-16.352652","-71.544255"
"288",291,NA,"2024-06-23 17:06:49","1","Plaza francisco bolognesi",12,112,2024-06-23,1,"07:18","08:01",1,"","08:09",NA,1,NA,NA,15,6,1,1,"10:30",2,NA,NA,84,19,2,NA,"",NA,NA,NA,NA,NA,NA,NA,NA,NA,NA,NA,NA,NA,NA,NA,NA,NA,NA,NA,"",NA,NA,NA,"13:08","",99,25,124,NA,NA,NA,NA,NA,NA,NA,NA,NA,NA,2,"MR. FRANCISCO BOLOGNESI","DETALLADO","1, Bus",NA,"Punto fijo",NA,"SI","Microred","Cambiamos a Punto movil","NO",NA,NA,NA,NA,NA,NA,NA,NA,NA,"Complete","-16.352667","-71.542269","",""
"289",292,NA,"2024-06-23 17:08:21","1","Esquina av. arequipa",13,113,2024-06-23,1,"07:40","08:02",1,"","08:13",NA,1,NA,NA,7,1,1,1,"10:30",2,NA,NA,55,27,2,NA,"",NA,NA,NA,NA,NA,NA,NA,NA,NA,NA,NA,NA,NA,NA,NA,NA,NA,NA,NA,"",NA,NA,NA,"13:00","",62,28,90,NA,NA,NA,NA,NA,NA,NA,NA,NA,NA,2,"MR. FRANCISCO BOLOGNESI","DETALLADO","1, Bus",NA,"Punto fijo",NA,"SI","Microred","Cambiamos a Punto movil","NO",NA,NA,NA,NA,NA,NA,NA,NA,NA,"Complete","-16.344923","-71.540305","-16.345081","-71.540201"
"290",293,NA,"2024-06-23 17:09:22","1","Centro de salud francisco bolognesi",14,114,2024-06-23,2,"","",NA,"","",2,1,NA,NA,35,8,NA,NA,"",NA,NA,NA,NA,NA,NA,NA,"",NA,NA,NA,NA,NA,NA,NA,NA,NA,NA,NA,NA,NA,NA,NA,NA,NA,NA,NA,"",NA,NA,NA,"","",35,8,43,NA,NA,NA,NA,NA,NA,NA,NA,NA,NA,2,"MR. FRANCISCO BOLOGNESI","CORTO",NA,"No","Punto fijo",NA,NA,NA,NA,NA,NA,NA,NA,NA,NA,NA,NA,NA,NA,"Complete","-16.342184","-71.541134","-16.341382","-71.544416"
"291",294,NA,"2024-06-23 17:10:36","1","Cetpro jose olaya",15,115,2024-06-23,1,"07:25","07:42",2,"","07:43",NA,1,NA,NA,119,36,2,NA,"",NA,NA,NA,NA,NA,NA,NA,"",NA,NA,NA,NA,NA,NA,NA,NA,NA,NA,NA,NA,NA,NA,NA,NA,NA,NA,NA,"",NA,NA,NA,"13:47","",119,36,155,NA,NA,NA,NA,NA,NA,NA,NA,NA,NA,2,"MR. FRANCISCO BOLOGNESI","DETALLADO","2. Camioneta/Auto",NA,"Punto fijo",NA,"NO",NA,NA,NA,NA,NA,NA,NA,NA,NA,NA,NA,NA,"Complete","-16.339141","-71.542028","-16.341330","-71.541932"
"292",295,NA,"2024-06-23 17:12:42","1","Loza deportiva jose olaya zona a",16,116,2024-06-23,1,"07:47","08:03",1,"","08:15",NA,1,NA,NA,1,0,1,3,"09:40",2,NA,NA,45,9,2,NA,"",NA,NA,NA,NA,NA,NA,NA,NA,NA,NA,NA,NA,NA,NA,NA,NA,NA,NA,NA,"",NA,NA,NA,"13:00","",46,9,55,NA,NA,NA,NA,NA,NA,NA,NA,NA,NA,2,"MR. FRANCISCO BOLOGNESI","DETALLADO","1, Bus",NA,"Punto fijo",NA,"SI","Yo mismo","Cambiamos a Punto movil","NO",NA,NA,NA,NA,NA,NA,NA,NA,NA,"Complete","-16.343924","-71.544295","-16.343963","-71.545325"
"293",296,NA,"2024-06-23 17:20:32","9","Calle cusco",4,94,2024-06-22,2,"","",NA,"","",1,2,NA,NA,NA,NA,NA,NA,"",NA,NA,NA,NA,NA,NA,NA,"",NA,NA,NA,NA,NA,NA,NA,NA,NA,NA,NA,NA,NA,NA,NA,38,12,NA,NA,"",NA,NA,NA,"","",38,12,50,NA,NA,NA,NA,NA,NA,NA,NA,NA,NA,2,"MR. YANAHUARA","CORTO",NA,"Sí","Punto movil",NA,NA,NA,NA,NA,NA,NA,NA,NA,NA,NA,NA,NA,NA,"Complete","-16.420674","-71.560196","",""
"294",297,NA,"2024-06-24 10:14:23","21","Pampa blanca 46",1,211,2024-06-22,1,"08:20","08:22",2,"","08:41",NA,2,25,NA,NA,NA,NA,NA,"",NA,NA,NA,NA,NA,NA,NA,"",NA,NA,NA,NA,NA,NA,NA,NA,NA,NA,NA,NA,NA,1,2,49,4,NA,NA,"",NA,NA,NA,"13:30","Mejora r la comunicacion ",49,4,53,NA,NA,NA,NA,NA,NA,NA,NA,NA,NA,2,"MR. CHIGUATA","DETALLADO","2. Camioneta/Auto",NA,"Punto movil",NA,NA,NA,NA,NA,NA,NA,NA,NA,NA,"Mapa con zona delimitada","NO",NA,NA,"Complete","-16.405945","-71.463127","-16.404369","-71.473862"
"295",298,NA,"2024-06-24 10:16:54","21","Villa los olivos",2,212,2024-06-22,1,"08:20","08:30",2,"","08:35",NA,2,21,NA,NA,NA,NA,NA,"",NA,NA,NA,NA,NA,NA,NA,"",NA,NA,NA,NA,NA,NA,NA,NA,NA,NA,NA,NA,NA,3,2,40,2,NA,NA,"",NA,NA,NA,"12:51","",40,2,42,NA,NA,NA,NA,NA,NA,NA,NA,NA,NA,2,"MR. CHIGUATA","DETALLADO","2. Camioneta/Auto",NA,"Punto movil",NA,NA,NA,NA,NA,NA,NA,NA,NA,NA,"indicacion verbal (reportar en whats app)","NO",NA,NA,"Complete","-16.397661","-71.472786","-16.403935","-71.474.144"
"296",299,NA,"2024-06-24 10:18:30","21","Olivos",3,213,2024-06-22,1,"08:20","08:32",2,"","08:50",NA,2,29,NA,NA,NA,NA,NA,"",NA,NA,NA,NA,NA,NA,NA,"",NA,NA,NA,NA,NA,NA,NA,NA,NA,NA,NA,NA,NA,1,2,39,7,NA,NA,"",NA,NA,NA,"12:52","",39,7,46,NA,NA,NA,NA,NA,NA,NA,NA,NA,NA,2,"MR. CHIGUATA","DETALLADO","2. Camioneta/Auto",NA,"Punto movil",NA,NA,NA,NA,NA,NA,NA,NA,NA,NA,"Mapa con zona delimitada","NO",NA,NA,"Complete","-16.399082","-71.472862","-16.402444","-71.473245"
"297",300,NA,"2024-06-24 10:19:37","21","Los olivos",4,214,2024-06-22,2,"","",NA,"","",2,2,NA,NA,NA,NA,NA,NA,"",NA,NA,NA,NA,NA,NA,NA,"",NA,NA,NA,NA,NA,NA,NA,NA,NA,NA,NA,NA,NA,NA,NA,58,0,NA,NA,"",NA,NA,NA,"","",58,0,58,NA,NA,NA,NA,NA,NA,NA,NA,NA,NA,2,"MR. CHIGUATA","CORTO",NA,"No","Punto movil",NA,NA,NA,NA,NA,NA,NA,NA,NA,NA,NA,NA,NA,NA,"Complete","-16.406263","-71.465302","",""
"298",301,NA,"2024-06-24 10:21:05","21","Aguadita",5,215,2024-06-22,2,"","",NA,"","",2,2,NA,NA,NA,NA,NA,NA,"",NA,NA,NA,NA,NA,NA,NA,"",NA,NA,NA,NA,NA,NA,NA,NA,NA,NA,NA,NA,NA,NA,NA,44,2,NA,NA,"",NA,NA,NA,"","mantener la cadena de frio en adecuada conservacion",44,2,46,NA,NA,NA,NA,NA,NA,NA,NA,NA,NA,2,"MR. CHIGUATA","CORTO",NA,"No","Punto movil",NA,NA,NA,NA,NA,NA,NA,NA,NA,NA,NA,NA,NA,NA,"Complete","-16.404636","-71.464631","",""
"299",302,NA,"2024-06-24 10:22:55","21","San bernardo",1,211,2024-06-23,1,"08:13","08:15",2,"","08:50",NA,2,29,NA,NA,NA,NA,NA,"",NA,NA,NA,NA,NA,NA,NA,"",NA,NA,NA,NA,NA,NA,NA,NA,NA,NA,NA,NA,NA,1,2,67,3,NA,NA,"",NA,NA,NA,"13:30","",67,3,70,NA,NA,NA,NA,NA,NA,NA,NA,NA,NA,2,"MR. CHIGUATA","DETALLADO","2. Camioneta/Auto",NA,"Punto movil",NA,NA,NA,NA,NA,NA,NA,NA,NA,NA,"Mapa con zona delimitada","NO",NA,NA,"Complete","-16.406790","-71.468506","-16.404406","-71.466324"
"300",303,NA,"2024-06-24 10:24:29","21","San bernardo",2,212,2024-06-23,1,"09:00","09:20",2,"","09:30",NA,2,25,NA,NA,NA,NA,NA,"",NA,NA,NA,NA,NA,NA,NA,"",NA,NA,NA,NA,NA,NA,NA,NA,NA,NA,NA,NA,NA,2,2,76,0,NA,NA,"",NA,NA,NA,"13:00","",76,0,76,NA,NA,NA,NA,NA,NA,NA,NA,NA,NA,2,"MR. CHIGUATA","DETALLADO","2. Camioneta/Auto",NA,"Punto movil",NA,NA,NA,NA,NA,NA,NA,NA,NA,NA,"Mapa con recorrido de inicio a fin","NO",NA,NA,"Complete","-16.402998","-71.473931","",""
"301",304,NA,"2024-06-24 10:26:04","21","San bernardo",3,213,2024-06-23,1,"09:00","09:20",2,"","09:30",NA,2,21,NA,NA,NA,NA,NA,"",NA,NA,NA,NA,NA,NA,NA,"",NA,NA,NA,NA,NA,NA,NA,NA,NA,NA,NA,NA,NA,2,2,86,0,NA,NA,"",NA,NA,NA,"13:08","",86,0,86,NA,NA,NA,NA,NA,NA,NA,NA,NA,NA,2,"MR. CHIGUATA","DETALLADO","2. Camioneta/Auto",NA,"Punto movil",NA,NA,NA,NA,NA,NA,NA,NA,NA,NA,"Mapa con recorrido de inicio a fin","NO",NA,NA,"Complete","-16.404572","-71.469209","-16.405535","-71.473256"
"302",305,NA,"2024-06-24 10:44:42","21","San bernardo",4,214,2024-06-23,2,"","",NA,"","",2,2,NA,NA,NA,NA,NA,NA,"",NA,NA,NA,NA,NA,NA,NA,"",NA,NA,NA,NA,NA,NA,NA,NA,NA,NA,NA,NA,NA,NA,NA,76,0,NA,NA,"",NA,NA,NA,"","",76,0,76,NA,NA,NA,NA,NA,NA,NA,NA,NA,NA,2,"MR. CHIGUATA","CORTO",NA,"No","Punto movil",NA,NA,NA,NA,NA,NA,NA,NA,NA,NA,NA,NA,NA,NA,"Complete","-16.409178","-71.473526","",""
"303",306,NA,"2024-06-24 10:55:50","4","Ovalo ingreso a pedregal",1,41,2024-06-22,2,"","",NA,"","",2,1,NA,NA,32,0,NA,NA,"",NA,NA,NA,NA,NA,NA,NA,"",NA,NA,NA,NA,NA,NA,NA,NA,NA,NA,NA,NA,NA,NA,NA,NA,NA,NA,NA,"",NA,NA,NA,"","No hay mucha difucion de la vancan",32,0,32,NA,NA,NA,NA,NA,NA,NA,NA,NA,NA,2,"MR. PEDREGAL (MAJES)","CORTO",NA,"No","Punto fijo",NA,NA,NA,NA,NA,NA,NA,NA,NA,NA,NA,NA,NA,NA,"Complete","-16.350298","-72.185837","-16.350298","-72.185837"
"304",307,NA,"2024-06-24 10:57:09","4","Mercado santa rosa",2,42,2024-06-22,2,"","",NA,"","",2,2,NA,NA,NA,NA,NA,NA,"",NA,NA,NA,NA,NA,NA,NA,"",NA,NA,NA,NA,NA,NA,NA,NA,NA,NA,NA,NA,NA,NA,NA,40,0,NA,NA,"",NA,NA,NA,"","La bateria del megafono no duro mucho",40,0,40,NA,NA,NA,NA,NA,NA,NA,NA,NA,NA,2,"MR. PEDREGAL (MAJES)","CORTO",NA,"No","Punto movil",NA,NA,NA,NA,NA,NA,NA,NA,NA,NA,NA,NA,NA,NA,"Complete","-16.342297","-72.183191","-16.348379","-72.190633"
"305",308,NA,"2024-06-24 11:01:12","4","pedregal sur plaza civica",3,43,2024-06-22,2,"","",NA,"","",2,1,NA,NA,31,0,NA,NA,"",NA,NA,NA,NA,NA,NA,NA,"",NA,NA,NA,NA,NA,NA,NA,NA,NA,NA,NA,NA,NA,NA,NA,NA,NA,NA,NA,"",NA,NA,NA,"","En la mañana de 9 a 11 no hubo gente por la participacion de sus hijos en la marcha del almirante miguel grau",31,0,31,NA,NA,NA,NA,NA,NA,NA,NA,NA,NA,2,"MR. PEDREGAL (MAJES)","CORTO",NA,"No","Punto fijo",NA,NA,NA,NA,NA,NA,NA,NA,NA,NA,NA,NA,NA,NA,"Complete","-16.331853","-72.199785","-16.378750","-72.198878"
"306",309,NA,"2024-06-24 11:04:21","4","Pedregal sur etapa 2",4,44,2024-06-22,2,"","",NA,"","",2,1,NA,NA,32,0,NA,NA,"",NA,NA,NA,NA,NA,NA,NA,"",NA,NA,NA,NA,NA,NA,NA,NA,NA,NA,NA,NA,NA,NA,NA,NA,NA,NA,NA,"",NA,NA,NA,"","La bateria del megafono se acabo rapido",32,0,32,NA,NA,NA,NA,NA,NA,NA,NA,NA,NA,2,"MR. PEDREGAL (MAJES)","CORTO",NA,"No","Punto fijo",NA,NA,NA,NA,NA,NA,NA,NA,NA,NA,NA,NA,NA,NA,"Complete","-16.387159","-72.201482","-16.387159","-72.201482"
"307",310,NA,"2024-06-24 11:06:24","4","Frentera del c.s. la colina",5,45,2024-06-22,2,"","",NA,"","",2,1,NA,NA,43,0,NA,NA,"",NA,NA,NA,NA,NA,NA,NA,"",NA,NA,NA,NA,NA,NA,NA,NA,NA,NA,NA,NA,NA,NA,NA,NA,NA,NA,NA,"",NA,NA,NA,"","",43,0,43,NA,NA,NA,NA,NA,NA,NA,NA,NA,NA,2,"MR. PEDREGAL (MAJES)","CORTO",NA,"No","Punto fijo",NA,NA,NA,NA,NA,NA,NA,NA,NA,NA,NA,NA,NA,NA,"Complete","-16.342449","-72.173527","-16.331853","-72.199785"
"308",311,NA,"2024-06-24 11:09:15","4","Frente al cuna mas de la colina",6,46,2024-06-22,2,"","",NA,"","",2,1,NA,NA,49,0,NA,NA,"",NA,NA,NA,NA,NA,NA,NA,"",NA,NA,NA,NA,NA,NA,NA,NA,NA,NA,NA,NA,NA,NA,NA,NA,NA,NA,NA,"",NA,NA,NA,"","No hay nadie en casa solo perros encerrados",49,0,49,NA,NA,NA,NA,NA,NA,NA,NA,NA,NA,2,"MR. PEDREGAL (MAJES)","CORTO",NA,"No","Punto fijo",NA,NA,NA,NA,NA,NA,NA,NA,NA,NA,NA,NA,NA,NA,"Complete","-16.337027","-72.170636","-16.337027","-72.170636"
"309",312,NA,"2024-06-24 11:10:40","4","Pedro p. diaz",7,47,2024-06-22,2,"","",NA,"","",2,1,NA,NA,40,0,NA,NA,"",NA,NA,NA,NA,NA,NA,NA,"",NA,NA,NA,NA,NA,NA,NA,NA,NA,NA,NA,NA,NA,NA,NA,NA,NA,NA,NA,"",NA,NA,NA,"","",40,0,40,NA,NA,NA,NA,NA,NA,NA,NA,NA,NA,2,"MR. PEDREGAL (MAJES)","CORTO",NA,"No","Punto fijo",NA,NA,NA,NA,NA,NA,NA,NA,NA,NA,NA,NA,NA,NA,"Complete","-16.344883","-72.177479","-16.344883","-72.177479"
"310",313,NA,"2024-06-24 11:15:41","4","C.m CASA AMARILLA",8,48,2024-06-22,2,"","",NA,"","",2,1,NA,NA,35,0,NA,NA,"",NA,NA,NA,NA,NA,NA,NA,"",NA,NA,NA,NA,NA,NA,NA,NA,NA,NA,NA,NA,NA,NA,NA,NA,NA,NA,NA,"",NA,NA,NA,"","No hubo muchos perritos",35,0,35,NA,NA,NA,NA,NA,NA,NA,NA,NA,NA,2,"MR. PEDREGAL (MAJES)","CORTO",NA,"No","Punto fijo",NA,NA,NA,NA,NA,NA,NA,NA,NA,NA,NA,NA,NA,NA,"Complete","-16.340947","-72.188334","-16.340947","-72.188334"
"311",314,NA,"2024-06-24 11:18:21","4","Mercado metropolitano",9,49,2024-06-22,2,"","",NA,"","",2,1,NA,NA,49,0,NA,NA,"",NA,NA,NA,NA,NA,NA,NA,"",NA,NA,NA,NA,NA,NA,NA,NA,NA,NA,NA,NA,NA,NA,NA,NA,NA,NA,NA,"",NA,NA,NA,"","Para los puntos fijos como sugerencia parlantes",49,0,49,NA,NA,NA,NA,NA,NA,NA,NA,NA,NA,2,"MR. PEDREGAL (MAJES)","CORTO",NA,"No","Punto fijo",NA,NA,NA,NA,NA,NA,NA,NA,NA,NA,NA,NA,NA,NA,"Complete","-16.340285","-72.193386","-16.340708","-72.194635"
"312",315,NA,"2024-06-24 11:20:04","4","Ciudad majes los trabajadores de la municipalidad",10,410,2024-06-22,2,"","",NA,"","",2,2,NA,NA,NA,NA,NA,NA,"",NA,NA,NA,NA,NA,NA,NA,"",NA,NA,NA,NA,NA,NA,NA,NA,NA,NA,NA,NA,NA,NA,NA,51,0,NA,NA,"",NA,NA,NA,"","No hubo perros por la zona",51,0,51,NA,NA,NA,NA,NA,NA,NA,NA,NA,NA,2,"MR. PEDREGAL (MAJES)","CORTO",NA,"No","Punto movil",NA,NA,NA,NA,NA,NA,NA,NA,NA,NA,NA,NA,NA,NA,"Complete","-16.333673","-72.195346","-16.333673","-72.195346"
"313",316,NA,"2024-06-24 11:24:48","4","Modulo d los ositos ",11,411,2024-06-22,2,"","",NA,"","",2,1,NA,NA,45,0,NA,NA,"",NA,NA,NA,NA,NA,NA,NA,"",NA,NA,NA,NA,NA,NA,NA,NA,NA,NA,NA,NA,NA,NA,NA,NA,NA,NA,NA,"",NA,NA,NA,"","Las jeringas de 3ml son muy grandes para caninos pequeños",45,0,45,NA,NA,NA,NA,NA,NA,NA,NA,NA,NA,2,"MR. PEDREGAL (MAJES)","CORTO",NA,"No","Punto fijo",NA,NA,NA,NA,NA,NA,NA,NA,NA,NA,NA,NA,NA,NA,"Complete","-16.323583","-72.193472","-16.323583","-72.193472"
"314",317,NA,"2024-06-24 11:26:36","4","Mercado zonal modulo d",12,412,2024-06-22,2,"","",NA,"","",2,2,NA,NA,NA,NA,NA,NA,"",NA,NA,NA,NA,NA,NA,NA,"",NA,NA,NA,NA,NA,NA,NA,NA,NA,NA,NA,NA,NA,NA,NA,31,0,NA,NA,"",NA,NA,NA,"","El megafono con poca bateria",31,0,31,NA,NA,NA,NA,NA,NA,NA,NA,NA,NA,2,"MR. PEDREGAL (MAJES)","CORTO",NA,"No","Punto movil",NA,NA,NA,NA,NA,NA,NA,NA,NA,NA,NA,NA,NA,NA,"Complete","-16.320994","-72.193112
","",""
"315",318,NA,"2024-06-24 11:36:58","4","E2 loza deportiva",13,413,2024-06-22,2,"","",NA,"","",2,1,NA,NA,33,0,NA,NA,"",NA,NA,NA,NA,NA,NA,NA,"",NA,NA,NA,NA,NA,NA,NA,NA,NA,NA,NA,NA,NA,NA,NA,NA,NA,NA,NA,"",NA,NA,NA,"","Nos falto pastilla desparasitantes",33,0,33,NA,NA,NA,NA,NA,NA,NA,NA,NA,NA,2,"MR. PEDREGAL (MAJES)","CORTO",NA,"No","Punto fijo",NA,NA,NA,NA,NA,NA,NA,NA,NA,NA,NA,NA,NA,NA,"Complete","-16.316397","-72.161934","-16.316397","-72.161934"
"316",319,NA,"2024-06-24 11:41:21","4","Cuna mas y zonas aledañas la colina",14,414,2024-06-22,2,"","",NA,"","",2,2,NA,NA,NA,NA,NA,NA,"",NA,NA,NA,NA,NA,NA,NA,"",NA,NA,NA,NA,NA,NA,NA,NA,NA,NA,NA,NA,NA,NA,NA,52,0,NA,NA,"",NA,NA,NA,"","No sabian de la campaña ",52,0,52,NA,NA,NA,NA,NA,NA,NA,NA,NA,NA,2,"MR. PEDREGAL (MAJES)","CORTO",NA,"No","Punto movil",NA,NA,NA,NA,NA,NA,NA,NA,NA,NA,NA,NA,NA,NA,"Complete","-16.337148","-72.170066","-16.336494","-72.164710"
"317",320,NA,"2024-06-24 11:42:33","4","Bloque 5",15,415,2024-06-22,2,"","",NA,"","",2,2,NA,NA,NA,NA,NA,NA,"",NA,NA,NA,NA,NA,NA,NA,"",NA,NA,NA,NA,NA,NA,NA,NA,NA,NA,NA,NA,NA,NA,NA,49,0,NA,NA,"",NA,NA,NA,"","Nos tuvimos que movilizar no habian perritos",49,0,49,NA,NA,NA,NA,NA,NA,NA,NA,NA,NA,2,"MR. PEDREGAL (MAJES)","CORTO",NA,"No","Punto movil",NA,NA,NA,NA,NA,NA,NA,NA,NA,NA,NA,NA,NA,NA,"Complete","-16.379098","-72.197741","-16.379098","-72.197741"
"318",321,NA,"2024-06-24 11:43:50","4","Parque los dinosaurios",16,416,2024-06-22,2,"","",NA,"","",2,1,NA,NA,35,0,NA,NA,"",NA,NA,NA,NA,NA,NA,NA,"",NA,NA,NA,NA,NA,NA,NA,NA,NA,NA,NA,NA,NA,NA,NA,NA,NA,NA,NA,"",NA,NA,NA,"","",35,0,35,NA,NA,NA,NA,NA,NA,NA,NA,NA,NA,2,"MR. PEDREGAL (MAJES)","CORTO",NA,"No","Punto fijo",NA,NA,NA,NA,NA,NA,NA,NA,NA,NA,NA,NA,NA,NA,"Complete","-16.365623","-72.194330","-16.328294","-72.196456"
"319",322,NA,"2024-06-24 11:45:47","4","Frontis centro de salud sandrita perez",1,41,2024-06-23,2,"","",NA,"","",2,1,NA,NA,18,0,NA,NA,"",NA,NA,NA,NA,NA,NA,NA,"",NA,NA,NA,NA,NA,NA,NA,NA,NA,NA,NA,NA,NA,NA,NA,NA,NA,NA,NA,"",NA,NA,NA,"","",18,0,18,NA,NA,NA,NA,NA,NA,NA,NA,NA,NA,2,"MR. PEDREGAL (MAJES)","CORTO",NA,"No","Punto fijo",NA,NA,NA,NA,NA,NA,NA,NA,NA,NA,NA,NA,NA,NA,"Complete","-16.361910","-72.190522","",""
"320",323,NA,"2024-06-24 11:47:11","4","Ciudad perdida nueva arequipa y zonas aledañas",2,42,2024-06-23,2,"","",NA,"","",2,2,NA,NA,NA,NA,NA,NA,"",NA,NA,NA,NA,NA,NA,NA,"",NA,NA,NA,NA,NA,NA,NA,NA,NA,NA,NA,NA,NA,NA,NA,77,0,NA,NA,"",NA,NA,NA,"","",77,0,77,NA,NA,NA,NA,NA,NA,NA,NA,NA,NA,2,"MR. PEDREGAL (MAJES)","CORTO",NA,"No","Punto movil",NA,NA,NA,NA,NA,NA,NA,NA,NA,NA,NA,NA,NA,NA,"Complete","-16.356810","-72.234572","",""
"321",324,NA,"2024-06-24 11:48:49","4","Ciudad majes módulo b mercado los palitos",4,44,2024-06-23,2,"","",NA,"","",2,2,NA,NA,NA,NA,NA,NA,"",NA,NA,NA,NA,NA,NA,NA,"",NA,NA,NA,NA,NA,NA,NA,NA,NA,NA,NA,NA,NA,NA,NA,37,0,NA,NA,"",NA,NA,NA,"","",37,0,37,NA,NA,NA,NA,NA,NA,NA,NA,NA,NA,2,"MR. PEDREGAL (MAJES)","CORTO",NA,"No","Punto movil",NA,NA,NA,NA,NA,NA,NA,NA,NA,NA,NA,NA,NA,NA,"Complete","-16.323947","-72.177926","",""
"322",325,NA,"2024-06-24 11:50:02","4","Modulo b cancha sintetica",5,45,2024-06-23,2,"","",NA,"","",2,2,NA,NA,NA,NA,NA,NA,"",NA,NA,NA,NA,NA,NA,NA,"",NA,NA,NA,NA,NA,NA,NA,NA,NA,NA,NA,NA,NA,NA,NA,50,0,NA,NA,"",NA,NA,NA,"","",50,0,50,NA,NA,NA,NA,NA,NA,NA,NA,NA,NA,2,"MR. PEDREGAL (MAJES)","CORTO",NA,"No","Punto movil",NA,NA,NA,NA,NA,NA,NA,NA,NA,NA,NA,NA,NA,NA,"Complete","-16.325714","-72.184421","",""
"323",326,NA,"2024-06-24 11:51:29","4","Ciudad majes I.E. blanca valera ",6,46,2024-06-23,2,"","",NA,"","",2,1,NA,NA,54,0,NA,NA,"",NA,NA,NA,NA,NA,NA,NA,"",NA,NA,NA,NA,NA,NA,NA,NA,NA,NA,NA,NA,NA,NA,NA,NA,NA,NA,NA,"",NA,NA,NA,"","",54,0,54,NA,NA,NA,NA,NA,NA,NA,NA,NA,NA,2,"MR. PEDREGAL (MAJES)","CORTO",NA,"No","Punto fijo",NA,NA,NA,NA,NA,NA,NA,NA,NA,NA,NA,NA,NA,NA,"Complete","-16.315232","-72.191049","-16.313899","-72.191932"
"324",327,NA,"2024-06-24 11:52:43","4","Modulo e espinarences loza deportiva",7,47,2024-06-23,2,"","",NA,"","",2,1,NA,NA,33,0,NA,NA,"",NA,NA,NA,NA,NA,NA,NA,"",NA,NA,NA,NA,NA,NA,NA,NA,NA,NA,NA,NA,NA,NA,NA,NA,NA,NA,NA,"",NA,NA,NA,"","",33,0,33,NA,NA,NA,NA,NA,NA,NA,NA,NA,NA,2,"MR. PEDREGAL (MAJES)","CORTO",NA,"No","Punto fijo",NA,NA,NA,NA,NA,NA,NA,NA,NA,NA,NA,NA,NA,NA,"Complete","-16.312598","-72.183548","",""
"325",328,NA,"2024-06-24 11:53:44","4","C.m modulo e antena",8,48,2024-06-23,2,"","",NA,"","",2,1,NA,NA,66,0,NA,NA,"",NA,NA,NA,NA,NA,NA,NA,"",NA,NA,NA,NA,NA,NA,NA,NA,NA,NA,NA,NA,NA,NA,NA,NA,NA,NA,NA,"",NA,NA,NA,"","",66,0,66,NA,NA,NA,NA,NA,NA,NA,NA,NA,NA,2,"MR. PEDREGAL (MAJES)","CORTO",NA,"No","Punto fijo",NA,NA,NA,NA,NA,NA,NA,NA,NA,NA,NA,NA,NA,NA,"Complete","-16.298775","-72.182083","",""
"326",329,NA,"2024-06-24 11:54:53","4","Local social gardenias nona 3",9,49,2024-06-23,2,"","",NA,"","",2,1,NA,NA,68,0,NA,NA,"",NA,NA,NA,NA,NA,NA,NA,"",NA,NA,NA,NA,NA,NA,NA,NA,NA,NA,NA,NA,NA,NA,NA,NA,NA,NA,NA,"",NA,NA,NA,"","",68,0,68,NA,NA,NA,NA,NA,NA,NA,NA,NA,NA,2,"MR. PEDREGAL (MAJES)","CORTO",NA,"No","Punto fijo",NA,NA,NA,NA,NA,NA,NA,NA,NA,NA,NA,NA,NA,NA,"Complete","-16.340743","-72.206085","",""
"327",330,NA,"2024-06-24 11:56:19","4","Gardenias 2",10,410,2024-06-23,2,"","",NA,"","",2,2,NA,NA,NA,NA,NA,NA,"",NA,NA,NA,NA,NA,NA,NA,"",NA,NA,NA,NA,NA,NA,NA,NA,NA,NA,NA,NA,NA,NA,NA,33,0,NA,NA,"",NA,NA,NA,"","La poblacion no tenia conocimiento",33,0,33,NA,NA,NA,NA,NA,NA,NA,NA,NA,NA,2,"MR. PEDREGAL (MAJES)","CORTO",NA,"No","Punto movil",NA,NA,NA,NA,NA,NA,NA,NA,NA,NA,NA,NA,NA,NA,"Complete","-16.353979","-72.209828","-16.353999","-72.209707"
"328",331,NA,"2024-06-24 11:57:34","4","Ciudad perdida san francisco",11,411,2024-06-23,2,"","",NA,"","",2,1,NA,NA,52,0,NA,NA,"",NA,NA,NA,NA,NA,NA,NA,"",NA,NA,NA,NA,NA,NA,NA,NA,NA,NA,NA,NA,NA,NA,NA,NA,NA,NA,NA,"",NA,NA,NA,"","La comunidad tiene poca informacion",52,0,52,NA,NA,NA,NA,NA,NA,NA,NA,NA,NA,2,"MR. PEDREGAL (MAJES)","CORTO",NA,"No","Punto fijo",NA,NA,NA,NA,NA,NA,NA,NA,NA,NA,NA,NA,NA,NA,"Complete","-16.338403","-72.203105","-16.356230","-72.234388"
"329",332,NA,"2024-06-24 11:59:03","4","Ciudad perdida mercado jarrin",12,412,2024-06-23,2,"","",NA,"","",2,1,NA,NA,56,0,NA,NA,"",NA,NA,NA,NA,NA,NA,NA,"",NA,NA,NA,NA,NA,NA,NA,NA,NA,NA,NA,NA,NA,NA,NA,NA,NA,NA,NA,"",NA,NA,NA,"","",56,0,56,NA,NA,NA,NA,NA,NA,NA,NA,NA,NA,2,"MR. PEDREGAL (MAJES)","CORTO",NA,"No","Punto fijo",NA,NA,NA,NA,NA,NA,NA,NA,NA,NA,NA,NA,NA,NA,"Complete","-16.345739","-72.216489","",""
"330",333,NA,"2024-06-24 12:00:02","4","Hijos de colonos",14,414,2024-06-23,2,"","",NA,"","",2,1,NA,NA,28,0,NA,NA,"",NA,NA,NA,NA,NA,NA,NA,"",NA,NA,NA,NA,NA,NA,NA,NA,NA,NA,NA,NA,NA,NA,NA,NA,NA,NA,NA,"",NA,NA,NA,"","",28,0,28,NA,NA,NA,NA,NA,NA,NA,NA,NA,NA,2,"MR. PEDREGAL (MAJES)","CORTO",NA,"No","Punto fijo",NA,NA,NA,NA,NA,NA,NA,NA,NA,NA,NA,NA,NA,NA,"Complete","-16.363984","-72.222284","",""
"331",334,NA,"2024-06-24 12:01:16","4","Los olivos ciudad perdida",15,415,2024-06-23,2,"","",NA,"","",2,1,NA,NA,36,0,NA,NA,"",NA,NA,NA,NA,NA,NA,NA,"",NA,NA,NA,NA,NA,NA,NA,NA,NA,NA,NA,NA,NA,NA,NA,NA,NA,NA,NA,"",NA,NA,NA,"","No estaban al tanto de la vancan",36,0,36,NA,NA,NA,NA,NA,NA,NA,NA,NA,NA,2,"MR. PEDREGAL (MAJES)","CORTO",NA,"No","Punto fijo",NA,NA,NA,NA,NA,NA,NA,NA,NA,NA,NA,NA,NA,NA,"Complete","-16.350580","-72.228563","-16.350578","-72.228560"
"332",335,NA,"2024-06-24 12:02:19","4","Villa majes",16,416,2024-06-23,2,"","",NA,"","",2,1,NA,NA,37,0,NA,NA,"",NA,NA,NA,NA,NA,NA,NA,"",NA,NA,NA,NA,NA,NA,NA,NA,NA,NA,NA,NA,NA,NA,NA,NA,NA,NA,NA,"",NA,NA,NA,"","la bateria del megafono se acabo",37,0,37,NA,NA,NA,NA,NA,NA,NA,NA,NA,NA,2,"MR. PEDREGAL (MAJES)","CORTO",NA,"No","Punto fijo",NA,NA,NA,NA,NA,NA,NA,NA,NA,NA,NA,NA,NA,NA,"Complete","-16.342105","-72.223536","-16.353299","-72.217310"
"333",336,NA,"2024-06-24 12:03:18","4","Fernando belaunde terry",17,417,2024-06-23,2,"","",NA,"","",2,1,NA,NA,20,0,NA,NA,"",NA,NA,NA,NA,NA,NA,NA,"",NA,NA,NA,NA,NA,NA,NA,NA,NA,NA,NA,NA,NA,NA,NA,NA,NA,NA,NA,"",NA,NA,NA,"","",20,0,20,NA,NA,NA,NA,NA,NA,NA,NA,NA,NA,2,"MR. PEDREGAL (MAJES)","CORTO",NA,"No","Punto fijo",NA,NA,NA,NA,NA,NA,NA,NA,NA,NA,NA,NA,NA,NA,"Complete","-16.345908","-72.223295","-16.345683","-72.222062"
"334",337,NA,"2024-06-24 12:04:23","4","Agmendimia",18,418,2024-06-23,2,"","",NA,"","",2,1,NA,NA,42,0,NA,NA,"",NA,NA,NA,NA,NA,NA,NA,"",NA,NA,NA,NA,NA,NA,NA,NA,NA,NA,NA,NA,NA,NA,NA,NA,NA,NA,NA,"",NA,NA,NA,"","",42,0,42,NA,NA,NA,NA,NA,NA,NA,NA,NA,NA,2,"MR. PEDREGAL (MAJES)","CORTO",NA,"No","Punto fijo",NA,NA,NA,NA,NA,NA,NA,NA,NA,NA,NA,NA,NA,NA,"Complete","-16.345705","-72.202586","",""
"335",338,NA,"2024-06-24 12:05:16","4","Aspein local social c.m",19,419,2024-06-23,2,"","",NA,"","",2,1,NA,NA,58,0,NA,NA,"",NA,NA,NA,NA,NA,NA,NA,"",NA,NA,NA,NA,NA,NA,NA,NA,NA,NA,NA,NA,NA,NA,NA,NA,NA,NA,NA,"",NA,NA,NA,"","",58,0,58,NA,NA,NA,NA,NA,NA,NA,NA,NA,NA,2,"MR. PEDREGAL (MAJES)","CORTO",NA,"No","Punto fijo",NA,NA,NA,NA,NA,NA,NA,NA,NA,NA,NA,NA,NA,NA,"Complete","-16.353781","-72.246681","",""
"336",339,NA,"2024-06-24 12:07:23","4","Ciudad perdida espiritu santo",20,420,2024-06-23,2,"","",NA,"","",2,1,NA,NA,75,0,NA,NA,"",NA,NA,NA,NA,NA,NA,NA,"",NA,NA,NA,NA,NA,NA,NA,NA,NA,NA,NA,NA,NA,NA,NA,NA,NA,NA,NA,"",NA,NA,NA,"","camioneta de la municipalidad nos apoyo movilizandonos para vacunar",75,0,75,NA,NA,NA,NA,NA,NA,NA,NA,NA,NA,2,"MR. PEDREGAL (MAJES)","CORTO",NA,"No","Punto fijo",NA,NA,NA,NA,NA,NA,NA,NA,NA,NA,NA,NA,NA,NA,"Complete","-16.345906","-72.218582","-16.344402","-72.221646"
"337",340,NA,"2024-06-24 16:14:30","1","Centro de salud francisco bolognesi",17,117,2024-06-23,2,"","",NA,"","",2,1,NA,NA,40,5,NA,NA,"",NA,NA,NA,NA,NA,NA,NA,"",NA,NA,NA,NA,NA,NA,NA,NA,NA,NA,NA,NA,NA,NA,NA,NA,NA,NA,NA,"",NA,NA,NA,"","",40,5,45,NA,NA,NA,NA,NA,NA,NA,NA,NA,NA,2,"MR. FRANCISCO BOLOGNESI","CORTO",NA,"No","Punto fijo",NA,NA,NA,NA,NA,NA,NA,NA,NA,NA,NA,NA,NA,NA,"Complete","-16.354727","-71.542052","",""
"338",341,NA,"2024-06-29 15:40:27","10","Señor de huanca",1,101,2024-06-29,1,"07:40","08:00",4,"","08:15",NA,1,39,NA,10,1,1,3,"09:30",2,NA,NA,20,1,2,NA,"",NA,NA,NA,NA,NA,NA,NA,NA,NA,NA,NA,NA,NA,NA,NA,NA,NA,NA,NA,"",NA,NA,NA,"12:40","No hubo prifoneo previo",30,2,32,NA,NA,NA,NA,NA,NA,NA,NA,NA,NA,2,"MR. ALTO SELVA ALEGRE","DETALLADO","4. Caminando",NA,"Punto fijo",NA,"SI","Yo mismo","Cambiamos a Punto movil","NO",NA,NA,NA,NA,NA,NA,NA,NA,NA,"Complete","-16.388414","-71.526387","-16.380475","-71.521683"
"339",342,NA,"2024-06-29 15:43:30","10","Mercado villa hermosa",2,102,2024-06-29,1,"07:30","07:45",2,"","08:00",NA,1,NA,NA,99,10,2,NA,"",NA,NA,NA,NA,NA,NA,NA,"",NA,NA,NA,NA,NA,NA,NA,NA,NA,NA,NA,NA,NA,NA,NA,NA,NA,NA,NA,"",NA,NA,NA,"13:00","",99,10,109,NA,NA,NA,NA,NA,NA,NA,NA,NA,NA,2,"MR. ALTO SELVA ALEGRE","DETALLADO","2. Camioneta/Auto",NA,"Punto fijo",NA,"NO",NA,NA,NA,NA,NA,NA,NA,NA,NA,NA,NA,NA,"Complete","-16.379290","-71.520154","",""
"340",343,NA,"2024-06-29 15:46:10","10","Iglesia cristo rey",2,102,2024-06-29,1,"08:10","08:20",4,"","08:30",NA,1,15,NA,0,0,1,3,"08:40",2,NA,NA,13,2,2,NA,"",NA,NA,NA,NA,NA,NA,NA,NA,NA,NA,NA,NA,NA,NA,NA,NA,NA,NA,NA,"",NA,NA,NA,"12:39","",13,2,15,NA,NA,NA,NA,NA,NA,NA,NA,NA,NA,2,"MR. ALTO SELVA ALEGRE","DETALLADO","4. Caminando",NA,"Punto fijo",NA,"SI","Yo mismo","Cambiamos a Punto movil","NO",NA,NA,NA,NA,NA,NA,NA,NA,NA,"Complete","-16.374865","-71.522746","-16.374379","-71.522174"
"341",344,NA,"2024-06-29 15:49:50","10","Semaforo vista alegre",4,104,2024-06-29,1,"07:50","08:30",2,"","09:30",NA,1,NA,NA,0,19,1,3,"12:00",2,NA,NA,120,0,2,NA,"",NA,NA,NA,NA,NA,NA,NA,NA,NA,NA,NA,NA,NA,NA,NA,NA,NA,NA,NA,"",NA,NA,NA,"13:00","",120,19,139,NA,NA,NA,NA,NA,NA,NA,NA,NA,NA,2,"MR. ALTO SELVA ALEGRE","DETALLADO","2. Camioneta/Auto",NA,"Punto fijo",NA,"SI","Yo mismo","Cambiamos a Punto movil","NO",NA,NA,NA,NA,NA,NA,NA,NA,NA,"Complete","-16.379026","-71.529735","-16.379026","-71.529735"
"342",345,NA,"2024-06-29 15:53:25","10","Parque cocacola",6,106,2024-06-29,1,"08:00","08:00",2,"","08:20",NA,1,NA,NA,132,18,2,NA,"",NA,NA,NA,NA,NA,NA,NA,"",NA,NA,NA,NA,NA,NA,NA,NA,NA,NA,NA,NA,NA,NA,NA,NA,NA,NA,NA,"",NA,NA,NA,"13:30","",132,18,150,NA,NA,NA,NA,NA,NA,NA,NA,NA,NA,2,"MR. ALTO SELVA ALEGRE","DETALLADO","2. Camioneta/Auto",NA,"Punto fijo",NA,"NO",NA,NA,NA,NA,NA,NA,NA,NA,NA,NA,NA,NA,"Complete","-16.376508","-71.528321","",""
"343",346,NA,"2024-06-29 15:55:52","10","Cancha russbelt",7,107,2024-06-29,1,"07:50","08:00",4,"","08:07",NA,1,14,NA,40,1,2,NA,"",NA,NA,NA,NA,NA,NA,NA,"",NA,NA,NA,NA,NA,NA,NA,NA,NA,NA,NA,NA,NA,NA,NA,NA,NA,NA,NA,"",NA,NA,NA,"12:00","",40,1,41,NA,NA,NA,NA,NA,NA,NA,NA,NA,NA,2,"MR. ALTO SELVA ALEGRE","DETALLADO","4. Caminando",NA,"Punto fijo",NA,"NO",NA,NA,NA,NA,NA,NA,NA,NA,NA,NA,NA,NA,"Complete","-16.381695","-71.523690","-16.381311","-71.524356"
"344",347,NA,"2024-06-29 15:58:28","10","Complejo deportivo romero",8,108,2024-06-29,1,"07:35","08:00",4,"","08:30",NA,2,18,NA,NA,NA,NA,NA,"",NA,NA,NA,NA,NA,NA,NA,"",NA,NA,NA,NA,NA,NA,NA,NA,NA,NA,NA,NA,NA,1,1,68,2,NA,NA,"",NA,NA,NA,"13:11","Falta refrigerio",68,2,70,NA,NA,NA,NA,NA,NA,NA,NA,NA,NA,2,"MR. ALTO SELVA ALEGRE","DETALLADO","4. Caminando",NA,"Punto movil",NA,NA,NA,NA,NA,NA,NA,NA,NA,NA,"Mapa con zona delimitada","SI",NA,NA,"Complete","-16.387880","-71.528703","-16.388032","-71.527558"
"345",348,NA,"2024-06-29 16:01:10","10","Plaza javier heraud",9,109,2024-06-29,1,"07:30","07:45",2,"","08:30",NA,1,NA,NA,0,0,1,1,"08:30",2,NA,NA,104,70,2,NA,"",NA,NA,NA,NA,NA,NA,NA,NA,NA,NA,NA,NA,NA,NA,NA,NA,NA,NA,NA,"",NA,NA,NA,"13:11","",104,70,174,NA,NA,NA,NA,NA,NA,NA,NA,NA,NA,2,"MR. ALTO SELVA ALEGRE","DETALLADO","2. Camioneta/Auto",NA,"Punto fijo",NA,"SI","Microred","Cambiamos a Punto movil","NO",NA,NA,NA,NA,NA,NA,NA,NA,NA,"Complete","-16.377899","-71.524696","-16.377533","-71.523402"
"346",349,NA,"2024-06-29 16:03:04","10","Centro de salud asa",10,1010,2024-06-29,1,"08:08","08:08",5,"","08:10",NA,1,NA,NA,95,4,2,NA,"",NA,NA,NA,NA,NA,NA,NA,"",NA,NA,NA,NA,NA,NA,NA,NA,NA,NA,NA,NA,NA,NA,NA,NA,NA,NA,NA,"",NA,NA,NA,"13:43","",95,4,99,NA,NA,NA,NA,NA,NA,NA,NA,NA,NA,2,"MR. ALTO SELVA ALEGRE","DETALLADO","5. Mi punto era el Centro de Salud",NA,"Punto fijo",NA,"NO",NA,NA,NA,NA,NA,NA,NA,NA,NA,NA,NA,NA,"Complete","-16.381063","-71.518848","",""
"347",350,NA,"2024-06-29 16:05:06","10","Plaza espiritu santo",11,1011,2024-06-29,1,"08:05","08:10",2,"","08:15",NA,1,13,NA,51,7,2,NA,"",NA,NA,NA,NA,NA,NA,NA,"",NA,NA,NA,NA,NA,NA,NA,NA,NA,NA,NA,NA,NA,NA,NA,NA,NA,NA,NA,"",NA,NA,NA,"13:10","",51,7,58,NA,NA,NA,NA,NA,NA,NA,NA,NA,NA,2,"MR. ALTO SELVA ALEGRE","DETALLADO","2. Camioneta/Auto",NA,"Punto fijo",NA,"NO",NA,NA,NA,NA,NA,NA,NA,NA,NA,NA,NA,NA,"Complete","-16.385300","-71.521240","-16.385613","-71.521622"
"348",351,NA,"2024-06-29 16:26:12","9","Plaza sachaca",1,91,2024-06-29,1,"08:20","08:30",2,"","08:50",NA,3,NA,1,NA,NA,NA,NA,"",NA,NA,NA,NA,NA,NA,NA,"",NA,NA,NA,NA,NA,NA,NA,NA,NA,NA,NA,NA,NA,NA,NA,NA,NA,3,2,"",28,2,30,"12:30","En la zona que nos toco ya habian vacunado la semana pasada a pesar de ello habian manzanas rojas y anaranjadas",28,2,30,NA,NA,NA,NA,NA,NA,NA,NA,NA,NA,2,"MR. YANAHUARA","DETALLADO","2. Camioneta/Auto",NA,"Puerta Puerta","Urbano",NA,NA,NA,NA,NA,NA,NA,NA,NA,NA,NA,"3. indicacion verbal (reportar en whats app)","Caminar cuadra en cuadra","Complete","-16.426319","-71.567716","-16.427170","-71.566830"
"349",352,NA,"2024-06-29 16:30:06","9","Pasos del señor",2,92,2024-06-29,1,"08:03","08:29",2,"","10:07",NA,3,NA,1,NA,NA,NA,NA,"",NA,NA,NA,NA,NA,NA,NA,"",NA,NA,NA,NA,NA,NA,NA,NA,NA,NA,NA,NA,NA,NA,NA,NA,NA,1,2,"",12,4,16,"13:00","No ofrecieron mandiles ni tableros , cubrebocas",12,4,16,NA,NA,NA,NA,NA,NA,NA,NA,NA,NA,2,"MR. YANAHUARA","DETALLADO","2. Camioneta/Auto",NA,"Puerta Puerta","Urbano",NA,NA,NA,NA,NA,NA,NA,NA,NA,NA,NA,"1. Mapa con zona delimitada","Caminar cuadra en cuadra","Complete","-16.439186","-71.578990","-16.437611","-71.579422"
"350",353,NA,"2024-06-29 16:33:48","9","Chiriguana",3,93,2024-06-29,1,"08:10","08:30",NA,"","09:52",NA,3,NA,2,NA,NA,NA,NA,"",NA,NA,NA,NA,NA,NA,NA,"",NA,NA,NA,NA,NA,NA,NA,NA,NA,NA,NA,NA,NA,NA,NA,NA,NA,4,1,"",38,0,38,"13:11","Falto tablas y mandiles",38,0,38,NA,NA,NA,NA,NA,NA,NA,NA,NA,NA,2,"MR. YANAHUARA","DETALLADO",NA,NA,"Puerta Puerta","Periurbano",NA,NA,NA,NA,NA,NA,NA,NA,NA,NA,NA,"4. Mapa digital","Tocar puerta por puerta","Complete","-16.427894","-71.581864","",""
"351",354,NA,"2024-06-29 16:37:52","9","7 de junio",4,94,2024-06-29,1,"08:05","08:27",2,"","09:04",NA,3,4,2,NA,NA,NA,NA,"",NA,NA,NA,NA,NA,NA,NA,"",NA,NA,NA,NA,NA,NA,NA,NA,NA,NA,NA,NA,NA,NA,NA,NA,NA,3,1,"",61,13,74,"12:52","El material no estaba completo",61,13,74,NA,NA,NA,NA,NA,NA,NA,NA,NA,NA,2,"MR. YANAHUARA","DETALLADO","2. Camioneta/Auto",NA,"Puerta Puerta","Periurbano",NA,NA,NA,NA,NA,NA,NA,NA,NA,NA,NA,"3. indicacion verbal (reportar en whats app)","Tocar puerta por puerta","Complete","-16.441503","-71.579022","",""
"352",355,NA,"2024-06-29 16:39:59","9","Guadalupe",5,95,2024-06-29,1,"08:05","08:27",NA,"","09:13",NA,3,NA,2,NA,NA,NA,NA,"",NA,NA,NA,NA,NA,NA,NA,"",NA,NA,NA,NA,NA,NA,NA,NA,NA,NA,NA,NA,NA,NA,NA,NA,NA,1,2,"",33,4,37,"12:50","No nos dieron mandilon no nos dieron tablero",33,4,37,NA,NA,NA,NA,NA,NA,NA,NA,NA,NA,2,"MR. YANAHUARA","DETALLADO",NA,NA,"Puerta Puerta","Periurbano",NA,NA,NA,NA,NA,NA,NA,NA,NA,NA,NA,"1. Mapa con zona delimitada","Caminar cuadra en cuadra","Complete","-16.437295","-71.588465","-16.438715","-71.589455"
"353",356,NA,"2024-06-29 16:42:51","9","Corazon de jesus",6,96,2024-06-29,1,"08:05","08:27",2,"","09:43",NA,3,NA,2,NA,NA,NA,NA,"",NA,NA,NA,NA,NA,NA,NA,"",NA,NA,NA,NA,NA,NA,NA,NA,NA,NA,NA,NA,NA,NA,NA,NA,NA,3,2,"",30,0,30,"13:00","",30,0,30,NA,NA,NA,NA,NA,NA,NA,NA,NA,NA,2,"MR. YANAHUARA","DETALLADO","2. Camioneta/Auto",NA,"Puerta Puerta","Periurbano",NA,NA,NA,NA,NA,NA,NA,NA,NA,NA,NA,"3. indicacion verbal (reportar en whats app)","Caminar cuadra en cuadra","Complete","-16.431482","-71.583619","-16.430268","-71.583716"
"354",357,NA,"2024-06-29 16:45:55","9","Pedro vilcapaza",7,97,2024-06-29,1,"08:20","08:30",NA,"","09:36",NA,3,NA,2,NA,NA,NA,NA,"",NA,NA,NA,NA,NA,NA,NA,"",NA,NA,NA,NA,NA,NA,NA,NA,NA,NA,NA,NA,NA,NA,NA,NA,NA,1,1,"",11,3,14,"12:38","No se dio refrigerio no se dio epps ",11,3,14,NA,NA,NA,NA,NA,NA,NA,NA,NA,NA,2,"MR. YANAHUARA","DETALLADO",NA,NA,"Puerta Puerta","Periurbano",NA,NA,NA,NA,NA,NA,NA,NA,NA,NA,NA,"1. Mapa con zona delimitada","Tocar puerta por puerta","Complete","-16.436508","-71.581774","-16.437681","-71.581254"
"355",358,NA,"2024-06-29 16:48:50","9","23 de junio",8,98,2024-06-29,1,"08:05","08:27",NA,"","09:00",NA,3,NA,2,NA,NA,NA,NA,"",NA,NA,NA,NA,NA,NA,NA,"",NA,NA,NA,NA,NA,NA,NA,NA,NA,NA,NA,NA,NA,NA,NA,NA,NA,3,2,"",53,7,60,"12:25","Falto jeringas",53,7,60,NA,NA,NA,NA,NA,NA,NA,NA,NA,NA,2,"MR. YANAHUARA","DETALLADO",NA,NA,"Puerta Puerta","Periurbano",NA,NA,NA,NA,NA,NA,NA,NA,NA,NA,NA,"3. indicacion verbal (reportar en whats app)","Caminar cuadra en cuadra","Complete","-16.416419","-71.592899","-16.418528","-71.591759"
"356",359,NA,"2024-06-29 16:56:42","9","victor maldonado",9,99,2024-06-29,1,"08:05","08:20",2,"","08:40",NA,3,NA,2,NA,NA,NA,NA,"",NA,NA,NA,NA,NA,NA,NA,"",NA,NA,NA,NA,NA,NA,NA,NA,NA,NA,NA,NA,NA,NA,NA,NA,NA,4,2,"",90,8,98,"13:20","Aperturaron en el momento el punto 9 no pudo abrir el aplicativo ",90,8,98,NA,NA,NA,NA,NA,NA,NA,NA,NA,NA,2,"MR. YANAHUARA","DETALLADO","2. Camioneta/Auto",NA,"Puerta Puerta","Periurbano",NA,NA,NA,NA,NA,NA,NA,NA,NA,NA,NA,"4. Mapa digital","Caminar cuadra en cuadra","Complete","-16.426781","-71.583153","",""
"357",360,NA,"2024-06-30 14:53:56","21","Pampa blanca",1,211,2024-06-30,1,"08:59","08:59",NA,"","09:09",NA,3,35,2,NA,NA,NA,NA,"",NA,NA,NA,NA,NA,NA,NA,"",NA,NA,NA,NA,NA,NA,NA,NA,NA,NA,NA,NA,NA,NA,NA,NA,NA,3,3,"En la ambulancia",19,1,20,"12:11","",19,1,20,NA,NA,NA,NA,NA,NA,NA,NA,NA,NA,2,"MR. CHIGUATA","DETALLADO",NA,NA,"Puerta Puerta","Periurbano",NA,NA,NA,NA,NA,NA,NA,NA,NA,NA,NA,"3. indicacion verbal (reportar en whats app)","Otro","Complete","-16.396407","-71.470371","",""
"358",361,NA,"2024-06-30 14:56:08","21","Pampa blanca",2,212,2024-06-30,1,"08:59","08:59",NA,"","09:00",NA,3,24,2,NA,NA,NA,NA,"",NA,NA,NA,NA,NA,NA,NA,"",NA,NA,NA,NA,NA,NA,NA,NA,NA,NA,NA,NA,NA,NA,NA,NA,NA,3,3,"En la ambulancia",33,1,34,"12:11","",33,1,34,NA,NA,NA,NA,NA,NA,NA,NA,NA,NA,2,"MR. CHIGUATA","DETALLADO",NA,NA,"Puerta Puerta","Periurbano",NA,NA,NA,NA,NA,NA,NA,NA,NA,NA,NA,"3. indicacion verbal (reportar en whats app)","Otro","Complete","-16.393515","-71.469075","",""
"359",362,NA,"2024-06-30 15:55:37","10","Villa union",1,101,2024-06-30,1,"07:30","07:43",2,"","07:50",NA,1,NA,NA,6,0,1,3,"08:20",2,NA,NA,80,4,2,NA,"",NA,NA,NA,NA,NA,NA,NA,NA,NA,NA,NA,NA,NA,NA,NA,NA,NA,NA,NA,"",NA,NA,NA,"13:15","No hubo perifoneo de la municipalidad",86,4,90,NA,NA,NA,NA,NA,NA,NA,NA,NA,NA,2,"MR. ALTO SELVA ALEGRE","DETALLADO","2. Camioneta/Auto",NA,"Punto fijo",NA,"SI","Yo mismo","Cambiamos a Punto movil","NO",NA,NA,NA,NA,NA,NA,NA,NA,NA,"Complete","-16.368488","-71.507258","-16.366628","-71.507198"
"360",363,NA,"2024-06-30 15:57:31","10","Local social san luis",2,102,2024-06-30,1,"07:17","07:50",2,"","08:00",NA,1,NA,NA,140,4,2,NA,"",NA,NA,NA,NA,NA,NA,NA,"",NA,NA,NA,NA,NA,NA,NA,NA,NA,NA,NA,NA,NA,NA,NA,NA,NA,NA,NA,"",NA,NA,NA,"12:40","",140,4,144,NA,NA,NA,NA,NA,NA,NA,NA,NA,NA,2,"MR. ALTO SELVA ALEGRE","DETALLADO","2. Camioneta/Auto",NA,"Punto fijo",NA,"NO",NA,NA,NA,NA,NA,NA,NA,NA,NA,NA,NA,NA,"Complete","-16.369277","-71.503911","-16.376194","-71.516699"
"361",364,NA,"2024-06-30 16:00:33","10","Complejo artesano",3,103,2024-06-30,1,"08:00","08:10",2,"","08:14",NA,1,27,NA,10,6,1,3,"08:24",2,NA,NA,114,0,2,NA,"",NA,NA,NA,NA,NA,NA,NA,NA,NA,NA,NA,NA,NA,NA,NA,NA,NA,NA,NA,"",NA,NA,NA,"13:00","",124,6,130,NA,NA,NA,NA,NA,NA,NA,NA,NA,NA,2,"MR. ALTO SELVA ALEGRE","DETALLADO","2. Camioneta/Auto",NA,"Punto fijo",NA,"SI","Yo mismo","Cambiamos a Punto movil","NO",NA,NA,NA,NA,NA,NA,NA,NA,NA,"Complete","-16.374000","-71.518569","",""
"362",365,NA,"2024-06-30 16:02:41","10","Complejo arequipa",4,104,2024-06-30,1,"07:30","08:00",4,"","08:20",NA,1,NA,NA,0,0,1,1,"08:20",2,NA,NA,69,11,2,NA,"",NA,NA,NA,NA,NA,NA,NA,NA,NA,NA,NA,NA,NA,NA,NA,NA,NA,NA,NA,"",NA,NA,NA,"12:30","",69,11,80,NA,NA,NA,NA,NA,NA,NA,NA,NA,NA,2,"MR. ALTO SELVA ALEGRE","DETALLADO","4. Caminando",NA,"Punto fijo",NA,"SI","Microred","Cambiamos a Punto movil","NO",NA,NA,NA,NA,NA,NA,NA,NA,NA,"Complete","-16.377861","-71.513133","-16.378451","-71.514244"
"363",366,NA,"2024-06-30 16:05:06","10","Leticia con av las torres",5,105,2024-06-30,1,"07:40","08:00",2,"","08:10",NA,1,NA,NA,0,0,1,3,"08:10",2,NA,NA,156,0,2,NA,"",NA,NA,NA,NA,NA,NA,NA,NA,NA,NA,NA,NA,NA,NA,NA,NA,NA,NA,NA,"",NA,NA,NA,"13:44","Estuvo junto con el grupo 7",156,0,156,NA,NA,NA,NA,NA,NA,NA,NA,NA,NA,2,"MR. ALTO SELVA ALEGRE","DETALLADO","2. Camioneta/Auto",NA,"Punto fijo",NA,"SI","Yo mismo","Cambiamos a Punto movil","NO",NA,NA,NA,NA,NA,NA,NA,NA,NA,"Complete","-16.371612","-71.516531","",""
"364",367,NA,"2024-06-30 16:07:00","10","Piscina asa",6,106,2024-06-30,1,"08:02","08:29",2,"","08:30",NA,1,NA,NA,74,7,2,NA,"",NA,NA,NA,NA,NA,NA,NA,"",NA,NA,NA,NA,NA,NA,NA,NA,NA,NA,NA,NA,NA,NA,NA,NA,NA,NA,NA,"",NA,NA,NA,"13:45","",74,7,81,NA,NA,NA,NA,NA,NA,NA,NA,NA,NA,2,"MR. ALTO SELVA ALEGRE","DETALLADO","2. Camioneta/Auto",NA,"Punto fijo",NA,"NO",NA,NA,NA,NA,NA,NA,NA,NA,NA,NA,NA,NA,"Complete","-16.376194","-71.516699","",""
"365",368,NA,"2024-06-30 16:10:24","10","Av leticia con las torres",7,107,2024-06-30,1,"07:40","08:00",2,"","08:10",NA,1,NA,NA,13,3,1,3,"08:25",2,NA,NA,122,25,2,NA,"",NA,NA,NA,NA,NA,NA,NA,NA,NA,NA,NA,NA,NA,NA,NA,NA,NA,NA,NA,"",NA,NA,NA,"13:44","",135,28,163,NA,NA,NA,NA,NA,NA,NA,NA,NA,NA,2,"MR. ALTO SELVA ALEGRE","DETALLADO","2. Camioneta/Auto",NA,"Punto fijo",NA,"SI","Yo mismo","Cambiamos a Punto movil","NO",NA,NA,NA,NA,NA,NA,NA,NA,NA,"Complete","-16.374832","-71.514011","-16.373461","-71.515034"
"366",369,NA,"2024-06-30 16:12:08","10","Maercado apurimac",8,108,2024-06-30,1,"08:08","08:15",2,"","08:20",NA,1,NA,NA,100,15,2,NA,"",NA,NA,NA,NA,NA,NA,NA,"",NA,NA,NA,NA,NA,NA,NA,NA,NA,NA,NA,NA,NA,NA,NA,NA,NA,NA,NA,"",NA,NA,NA,"13:50","",100,15,115,NA,NA,NA,NA,NA,NA,NA,NA,NA,NA,2,"MR. ALTO SELVA ALEGRE","DETALLADO","2. Camioneta/Auto",NA,"Punto fijo",NA,"NO",NA,NA,NA,NA,NA,NA,NA,NA,NA,NA,NA,NA,"Complete","-16.371311","-71.509888","-16.370846","-71.510231"
"367",370,NA,"2024-06-30 16:13:43","10","Centro de salud asa",9,109,2024-06-30,1,"07:50","07:52",5,"","07:52",NA,1,NA,NA,65,4,2,NA,"",NA,NA,NA,NA,NA,NA,NA,"",NA,NA,NA,NA,NA,NA,NA,NA,NA,NA,NA,NA,NA,NA,NA,NA,NA,NA,NA,"",NA,NA,NA,"14:26","",65,4,69,NA,NA,NA,NA,NA,NA,NA,NA,NA,NA,2,"MR. ALTO SELVA ALEGRE","DETALLADO","5. Mi punto era el Centro de Salud",NA,"Punto fijo",NA,"NO",NA,NA,NA,NA,NA,NA,NA,NA,NA,NA,NA,NA,"Complete","-16.381062","-71.518848","",""
"368",371,NA,"2024-07-01 13:53:17","10","",5,105,2024-06-29,2,"","",NA,"","",1,1,NA,NA,170,0,NA,NA,"",NA,NA,NA,NA,NA,NA,NA,"",NA,NA,NA,NA,NA,NA,NA,NA,NA,NA,NA,NA,NA,NA,NA,NA,NA,NA,NA,"",NA,NA,NA,"","",170,0,170,NA,NA,NA,NA,NA,NA,NA,NA,NA,NA,2,"MR. ALTO SELVA ALEGRE","CORTO",NA,"Sí","Punto fijo",NA,NA,NA,NA,NA,NA,NA,NA,NA,NA,NA,NA,NA,NA,"Complete","-16.377917","-71.524670","-16.378620","-71.524906"
"369",372,NA,"2024-07-01 15:30:39","4","Futuro majes",1,41,2024-06-29,1,"07:40","09:00",1,"","09:08",NA,3,NA,1,NA,NA,NA,NA,"",NA,NA,NA,NA,NA,NA,NA,"",NA,NA,NA,NA,NA,NA,NA,NA,NA,NA,NA,NA,NA,NA,NA,NA,NA,1,2,"",11,0,11,"13:00","Desconfian de la vacuna",11,0,11,NA,NA,NA,NA,NA,NA,NA,NA,NA,NA,2,"MR. PEDREGAL (MAJES)","DETALLADO","1, Bus",NA,"Puerta Puerta","Urbano",NA,NA,NA,NA,NA,NA,NA,NA,NA,NA,NA,"1. Mapa con zona delimitada","Caminar cuadra en cuadra","Complete","-16.354831","-72.189533","",""
"370",373,NA,"2024-07-01 15:34:55","4","Bloque 5",2,42,2024-06-29,1,"08:00","08:30",2,"","08:45",NA,3,NA,1,NA,NA,NA,NA,"",NA,NA,NA,NA,NA,NA,NA,"",NA,NA,NA,NA,NA,NA,NA,NA,NA,NA,NA,NA,NA,NA,NA,NA,NA,3,2,"",14,0,14,"14:00","Poblacion le da mas importancia a otros eventos",14,0,14,NA,NA,NA,NA,NA,NA,NA,NA,NA,NA,2,"MR. PEDREGAL (MAJES)","DETALLADO","2. Camioneta/Auto",NA,"Puerta Puerta","Urbano",NA,NA,NA,NA,NA,NA,NA,NA,NA,NA,NA,"3. indicacion verbal (reportar en whats app)","Caminar cuadra en cuadra","Complete","-16.331832","-72.199029","",""
"371",374,NA,"2024-07-01 15:36:58","4","Amein",3,43,2024-06-29,1,"07:50","08:10",2,"","08:30",NA,3,NA,2,NA,NA,NA,NA,"",NA,NA,NA,NA,NA,NA,NA,"",NA,NA,NA,NA,NA,NA,NA,NA,NA,NA,NA,NA,NA,NA,NA,NA,NA,3,2,"",74,0,74,"14:00","",74,0,74,NA,NA,NA,NA,NA,NA,NA,NA,NA,NA,2,"MR. PEDREGAL (MAJES)","DETALLADO","2. Camioneta/Auto",NA,"Puerta Puerta","Periurbano",NA,NA,NA,NA,NA,NA,NA,NA,NA,NA,NA,"3. indicacion verbal (reportar en whats app)","Caminar cuadra en cuadra","Complete","-16.345490","-72.202609","-16.330743","-72.196746"
"372",375,NA,"2024-07-01 15:38:34","4","B-1",4,44,2024-06-29,1,"08:00","08:30",1,"","10:00",NA,3,NA,1,NA,NA,NA,NA,"",NA,NA,NA,NA,NA,NA,NA,"",NA,NA,NA,NA,NA,NA,NA,NA,NA,NA,NA,NA,NA,NA,NA,NA,NA,2,2,"",30,0,30,"14:00","",30,0,30,NA,NA,NA,NA,NA,NA,NA,NA,NA,NA,2,"MR. PEDREGAL (MAJES)","DETALLADO","1, Bus",NA,"Puerta Puerta","Urbano",NA,NA,NA,NA,NA,NA,NA,NA,NA,NA,NA,"2. Mapa con recorrido de inicio a fin","Caminar cuadra en cuadra","Complete","-16.319552","-72.238742","",""
"373",376,NA,"2024-07-01 15:41:58","4","B-2",5,45,2024-06-29,1,"08:10","08:30",2,"","08:40",NA,3,NA,1,NA,NA,NA,NA,"",NA,NA,NA,NA,NA,NA,NA,"",NA,NA,NA,NA,NA,NA,NA,NA,NA,NA,NA,NA,NA,NA,NA,NA,NA,2,2,"",37,0,37,"14:00","La poblacion se desintereso por evento deportivo",37,0,37,NA,NA,NA,NA,NA,NA,NA,NA,NA,NA,2,"MR. PEDREGAL (MAJES)","DETALLADO","2. Camioneta/Auto",NA,"Puerta Puerta","Urbano",NA,NA,NA,NA,NA,NA,NA,NA,NA,NA,NA,"2. Mapa con recorrido de inicio a fin","Caminar cuadra en cuadra","Complete","-16.335901","-72.258292","-16.342528","-72.255444"
"374",377,NA,"2024-07-01 15:43:55","4","C-1",6,46,2024-06-29,1,"07:45","08:30",1,"","09:44",NA,3,NA,1,NA,NA,NA,NA,"",NA,NA,NA,NA,NA,NA,NA,"",NA,NA,NA,NA,NA,NA,NA,NA,NA,NA,NA,NA,NA,NA,NA,NA,NA,1,1,"",9,0,9,"13:55","",9,0,9,NA,NA,NA,NA,NA,NA,NA,NA,NA,NA,2,"MR. PEDREGAL (MAJES)","DETALLADO","1, Bus",NA,"Puerta Puerta","Urbano",NA,NA,NA,NA,NA,NA,NA,NA,NA,NA,NA,"1. Mapa con zona delimitada","Tocar puerta por puerta","Complete","-16.297018","-72.260356","-16.298581","-72.258554"
"375",378,NA,"2024-07-01 15:53:39","4","C-2",7,47,2024-06-29,1,"08:00","08:30",2,"","09:45",NA,3,NA,1,NA,NA,NA,NA,"",NA,NA,NA,NA,NA,NA,NA,"",NA,NA,NA,NA,NA,NA,NA,NA,NA,NA,NA,NA,NA,NA,NA,NA,NA,3,2,"",52,0,52,"14:30","",52,0,52,NA,NA,NA,NA,NA,NA,NA,NA,NA,NA,2,"MR. PEDREGAL (MAJES)","DETALLADO","2. Camioneta/Auto",NA,"Puerta Puerta","Urbano",NA,NA,NA,NA,NA,NA,NA,NA,NA,NA,NA,"3. indicacion verbal (reportar en whats app)","Caminar cuadra en cuadra","Complete","-16.317925","-72.282363","",""
"376",379,NA,"2024-07-01 15:55:22","4","C-3",8,48,2024-06-29,1,"07:45","08:00",2,"","08:20",NA,3,NA,2,NA,NA,NA,NA,"",NA,NA,NA,NA,NA,NA,NA,"",NA,NA,NA,NA,NA,NA,NA,NA,NA,NA,NA,NA,NA,NA,NA,NA,NA,3,2,"",30,0,30,"14:30","",30,0,30,NA,NA,NA,NA,NA,NA,NA,NA,NA,NA,2,"MR. PEDREGAL (MAJES)","DETALLADO","2. Camioneta/Auto",NA,"Puerta Puerta","Periurbano",NA,NA,NA,NA,NA,NA,NA,NA,NA,NA,NA,"3. indicacion verbal (reportar en whats app)","Caminar cuadra en cuadra","Complete","-16.336304","-72.297411","-16.333173","-72.293360"
"377",380,NA,"2024-07-01 15:57:29","4","E-3",9,49,2024-06-29,1,"08:00","08:20",2,"","08:40",NA,3,NA,2,NA,NA,NA,NA,"",NA,NA,NA,NA,NA,NA,NA,"",NA,NA,NA,NA,NA,NA,NA,NA,NA,NA,NA,NA,NA,NA,NA,NA,NA,3,2,"",75,0,75,"14:00","",75,0,75,NA,NA,NA,NA,NA,NA,NA,NA,NA,NA,2,"MR. PEDREGAL (MAJES)","DETALLADO","2. Camioneta/Auto",NA,"Puerta Puerta","Periurbano",NA,NA,NA,NA,NA,NA,NA,NA,NA,NA,NA,"3. indicacion verbal (reportar en whats app)","Caminar cuadra en cuadra","Complete","-16.316113","-72.191903","",""
"378",381,NA,"2024-07-01 15:59:34","4","E-1",10,410,2024-06-29,1,"07:45","08:00",2,"","08:31",NA,3,NA,2,NA,NA,NA,NA,"",NA,NA,NA,NA,NA,NA,NA,"",NA,NA,NA,NA,NA,NA,NA,NA,NA,NA,NA,NA,NA,NA,NA,NA,NA,3,2,"",39,0,39,"14:33","Estaban en la movilidad",39,0,39,NA,NA,NA,NA,NA,NA,NA,NA,NA,NA,2,"MR. PEDREGAL (MAJES)","DETALLADO","2. Camioneta/Auto",NA,"Puerta Puerta","Periurbano",NA,NA,NA,NA,NA,NA,NA,NA,NA,NA,NA,"3. indicacion verbal (reportar en whats app)","Caminar cuadra en cuadra","Complete","-16.309988","-72.166567","-16.312864","-72.151987"
"379",382,NA,"2024-07-01 16:02:28","4","E-6",11,411,2024-06-29,1,"07:30","08:00",3,"","08:30",NA,3,NA,2,NA,NA,NA,NA,"",NA,NA,NA,NA,NA,NA,NA,"",NA,NA,NA,NA,NA,NA,NA,NA,NA,NA,NA,NA,NA,NA,NA,NA,NA,2,2,"",99,0,99,"14:48","",99,0,99,NA,NA,NA,NA,NA,NA,NA,NA,NA,NA,2,"MR. PEDREGAL (MAJES)","DETALLADO","3. Transporte público",NA,"Puerta Puerta","Periurbano",NA,NA,NA,NA,NA,NA,NA,NA,NA,NA,NA,"2. Mapa con recorrido de inicio a fin","Caminar cuadra en cuadra","Complete","-16.287054","-72.197215","",""
"380",383,NA,"2024-07-01 16:05:13","4","D-4 poblado",12,412,2024-06-29,1,"07:40","08:00",2,"","08:40",NA,3,NA,1,NA,NA,NA,NA,"",NA,NA,NA,NA,NA,NA,NA,"",NA,NA,NA,NA,NA,NA,NA,NA,NA,NA,NA,NA,NA,NA,NA,NA,NA,3,2,"",42,0,42,"14:20","fue punto fijo",42,0,42,NA,NA,NA,NA,NA,NA,NA,NA,NA,NA,2,"MR. PEDREGAL (MAJES)","DETALLADO","2. Camioneta/Auto",NA,"Puerta Puerta","Urbano",NA,NA,NA,NA,NA,NA,NA,NA,NA,NA,NA,"3. indicacion verbal (reportar en whats app)","Caminar cuadra en cuadra","Complete","-16.422354","-72.236199","-16.421795","-72.237251"
"381",384,NA,"2024-07-01 16:09:42","4","D-4 parcelas",13,413,2024-06-29,1,"07:55","08:10",2,"","08:28",NA,3,NA,2,NA,NA,NA,NA,"",NA,NA,NA,NA,NA,NA,NA,"",NA,NA,NA,NA,NA,NA,NA,NA,NA,NA,NA,NA,NA,NA,NA,NA,NA,3,1,"",103,0,103,"14:30","",103,0,103,NA,NA,NA,NA,NA,NA,NA,NA,NA,NA,2,"MR. PEDREGAL (MAJES)","DETALLADO","2. Camioneta/Auto",NA,"Puerta Puerta","Periurbano",NA,NA,NA,NA,NA,NA,NA,NA,NA,NA,NA,"3. indicacion verbal (reportar en whats app)","Tocar puerta por puerta","Complete","-16.441122","-72.214677","",""
"382",385,NA,"2024-07-01 16:11:33","4","Modulo G",14,414,2024-06-29,1,"08:40","09:00",3,"","09:20",NA,3,NA,2,NA,NA,NA,NA,"",NA,NA,NA,NA,NA,NA,NA,"",NA,NA,NA,NA,NA,NA,NA,NA,NA,NA,NA,NA,NA,NA,NA,NA,NA,1,2,"",33,0,33,"14:40","",33,0,33,NA,NA,NA,NA,NA,NA,NA,NA,NA,NA,2,"MR. PEDREGAL (MAJES)","DETALLADO","3. Transporte público",NA,"Puerta Puerta","Periurbano",NA,NA,NA,NA,NA,NA,NA,NA,NA,NA,NA,"1. Mapa con zona delimitada","Caminar cuadra en cuadra","Complete","-16.314576","-72.190760","",""
"383",386,NA,"2024-07-01 16:15:29","4","Los molles",1,41,2024-06-30,1,"07:56","08:00",2,"","08:10",NA,3,26,2,NA,NA,NA,NA,"",NA,NA,NA,NA,NA,NA,NA,"",NA,NA,NA,NA,NA,NA,NA,NA,NA,NA,NA,NA,NA,NA,NA,NA,NA,1,2,"",80,0,80,"13:26","",80,0,80,NA,NA,NA,NA,NA,NA,NA,NA,NA,NA,2,"MR. PEDREGAL (MAJES)","DETALLADO","2. Camioneta/Auto",NA,"Puerta Puerta","Periurbano",NA,NA,NA,NA,NA,NA,NA,NA,NA,NA,NA,"1. Mapa con zona delimitada","Caminar cuadra en cuadra","Complete","-16.376535","-72.205371","-16.409273","-72.239054"
"384",387,NA,"2024-07-01 16:17:49","4","D-2",2,42,2024-06-30,1,"07:50","08:30",2,"","09:00",NA,3,51,2,NA,NA,NA,NA,"",NA,NA,NA,NA,NA,NA,NA,"",NA,NA,NA,NA,NA,NA,NA,NA,NA,NA,NA,NA,NA,NA,NA,NA,NA,3,2,"",100,0,100,"14:40","N",100,0,100,NA,NA,NA,NA,NA,NA,NA,NA,NA,NA,2,"MR. PEDREGAL (MAJES)","DETALLADO","2. Camioneta/Auto",NA,"Puerta Puerta","Periurbano",NA,NA,NA,NA,NA,NA,NA,NA,NA,NA,NA,"3. indicacion verbal (reportar en whats app)","Caminar cuadra en cuadra","Complete","-16.394614","-72.214908","-16.400249","-72.224194"
"385",388,NA,"2024-07-01 16:19:25","4","de-4-3",3,43,2024-06-30,1,"07:30","08:00",2,"","08:10",NA,3,NA,2,NA,NA,NA,NA,"",NA,NA,NA,NA,NA,NA,NA,"",NA,NA,NA,NA,NA,NA,NA,NA,NA,NA,NA,NA,NA,NA,NA,NA,NA,3,2,"",111,0,111,"14:35","",111,0,111,NA,NA,NA,NA,NA,NA,NA,NA,NA,NA,2,"MR. PEDREGAL (MAJES)","DETALLADO","2. Camioneta/Auto",NA,"Puerta Puerta","Periurbano",NA,NA,NA,NA,NA,NA,NA,NA,NA,NA,NA,"3. indicacion verbal (reportar en whats app)","Caminar cuadra en cuadra","Complete","-16.414048","-72.246914","-16.408910","-72.199357"
"386",389,NA,"2024-07-01 16:21:10","4","e-1",4,44,2024-06-30,1,"08:20","08:40",2,"","08:50",NA,3,NA,2,NA,NA,NA,NA,"",NA,NA,NA,NA,NA,NA,NA,"",NA,NA,NA,NA,NA,NA,NA,NA,NA,NA,NA,NA,NA,NA,NA,NA,NA,2,2,"",36,0,36,"13:16","Me mordio un perro ",36,0,36,NA,NA,NA,NA,NA,NA,NA,NA,NA,NA,2,"MR. PEDREGAL (MAJES)","DETALLADO","2. Camioneta/Auto",NA,"Puerta Puerta","Periurbano",NA,NA,NA,NA,NA,NA,NA,NA,NA,NA,NA,"2. Mapa con recorrido de inicio a fin","Caminar cuadra en cuadra","Complete","-16.295748","-72.225388","",""
"387",390,NA,"2024-07-01 16:28:25","4","E-8",5,45,2024-06-30,1,"07:30","08:00",3,"","08:30",NA,3,29,2,NA,NA,NA,NA,"",NA,NA,NA,NA,NA,NA,NA,"",NA,NA,NA,NA,NA,NA,NA,NA,NA,NA,NA,NA,NA,NA,NA,NA,NA,3,2,"",57,0,57,"14:20","",57,0,57,NA,NA,NA,NA,NA,NA,NA,NA,NA,NA,2,"MR. PEDREGAL (MAJES)","DETALLADO","3. Transporte público",NA,"Puerta Puerta","Periurbano",NA,NA,NA,NA,NA,NA,NA,NA,NA,NA,NA,"3. indicacion verbal (reportar en whats app)","Caminar cuadra en cuadra","Complete","-16.323883","-72.202225","-16.305992","-72.151936"
"388",391,NA,"2024-07-01 16:30:45","4","Maca",6,46,2024-06-30,1,"07:30","08:00",2,"","08:30",NA,3,NA,2,NA,NA,NA,NA,"",NA,NA,NA,NA,NA,NA,NA,"",NA,NA,NA,NA,NA,NA,NA,NA,NA,NA,NA,NA,NA,NA,NA,NA,NA,3,2,"",79,0,79,"14:50","Faltaba hacer mas propaganda ",79,0,79,NA,NA,NA,NA,NA,NA,NA,NA,NA,NA,2,"MR. PEDREGAL (MAJES)","DETALLADO","2. Camioneta/Auto",NA,"Puerta Puerta","Periurbano",NA,NA,NA,NA,NA,NA,NA,NA,NA,NA,NA,"3. indicacion verbal (reportar en whats app)","Caminar cuadra en cuadra","Complete","-16.282755","-72.166103","",""
"389",392,NA,"2024-07-01 16:34:07","4","Sondor-estrella",7,47,2024-06-30,1,"07:50","08:00",2,"","08:40",NA,3,NA,2,NA,NA,NA,NA,"",NA,NA,NA,NA,NA,NA,NA,"",NA,NA,NA,NA,NA,NA,NA,NA,NA,NA,NA,NA,NA,NA,NA,NA,NA,2,2,"",99,0,99,"14:40","Es la primera vez que llegan las vacunas a esta localidad",99,0,99,NA,NA,NA,NA,NA,NA,NA,NA,NA,NA,2,"MR. PEDREGAL (MAJES)","DETALLADO","2. Camioneta/Auto",NA,"Puerta Puerta","Periurbano",NA,NA,NA,NA,NA,NA,NA,NA,NA,NA,NA,"2. Mapa con recorrido de inicio a fin","Caminar cuadra en cuadra","Complete","-16.263688","-72.174953","-16.277737","-72.177220"
"390",393,NA,"2024-07-01 16:36:06","4","D-5",8,48,2024-06-30,1,"07:40","08:41",2,"","08:52",NA,3,NA,2,NA,NA,NA,NA,"",NA,NA,NA,NA,NA,NA,NA,"",NA,NA,NA,NA,NA,NA,NA,NA,NA,NA,NA,NA,NA,NA,NA,NA,NA,3,2,"",87,0,87,"13:27","",87,0,87,NA,NA,NA,NA,NA,NA,NA,NA,NA,NA,2,"MR. PEDREGAL (MAJES)","DETALLADO","2. Camioneta/Auto",NA,"Puerta Puerta","Periurbano",NA,NA,NA,NA,NA,NA,NA,NA,NA,NA,NA,"3. indicacion verbal (reportar en whats app)","Caminar cuadra en cuadra","Complete","-16.407112","-72.247908","-16.405821","-72.181778"
"391",394,NA,"2024-07-06 15:37:22","2","Centro de salud de buenos aires",1,21,2024-07-06,1,"07:36","07:54",2,"","08:12",NA,3,76,1,NA,NA,NA,NA,"",NA,NA,NA,NA,NA,NA,NA,"",NA,NA,NA,NA,NA,NA,NA,NA,NA,NA,NA,NA,NA,NA,NA,NA,NA,2,1,"",49,19,68,"12:13","",49,19,68,NA,NA,NA,NA,NA,NA,NA,NA,NA,NA,2,"MR. BUENOS AIRES DE CAYMA","DETALLADO","2. Camioneta/Auto",NA,"Puerta Puerta","Urbano",NA,NA,NA,NA,NA,NA,NA,NA,NA,NA,NA,"2. Mapa con recorrido de inicio a fin","Tocar puerta por puerta","Complete","-16.335489","-71.545272","-16.337046","-71.546176"
"392",395,NA,"2024-07-06 15:39:52","2","Puesto de salud Dean valdivia",2,22,2024-07-06,1,"07:36","07:55",2,"","08:15",NA,3,79,1,NA,NA,NA,NA,"",NA,NA,NA,NA,NA,NA,NA,"",NA,NA,NA,NA,NA,NA,NA,NA,NA,NA,NA,NA,NA,NA,NA,NA,NA,3,1,"",34,10,44,"12:15","Sin megáfono",34,10,44,NA,NA,NA,NA,NA,NA,NA,NA,NA,NA,2,"MR. BUENOS AIRES DE CAYMA","DETALLADO","2. Camioneta/Auto",NA,"Puerta Puerta","Urbano",NA,NA,NA,NA,NA,NA,NA,NA,NA,NA,NA,"3. indicacion verbal (reportar en whats app)","Tocar puerta por puerta","Complete","-16.332737","-71.548849","-16.340088","-71.552719"
"393",396,NA,"2024-07-06 15:42:20","2","Sector 7",3,23,2024-07-06,1,"07:35","07:40",2,"","08:21",NA,3,15,1,NA,NA,NA,NA,"",NA,NA,NA,NA,NA,NA,NA,"",NA,NA,NA,NA,NA,NA,NA,NA,NA,NA,NA,NA,NA,NA,NA,NA,NA,2,2,"",38,11,49,"12:20","Horario corregido por Maria",38,11,49,NA,NA,NA,NA,NA,NA,NA,NA,NA,NA,2,"MR. BUENOS AIRES DE CAYMA","DETALLADO","2. Camioneta/Auto",NA,"Puerta Puerta","Urbano",NA,NA,NA,NA,NA,NA,NA,NA,NA,NA,NA,"2. Mapa con recorrido de inicio a fin","Caminar cuadra en cuadra","Complete","-16.329365","-71.545743","-16.330979","-71.546798"
"394",397,NA,"2024-07-06 15:44:04","2","Sector 6",4,24,2024-07-06,1,"07:30","08:10",2,"","08:45",NA,3,73,1,NA,NA,NA,NA,"",NA,NA,NA,NA,NA,NA,NA,"",NA,NA,NA,NA,NA,NA,NA,NA,NA,NA,NA,NA,NA,NA,NA,NA,NA,3,2,"",49,6,55,"12:00","",49,6,55,NA,NA,NA,NA,NA,NA,NA,NA,NA,NA,2,"MR. BUENOS AIRES DE CAYMA","DETALLADO","2. Camioneta/Auto",NA,"Puerta Puerta","Urbano",NA,NA,NA,NA,NA,NA,NA,NA,NA,NA,NA,"3. indicacion verbal (reportar en whats app)","Caminar cuadra en cuadra","Complete","-16.338352","-71.546768","-16.339025","-71.547151"
"395",398,NA,"2024-07-06 15:45:37","2","Sector 8",NA,NA,2024-07-06,1,"08:00","08:15",2,"","08:24",NA,3,70,1,NA,NA,NA,NA,"",NA,NA,NA,NA,NA,NA,NA,"",NA,NA,NA,NA,NA,NA,NA,NA,NA,NA,NA,NA,NA,NA,NA,NA,NA,3,1,"",41,9,50,"12:00","",41,9,50,NA,NA,NA,NA,NA,NA,NA,NA,NA,NA,2,"MR. BUENOS AIRES DE CAYMA","DETALLADO","2. Camioneta/Auto",NA,"Puerta Puerta","Urbano",NA,NA,NA,NA,NA,NA,NA,NA,NA,NA,NA,"3. indicacion verbal (reportar en whats app)","Tocar puerta por puerta","Complete","-16.332662","-71.543438","-16.333307","-71.544426"
"396",399,NA,"2024-07-06 15:47:18","2","Sector 9",6,26,2024-07-06,1,"07:40","07:52",2,"","08:26",NA,3,78,1,NA,NA,NA,NA,"",NA,NA,NA,NA,NA,NA,NA,"",NA,NA,NA,NA,NA,NA,NA,NA,NA,NA,NA,NA,NA,NA,NA,NA,NA,3,2,"",77,13,90,"12:30","",77,13,90,NA,NA,NA,NA,NA,NA,NA,NA,NA,NA,2,"MR. BUENOS AIRES DE CAYMA","DETALLADO","2. Camioneta/Auto",NA,"Puerta Puerta","Urbano",NA,NA,NA,NA,NA,NA,NA,NA,NA,NA,NA,"3. indicacion verbal (reportar en whats app)","Caminar cuadra en cuadra","Complete","-16.335232","-71.552212","",""
"397",400,NA,"2024-07-06 15:48:54","2","Sector 4",7,27,2024-07-06,1,"07:40","08:00",2,"","08:25",NA,3,29,1,NA,NA,NA,NA,"",NA,NA,NA,NA,NA,NA,NA,"",NA,NA,NA,NA,NA,NA,NA,NA,NA,NA,NA,NA,NA,NA,NA,NA,NA,1,2,"",19,4,23,"11:55","",19,4,23,NA,NA,NA,NA,NA,NA,NA,NA,NA,NA,2,"MR. BUENOS AIRES DE CAYMA","DETALLADO","2. Camioneta/Auto",NA,"Puerta Puerta","Urbano",NA,NA,NA,NA,NA,NA,NA,NA,NA,NA,NA,"1. Mapa con zona delimitada","Caminar cuadra en cuadra","Complete","-16.326900","-71.540641","-16.328736","-71.544029"
"398",401,NA,"2024-07-06 15:50:24","2","Sector 12",8,28,2024-07-06,1,"07:40","08:10",2,"","08:32",NA,3,77,1,NA,NA,NA,NA,"",NA,NA,NA,NA,NA,NA,NA,"",NA,NA,NA,NA,NA,NA,NA,NA,NA,NA,NA,NA,NA,NA,NA,NA,NA,3,2,"",44,6,50,"12:30","",44,6,50,NA,NA,NA,NA,NA,NA,NA,NA,NA,NA,2,"MR. BUENOS AIRES DE CAYMA","DETALLADO","2. Camioneta/Auto",NA,"Puerta Puerta","Urbano",NA,NA,NA,NA,NA,NA,NA,NA,NA,NA,NA,"3. indicacion verbal (reportar en whats app)","Caminar cuadra en cuadra","Complete","-16.325570","-71.543009","-16.329606","-71.544506"
"399",402,NA,"2024-07-06 15:52:00","2","Sector 13",9,29,2024-07-06,1,"07:40","08:20",2,"","08:28",NA,3,72,1,NA,NA,NA,NA,"",NA,NA,NA,NA,NA,NA,NA,"",NA,NA,NA,NA,NA,NA,NA,NA,NA,NA,NA,NA,NA,NA,NA,NA,NA,3,2,"",58,3,61,"12:00","",58,3,61,NA,NA,NA,NA,NA,NA,NA,NA,NA,NA,2,"MR. BUENOS AIRES DE CAYMA","DETALLADO","2. Camioneta/Auto",NA,"Puerta Puerta","Urbano",NA,NA,NA,NA,NA,NA,NA,NA,NA,NA,NA,"3. indicacion verbal (reportar en whats app)","Caminar cuadra en cuadra","Complete","-16.327047","-71.540584","-16.329284","-71.546652"
"400",403,NA,"2024-07-06 15:55:01","2","Sector 9",10,210,2024-07-06,1,"07:40","08:00",2,"","08:20",NA,3,74,1,NA,NA,NA,NA,"",NA,NA,NA,NA,NA,NA,NA,"",NA,NA,NA,NA,NA,NA,NA,NA,NA,NA,NA,NA,NA,NA,NA,NA,NA,3,1,"",19,4,23,"12:10","Nos cambiaron de punto de vacunacin por invadir la zona de otro centro de salud",19,4,23,NA,NA,NA,NA,NA,NA,NA,NA,NA,NA,2,"MR. BUENOS AIRES DE CAYMA","DETALLADO","2. Camioneta/Auto",NA,"Puerta Puerta","Urbano",NA,NA,NA,NA,NA,NA,NA,NA,NA,NA,NA,"3. indicacion verbal (reportar en whats app)","Tocar puerta por puerta","Complete","-16.337604","-71.544521","-16.330158","-71.542762"
"401",404,NA,"2024-07-06 15:57:11","2","Sector 10",11,211,2024-07-06,1,"08:20","08:45",2,"","09:00",NA,3,80,1,NA,NA,NA,NA,"",NA,NA,NA,NA,NA,NA,NA,"",NA,NA,NA,NA,NA,NA,NA,NA,NA,NA,NA,NA,NA,NA,NA,NA,NA,1,2,"",30,0,30,"12:30","Horario corregido por Maria",30,0,30,NA,NA,NA,NA,NA,NA,NA,NA,NA,NA,2,"MR. BUENOS AIRES DE CAYMA","DETALLADO","2. Camioneta/Auto",NA,"Puerta Puerta","Urbano",NA,NA,NA,NA,NA,NA,NA,NA,NA,NA,NA,"1. Mapa con zona delimitada","Caminar cuadra en cuadra","Complete","-16.331662","-71.547125","",""
"402",405,NA,"2024-07-06 15:58:31","2","Santa rosa de lima",12,212,2024-07-06,2,"","",NA,"","",2,3,NA,NA,NA,NA,NA,NA,"",NA,NA,NA,NA,NA,NA,NA,"",NA,NA,NA,NA,NA,NA,NA,NA,NA,NA,NA,NA,NA,NA,NA,NA,NA,NA,NA,"",11,2,13,"","",11,2,13,NA,NA,NA,NA,NA,NA,NA,NA,NA,NA,2,"MR. BUENOS AIRES DE CAYMA","CORTO",NA,"No","Puerta Puerta",NA,NA,NA,NA,NA,NA,NA,NA,NA,NA,NA,NA,NA,NA,"Complete","-16.333383","-71.547633","",""
"403",406,NA,"2024-07-06 16:10:35","1","Av. Ramon castilla acequia alta",1,11,2024-07-06,1,"07:31","07:41",1,"","08:00",NA,3,21,1,NA,NA,NA,NA,"",NA,NA,NA,NA,NA,NA,NA,"",NA,NA,NA,NA,NA,NA,NA,NA,NA,NA,NA,NA,NA,NA,NA,NA,NA,2,2,"",46,0,46,"13:13","",46,0,46,NA,NA,NA,NA,NA,NA,NA,NA,NA,NA,2,"MR. FRANCISCO BOLOGNESI","DETALLADO","1, Bus",NA,"Puerta Puerta","Urbano",NA,NA,NA,NA,NA,NA,NA,NA,NA,NA,NA,"2. Mapa con recorrido de inicio a fin","Caminar cuadra en cuadra","Complete","-16.360885","-71.543985","-16.361360","-71.543241"
"404",407,NA,"2024-07-06 16:12:07","1","Iglesia de francisco bolognesi",2,12,2024-07-06,1,"07:31","07:41",1,"","07:44",NA,3,38,1,NA,NA,NA,NA,"",NA,NA,NA,NA,NA,NA,NA,"",NA,NA,NA,NA,NA,NA,NA,NA,NA,NA,NA,NA,NA,NA,NA,NA,NA,1,1,"",55,5,60,"13:27","",55,5,60,NA,NA,NA,NA,NA,NA,NA,NA,NA,NA,2,"MR. FRANCISCO BOLOGNESI","DETALLADO","1, Bus",NA,"Puerta Puerta","Urbano",NA,NA,NA,NA,NA,NA,NA,NA,NA,NA,NA,"1. Mapa con zona delimitada","Tocar puerta por puerta","Complete","-16.354482","-71.541282","-16.356641","-71.542330"
"405",408,NA,"2024-07-06 16:14:08","1","Curva de los tucos",3,13,2024-07-06,1,"07:30","07:41",1,"","07:53",NA,3,39,2,NA,NA,NA,NA,"",NA,NA,NA,NA,NA,NA,NA,"",NA,NA,NA,NA,NA,NA,NA,NA,NA,NA,NA,NA,NA,NA,NA,NA,NA,2,1,"",48,28,76,"13:10","",48,28,76,NA,NA,NA,NA,NA,NA,NA,NA,NA,NA,2,"MR. FRANCISCO BOLOGNESI","DETALLADO","1, Bus",NA,"Puerta Puerta","Periurbano",NA,NA,NA,NA,NA,NA,NA,NA,NA,NA,NA,"2. Mapa con recorrido de inicio a fin","Tocar puerta por puerta","Complete","-16.358872","-71.548240","-16.361123","-71.547460"
"406",409,NA,"2024-07-06 16:16:29","1","Calle simon bolivar",4,14,2024-07-06,1,"07:32","07:41",1,"","08:00",NA,3,12,1,NA,NA,NA,NA,"",NA,NA,NA,NA,NA,NA,NA,"",NA,NA,NA,NA,NA,NA,NA,NA,NA,NA,NA,NA,NA,NA,NA,NA,NA,2,2,"",106,29,135,"13:15","",106,29,135,NA,NA,NA,NA,NA,NA,NA,NA,NA,NA,2,"MR. FRANCISCO BOLOGNESI","DETALLADO","1, Bus",NA,"Puerta Puerta","Urbano",NA,NA,NA,NA,NA,NA,NA,NA,NA,NA,NA,"2. Mapa con recorrido de inicio a fin","Caminar cuadra en cuadra","Complete","-16.355343","-71.547043","-16.355457","-71.546405"
"407",410,NA,"2024-07-06 16:18:26","1","Chachani con 20 de abril",5,15,2024-07-06,1,"08:10","08:20",1,"","08:25",NA,3,1,1,NA,NA,NA,NA,"",NA,NA,NA,NA,NA,NA,NA,"",NA,NA,NA,NA,NA,NA,NA,NA,NA,NA,NA,NA,NA,NA,NA,NA,NA,2,2,"",68,19,87,"14:09","",68,19,87,NA,NA,NA,NA,NA,NA,NA,NA,NA,NA,2,"MR. FRANCISCO BOLOGNESI","DETALLADO","1, Bus",NA,"Puerta Puerta","Urbano",NA,NA,NA,NA,NA,NA,NA,NA,NA,NA,NA,"2. Mapa con recorrido de inicio a fin","Caminar cuadra en cuadra","Complete","-16.354193","-71.542999
","-16.354521","-71.545189"
"408",411,NA,"2024-07-06 16:19:50","1","Calle juan velasco alvarado",6,16,2024-07-06,1,"07:41","08:12",1,"","08:18",NA,3,27,1,NA,NA,NA,NA,"",NA,NA,NA,NA,NA,NA,NA,"",NA,NA,NA,NA,NA,NA,NA,NA,NA,NA,NA,NA,NA,NA,NA,NA,NA,2,1,"",38,13,51,"13:18","",38,13,51,NA,NA,NA,NA,NA,NA,NA,NA,NA,NA,2,"MR. FRANCISCO BOLOGNESI","DETALLADO","1, Bus",NA,"Puerta Puerta","Urbano",NA,NA,NA,NA,NA,NA,NA,NA,NA,NA,NA,"2. Mapa con recorrido de inicio a fin","Tocar puerta por puerta","Complete","-16.354114","-71.545769","-16.351399","-71.544266"
"409",412,NA,"2024-07-06 16:21:22","1","Estadio francisco bolognesi",7,17,2024-07-06,1,"07:50","08:12",1,"","08:25",NA,3,14,1,NA,NA,NA,NA,"",NA,NA,NA,NA,NA,NA,NA,"",NA,NA,NA,NA,NA,NA,NA,NA,NA,NA,NA,NA,NA,NA,NA,NA,NA,1,1,"",57,4,61,"13:50","",57,4,61,NA,NA,NA,NA,NA,NA,NA,NA,NA,NA,2,"MR. FRANCISCO BOLOGNESI","DETALLADO","1, Bus",NA,"Puerta Puerta","Urbano",NA,NA,NA,NA,NA,NA,NA,NA,NA,NA,NA,"1. Mapa con zona delimitada","Tocar puerta por puerta","Complete","-16.344580","-71.542702","-16.348561","-71.541882"
"410",413,NA,"2024-07-06 16:24:23","1","Jorge chavez con jose olaya",8,18,2024-07-06,1,"07:45","08:07",1,"","08:30",NA,3,24,1,NA,NA,NA,NA,"",NA,NA,NA,NA,NA,NA,NA,"",NA,NA,NA,NA,NA,NA,NA,NA,NA,NA,NA,NA,NA,NA,NA,NA,NA,2,2,"",34,32,66,"13:30","",34,32,66,NA,NA,NA,NA,NA,NA,NA,NA,NA,NA,2,"MR. FRANCISCO BOLOGNESI","DETALLADO","1, Bus",NA,"Puerta Puerta","Urbano",NA,NA,NA,NA,NA,NA,NA,NA,NA,NA,NA,"2. Mapa con recorrido de inicio a fin","Caminar cuadra en cuadra","Complete","-16.343718","-71.546618","-16.342699","-71.542362"
"411",414,NA,"2024-07-06 16:26:05","1","Cementerio francisco bolognesi",9,19,2024-07-06,1,"07:40","08:12",1,"","08:30",NA,3,28,1,NA,NA,NA,NA,"",NA,NA,NA,NA,NA,NA,NA,"",NA,NA,NA,NA,NA,NA,NA,NA,NA,NA,NA,NA,NA,NA,NA,NA,NA,2,2,"",20,4,24,"13:11","",20,4,24,NA,NA,NA,NA,NA,NA,NA,NA,NA,NA,2,"MR. FRANCISCO BOLOGNESI","DETALLADO","1, Bus",NA,"Puerta Puerta","Urbano",NA,NA,NA,NA,NA,NA,NA,NA,NA,NA,NA,"2. Mapa con recorrido de inicio a fin","Caminar cuadra en cuadra","Complete","-16.337318","-71.541582","-16.340533","-71.541015"
"412",415,NA,"2024-07-06 16:27:04","1","Av. rafael belaunde",10,110,2024-07-06,2,"","",NA,"","",2,3,NA,NA,NA,NA,NA,NA,"",NA,NA,NA,NA,NA,NA,NA,"",NA,NA,NA,NA,NA,NA,NA,NA,NA,NA,NA,NA,NA,NA,NA,NA,NA,NA,NA,"",59,1,60,"","",59,1,60,NA,NA,NA,NA,NA,NA,NA,NA,NA,NA,2,"MR. FRANCISCO BOLOGNESI","CORTO",NA,"No","Puerta Puerta",NA,NA,NA,NA,NA,NA,NA,NA,NA,NA,NA,NA,NA,NA,"Complete","-16.337548","-71.544513","",""
"413",416,NA,"2024-07-06 16:28:09","1","Av charcani de primero de junio",11,111,2024-07-06,2,"","",NA,"","",2,3,NA,NA,NA,NA,NA,NA,"",NA,NA,NA,NA,NA,NA,NA,"",NA,NA,NA,NA,NA,NA,NA,NA,NA,NA,NA,NA,NA,NA,NA,NA,NA,NA,NA,"",28,4,32,"","",28,4,32,NA,NA,NA,NA,NA,NA,NA,NA,NA,NA,2,"MR. FRANCISCO BOLOGNESI","CORTO",NA,"No","Puerta Puerta",NA,NA,NA,NA,NA,NA,NA,NA,NA,NA,NA,NA,NA,NA,"Complete","-16.327221","-71.535551","-16.329007","-71.538103"
"414",417,NA,"2024-07-06 17:05:57","14","Parque 15 de enero",1,141,2024-07-06,1,"08:06","08:30",2,"","09:10",NA,1,NA,NA,35,2,1,1,"11:30",2,NA,NA,12,8,2,NA,"",NA,NA,NA,NA,NA,NA,NA,NA,NA,NA,NA,NA,NA,NA,NA,NA,NA,NA,NA,"",NA,NA,NA,"14:10","No nos recogieron",47,10,57,NA,NA,NA,NA,NA,NA,NA,NA,NA,NA,2,"MR. 15 DE AGOSTO","DETALLADO","2. Camioneta/Auto",NA,"Punto fijo",NA,"SI","Microred","Cambiamos a Punto movil","NO",NA,NA,NA,NA,NA,NA,NA,NA,NA,"Complete","-16.412680","-71.511101","-16.414986","-71.507507"
"415",418,NA,"2024-07-06 17:08:55","14","Iglesia francisco mostajo",2,142,2024-07-06,1,"08:00","08:55",NA,"","09:04",NA,1,NA,NA,41,5,2,NA,"",NA,NA,NA,NA,NA,NA,NA,"",NA,NA,NA,NA,NA,NA,NA,NA,NA,NA,NA,NA,NA,NA,NA,NA,NA,NA,NA,"",NA,NA,NA,"13:45","",41,5,46,NA,NA,NA,NA,NA,NA,NA,NA,NA,NA,2,"MR. 15 DE AGOSTO","DETALLADO",NA,NA,"Punto fijo",NA,"NO",NA,NA,NA,NA,NA,NA,NA,NA,NA,NA,NA,NA,"Complete","-16.411055","-71.509537","-16.411034","-71.509529"
"416",419,NA,"2024-07-06 17:12:10","14","Av. chicago con aqp",3,143,2024-07-06,1,"08:06","08:30",2,"","09:10",NA,1,35,NA,50,1,2,NA,"",NA,NA,NA,NA,NA,NA,NA,"",NA,NA,NA,NA,NA,NA,NA,NA,NA,NA,NA,NA,NA,NA,NA,NA,NA,NA,NA,"",NA,NA,NA,"13:20","La zona que nos toco ea puro talleres",50,1,51,NA,NA,NA,NA,NA,NA,NA,NA,NA,NA,2,"MR. 15 DE AGOSTO","DETALLADO","2. Camioneta/Auto",NA,"Punto fijo",NA,"NO",NA,NA,NA,NA,NA,NA,NA,NA,NA,NA,NA,NA,"Complete","-16.412706","-71.506836","",""
"417",420,NA,"2024-07-06 17:13:52","14","Parque Carlos Mark",4,144,2024-07-06,1,"08:09","09:05",NA,"","09:22",NA,1,NA,NA,60,0,2,NA,"",NA,NA,NA,NA,NA,NA,NA,"",NA,NA,NA,NA,NA,NA,NA,NA,NA,NA,NA,NA,NA,NA,NA,NA,NA,NA,NA,"",NA,NA,NA,"13:25","",60,0,60,NA,NA,NA,NA,NA,NA,NA,NA,NA,NA,2,"MR. 15 DE AGOSTO","DETALLADO",NA,NA,"Punto fijo",NA,"NO",NA,NA,NA,NA,NA,NA,NA,NA,NA,NA,NA,NA,"Complete","-16.416396","-71.505536","-16.416398","-71.505547"
"418",421,NA,"2024-07-06 17:19:19","14","Tupac amru con jose olaya",5,145,2024-07-06,1,"08:00","08:30",2,"","09:30",NA,1,20,NA,15,1,1,1,"11:20",2,NA,NA,51,3,2,NA,"",NA,NA,NA,NA,NA,NA,NA,NA,NA,NA,NA,NA,NA,NA,NA,NA,NA,NA,NA,"",NA,NA,NA,"14:00","Me mordio un perro",66,4,70,NA,NA,NA,NA,NA,NA,NA,NA,NA,NA,2,"MR. 15 DE AGOSTO","DETALLADO","2. Camioneta/Auto",NA,"Punto fijo",NA,"SI","Microred","Cambiamos a Punto movil","NO",NA,NA,NA,NA,NA,NA,NA,NA,NA,"Complete","-16.414415","-71.503909","",""
"419",422,NA,"2024-07-06 17:38:40","14","Parque 7 ensayos jose c mariategui",6,146,2024-07-06,1,"08:30","09:00",1,"","09:18",NA,1,NA,NA,91,3,2,NA,"",NA,NA,NA,NA,NA,NA,NA,"",NA,NA,NA,NA,NA,NA,NA,NA,NA,NA,NA,NA,NA,NA,NA,NA,NA,NA,NA,"",NA,NA,NA,"13:46","",91,3,94,NA,NA,NA,NA,NA,NA,NA,NA,NA,NA,2,"MR. 15 DE AGOSTO","DETALLADO","1, Bus",NA,"Punto fijo",NA,"NO",NA,NA,NA,NA,NA,NA,NA,NA,NA,NA,NA,NA,"Complete","-16.416254","-71.502022","-16.415585","-71.502129"
"420",423,NA,"2024-07-06 17:40:29","14","Parque manco capac",7,147,2024-07-06,1,"07:50","08:45",2,"","09:15",NA,1,16,NA,0,0,1,3,"09:50",2,NA,NA,56,8,2,NA,"",NA,NA,NA,NA,NA,NA,NA,NA,NA,NA,NA,NA,NA,NA,NA,NA,NA,NA,NA,"",NA,NA,NA,"14:00","",56,8,64,NA,NA,NA,NA,NA,NA,NA,NA,NA,NA,2,"MR. 15 DE AGOSTO","DETALLADO","2. Camioneta/Auto",NA,"Punto fijo",NA,"SI","Yo mismo","Cambiamos a Punto movil","NO",NA,NA,NA,NA,NA,NA,NA,NA,NA,"Complete","-16.418164","-71.502356","-16.417343","-71.499544"
"421",424,NA,"2024-07-06 17:42:16","14","Iglesia urb california",8,148,2024-07-06,1,"08:00","09:20",2,"","09:30",NA,1,NA,NA,62,1,2,NA,"",NA,NA,NA,NA,NA,NA,NA,"",NA,NA,NA,NA,NA,NA,NA,NA,NA,NA,NA,NA,NA,NA,NA,NA,NA,NA,NA,"",NA,NA,NA,"13:40","",62,1,63,NA,NA,NA,NA,NA,NA,NA,NA,NA,NA,2,"MR. 15 DE AGOSTO","DETALLADO","2. Camioneta/Auto",NA,"Punto fijo",NA,"NO",NA,NA,NA,NA,NA,NA,NA,NA,NA,NA,NA,NA,"Complete","-16.419232","-71.497340","",""
"422",425,NA,"2024-07-06 17:44:39","14","Iglesia urb villa porongoche",9,149,2024-07-06,1,"08:21","08:47",2,"","09:24",NA,1,NA,NA,52,11,2,NA,"",NA,NA,NA,NA,NA,NA,NA,"",NA,NA,NA,NA,NA,NA,NA,NA,NA,NA,NA,NA,NA,NA,NA,NA,NA,NA,NA,"",NA,NA,NA,"13:58","",52,11,63,NA,NA,NA,NA,NA,NA,NA,NA,NA,NA,2,"MR. 15 DE AGOSTO","DETALLADO","2. Camioneta/Auto",NA,"Punto fijo",NA,"NO",NA,NA,NA,NA,NA,NA,NA,NA,NA,NA,NA,NA,"Complete","-16.417213","-71.497051","-16.416586","-71.497338"
"423",426,NA,"2024-07-06 17:47:17","14","Parque jirafa",10,1410,2024-07-06,1,"08:00","08:40",1,"","09:15",NA,1,NA,NA,59,1,2,NA,"",NA,NA,NA,NA,NA,NA,NA,"",NA,NA,NA,NA,NA,NA,NA,NA,NA,NA,NA,NA,NA,NA,NA,NA,NA,NA,NA,"",NA,NA,NA,"13:35","",59,1,60,NA,NA,NA,NA,NA,NA,NA,NA,NA,NA,2,"MR. 15 DE AGOSTO","DETALLADO","1, Bus",NA,"Punto fijo",NA,"NO",NA,NA,NA,NA,NA,NA,NA,NA,NA,NA,NA,NA,"Complete","-16.417088","-71.498238","-16.412334","-71.503615"
"424",427,NA,"2024-07-06 17:48:18","14","Mercado 15 de agosto",11,1411,2024-07-06,2,"","",NA,"","",2,1,NA,NA,27,6,NA,NA,"",NA,NA,NA,NA,NA,NA,NA,"",NA,NA,NA,NA,NA,NA,NA,NA,NA,NA,NA,NA,NA,NA,NA,NA,NA,NA,NA,"",NA,NA,NA,"","",27,6,33,NA,NA,NA,NA,NA,NA,NA,NA,NA,NA,2,"MR. 15 DE AGOSTO","CORTO",NA,"No","Punto fijo",NA,NA,NA,NA,NA,NA,NA,NA,NA,NA,NA,NA,NA,NA,"Complete","-16.409426","-71.501837","",""
"425",428,NA,"2024-07-06 17:49:22","14","Roma los alpes",12,1412,2024-07-06,2,"","",NA,"","",2,1,NA,NA,82,18,NA,NA,"",NA,NA,NA,NA,NA,NA,NA,"",NA,NA,NA,NA,NA,NA,NA,NA,NA,NA,NA,NA,NA,NA,NA,NA,NA,NA,NA,"",NA,NA,NA,"","",82,18,100,NA,NA,NA,NA,NA,NA,NA,NA,NA,NA,2,"MR. 15 DE AGOSTO","CORTO",NA,"No","Punto fijo",NA,NA,NA,NA,NA,NA,NA,NA,NA,NA,NA,NA,NA,NA,"Complete","-16.415170","-71.494392","",""
"426",429,NA,"2024-07-06 17:50:15","14","Calle cusco",14,1414,2024-07-06,2,"","",NA,"","",2,1,NA,NA,162,8,NA,NA,"",NA,NA,NA,NA,NA,NA,NA,"",NA,NA,NA,NA,NA,NA,NA,NA,NA,NA,NA,NA,NA,NA,NA,NA,NA,NA,NA,"",NA,NA,NA,"","",162,8,170,NA,NA,NA,NA,NA,NA,NA,NA,NA,NA,2,"MR. 15 DE AGOSTO","CORTO",NA,"No","Punto fijo",NA,NA,NA,NA,NA,NA,NA,NA,NA,NA,NA,NA,NA,NA,"Complete","-16.415497","-71.496194","",""
"427",430,NA,"2024-07-06 17:51:15","14","Jorge chavez",15,1415,2024-07-06,2,"","",NA,"","",2,1,NA,NA,66,5,NA,NA,"",NA,NA,NA,NA,NA,NA,NA,"",NA,NA,NA,NA,NA,NA,NA,NA,NA,NA,NA,NA,NA,NA,NA,NA,NA,NA,NA,"",NA,NA,NA,"","",66,5,71,NA,NA,NA,NA,NA,NA,NA,NA,NA,NA,2,"MR. 15 DE AGOSTO","CORTO",NA,"No","Punto fijo",NA,NA,NA,NA,NA,NA,NA,NA,NA,NA,NA,NA,NA,NA,"Complete","-16.412109","-71.496616","",""
"428",431,NA,"2024-07-06 17:52:18","14","Mercado morro de arica",16,1416,2024-07-06,2,"","",NA,"","",2,1,NA,NA,95,9,NA,NA,"",NA,NA,NA,NA,NA,NA,NA,"",NA,NA,NA,NA,NA,NA,NA,NA,NA,NA,NA,NA,NA,NA,NA,NA,NA,NA,NA,"",NA,NA,NA,"","",95,9,104,NA,NA,NA,NA,NA,NA,NA,NA,NA,NA,2,"MR. 15 DE AGOSTO","CORTO",NA,"No","Punto fijo",NA,NA,NA,NA,NA,NA,NA,NA,NA,NA,NA,NA,NA,NA,"Complete","-16.411795","-71.493208","-16.411756","-71.493063"
"429",432,NA,"2024-07-06 17:53:32","14","Caseta seal jorge chavez",17,1417,2024-07-06,2,"","",NA,"","",2,1,NA,NA,73,7,NA,NA,"",NA,NA,NA,NA,NA,NA,NA,"",NA,NA,NA,NA,NA,NA,NA,NA,NA,NA,NA,NA,NA,NA,NA,NA,NA,NA,NA,"",NA,NA,NA,"","",73,7,80,NA,NA,NA,NA,NA,NA,NA,NA,NA,NA,2,"MR. 15 DE AGOSTO","CORTO",NA,"No","Punto fijo",NA,NA,NA,NA,NA,NA,NA,NA,NA,NA,NA,NA,NA,NA,"Complete","-16.408764","-71.497213","",""
"430",433,NA,"2024-07-06 17:54:34","14","Heroes de angamos",19,1419,2024-07-06,2,"","",NA,"","",2,1,NA,NA,75,0,NA,NA,"",NA,NA,NA,NA,NA,NA,NA,"",NA,NA,NA,NA,NA,NA,NA,NA,NA,NA,NA,NA,NA,NA,NA,NA,NA,NA,NA,"",NA,NA,NA,"","",75,0,75,NA,NA,NA,NA,NA,NA,NA,NA,NA,NA,2,"MR. 15 DE AGOSTO","CORTO",NA,"No","Punto fijo",NA,NA,NA,NA,NA,NA,NA,NA,NA,NA,NA,NA,NA,NA,"Complete","-16.407173","-71.497538","-16.410462","-71.502703"
"431",434,NA,"2024-07-06 17:56:12","14","Av el sol con alcides carrion",20,1420,2024-07-06,1,"08:20","08:55",NA,"","09:20",NA,2,33,NA,NA,NA,NA,NA,"",NA,NA,NA,NA,NA,NA,NA,"",NA,NA,NA,NA,NA,NA,NA,NA,NA,NA,NA,NA,NA,3,2,79,6,NA,NA,"",NA,NA,NA,"13:46","",79,6,85,NA,NA,NA,NA,NA,NA,NA,NA,NA,NA,2,"MR. 15 DE AGOSTO","DETALLADO",NA,NA,"Punto movil",NA,NA,NA,NA,NA,NA,NA,NA,NA,NA,"indicacion verbal (reportar en whats app)","NO",NA,NA,"Complete","-16.410519","-71.502895","-16.411482","-71.502849"
"432",435,NA,"2024-07-06 17:57:17","14","Iglesia progresista",21,1421,2024-07-06,2,"","",NA,"","",2,1,NA,NA,80,10,NA,NA,"",NA,NA,NA,NA,NA,NA,NA,"",NA,NA,NA,NA,NA,NA,NA,NA,NA,NA,NA,NA,NA,NA,NA,NA,NA,NA,NA,"",NA,NA,NA,"","",80,10,90,NA,NA,NA,NA,NA,NA,NA,NA,NA,NA,2,"MR. 15 DE AGOSTO","CORTO",NA,"No","Punto fijo",NA,NA,NA,NA,NA,NA,NA,NA,NA,NA,NA,NA,NA,NA,"Complete","-16.412233","-71.504124","",""
"433",436,NA,"2024-07-06 17:58:27","14","Frente al mercado alto porongoche",22,1422,2024-07-06,2,"","",NA,"","",2,1,NA,NA,38,3,NA,NA,"",NA,NA,NA,NA,NA,NA,NA,"",NA,NA,NA,NA,NA,NA,NA,NA,NA,NA,NA,NA,NA,NA,NA,NA,NA,NA,NA,"",NA,NA,NA,"","",38,3,41,NA,NA,NA,NA,NA,NA,NA,NA,NA,NA,2,"MR. 15 DE AGOSTO","CORTO",NA,"No","Punto fijo",NA,NA,NA,NA,NA,NA,NA,NA,NA,NA,NA,NA,NA,NA,"Complete","-16.419125","-71.501793","-16.418117","-71.499453"
"434",437,NA,"2024-07-06 18:39:54","18","Av. aviacion campo verde",1,181,2024-07-06,1,"08:30","08:43",1,"","08:57",NA,1,NA,NA,0,0,1,1,"09:00",2,NA,NA,23,0,2,NA,"",NA,NA,NA,NA,NA,NA,NA,NA,NA,NA,NA,NA,NA,NA,NA,NA,NA,NA,NA,"",NA,NA,NA,"12:00","Identidad privada vacunaba entregando carnet del minsa",23,0,23,NA,NA,NA,NA,NA,NA,NA,NA,NA,NA,2,"MR. CERRO COLORADO","DETALLADO","1, Bus",NA,"Punto fijo",NA,"SI","Microred","Cambiamos a Punto movil","NO",NA,NA,NA,NA,NA,NA,NA,NA,NA,"Complete","-16.361051","-71.561854","",""
"435",438,NA,"2024-07-06 18:42:18","18","Urb. cortijoarqueria",2,182,2024-07-06,1,"08:25","08:30",1,"","08:50",NA,1,NA,NA,0,0,1,1,"08:50",2,NA,NA,28,2,2,NA,"",NA,NA,NA,NA,NA,NA,NA,NA,NA,NA,NA,NA,NA,NA,NA,NA,NA,NA,NA,"",NA,NA,NA,"13:16","",28,2,30,NA,NA,NA,NA,NA,NA,NA,NA,NA,NA,2,"MR. CERRO COLORADO","DETALLADO","1, Bus",NA,"Punto fijo",NA,"SI","Microred","Cambiamos a Punto movil","NO",NA,NA,NA,NA,NA,NA,NA,NA,NA,"Complete","-16.360820","-71.561963","-16.362893","-71.559209"
"436",439,NA,"2024-07-06 18:45:40","18","Av. aviacion",3,183,2024-07-06,1,"08:32","08:50",1,"","09:05",NA,1,NA,NA,0,0,1,1,"09:05",2,NA,NA,46,0,2,NA,"",NA,NA,NA,NA,NA,NA,NA,NA,NA,NA,NA,NA,NA,NA,NA,NA,NA,NA,NA,"",NA,NA,NA,"13:50","",46,0,46,NA,NA,NA,NA,NA,NA,NA,NA,NA,NA,2,"MR. CERRO COLORADO","DETALLADO","1, Bus",NA,"Punto fijo",NA,"SI","Microred","Cambiamos a Punto movil","NO",NA,NA,NA,NA,NA,NA,NA,NA,NA,"Complete","-16.368498","-71.554476","-16.373294","-71.554.209"
"437",440,NA,"2024-07-06 18:47:59","18","Veracruz vista alegre",4,184,2024-07-06,1,"08:50","09:05",1,"","09:30",NA,1,NA,NA,10,2,1,3,"10:15",2,NA,NA,36,2,2,NA,"",NA,NA,NA,NA,NA,NA,NA,NA,NA,NA,NA,NA,NA,NA,NA,NA,NA,NA,NA,"",NA,NA,NA,"12:00","",46,4,50,NA,NA,NA,NA,NA,NA,NA,NA,NA,NA,2,"MR. CERRO COLORADO","DETALLADO","1, Bus",NA,"Punto fijo",NA,"SI","Yo mismo","Cambiamos a Punto movil","NO",NA,NA,NA,NA,NA,NA,NA,NA,NA,"Complete","-16.369087","-71.566361","-16.369993","-71.566368"
"438",441,NA,"2024-07-06 18:49:51","18","Parque la libertad",5,185,2024-07-06,1,"08:50","09:05",1,"","09:26",NA,1,NA,NA,30,3,2,NA,"",NA,NA,NA,NA,NA,NA,NA,"",NA,NA,NA,NA,NA,NA,NA,NA,NA,NA,NA,NA,NA,NA,NA,NA,NA,NA,NA,"",NA,NA,NA,"13:00","",30,3,33,NA,NA,NA,NA,NA,NA,NA,NA,NA,NA,2,"MR. CERRO COLORADO","DETALLADO","1, Bus",NA,"Punto fijo",NA,"NO",NA,NA,NA,NA,NA,NA,NA,NA,NA,NA,NA,NA,"Complete","-16.376178","-71.560887","",""
"439",442,NA,"2024-07-06 18:51:50","18","Calle 28 de julio",6,186,2024-07-06,1,"08:47","08:50",1,"","09:00",NA,1,NA,NA,0,0,1,1,"09:00",2,NA,NA,47,10,2,NA,"",NA,NA,NA,NA,NA,NA,NA,NA,NA,NA,NA,NA,NA,NA,NA,NA,NA,NA,NA,"",NA,NA,NA,"13:00","Siempre fui punto movil",47,10,57,NA,NA,NA,NA,NA,NA,NA,NA,NA,NA,2,"MR. CERRO COLORADO","DETALLADO","1, Bus",NA,"Punto fijo",NA,"SI","Microred","Cambiamos a Punto movil","NO",NA,NA,NA,NA,NA,NA,NA,NA,NA,"Complete","-16.376913","-71.558704","-16.375355","-71.561493"
"440",443,NA,"2024-07-06 18:53:02","18","Cerro colorado",8,188,2024-07-06,2,"","",NA,"","",2,1,NA,NA,20,3,NA,NA,"",NA,NA,NA,NA,NA,NA,NA,"",NA,NA,NA,NA,NA,NA,NA,NA,NA,NA,NA,NA,NA,NA,NA,NA,NA,NA,NA,"",NA,NA,NA,"","",20,3,23,NA,NA,NA,NA,NA,NA,NA,NA,NA,NA,2,"MR. CERRO COLORADO","CORTO",NA,"No","Punto fijo",NA,NA,NA,NA,NA,NA,NA,NA,NA,NA,NA,NA,NA,NA,"Complete","-16.383063","-71.557332","-16.387144","-71.556541"
"441",444,NA,"2024-07-06 18:55:48","18","",10,1810,2024-07-06,2,"","",NA,"","",2,1,NA,NA,45,4,NA,NA,"",NA,NA,NA,NA,NA,NA,NA,"",NA,NA,NA,NA,NA,NA,NA,NA,NA,NA,NA,NA,NA,NA,NA,NA,NA,NA,NA,"",NA,NA,NA,"","",45,4,49,NA,NA,NA,NA,NA,NA,NA,NA,NA,NA,2,"MR. CERRO COLORADO","CORTO",NA,"No","Punto fijo",NA,NA,NA,NA,NA,NA,NA,NA,NA,NA,NA,NA,NA,NA,"Complete","-16.371460","-71.556917","-16.372794","-71.557774"
"442",445,NA,"2024-07-06 18:57:04","18","Teresa de jesus",11,1811,2024-07-06,2,"","",NA,"","",2,1,NA,NA,15,1,NA,NA,"",NA,NA,NA,NA,NA,NA,NA,"",NA,NA,NA,NA,NA,NA,NA,NA,NA,NA,NA,NA,NA,NA,NA,NA,NA,NA,NA,"",NA,NA,NA,"","",15,1,16,NA,NA,NA,NA,NA,NA,NA,NA,NA,NA,2,"MR. CERRO COLORADO","CORTO",NA,"No","Punto fijo",NA,NA,NA,NA,NA,NA,NA,NA,NA,NA,NA,NA,NA,NA,"Complete","-16.377134","-71.558193","",""
"443",446,NA,"2024-07-06 18:57:53","18","Cerro viejo",12,1812,2024-07-06,2,"","",NA,"","",2,1,NA,NA,20,0,NA,NA,"",NA,NA,NA,NA,NA,NA,NA,"",NA,NA,NA,NA,NA,NA,NA,NA,NA,NA,NA,NA,NA,NA,NA,NA,NA,NA,NA,"",NA,NA,NA,"","",20,0,20,NA,NA,NA,NA,NA,NA,NA,NA,NA,NA,2,"MR. CERRO COLORADO","CORTO",NA,"No","Punto fijo",NA,NA,NA,NA,NA,NA,NA,NA,NA,NA,NA,NA,NA,NA,"Complete","-16.378188","-71.554689","-16.378627","-71.556460"
"444",447,NA,"2024-07-06 18:58:46","18","Arrabal",16,1816,2024-07-06,2,"","",NA,"","",2,1,NA,NA,32,2,NA,NA,"",NA,NA,NA,NA,NA,NA,NA,"",NA,NA,NA,NA,NA,NA,NA,NA,NA,NA,NA,NA,NA,NA,NA,NA,NA,NA,NA,"",NA,NA,NA,"","",32,2,34,NA,NA,NA,NA,NA,NA,NA,NA,NA,NA,2,"MR. CERRO COLORADO","CORTO",NA,"No","Punto fijo",NA,NA,NA,NA,NA,NA,NA,NA,NA,NA,NA,NA,NA,NA,"Complete","-16.396396","-71.558822","",""
"445",448,NA,"2024-07-06 18:59:35","18","12 de octubre",17,1817,2024-07-06,2,"","",NA,"","",2,1,NA,NA,50,3,NA,NA,"",NA,NA,NA,NA,NA,NA,NA,"",NA,NA,NA,NA,NA,NA,NA,NA,NA,NA,NA,NA,NA,NA,NA,NA,NA,NA,NA,"",NA,NA,NA,"","",50,3,53,NA,NA,NA,NA,NA,NA,NA,NA,NA,NA,2,"MR. CERRO COLORADO","CORTO",NA,"No","Punto fijo",NA,NA,NA,NA,NA,NA,NA,NA,NA,NA,NA,NA,NA,NA,"Complete","-16.390246","-71.554176","-16.387550","-71.554560"
"446",449,NA,"2024-07-06 19:02:50","18","Cerrito los alvares",18,1818,2024-07-06,2,"","",NA,"","",2,1,NA,NA,46,1,NA,NA,"",NA,NA,NA,NA,NA,NA,NA,"",NA,NA,NA,NA,NA,NA,NA,NA,NA,NA,NA,NA,NA,NA,NA,NA,NA,NA,NA,"",NA,NA,NA,"","",46,1,47,NA,NA,NA,NA,NA,NA,NA,NA,NA,NA,2,"MR. CERRO COLORADO","CORTO",NA,"No","Punto fijo",NA,NA,NA,NA,NA,NA,NA,NA,NA,NA,NA,NA,NA,NA,"Complete","-16.384368","-71.555804","-16.389092","-71.552393"
"447",450,NA,"2024-07-06 19:03:51","18","Villa el sol Santa rosa de lima",20,1820,2024-07-06,2,"","",NA,"","",2,1,NA,NA,28,0,NA,NA,"",NA,NA,NA,NA,NA,NA,NA,"",NA,NA,NA,NA,NA,NA,NA,NA,NA,NA,NA,NA,NA,NA,NA,NA,NA,NA,NA,"",NA,NA,NA,"","",28,0,28,NA,NA,NA,NA,NA,NA,NA,NA,NA,NA,2,"MR. CERRO COLORADO","CORTO",NA,"No","Punto fijo",NA,NA,NA,NA,NA,NA,NA,NA,NA,NA,NA,NA,NA,NA,"Complete","-16.385088","-71.553215","-16.385058","-71.553329"
"448",451,NA,"2024-07-06 19:05:07","18","Centro de salud",23,1823,2024-07-06,2,"","",NA,"","",2,1,NA,NA,37,1,NA,NA,"",NA,NA,NA,NA,NA,NA,NA,"",NA,NA,NA,NA,NA,NA,NA,NA,NA,NA,NA,NA,NA,NA,NA,NA,NA,NA,NA,"",NA,NA,NA,"","",37,1,38,NA,NA,NA,NA,NA,NA,NA,NA,NA,NA,2,"MR. CERRO COLORADO","CORTO",NA,"No","Punto fijo",NA,NA,NA,NA,NA,NA,NA,NA,NA,NA,NA,NA,NA,NA,"Complete","-16.377134","-71.558193","",""
"449",452,NA,"2024-07-06 19:06:59","18","",24,1824,2024-07-06,2,"","",NA,"","",2,1,NA,NA,24,0,NA,NA,"",NA,NA,NA,NA,NA,NA,NA,"",NA,NA,NA,NA,NA,NA,NA,NA,NA,NA,NA,NA,NA,NA,NA,NA,NA,NA,NA,"",NA,NA,NA,"","",24,0,24,NA,NA,NA,NA,NA,NA,NA,NA,NA,NA,2,"MR. CERRO COLORADO","CORTO",NA,"No","Punto fijo",NA,NA,NA,NA,NA,NA,NA,NA,NA,NA,NA,NA,NA,NA,"Complete","-16.385273","-71.554083","",""
"450",453,NA,"2024-07-07 15:28:55","18","La fonda",9,189,2024-07-06,1,"08:30","08:37",1,"","09:20",NA,1,NA,NA,15,1,1,1,"10:40",2,NA,NA,13,0,2,NA,"",NA,NA,NA,NA,NA,NA,NA,NA,NA,NA,NA,NA,NA,NA,NA,NA,NA,NA,NA,"",NA,NA,NA,"12:18","Considero que se podía quedar un poco mas de tiempo en campo",28,1,29,NA,NA,NA,NA,NA,NA,NA,NA,NA,NA,2,"MR. CERRO COLORADO","DETALLADO","1, Bus",NA,"Punto fijo",NA,"SI","Microred","Cambiamos a Punto movil","NO",NA,NA,NA,NA,NA,NA,NA,NA,NA,"Complete","-16.371839","-71.555976","",""
"451",454,NA,"2024-07-07 16:20:54","18","Morro negro",1,181,2024-07-07,2,"","",NA,"","",2,1,NA,NA,60,4,NA,NA,"",NA,NA,NA,NA,NA,NA,NA,"",NA,NA,NA,NA,NA,NA,NA,NA,NA,NA,NA,NA,NA,NA,NA,NA,NA,NA,NA,"",NA,NA,NA,"","Todo el sector estuvo en reunión",60,4,64,NA,NA,NA,NA,NA,NA,NA,NA,NA,NA,2,"MR. CERRO COLORADO","CORTO",NA,"No","Punto fijo",NA,NA,NA,NA,NA,NA,NA,NA,NA,NA,NA,NA,NA,NA,"Complete","-16.385149","-71.591343","",""
"452",455,NA,"2024-07-07 16:26:36","18","Av peru con alto libertad",2,182,2024-07-07,1,"07:30","08:20",1,"","08:22",NA,1,NA,NA,8,0,1,1,"08:42",2,NA,NA,80,12,2,NA,"",NA,NA,NA,NA,NA,NA,NA,NA,NA,NA,NA,NA,NA,NA,NA,NA,NA,NA,NA,"",NA,NA,NA,"13:09","",88,12,100,NA,NA,NA,NA,NA,NA,NA,NA,NA,NA,2,"MR. CERRO COLORADO","DETALLADO","1, Bus",NA,"Punto fijo",NA,"SI","Microred","Cambiamos a Punto movil","NO",NA,NA,NA,NA,NA,NA,NA,NA,NA,"Complete","-16.387810","-71.576593","-16.386407","-71.577757"
"453",456,NA,"2024-07-07 16:28:35","18","Alto victoria",3,183,2024-07-07,1,"07:30","08:15",1,"","08:23",NA,1,NA,NA,46,5,1,1,"09:00",2,NA,NA,34,15,2,NA,"",NA,NA,NA,NA,NA,NA,NA,NA,NA,NA,NA,NA,NA,NA,NA,NA,NA,NA,NA,"",NA,NA,NA,"12:40","",80,20,100,NA,NA,NA,NA,NA,NA,NA,NA,NA,NA,2,"MR. CERRO COLORADO","DETALLADO","1, Bus",NA,"Punto fijo",NA,"SI","Microred","Cambiamos a Punto movil","NO",NA,NA,NA,NA,NA,NA,NA,NA,NA,"Complete","-16.385382","-71.577001","-16.385568","-71.576753"
"454",457,NA,"2024-07-07 16:30:46","18","Via evitamiento",4,184,2024-07-07,1,"08:00","08:10",1,"","08:27",NA,1,NA,NA,48,2,1,1,"12:30",2,NA,NA,15,1,2,NA,"",NA,NA,NA,NA,NA,NA,NA,NA,NA,NA,NA,NA,NA,NA,NA,NA,NA,NA,NA,"",NA,NA,NA,"13:36","",63,3,66,NA,NA,NA,NA,NA,NA,NA,NA,NA,NA,2,"MR. CERRO COLORADO","DETALLADO","1, Bus",NA,"Punto fijo",NA,"SI","Microred","Cambiamos a Punto movil","NO",NA,NA,NA,NA,NA,NA,NA,NA,NA,"Complete","-16.382602","-71.576467","-16.374493","-71.575239"
"455",458,NA,"2024-07-07 16:32:54","18","",5,185,2024-07-07,1,"08:10","08:15",1,"","08:25",NA,1,NA,NA,0,0,1,1,"08:50",2,NA,NA,36,8,2,NA,"",NA,NA,NA,NA,NA,NA,NA,NA,NA,NA,NA,NA,NA,NA,NA,NA,NA,NA,NA,"",NA,NA,NA,"13:10","",36,8,44,NA,NA,NA,NA,NA,NA,NA,NA,NA,NA,2,"MR. CERRO COLORADO","DETALLADO","1, Bus",NA,"Punto fijo",NA,"SI","Microred","Cambiamos a Punto movil","NO",NA,NA,NA,NA,NA,NA,NA,NA,NA,"Complete","-16.384654","-71.577713","-16.384773","-71.577598"
"456",459,NA,"2024-07-07 16:35:29","18","San martin",6,186,2024-07-07,1,"08:30","08:50",1,"","08:58",NA,1,NA,NA,40,4,1,3,"10:30",2,NA,NA,12,8,2,NA,"",NA,NA,NA,NA,NA,NA,NA,NA,NA,NA,NA,NA,NA,NA,NA,NA,NA,NA,NA,"",NA,NA,NA,"12:50","",52,12,64,NA,NA,NA,NA,NA,NA,NA,NA,NA,NA,2,"MR. CERRO COLORADO","DETALLADO","1, Bus",NA,"Punto fijo",NA,"SI","Yo mismo","Cambiamos a Punto movil","NO",NA,NA,NA,NA,NA,NA,NA,NA,NA,"Complete","-16.380087","-71.573410","-16.380087","-71.573410"
"457",460,NA,"2024-07-07 16:39:17","18","I.E Alvares tomas",7,187,2024-07-07,1,"08:20","08:30",4,"","08:37",NA,1,NA,NA,7,0,1,3,"08:57",2,NA,NA,83,2,2,NA,"",NA,NA,NA,NA,NA,NA,NA,NA,NA,NA,NA,NA,NA,NA,NA,NA,NA,NA,NA,"",NA,NA,NA,"13:20","",90,2,92,NA,NA,NA,NA,NA,NA,NA,NA,NA,NA,2,"MR. CERRO COLORADO","DETALLADO","4. Caminando",NA,"Punto fijo",NA,"SI","Yo mismo","Cambiamos a Punto movil","NO",NA,NA,NA,NA,NA,NA,NA,NA,NA,"Complete","-16.381018","-71.571212","-16.381023","-71.571155"
"458",461,NA,"2024-07-07 16:41:10","18","",8,188,2024-07-07,1,"08:06","08:17",1,"","08:32",NA,1,NA,NA,3,0,1,3,"08:52",2,NA,NA,39,3,2,NA,"",NA,NA,NA,NA,NA,NA,NA,NA,NA,NA,NA,NA,NA,NA,NA,NA,NA,NA,NA,"",NA,NA,NA,"13:00","1 perro reacciono a la vacuna",42,3,45,NA,NA,NA,NA,NA,NA,NA,NA,NA,NA,2,"MR. CERRO COLORADO","DETALLADO","1, Bus",NA,"Punto fijo",NA,"SI","Yo mismo","Cambiamos a Punto movil","NO",NA,NA,NA,NA,NA,NA,NA,NA,NA,"Complete","-16.382141","-71.572114","-16.382618","-71.573402"
"459",462,NA,"2024-07-07 16:43:03","18","Jr mariano melgar",9,189,2024-07-07,1,"08:13","08:17",1,"","08:51",NA,1,NA,NA,18,1,1,3,"10:19",2,NA,NA,45,6,2,NA,"",NA,NA,NA,NA,NA,NA,NA,NA,NA,NA,NA,NA,NA,NA,NA,NA,NA,NA,NA,"",NA,NA,NA,"13:05","",63,7,70,NA,NA,NA,NA,NA,NA,NA,NA,NA,NA,2,"MR. CERRO COLORADO","DETALLADO","1, Bus",NA,"Punto fijo",NA,"SI","Yo mismo","Cambiamos a Punto movil","NO",NA,NA,NA,NA,NA,NA,NA,NA,NA,"Complete","-16.380830","-71.568857","-16.381517","-71.568874"
"460",463,NA,"2024-07-07 16:44:09","18","",10,1810,2024-07-07,2,"","",NA,"","",1,2,NA,NA,NA,NA,NA,NA,"",NA,NA,NA,NA,NA,NA,NA,"",NA,NA,NA,NA,NA,NA,NA,NA,NA,NA,NA,NA,NA,NA,NA,73,8,NA,NA,"",NA,NA,NA,"","",73,8,81,NA,NA,NA,NA,NA,NA,NA,NA,NA,NA,2,"MR. CERRO COLORADO","CORTO",NA,"Sí","Punto movil",NA,NA,NA,NA,NA,NA,NA,NA,NA,NA,NA,NA,NA,NA,"Complete","-16.375475","-71.570496","-16.375701","-71.570411"
"461",464,NA,"2024-07-07 16:45:12","18","",11,1811,2024-07-07,2,"","",NA,"","",1,2,NA,NA,NA,NA,NA,NA,"",NA,NA,NA,NA,NA,NA,NA,"",NA,NA,NA,NA,NA,NA,NA,NA,NA,NA,NA,NA,NA,NA,NA,65,10,NA,NA,"",NA,NA,NA,"","No me indicaron bien la zona",65,10,75,NA,NA,NA,NA,NA,NA,NA,NA,NA,NA,2,"MR. CERRO COLORADO","CORTO",NA,"Sí","Punto movil",NA,NA,NA,NA,NA,NA,NA,NA,NA,NA,NA,NA,NA,NA,"Complete","-16.377695","-71.569021","-16.377695","-71.569021"
"462",465,NA,"2024-07-07 16:46:03","18","Av. puno",12,1812,2024-07-07,2,"","",NA,"","",1,2,NA,NA,NA,NA,NA,NA,"",NA,NA,NA,NA,NA,NA,NA,"",NA,NA,NA,NA,NA,NA,NA,NA,NA,NA,NA,NA,NA,NA,NA,64,6,NA,NA,"",NA,NA,NA,"","",64,6,70,NA,NA,NA,NA,NA,NA,NA,NA,NA,NA,2,"MR. CERRO COLORADO","CORTO",NA,"Sí","Punto movil",NA,NA,NA,NA,NA,NA,NA,NA,NA,NA,NA,NA,NA,NA,"Complete","-16.378534","-71.567979","-16.378534","-71.567979"
"463",466,NA,"2024-07-07 16:47:27","18","",13,1813,2024-07-07,2,"","",NA,"","",1,2,NA,NA,NA,NA,NA,NA,"",NA,NA,NA,NA,NA,NA,NA,"",NA,NA,NA,NA,NA,NA,NA,NA,NA,NA,NA,NA,NA,NA,NA,30,6,NA,NA,"",NA,NA,NA,"","Al inicio nos proporcionaron un conservador sin vacunas",30,6,36,NA,NA,NA,NA,NA,NA,NA,NA,NA,NA,2,"MR. CERRO COLORADO","CORTO",NA,"Sí","Punto movil",NA,NA,NA,NA,NA,NA,NA,NA,NA,NA,NA,NA,NA,NA,"Complete","-16.375219","-71.567052","-16.375161","-71.568011"
"464",467,NA,"2024-07-07 16:50:37","18","Esquina de jiron alfonso ugarte",14,1814,2024-07-07,1,"08:13","08:17",1,"","08:34",NA,1,NA,NA,0,0,1,1,"08:35",2,NA,NA,49,0,2,NA,"",NA,NA,NA,NA,NA,NA,NA,NA,NA,NA,NA,NA,NA,NA,NA,NA,NA,NA,NA,"",NA,NA,NA,"12:34","",49,0,49,NA,NA,NA,NA,NA,NA,NA,NA,NA,NA,2,"MR. CERRO COLORADO","DETALLADO","1, Bus",NA,"Punto fijo",NA,"SI","Microred","Cambiamos a Punto movil","NO",NA,NA,NA,NA,NA,NA,NA,NA,NA,"Complete","-16.377015","-71.571850","-16.378112","-71.572223"
"465",468,NA,"2024-07-07 16:51:39","18","1 de mayo",15,1815,2024-07-07,2,"","",NA,"","",1,2,NA,NA,NA,NA,NA,NA,"",NA,NA,NA,NA,NA,NA,NA,"",NA,NA,NA,NA,NA,NA,NA,NA,NA,NA,NA,NA,NA,NA,NA,105,14,NA,NA,"",NA,NA,NA,"","",105,14,119,NA,NA,NA,NA,NA,NA,NA,NA,NA,NA,2,"MR. CERRO COLORADO","CORTO",NA,"Sí","Punto movil",NA,NA,NA,NA,NA,NA,NA,NA,NA,NA,NA,NA,NA,NA,"Complete","-16.385141","-71.569771","-16.385141","-71.569771"
"466",469,NA,"2024-07-07 16:55:27","2","",1,21,2024-07-07,1,"07:33","08:09",2,"","08:17",NA,3,71,1,NA,NA,NA,NA,"",NA,NA,NA,NA,NA,NA,NA,"",NA,NA,NA,NA,NA,NA,NA,NA,NA,NA,NA,NA,NA,NA,NA,NA,NA,3,1,"",41,24,65,"12:09","",41,24,65,NA,NA,NA,NA,NA,NA,NA,NA,NA,NA,2,"MR. BUENOS AIRES DE CAYMA","DETALLADO","2. Camioneta/Auto",NA,"Puerta Puerta","Urbano",NA,NA,NA,NA,NA,NA,NA,NA,NA,NA,NA,"3. indicacion verbal (reportar en whats app)","Tocar puerta por puerta","Complete","-16.343864","-71.546998","-16.344352","-71.547392"
"467",470,NA,"2024-07-07 16:57:01","2","",2,22,2024-07-07,1,"07:33","08:12",2,"","08:22",NA,3,75,1,NA,NA,NA,NA,"",NA,NA,NA,NA,NA,NA,NA,"",NA,NA,NA,NA,NA,NA,NA,NA,NA,NA,NA,NA,NA,NA,NA,NA,NA,3,1,"",60,20,80,"12:05","",60,20,80,NA,NA,NA,NA,NA,NA,NA,NA,NA,NA,2,"MR. BUENOS AIRES DE CAYMA","DETALLADO","2. Camioneta/Auto",NA,"Puerta Puerta","Urbano",NA,NA,NA,NA,NA,NA,NA,NA,NA,NA,NA,"3. indicacion verbal (reportar en whats app)","Tocar puerta por puerta","Complete","-16.341581","-71.546232","-16.343044","-71.546934"
"468",471,NA,"2024-07-07 16:58:45","2","",3,23,2024-07-07,1,"07:33","08:03",2,"","08:25",NA,3,78,1,NA,NA,NA,NA,"",NA,NA,NA,NA,NA,NA,NA,"",NA,NA,NA,NA,NA,NA,NA,NA,NA,NA,NA,NA,NA,NA,NA,NA,NA,3,1,"",77,1,78,"12:04","",77,1,78,NA,NA,NA,NA,NA,NA,NA,NA,NA,NA,2,"MR. BUENOS AIRES DE CAYMA","DETALLADO","2. Camioneta/Auto",NA,"Puerta Puerta","Urbano",NA,NA,NA,NA,NA,NA,NA,NA,NA,NA,NA,"3. indicacion verbal (reportar en whats app)","Tocar puerta por puerta","Complete","-16.344057","-71.550063","-16.348351","-71.553018"
"469",472,NA,"2024-07-07 17:00:49","2","",4,24,2024-07-07,1,"07:38","08:40",2,"","08:50",NA,3,37,1,NA,NA,NA,NA,"",NA,NA,NA,NA,NA,NA,NA,"",NA,NA,NA,NA,NA,NA,NA,NA,NA,NA,NA,NA,NA,NA,NA,NA,NA,3,1,"",20,5,25,"12:10","No teniamos megáfono",20,5,25,NA,NA,NA,NA,NA,NA,NA,NA,NA,NA,2,"MR. BUENOS AIRES DE CAYMA","DETALLADO","2. Camioneta/Auto",NA,"Puerta Puerta","Urbano",NA,NA,NA,NA,NA,NA,NA,NA,NA,NA,NA,"3. indicacion verbal (reportar en whats app)","Tocar puerta por puerta","Complete","-16.347142","-71.546556","",""
"470",473,NA,"2024-07-07 17:02:28","2","",5,25,2024-07-07,1,"07:39","08:11",2,"","08:35",NA,3,76,2,NA,NA,NA,NA,"",NA,NA,NA,NA,NA,NA,NA,"",NA,NA,NA,NA,NA,NA,NA,NA,NA,NA,NA,NA,NA,NA,NA,NA,NA,3,1,"",41,7,48,"12:15","",41,7,48,NA,NA,NA,NA,NA,NA,NA,NA,NA,NA,2,"MR. BUENOS AIRES DE CAYMA","DETALLADO","2. Camioneta/Auto",NA,"Puerta Puerta","Periurbano",NA,NA,NA,NA,NA,NA,NA,NA,NA,NA,NA,"3. indicacion verbal (reportar en whats app)","Tocar puerta por puerta","Complete","-16.340882","-71.541361","-16.344253","-71.542678"
"471",474,NA,"2024-07-07 17:04:10","2","",6,26,2024-07-07,1,"07:39","08:08",2,"","08:45",NA,3,73,1,NA,NA,NA,NA,"",NA,NA,NA,NA,NA,NA,NA,"",NA,NA,NA,NA,NA,NA,NA,NA,NA,NA,NA,NA,NA,NA,NA,NA,NA,3,1,"",61,19,80,"12:14","",61,19,80,NA,NA,NA,NA,NA,NA,NA,NA,NA,NA,2,"MR. BUENOS AIRES DE CAYMA","DETALLADO","2. Camioneta/Auto",NA,"Puerta Puerta","Urbano",NA,NA,NA,NA,NA,NA,NA,NA,NA,NA,NA,"3. indicacion verbal (reportar en whats app)","Tocar puerta por puerta","Complete","-16.344477","-71.544079","-16.347335","-71.545256"
"472",475,NA,"2024-07-07 17:05:21","2","",7,27,2024-07-07,1,"07:40","08:15",NA,"","08:25",NA,3,26,1,NA,NA,NA,NA,"",NA,NA,NA,NA,NA,NA,NA,"",NA,NA,NA,NA,NA,NA,NA,NA,NA,NA,NA,NA,NA,NA,NA,NA,NA,3,1,"",68,14,82,"12:10","",68,14,82,NA,NA,NA,NA,NA,NA,NA,NA,NA,NA,2,"MR. BUENOS AIRES DE CAYMA","DETALLADO",NA,NA,"Puerta Puerta","Urbano",NA,NA,NA,NA,NA,NA,NA,NA,NA,NA,NA,"3. indicacion verbal (reportar en whats app)","Tocar puerta por puerta","Complete","-16.341660","-71.548029","-16.343253","-71.549249"
"473",476,NA,"2024-07-07 17:06:47","2","",8,28,2024-07-07,1,"07:41","08:13",2,"","08:34",NA,3,15,1,NA,NA,NA,NA,"",NA,NA,NA,NA,NA,NA,NA,"",NA,NA,NA,NA,NA,NA,NA,NA,NA,NA,NA,NA,NA,NA,NA,NA,NA,3,1,"",50,10,60,"11:55","",50,10,60,NA,NA,NA,NA,NA,NA,NA,NA,NA,NA,2,"MR. BUENOS AIRES DE CAYMA","DETALLADO","2. Camioneta/Auto",NA,"Puerta Puerta","Urbano",NA,NA,NA,NA,NA,NA,NA,NA,NA,NA,NA,"3. indicacion verbal (reportar en whats app)","Tocar puerta por puerta","Complete","-16.343492","-71.554437","-16.345547","-71.554953"
"474",477,NA,"2024-07-07 17:08:17","2","",9,29,2024-07-07,1,"07:43","08:00",4,"","08:14",NA,3,29,1,NA,NA,NA,NA,"",NA,NA,NA,NA,NA,NA,NA,"",NA,NA,NA,NA,NA,NA,NA,NA,NA,NA,NA,NA,NA,NA,NA,NA,NA,3,1,"",68,7,75,"12:00","",68,7,75,NA,NA,NA,NA,NA,NA,NA,NA,NA,NA,2,"MR. BUENOS AIRES DE CAYMA","DETALLADO","4. Caminando",NA,"Puerta Puerta","Urbano",NA,NA,NA,NA,NA,NA,NA,NA,NA,NA,NA,"3. indicacion verbal (reportar en whats app)","Tocar puerta por puerta","Complete","-16.346269","-71.547096","-16.345891","-71.545791"
"475",478,NA,"2024-07-07 17:09:59","2","",10,210,2024-07-07,1,"07:48","08:00",2,"","08:30",NA,3,NA,1,NA,NA,NA,NA,"",NA,NA,NA,NA,NA,NA,NA,"",NA,NA,NA,NA,NA,NA,NA,NA,NA,NA,NA,NA,NA,NA,NA,NA,NA,3,1,"",30,12,42,"12:10","",30,12,42,NA,NA,NA,NA,NA,NA,NA,NA,NA,NA,2,"MR. BUENOS AIRES DE CAYMA","DETALLADO","2. Camioneta/Auto",NA,"Puerta Puerta","Urbano",NA,NA,NA,NA,NA,NA,NA,NA,NA,NA,NA,"3. indicacion verbal (reportar en whats app)","Tocar puerta por puerta","Complete","-16.343125","-71.550278","-16.340923","-71.551387"
"476",479,NA,"2024-07-07 17:12:07","2","",11,211,2024-07-07,1,"07:40","08:38",2,"","08:50",NA,3,22,1,NA,NA,NA,NA,"",NA,NA,NA,NA,NA,NA,NA,"",NA,NA,NA,NA,NA,NA,NA,NA,NA,NA,NA,NA,NA,NA,NA,NA,NA,3,1,"",30,1,31,"13:01","",30,1,31,NA,NA,NA,NA,NA,NA,NA,NA,NA,NA,2,"MR. BUENOS AIRES DE CAYMA","DETALLADO","2. Camioneta/Auto",NA,"Puerta Puerta","Urbano",NA,NA,NA,NA,NA,NA,NA,NA,NA,NA,NA,"3. indicacion verbal (reportar en whats app)","Tocar puerta por puerta","Complete","-16.349848","-71.550380","-16.352857","-71.551938"
"477",480,NA,"2024-07-07 17:13:37","2","",12,212,2024-07-07,1,"07:44","08:05",1,"","08:10",NA,3,30,1,NA,NA,NA,NA,"",NA,NA,NA,NA,NA,NA,NA,"",NA,NA,NA,NA,NA,NA,NA,NA,NA,NA,NA,NA,NA,NA,NA,NA,NA,3,1,"",54,4,58,"12:00","",54,4,58,NA,NA,NA,NA,NA,NA,NA,NA,NA,NA,2,"MR. BUENOS AIRES DE CAYMA","DETALLADO","1, Bus",NA,"Puerta Puerta","Urbano",NA,NA,NA,NA,NA,NA,NA,NA,NA,NA,NA,"3. indicacion verbal (reportar en whats app)","Tocar puerta por puerta","Complete","-16.343971","-71.549138","-16.347515","-71.551672"
"478",481,NA,"2024-07-07 17:15:44","2","",13,213,2024-07-07,1,"07:40","08:12",2,"","08:30",NA,3,34,1,NA,NA,NA,NA,"",NA,NA,NA,NA,NA,NA,NA,"",NA,NA,NA,NA,NA,NA,NA,NA,NA,NA,NA,NA,NA,NA,NA,NA,NA,3,1,"",26,7,33,"12:01","",26,7,33,NA,NA,NA,NA,NA,NA,NA,NA,NA,NA,2,"MR. BUENOS AIRES DE CAYMA","DETALLADO","2. Camioneta/Auto",NA,"Puerta Puerta","Urbano",NA,NA,NA,NA,NA,NA,NA,NA,NA,NA,NA,"3. indicacion verbal (reportar en whats app)","Tocar puerta por puerta","Complete","-16.343363","-71.552422","-16.344120","-71.551505"
"479",482,NA,"2024-07-07 17:16:53","2","",14,214,2024-07-07,2,"","",NA,"","",1,2,NA,NA,NA,NA,NA,NA,"",NA,NA,NA,NA,NA,NA,NA,"",NA,NA,NA,NA,NA,NA,NA,NA,NA,NA,NA,NA,NA,NA,NA,21,3,NA,NA,"",NA,NA,NA,"","",21,3,24,NA,NA,NA,NA,NA,NA,NA,NA,NA,NA,2,"MR. BUENOS AIRES DE CAYMA","CORTO",NA,"Sí","Punto movil",NA,NA,NA,NA,NA,NA,NA,NA,NA,NA,NA,NA,NA,NA,"Complete","-16.353326","-71.552805","",""
"480",483,NA,"2024-07-07 17:17:42","2","",15,215,2024-07-07,2,"","",NA,"","",1,2,NA,NA,NA,NA,NA,NA,"",NA,NA,NA,NA,NA,NA,NA,"",NA,NA,NA,NA,NA,NA,NA,NA,NA,NA,NA,NA,NA,NA,NA,10,3,NA,NA,"",NA,NA,NA,"","",10,3,13,NA,NA,NA,NA,NA,NA,NA,NA,NA,NA,2,"MR. BUENOS AIRES DE CAYMA","CORTO",NA,"Sí","Punto movil",NA,NA,NA,NA,NA,NA,NA,NA,NA,NA,NA,NA,NA,NA,"Complete","-16.351653","-71.549585","",""
"481",484,NA,"2024-07-07 17:18:23","2","",16,216,2024-07-07,2,"","",NA,"","",1,2,NA,NA,NA,NA,NA,NA,"",NA,NA,NA,NA,NA,NA,NA,"",NA,NA,NA,NA,NA,NA,NA,NA,NA,NA,NA,NA,NA,NA,NA,9,0,NA,NA,"",NA,NA,NA,"","",9,0,9,NA,NA,NA,NA,NA,NA,NA,NA,NA,NA,2,"MR. BUENOS AIRES DE CAYMA","CORTO",NA,"Sí","Punto movil",NA,NA,NA,NA,NA,NA,NA,NA,NA,NA,NA,NA,NA,NA,"Complete","-16.350184","-71.549355","-16.352800","-71.551163"
"482",485,NA,"2024-07-07 17:19:37","2","",17,217,2024-07-07,2,"","",NA,"","",1,2,NA,NA,NA,NA,NA,NA,"",NA,NA,NA,NA,NA,NA,NA,"",NA,NA,NA,NA,NA,NA,NA,NA,NA,NA,NA,NA,NA,NA,NA,50,0,NA,NA,"",NA,NA,NA,"","Personal del centro de salud indico que todos fueron perros",50,0,50,NA,NA,NA,NA,NA,NA,NA,NA,NA,NA,2,"MR. BUENOS AIRES DE CAYMA","CORTO",NA,"Sí","Punto movil",NA,NA,NA,NA,NA,NA,NA,NA,NA,NA,NA,NA,NA,NA,"Complete","-16.344219","-71.547974","",""
"483",486,NA,"2024-07-07 17:20:15","2","",18,218,2024-07-07,2,"","",NA,"","",1,2,NA,NA,NA,NA,NA,NA,"",NA,NA,NA,NA,NA,NA,NA,"",NA,NA,NA,NA,NA,NA,NA,NA,NA,NA,NA,NA,NA,NA,NA,7,1,NA,NA,"",NA,NA,NA,"","",7,1,8,NA,NA,NA,NA,NA,NA,NA,NA,NA,NA,2,"MR. BUENOS AIRES DE CAYMA","CORTO",NA,"Sí","Punto movil",NA,NA,NA,NA,NA,NA,NA,NA,NA,NA,NA,NA,NA,NA,"Complete","-16.351403","-71.549485","",""
"484",487,NA,"2024-07-07 17:23:20","18","",16,1816,2024-07-07,2,"","",NA,"","",1,2,NA,NA,NA,NA,NA,NA,"",NA,NA,NA,NA,NA,NA,NA,"",NA,NA,NA,NA,NA,NA,NA,NA,NA,NA,NA,NA,NA,NA,NA,76,1,NA,NA,"",NA,NA,NA,"","",76,1,77,NA,NA,NA,NA,NA,NA,NA,NA,NA,NA,2,"MR. CERRO COLORADO","CORTO",NA,"Sí","Punto movil",NA,NA,NA,NA,NA,NA,NA,NA,NA,NA,NA,NA,NA,NA,"Complete","-16.384187","-71.571161","",""
"485",488,NA,"2024-07-07 17:26:26","1","Paradero de combis pioneros",1,11,2024-07-07,1,"07:15","07:20",1,"","07:53",NA,3,39,2,NA,NA,NA,NA,"",NA,NA,NA,NA,NA,NA,NA,"",NA,NA,NA,NA,NA,NA,NA,NA,NA,NA,NA,NA,NA,NA,NA,NA,NA,2,1,"",35,15,50,"12:45","",35,15,50,NA,NA,NA,NA,NA,NA,NA,NA,NA,NA,2,"MR. FRANCISCO BOLOGNESI","DETALLADO","1, Bus",NA,"Puerta Puerta","Periurbano",NA,NA,NA,NA,NA,NA,NA,NA,NA,NA,NA,"2. Mapa con recorrido de inicio a fin","Tocar puerta por puerta","Complete","-16.301915","-71.521961","-16.303029","-71.524872"
"486",489,NA,"2024-07-07 17:28:08","1","Local social de pioneros zona b",2,12,2024-07-07,1,"07:10","07:30",1,"","07:50",NA,3,13,2,NA,NA,NA,NA,"",NA,NA,NA,NA,NA,NA,NA,"",NA,NA,NA,NA,NA,NA,NA,NA,NA,NA,NA,NA,NA,NA,NA,NA,NA,2,2,"",48,12,60,"13:00","",48,12,60,NA,NA,NA,NA,NA,NA,NA,NA,NA,NA,2,"MR. FRANCISCO BOLOGNESI","DETALLADO","1, Bus",NA,"Puerta Puerta","Periurbano",NA,NA,NA,NA,NA,NA,NA,NA,NA,NA,NA,"2. Mapa con recorrido de inicio a fin","Caminar cuadra en cuadra","Complete","-16.306845","-71.526203","-16.309494","-71.524544"
"487",490,NA,"2024-07-07 17:29:31","1","Av principal de sol de los andes",3,13,2024-07-07,1,"07:14","07:34",1,"","07:50",NA,3,17,2,NA,NA,NA,NA,"",NA,NA,NA,NA,NA,NA,NA,"",NA,NA,NA,NA,NA,NA,NA,NA,NA,NA,NA,NA,NA,NA,NA,NA,NA,2,2,"",64,13,77,"13:35","",64,13,77,NA,NA,NA,NA,NA,NA,NA,NA,NA,NA,2,"MR. FRANCISCO BOLOGNESI","DETALLADO","1, Bus",NA,"Puerta Puerta","Periurbano",NA,NA,NA,NA,NA,NA,NA,NA,NA,NA,NA,"2. Mapa con recorrido de inicio a fin","Caminar cuadra en cuadra","Complete","-16.314113","-71.527881","-16.313203","-71.525447"
"488",491,NA,"2024-07-07 17:30:46","1","30 de marzo",4,14,2024-07-07,1,"07:12","07:30",1,"","07:45",NA,3,12,1,NA,NA,NA,NA,"",NA,NA,NA,NA,NA,NA,NA,"",NA,NA,NA,NA,NA,NA,NA,NA,NA,NA,NA,NA,NA,NA,NA,NA,NA,2,1,"",45,11,56,"12:40","",45,11,56,NA,NA,NA,NA,NA,NA,NA,NA,NA,NA,2,"MR. FRANCISCO BOLOGNESI","DETALLADO","1, Bus",NA,"Puerta Puerta","Urbano",NA,NA,NA,NA,NA,NA,NA,NA,NA,NA,NA,"2. Mapa con recorrido de inicio a fin","Tocar puerta por puerta","Complete","-16.325213","-71.533462","-16.324635","-71.535159"
"489",492,NA,"2024-07-07 17:32:26","1","Av principal colegio felix rivas",5,15,2024-07-07,1,"07:20","07:34",1,"","07:44",NA,3,27,1,NA,NA,NA,NA,"",NA,NA,NA,NA,NA,NA,NA,"",NA,NA,NA,NA,NA,NA,NA,NA,NA,NA,NA,NA,NA,NA,NA,NA,NA,2,2,"",123,5,128,"13:30","",123,5,128,NA,NA,NA,NA,NA,NA,NA,NA,NA,NA,2,"MR. FRANCISCO BOLOGNESI","DETALLADO","1, Bus",NA,"Puerta Puerta","Urbano",NA,NA,NA,NA,NA,NA,NA,NA,NA,NA,NA,"2. Mapa con recorrido de inicio a fin","Caminar cuadra en cuadra","Complete","-16.332747","-71.537823","-16.331378","-71.541403"
"490",493,NA,"2024-07-07 17:33:55","1","Rafael belaunde zona a",6,16,2024-07-07,1,"07:26","07:26",1,"","07:50",NA,3,24,1,NA,NA,NA,NA,"",NA,NA,NA,NA,NA,NA,NA,"",NA,NA,NA,NA,NA,NA,NA,NA,NA,NA,NA,NA,NA,NA,NA,NA,NA,1,1,"",23,5,28,"12:30","",23,5,28,NA,NA,NA,NA,NA,NA,NA,NA,NA,NA,2,"MR. FRANCISCO BOLOGNESI","DETALLADO","1, Bus",NA,"Puerta Puerta","Urbano",NA,NA,NA,NA,NA,NA,NA,NA,NA,NA,NA,"1. Mapa con zona delimitada","Tocar puerta por puerta","Complete","-16.333161","-71.540127","-16.339602","-71.543129"
"491",494,NA,"2024-07-07 17:35:40","1","Av rafael belaunde",7,17,2024-07-07,1,"08:00","08:07",1,"","08:30",NA,3,18,1,NA,NA,NA,NA,"",NA,NA,NA,NA,NA,NA,NA,"",NA,NA,NA,NA,NA,NA,NA,NA,NA,NA,NA,NA,NA,NA,NA,NA,NA,2,2,"",17,20,37,"13:15","",17,20,37,NA,NA,NA,NA,NA,NA,NA,NA,NA,NA,2,"MR. FRANCISCO BOLOGNESI","DETALLADO","1, Bus",NA,"Puerta Puerta","Urbano",NA,NA,NA,NA,NA,NA,NA,NA,NA,NA,NA,"2. Mapa con recorrido de inicio a fin","Caminar cuadra en cuadra","Complete","-16.335845","-71.542608","-16.337003","-71.543251"
"492",495,NA,"2024-07-07 17:37:53","1","Estadio francisco bolognesi",8,18,2024-07-07,1,"07:40","08:00",2,"","08:30",NA,3,28,2,NA,NA,NA,NA,"",NA,NA,NA,NA,NA,NA,NA,"",NA,NA,NA,NA,NA,NA,NA,NA,NA,NA,NA,NA,NA,NA,NA,NA,NA,2,2,"",65,5,70,"13:30","Los guantes muy pequeños mejorar la calidad de jeringas",65,5,70,NA,NA,NA,NA,NA,NA,NA,NA,NA,NA,2,"MR. FRANCISCO BOLOGNESI","DETALLADO","2. Camioneta/Auto",NA,"Puerta Puerta","Periurbano",NA,NA,NA,NA,NA,NA,NA,NA,NA,NA,NA,"2. Mapa con recorrido de inicio a fin","Caminar cuadra en cuadra","Complete","-16.345612","-71.542753","-16.346513","-71.542885"
"493",496,NA,"2024-07-07 17:40:48","1","Parque sorayda",9,19,2024-07-07,1,"07:55","08:00",1,"","08:10",NA,3,1,1,NA,NA,NA,NA,"",NA,NA,NA,NA,NA,NA,NA,"",NA,NA,NA,NA,NA,NA,NA,NA,NA,NA,NA,NA,NA,NA,NA,NA,NA,2,2,"",53,14,67,"14:10","Me inque con una inyeccion ya usada",53,14,67,NA,NA,NA,NA,NA,NA,NA,NA,NA,NA,2,"MR. FRANCISCO BOLOGNESI","DETALLADO","1, Bus",NA,"Puerta Puerta","Urbano",NA,NA,NA,NA,NA,NA,NA,NA,NA,NA,NA,"2. Mapa con recorrido de inicio a fin","Caminar cuadra en cuadra","Complete","-16.355633","-71.544788","-16.359592","-71.550779"
"494",497,NA,"2024-07-07 17:41:40","1","Centro de salud francisco bolognesi",10,138,2024-07-07,2,"","",NA,"","",1,3,NA,NA,NA,NA,NA,NA,"",NA,NA,NA,NA,NA,NA,NA,"",NA,NA,NA,NA,NA,NA,NA,NA,NA,NA,NA,NA,NA,NA,NA,NA,NA,NA,NA,"",31,6,37,"","",31,6,37,NA,NA,NA,NA,NA,NA,NA,NA,NA,NA,2,"MR. FRANCISCO BOLOGNESI","CORTO",NA,"Sí","Puerta Puerta",NA,NA,NA,NA,NA,NA,NA,NA,NA,NA,NA,NA,NA,NA,"Complete","-16.354740","-71.542051","",""
"495",498,NA,"2024-07-07 17:42:35","1","Av huayna capac la tomilla",11,111,2024-07-07,2,"","",NA,"","",1,3,NA,NA,NA,NA,NA,NA,"",NA,NA,NA,NA,NA,NA,NA,"",NA,NA,NA,NA,NA,NA,NA,NA,NA,NA,NA,NA,NA,NA,NA,NA,NA,NA,NA,"",23,3,26,"","",23,3,26,NA,NA,NA,NA,NA,NA,NA,NA,NA,NA,2,"MR. FRANCISCO BOLOGNESI","CORTO",NA,"Sí","Puerta Puerta",NA,NA,NA,NA,NA,NA,NA,NA,NA,NA,NA,NA,NA,NA,"Complete","-16.358500","-71.546465","",""
"496",499,NA,"2024-07-07 17:44:45","1","Urbanizacion santa elisa",12,112,2024-07-07,2,"","",NA,"","",1,3,NA,NA,NA,NA,NA,NA,"",NA,NA,NA,NA,NA,NA,NA,"",NA,NA,NA,NA,NA,NA,NA,NA,NA,NA,NA,NA,NA,NA,NA,NA,NA,NA,NA,"",17,1,18,"","Inconveniente con personal de seguridad de urbanizaciones",17,1,18,NA,NA,NA,NA,NA,NA,NA,NA,NA,NA,2,"MR. FRANCISCO BOLOGNESI","CORTO",NA,"Sí","Puerta Puerta",NA,NA,NA,NA,NA,NA,NA,NA,NA,NA,NA,NA,NA,NA,"Complete","-16.375414","-71.553456","",""
"497",500,NA,"2024-07-07 17:50:53","14","Bolognesi venezuela",1,141,2024-07-07,1,"08:15","08:57",NA,"","09:35",NA,1,35,NA,60,7,2,NA,"",NA,NA,NA,NA,NA,NA,NA,"",NA,NA,NA,NA,NA,NA,NA,NA,NA,NA,NA,NA,NA,NA,NA,NA,NA,NA,NA,"",NA,NA,NA,"13:05","Recibi una mordida de un gato por mala sujecion y solo me pusieron alcohol",60,7,67,NA,NA,NA,NA,NA,NA,NA,NA,NA,NA,2,"MR. 15 DE AGOSTO","DETALLADO",NA,NA,"Punto fijo",NA,"NO",NA,NA,NA,NA,NA,NA,NA,NA,NA,NA,NA,NA,"Complete","-16.405327","-71.484184","-16.405310","-71.484101"
"498",501,NA,"2024-07-07 17:53:27","14","Cruce de la 5 etapa",3,143,2024-07-07,1,"08:20","08:50",2,"","09:19",NA,1,NA,NA,78,14,1,1,"12:00",2,NA,NA,2,3,2,NA,"",NA,NA,NA,NA,NA,NA,NA,NA,NA,NA,NA,NA,NA,NA,NA,NA,NA,NA,NA,"",NA,NA,NA,"13:46","",80,17,97,NA,NA,NA,NA,NA,NA,NA,NA,NA,NA,2,"MR. 15 DE AGOSTO","DETALLADO","2. Camioneta/Auto",NA,"Punto fijo",NA,"SI","Microred","Cambiamos a Punto movil","NO",NA,NA,NA,NA,NA,NA,NA,NA,NA,"Complete","-16.404393","-71.476510","-16.404392","-71.476967"
"499",502,NA,"2024-07-07 18:04:18","14","Sabta rosa",4,144,2024-07-07,1,"08:20","08:57",2,"","09:10",NA,1,16,NA,30,4,1,3,"10:00",2,NA,NA,51,12,2,NA,"",NA,NA,NA,NA,NA,NA,NA,NA,NA,NA,NA,NA,NA,NA,NA,NA,NA,NA,NA,"",NA,NA,NA,"12:00","",81,16,97,NA,NA,NA,NA,NA,NA,NA,NA,NA,NA,2,"MR. 15 DE AGOSTO","DETALLADO","2. Camioneta/Auto",NA,"Punto fijo",NA,"SI","Yo mismo","Cambiamos a Punto movil","NO",NA,NA,NA,NA,NA,NA,NA,NA,NA,"Complete","-16.408818","-71.475786","-16.408814","-71.475686"
"500",503,NA,"2024-07-07 18:05:42","14","Terminal de bus",5,145,2024-07-07,1,"08:29","08:50",2,"","09:19",NA,1,NA,NA,67,3,2,NA,"",NA,NA,NA,NA,NA,NA,NA,"",NA,NA,NA,NA,NA,NA,NA,NA,NA,NA,NA,NA,NA,NA,NA,NA,NA,NA,NA,"",NA,NA,NA,"13:23","",67,3,70,NA,NA,NA,NA,NA,NA,NA,NA,NA,NA,2,"MR. 15 DE AGOSTO","DETALLADO","2. Camioneta/Auto",NA,"Punto fijo",NA,"NO",NA,NA,NA,NA,NA,NA,NA,NA,NA,NA,NA,NA,"Complete","-16.404476","-71.474968","-16.404434","-71.474928"
"501",504,NA,"2024-07-07 18:07:19","14","Ovalo Miguel Grau",6,146,2024-07-07,1,"08:15","08:57",NA,"","09:10",NA,1,NA,NA,104,6,2,NA,"",NA,NA,NA,NA,NA,NA,NA,"",NA,NA,NA,NA,NA,NA,NA,NA,NA,NA,NA,NA,NA,NA,NA,NA,NA,NA,NA,"",NA,NA,NA,"13:47","",104,6,110,NA,NA,NA,NA,NA,NA,NA,NA,NA,NA,2,"MR. 15 DE AGOSTO","DETALLADO",NA,NA,"Punto fijo",NA,"NO",NA,NA,NA,NA,NA,NA,NA,NA,NA,NA,NA,NA,"Complete","-16.407929","-71.477988","-16.407983","-71.478087"
"502",505,NA,"2024-07-07 18:08:33","14","Parque 4 etapa",7,147,2024-07-07,1,"08:20","08:50",2,"","09:25",NA,1,25,NA,50,3,2,NA,"",NA,NA,NA,NA,NA,NA,NA,"",NA,NA,NA,NA,NA,NA,NA,NA,NA,NA,NA,NA,NA,NA,NA,NA,NA,NA,NA,"",NA,NA,NA,"13:30","",50,3,53,NA,NA,NA,NA,NA,NA,NA,NA,NA,NA,2,"MR. 15 DE AGOSTO","DETALLADO","2. Camioneta/Auto",NA,"Punto fijo",NA,"NO",NA,NA,NA,NA,NA,NA,NA,NA,NA,NA,NA,NA,"Complete","-16.409958","-71.479387","",""
"503",506,NA,"2024-07-07 18:10:03","14","Villa Miguel grau",8,148,2024-07-07,1,"08:40","08:50",1,"","09:30",NA,1,33,NA,30,1,1,1,"11:00",2,NA,NA,18,1,2,NA,"",NA,NA,NA,NA,NA,NA,NA,NA,NA,NA,NA,NA,NA,NA,NA,NA,NA,NA,NA,"",NA,NA,NA,"13:38","",48,2,50,NA,NA,NA,NA,NA,NA,NA,NA,NA,NA,2,"MR. 15 DE AGOSTO","DETALLADO","1, Bus",NA,"Punto fijo",NA,"SI","Microred","Cambiamos a Punto movil","NO",NA,NA,NA,NA,NA,NA,NA,NA,NA,"Complete","-16.408666","-71.474376","-16.408531","-71.473930"
"504",507,NA,"2024-07-07 18:11:16","14","",9,149,2024-07-07,1,"08:29","08:57",2,"","09:27",NA,1,41,NA,81,14,2,NA,"",NA,NA,NA,NA,NA,NA,NA,"",NA,NA,NA,NA,NA,NA,NA,NA,NA,NA,NA,NA,NA,NA,NA,NA,NA,NA,NA,"",NA,NA,NA,"13:48","",81,14,95,NA,NA,NA,NA,NA,NA,NA,NA,NA,NA,2,"MR. 15 DE AGOSTO","DETALLADO","2. Camioneta/Auto",NA,"Punto fijo",NA,"NO",NA,NA,NA,NA,NA,NA,NA,NA,NA,NA,NA,NA,"Complete","-16.404743","-71.482629","-16.405881","-71.483761"
"505",508,NA,"2024-07-07 18:12:43","14","Av. pacifico",10,1410,2024-07-07,1,"08:40","09:00",2,"","09:20",NA,1,NA,NA,80,0,1,1,"11:00",2,NA,NA,65,0,2,NA,"",NA,NA,NA,NA,NA,NA,NA,NA,NA,NA,NA,NA,NA,NA,NA,NA,NA,NA,NA,"",NA,NA,NA,"14:00","",145,0,145,NA,NA,NA,NA,NA,NA,NA,NA,NA,NA,2,"MR. 15 DE AGOSTO","DETALLADO","2. Camioneta/Auto",NA,"Punto fijo",NA,"SI","Microred","Cambiamos a Punto movil","NO",NA,NA,NA,NA,NA,NA,NA,NA,NA,"Complete","-16.404413","-71.478630","-16.404810","-71.482918"
"506",509,NA,"2024-07-07 18:13:45","14","Bolognesi con venezuela",11,1411,2024-07-07,2,"","",NA,"","",1,2,NA,NA,NA,NA,NA,NA,"",NA,NA,NA,NA,NA,NA,NA,"",NA,NA,NA,NA,NA,NA,NA,NA,NA,NA,NA,NA,NA,NA,NA,45,15,NA,NA,"",NA,NA,NA,"","",45,15,60,NA,NA,NA,NA,NA,NA,NA,NA,NA,NA,2,"MR. 15 DE AGOSTO","CORTO",NA,"Sí","Punto movil",NA,NA,NA,NA,NA,NA,NA,NA,NA,NA,NA,NA,NA,NA,"Complete","-16.407469","-71.473690","",""
"507",510,NA,"2024-07-07 18:14:34","14","Gran unidad zona b",12,1412,2024-07-07,2,"","",NA,"","",1,2,NA,NA,NA,NA,NA,NA,"",NA,NA,NA,NA,NA,NA,NA,"",NA,NA,NA,NA,NA,NA,NA,NA,NA,NA,NA,NA,NA,NA,NA,98,12,NA,NA,"",NA,NA,NA,"","",98,12,110,NA,NA,NA,NA,NA,NA,NA,NA,NA,NA,2,"MR. 15 DE AGOSTO","CORTO",NA,"Sí","Punto movil",NA,NA,NA,NA,NA,NA,NA,NA,NA,NA,NA,NA,NA,NA,"Complete","-16.410770","-71.483326","",""
"508",511,NA,"2024-07-07 18:15:27","14","Mercado zona miguel grau",14,1414,2024-07-07,2,"","",NA,"","",1,2,NA,NA,NA,NA,NA,NA,"",NA,NA,NA,NA,NA,NA,NA,"",NA,NA,NA,NA,NA,NA,NA,NA,NA,NA,NA,NA,NA,NA,NA,90,0,NA,NA,"",NA,NA,NA,"","",90,0,90,NA,NA,NA,NA,NA,NA,NA,NA,NA,NA,2,"MR. 15 DE AGOSTO","CORTO",NA,"Sí","Punto movil",NA,NA,NA,NA,NA,NA,NA,NA,NA,NA,NA,NA,NA,NA,"Complete","-16.409114","-71.487860","",""
"509",512,NA,"2024-07-07 18:16:56","14","Pileta avenida el sol",15,1415,2024-07-07,2,"","",NA,"","",2,1,NA,NA,130,10,NA,NA,"",NA,NA,NA,NA,NA,NA,NA,"",NA,NA,NA,NA,NA,NA,NA,NA,NA,NA,NA,NA,NA,NA,NA,NA,NA,NA,NA,"",NA,NA,NA,"","",130,10,140,NA,NA,NA,NA,NA,NA,NA,NA,NA,NA,2,"MR. 15 DE AGOSTO","CORTO",NA,"No","Punto fijo",NA,NA,NA,NA,NA,NA,NA,NA,NA,NA,NA,NA,NA,NA,"Complete","-16.412114","-71.487796","-16.412199","-71.487881"
"510",513,NA,"2024-07-07 18:17:58","14","Cruz de la calle andres avelino caceres",16,1416,2024-07-07,2,"","",NA,"","",2,1,NA,NA,94,7,NA,NA,"",NA,NA,NA,NA,NA,NA,NA,"",NA,NA,NA,NA,NA,NA,NA,NA,NA,NA,NA,NA,NA,NA,NA,NA,NA,NA,NA,"",NA,NA,NA,"","",94,7,101,NA,NA,NA,NA,NA,NA,NA,NA,NA,NA,2,"MR. 15 DE AGOSTO","CORTO",NA,"No","Punto fijo",NA,NA,NA,NA,NA,NA,NA,NA,NA,NA,NA,NA,NA,NA,"Complete","-16.406575","-71.493272","-16.405907","-71.493319"
"511",514,NA,"2024-07-07 18:18:52","14","Puesto de salud modulo a",17,1417,2024-07-07,2,"","",NA,"","",2,1,NA,NA,119,1,NA,NA,"",NA,NA,NA,NA,NA,NA,NA,"",NA,NA,NA,NA,NA,NA,NA,NA,NA,NA,NA,NA,NA,NA,NA,NA,NA,NA,NA,"",NA,NA,NA,"","",119,1,120,NA,NA,NA,NA,NA,NA,NA,NA,NA,NA,2,"MR. 15 DE AGOSTO","CORTO",NA,"No","Punto fijo",NA,NA,NA,NA,NA,NA,NA,NA,NA,NA,NA,NA,NA,NA,"Complete","-16.408564","-71.494820","-16.407957","-71.495057"
"512",515,NA,"2024-07-07 18:19:43","14","Morro de arica",19,1419,2024-07-07,2,"","",NA,"","",2,1,NA,NA,130,0,NA,NA,"",NA,NA,NA,NA,NA,NA,NA,"",NA,NA,NA,NA,NA,NA,NA,NA,NA,NA,NA,NA,NA,NA,NA,NA,NA,NA,NA,"",NA,NA,NA,"","",130,0,130,NA,NA,NA,NA,NA,NA,NA,NA,NA,NA,2,"MR. 15 DE AGOSTO","CORTO",NA,"No","Punto fijo",NA,NA,NA,NA,NA,NA,NA,NA,NA,NA,NA,NA,NA,NA,"Complete","-16.411893","-71.493207","",""
"513",516,NA,"2024-07-07 18:20:28","14","Parque 28 de julio",20,1420,2024-07-07,2,"","",NA,"","",2,1,NA,NA,107,3,NA,NA,"",NA,NA,NA,NA,NA,NA,NA,"",NA,NA,NA,NA,NA,NA,NA,NA,NA,NA,NA,NA,NA,NA,NA,NA,NA,NA,NA,"",NA,NA,NA,"","",107,3,110,NA,NA,NA,NA,NA,NA,NA,NA,NA,NA,2,"MR. 15 DE AGOSTO","CORTO",NA,"No","Punto fijo",NA,NA,NA,NA,NA,NA,NA,NA,NA,NA,NA,NA,NA,NA,"Complete","-16.414908","-71.492318","",""
"514",517,NA,"2024-07-07 18:21:21","14","Bolognesi con union",21,1421,2024-07-07,2,"","",NA,"","",2,1,NA,NA,69,12,NA,NA,"",NA,NA,NA,NA,NA,NA,NA,"",NA,NA,NA,NA,NA,NA,NA,NA,NA,NA,NA,NA,NA,NA,NA,NA,NA,NA,NA,"",NA,NA,NA,"","",69,12,81,NA,NA,NA,NA,NA,NA,NA,NA,NA,NA,2,"MR. 15 DE AGOSTO","CORTO",NA,"No","Punto fijo",NA,NA,NA,NA,NA,NA,NA,NA,NA,NA,NA,NA,NA,NA,"Complete","-16.405737","-71.487228","-16.406297","-71.487230"
"515",518,NA,"2024-07-12 13:32:07","14","Torres de seal",2,142,2024-07-07,1,"08:17","08:57",NA,"","09:10",NA,1,20,NA,51,7,2,NA,"",NA,NA,NA,NA,NA,NA,NA,"",NA,NA,NA,NA,NA,NA,NA,NA,NA,NA,NA,NA,NA,NA,NA,NA,NA,NA,NA,"",NA,NA,NA,"13:25","",51,7,58,NA,NA,NA,NA,NA,NA,NA,NA,NA,NA,2,"MR. 15 DE AGOSTO","DETALLADO",NA,NA,"Punto fijo",NA,"NO",NA,NA,NA,NA,NA,NA,NA,NA,NA,NA,NA,NA,"Complete","-16.406546","-71.474077","-16.405819","-71.473824"
"516",519,NA,"2024-07-13 18:00:22","15","Complejo deportivo california",1,151,2024-07-13,1,"08:30","08:34",4,"","08:50",NA,2,77,NA,NA,NA,NA,NA,"",NA,NA,NA,NA,NA,NA,NA,"",NA,NA,NA,NA,NA,NA,NA,NA,NA,NA,NA,NA,NA,3,1,81,6,NA,NA,"",NA,NA,NA,"14:04","Falto guantes",81,6,87,NA,NA,NA,NA,NA,NA,NA,NA,NA,NA,2,"MR. CIUDAD BLANCA","DETALLADO","4. Caminando",NA,"Punto movil",NA,NA,NA,NA,NA,NA,NA,NA,NA,NA,"indicacion verbal (reportar en whats app)","SI",NA,NA,"Complete","-16.419016","-71.494103","-16.419601","-71.495850"
"517",520,NA,"2024-07-13 18:02:20","15","Jose maria arguedas",2,152,2024-07-13,1,"08:32","08:45",1,"","08:55",NA,2,79,NA,NA,NA,NA,NA,"",NA,NA,NA,NA,NA,NA,NA,"",NA,NA,NA,NA,NA,NA,NA,NA,NA,NA,NA,NA,NA,3,2,112,8,NA,NA,"",NA,NA,NA,"14:17","",112,8,120,NA,NA,NA,NA,NA,NA,NA,NA,NA,NA,2,"MR. CIUDAD BLANCA","DETALLADO","1, Bus",NA,"Punto movil",NA,NA,NA,NA,NA,NA,NA,NA,NA,NA,"indicacion verbal (reportar en whats app)","NO",NA,NA,"Complete","-16.412767","-71.487838","-16.413652","-71.486028"
"518",521,NA,"2024-07-13 18:03:56","15","Mercado santa rosa",4,154,2024-07-13,1,"08:35","09:00",1,"","09:05",NA,2,71,NA,NA,NA,NA,NA,"",NA,NA,NA,NA,NA,NA,NA,"",NA,NA,NA,NA,NA,NA,NA,NA,NA,NA,NA,NA,NA,3,2,71,10,NA,NA,"",NA,NA,NA,"14:10","No quisieron entregar el culer",71,10,81,NA,NA,NA,NA,NA,NA,NA,NA,NA,NA,2,"MR. CIUDAD BLANCA","DETALLADO","1, Bus",NA,"Punto movil",NA,NA,NA,NA,NA,NA,NA,NA,NA,NA,"indicacion verbal (reportar en whats app)","NO",NA,NA,"Complete","-16.415775","-71.487213","-16.415752","-71.488831"
"519",522,NA,"2024-07-13 18:04:52","15","Mercado alto Jesus",3,153,2024-07-13,2,"","",NA,"","",2,2,NA,NA,NA,NA,NA,NA,"",NA,NA,NA,NA,NA,NA,NA,"",NA,NA,NA,NA,NA,NA,NA,NA,NA,NA,NA,NA,NA,NA,NA,130,10,NA,NA,"",NA,NA,NA,"","",130,10,140,NA,NA,NA,NA,NA,NA,NA,NA,NA,NA,2,"MR. CIUDAD BLANCA","CORTO",NA,"No","Punto movil",NA,NA,NA,NA,NA,NA,NA,NA,NA,NA,NA,NA,NA,NA,"Complete","-16.423842","-71.493002","",""
"520",523,NA,"2024-07-13 18:07:00","15","Ciudadela luz y alegria",5,155,2024-07-13,1,"08:40","08:42",2,"","08:48",NA,2,30,NA,NA,NA,NA,NA,"",NA,NA,NA,NA,NA,NA,NA,"",NA,NA,NA,NA,NA,NA,NA,NA,NA,NA,NA,NA,NA,3,2,85,7,NA,NA,"",NA,NA,NA,"13:45","",85,7,92,NA,NA,NA,NA,NA,NA,NA,NA,NA,NA,2,"MR. CIUDAD BLANCA","DETALLADO","2. Camioneta/Auto",NA,"Punto movil",NA,NA,NA,NA,NA,NA,NA,NA,NA,NA,"indicacion verbal (reportar en whats app)","NO",NA,NA,"Complete","-16.422544","-71.493508","-16.422264","-71.494132"
"521",524,NA,"2024-07-13 18:07:50","15","Estadio alto jesus",6,156,2024-07-13,2,"","",NA,"","",2,2,NA,NA,NA,NA,NA,NA,"",NA,NA,NA,NA,NA,NA,NA,"",NA,NA,NA,NA,NA,NA,NA,NA,NA,NA,NA,NA,NA,NA,NA,24,6,NA,NA,"",NA,NA,NA,"","",24,6,30,NA,NA,NA,NA,NA,NA,NA,NA,NA,NA,2,"MR. CIUDAD BLANCA","CORTO",NA,"No","Punto movil",NA,NA,NA,NA,NA,NA,NA,NA,NA,NA,NA,NA,NA,NA,"Complete","-16.425776","-71.492458","-16.426168","-71.494619"
"522",525,NA,"2024-07-13 18:19:26","15","Valle encantado",7,157,2024-07-13,1,"08:38","08:40",1,"","09:07",NA,2,78,NA,NA,NA,NA,NA,"",NA,NA,NA,NA,NA,NA,NA,"",NA,NA,NA,NA,NA,NA,NA,NA,NA,NA,NA,NA,NA,3,2,91,18,NA,NA,"",NA,NA,NA,"13:46","",91,18,109,NA,NA,NA,NA,NA,NA,NA,NA,NA,NA,2,"MR. CIUDAD BLANCA","DETALLADO","1, Bus",NA,"Punto movil",NA,NA,NA,NA,NA,NA,NA,NA,NA,NA,"indicacion verbal (reportar en whats app)","NO",NA,NA,"Complete","-16.424271","-71.490495","-16.425717","-71.487598"
"523",526,NA,"2024-07-13 18:20:43","15","Centro de salud san juan",8,158,2024-07-13,2,"","",NA,"","",2,2,NA,NA,NA,NA,NA,NA,"",NA,NA,NA,NA,NA,NA,NA,"",NA,NA,NA,NA,NA,NA,NA,NA,NA,NA,NA,NA,NA,NA,NA,76,15,NA,NA,"",NA,NA,NA,"","Numero de gatos no seguro",76,15,91,NA,NA,NA,NA,NA,NA,NA,NA,NA,NA,2,"MR. CIUDAD BLANCA","CORTO",NA,"No","Punto movil",NA,NA,NA,NA,NA,NA,NA,NA,NA,NA,NA,NA,NA,NA,"Complete","-16.414530","-71.482104","",""
"524",527,NA,"2024-07-13 18:22:52","15","Posada de cristo ",9,159,2024-07-13,1,"08:50","09:00",2,"","09:12",NA,2,75,NA,NA,NA,NA,NA,"",NA,NA,NA,NA,NA,NA,NA,"",NA,NA,NA,NA,NA,NA,NA,NA,NA,NA,NA,NA,NA,3,2,118,21,NA,NA,"",NA,NA,NA,"14:15","Material incompleto termo no habia",118,21,139,NA,NA,NA,NA,NA,NA,NA,NA,NA,NA,2,"MR. CIUDAD BLANCA","DETALLADO","2. Camioneta/Auto",NA,"Punto movil",NA,NA,NA,NA,NA,NA,NA,NA,NA,NA,"indicacion verbal (reportar en whats app)","NO",NA,NA,"Complete","-16.411958","-71.475738","",""
"525",528,NA,"2024-07-13 18:25:23","15","Mercado israel",10,1510,2024-07-13,1,"08:40","08:50",2,"","09:00",NA,2,73,NA,NA,NA,NA,NA,"",NA,NA,NA,NA,NA,NA,NA,"",NA,NA,NA,NA,NA,NA,NA,NA,NA,NA,NA,NA,NA,3,2,110,10,NA,NA,"",NA,NA,NA,"14:00","",110,10,120,NA,NA,NA,NA,NA,NA,NA,NA,NA,NA,2,"MR. CIUDAD BLANCA","DETALLADO","2. Camioneta/Auto",NA,"Punto movil",NA,NA,NA,NA,NA,NA,NA,NA,NA,NA,"indicacion verbal (reportar en whats app)","NO",NA,NA,"Complete","-16.416450","-71.493874","-16.416450","-71.493874"
"526",529,NA,"2024-07-13 18:27:17","15","Comite 24 loza deportiva",11,1511,2024-07-13,1,"08:30","08:54",2,"","09:05",NA,2,26,NA,NA,NA,NA,NA,"",NA,NA,NA,NA,NA,NA,NA,"",NA,NA,NA,NA,NA,NA,NA,NA,NA,NA,NA,NA,NA,3,2,81,4,NA,NA,"",NA,NA,NA,"14:10","",81,4,85,NA,NA,NA,NA,NA,NA,NA,NA,NA,NA,2,"MR. CIUDAD BLANCA","DETALLADO","2. Camioneta/Auto",NA,"Punto movil",NA,NA,NA,NA,NA,NA,NA,NA,NA,NA,"indicacion verbal (reportar en whats app)","NO",NA,NA,"Complete","-16.414943","-71.478608","-16.415309","-71.477819"
"527",530,NA,"2024-07-13 18:29:32","15","A.H Mariscal nieto",12,1512,2024-07-13,1,"08:53","08:56",1,"","09:05",NA,2,27,NA,NA,NA,NA,NA,"",NA,NA,NA,NA,NA,NA,NA,"",NA,NA,NA,NA,NA,NA,NA,NA,NA,NA,NA,NA,NA,3,2,83,40,NA,NA,"",NA,NA,NA,"14:07","Mi anotadora se retiro a las 12 por motivos de estudio",83,40,123,NA,NA,NA,NA,NA,NA,NA,NA,NA,NA,2,"MR. CIUDAD BLANCA","DETALLADO","1, Bus",NA,"Punto movil",NA,NA,NA,NA,NA,NA,NA,NA,NA,NA,"indicacion verbal (reportar en whats app)","NO",NA,NA,"Complete","-16.413612","-71.480968","-16.413415","-71.481357"
"528",531,NA,"2024-07-13 18:31:17","15","I.E. Heroes del pacifico",13,1513,2024-07-13,1,"08:31","08:45",1,"","08:55",NA,2,74,NA,NA,NA,NA,NA,"",NA,NA,NA,NA,NA,NA,NA,"",NA,NA,NA,NA,NA,NA,NA,NA,NA,NA,NA,NA,NA,3,2,132,10,NA,NA,"",NA,NA,NA,"14:15","Se vacuno 20 perros sin carnets",132,10,142,NA,NA,NA,NA,NA,NA,NA,NA,NA,NA,2,"MR. CIUDAD BLANCA","DETALLADO","1, Bus",NA,"Punto movil",NA,NA,NA,NA,NA,NA,NA,NA,NA,NA,"indicacion verbal (reportar en whats app)","NO",NA,NA,"Complete","-16.419936","-71.483800","",""
"529",532,NA,"2024-07-13 18:33:03","15","Cerrito verde",14,1514,2024-07-13,2,"","",NA,"","",2,2,NA,NA,NA,NA,NA,NA,"",NA,NA,NA,NA,NA,NA,NA,"",NA,NA,NA,NA,NA,NA,NA,NA,NA,NA,NA,NA,NA,NA,NA,53,8,NA,NA,"",NA,NA,NA,"","",53,8,61,NA,NA,NA,NA,NA,NA,NA,NA,NA,NA,2,"MR. CIUDAD BLANCA","CORTO",NA,"No","Punto movil",NA,NA,NA,NA,NA,NA,NA,NA,NA,NA,NA,NA,NA,NA,"Complete","-16.416658","-71.474904","",""
"530",533,NA,"2024-07-13 18:37:37","19","Cural",NA,NA,2024-07-13,1,"08:00","08:10",1,"","08:40",NA,2,NA,NA,NA,NA,NA,NA,"",NA,NA,NA,NA,NA,NA,NA,"",NA,NA,NA,NA,NA,NA,NA,NA,NA,NA,NA,NA,NA,3,1,30,1,NA,NA,"",NA,NA,NA,"13:32","",30,1,31,NA,NA,NA,NA,NA,NA,NA,NA,NA,NA,2,"MR. MARISCAL CASTILLA","DETALLADO","1, Bus",NA,"Punto movil",NA,NA,NA,NA,NA,NA,NA,NA,NA,NA,"indicacion verbal (reportar en whats app)","SI",NA,NA,"Complete","-16.387516","-71.620380","-16.385862","-71.622706"
"531",534,NA,"2024-07-13 18:41:13","19","Cural",2,192,2024-07-13,1,"08:00","08:10",1,"","08:49",NA,2,NA,NA,NA,NA,NA,NA,"",NA,NA,NA,NA,NA,NA,NA,"",NA,NA,NA,NA,NA,NA,NA,NA,NA,NA,NA,NA,NA,3,1,34,3,NA,NA,"",NA,NA,NA,"13:32","Grupos cercas",34,3,37,NA,NA,NA,NA,NA,NA,NA,NA,NA,NA,2,"MR. MARISCAL CASTILLA","DETALLADO","1, Bus",NA,"Punto movil",NA,NA,NA,NA,NA,NA,NA,NA,NA,NA,"indicacion verbal (reportar en whats app)","SI",NA,NA,"Complete","-16.382485","-71.619236","-16.384985","-71.619262"
"532",535,NA,"2024-07-13 18:44:58","19","Crucero la estrella",3,193,2024-07-13,1,"08:00","08:06",1,"","08:53",NA,2,43,NA,NA,NA,NA,NA,"",NA,NA,NA,NA,NA,NA,NA,"",NA,NA,NA,NA,NA,NA,NA,NA,NA,NA,NA,NA,NA,3,2,44,NA,NA,NA,"",NA,NA,NA,"12:30","",44,NA,44,NA,NA,NA,NA,NA,NA,NA,NA,NA,NA,2,"MR. MARISCAL CASTILLA","DETALLADO","1, Bus",NA,"Punto movil",NA,NA,NA,NA,NA,NA,NA,NA,NA,NA,"indicacion verbal (reportar en whats app)","NO",NA,NA,"Complete","-16.383843","-71.622728","-16.384863","-71.623367"
"533",536,NA,"2024-07-13 18:52:50","19","El cural",4,194,2024-07-13,1,"08:00","08:10",1,"","09:10",NA,2,24,NA,NA,NA,NA,NA,"",NA,NA,NA,NA,NA,NA,NA,"",NA,NA,NA,NA,NA,NA,NA,NA,NA,NA,NA,NA,NA,3,2,43,7,NA,NA,"",NA,NA,NA,"12:30","",43,7,50,NA,NA,NA,NA,NA,NA,NA,NA,NA,NA,2,"MR. MARISCAL CASTILLA","DETALLADO","1, Bus",NA,"Punto movil",NA,NA,NA,NA,NA,NA,NA,NA,NA,NA,"indicacion verbal (reportar en whats app)","NO",NA,NA,"Complete","-16.381569","-71.626964","-16.381559","-71.627508"
"534",537,NA,"2024-07-13 18:54:58","19","Cural",5,195,2024-07-13,2,"","",NA,"","",2,1,NA,NA,50,0,NA,NA,"",NA,NA,NA,NA,NA,NA,NA,"",NA,NA,NA,NA,NA,NA,NA,NA,NA,NA,NA,NA,NA,NA,NA,NA,NA,NA,NA,"",NA,NA,NA,"","",50,0,50,NA,NA,NA,NA,NA,NA,NA,NA,NA,NA,2,"MR. MARISCAL CASTILLA","CORTO",NA,"No","Punto fijo",NA,NA,NA,NA,NA,NA,NA,NA,NA,NA,NA,NA,NA,NA,"Complete","-16.379971","-71.630096","",""
"535",538,NA,"2024-07-13 18:56:38","19","Cural",6,196,2024-07-13,1,"08:00","08:10",1,"","08:55",NA,2,45,NA,NA,NA,NA,NA,"",NA,NA,NA,NA,NA,NA,NA,"",NA,NA,NA,NA,NA,NA,NA,NA,NA,NA,NA,NA,NA,1,1,27,7,NA,NA,"",NA,NA,NA,"13:40","",27,7,34,NA,NA,NA,NA,NA,NA,NA,NA,NA,NA,2,"MR. MARISCAL CASTILLA","DETALLADO","1, Bus",NA,"Punto movil",NA,NA,NA,NA,NA,NA,NA,NA,NA,NA,"Mapa con zona delimitada","SI",NA,NA,"Complete","-16.377326","-71.629957","",""
"536",539,NA,"2024-07-13 18:58:01","19","Cural",7,197,2024-07-13,1,"08:00","08:15",1,"","09:00",NA,2,NA,NA,NA,NA,NA,NA,"",NA,NA,NA,NA,NA,NA,NA,"",NA,NA,NA,NA,NA,NA,NA,NA,NA,NA,NA,NA,NA,2,2,60,4,NA,NA,"",NA,NA,NA,"12:30","",60,4,64,NA,NA,NA,NA,NA,NA,NA,NA,NA,NA,2,"MR. MARISCAL CASTILLA","DETALLADO","1, Bus",NA,"Punto movil",NA,NA,NA,NA,NA,NA,NA,NA,NA,NA,"Mapa con recorrido de inicio a fin","NO",NA,NA,"Complete","-16.379823","-71.628993","",""
"537",540,NA,"2024-07-13 19:00:07","19","San pedro San pablo",8,198,2024-07-13,1,"07:50","08:09",1,"","09:00",NA,1,NA,NA,28,2,2,NA,"",NA,NA,NA,NA,NA,NA,NA,"",NA,NA,NA,NA,NA,NA,NA,NA,NA,NA,NA,NA,NA,NA,NA,NA,NA,NA,NA,"",NA,NA,NA,"13:20","",28,2,30,NA,NA,NA,NA,NA,NA,NA,NA,NA,NA,2,"MR. MARISCAL CASTILLA","DETALLADO","1, Bus",NA,"Punto fijo",NA,"NO",NA,NA,NA,NA,NA,NA,NA,NA,NA,NA,NA,NA,"Complete","-16.372976","-71.628547","-16.377618","-71.630775"
"538",541,NA,"2024-07-13 19:04:49","19","",9,199,2024-07-13,1,"08:05","08:15",1,"","09:14",NA,1,NA,NA,45,3,2,NA,"",NA,NA,NA,NA,NA,NA,NA,"",NA,NA,NA,NA,NA,NA,NA,NA,NA,NA,NA,NA,NA,NA,NA,NA,NA,NA,NA,"",NA,NA,NA,"13:05","",45,3,48,NA,NA,NA,NA,NA,NA,NA,NA,NA,NA,2,"MR. MARISCAL CASTILLA","DETALLADO","1, Bus",NA,"Punto fijo",NA,"NO",NA,NA,NA,NA,NA,NA,NA,NA,NA,NA,NA,NA,"Complete","-16.377642","-71.630889","-16.377597","-71.630820"
"539",542,NA,"2024-07-13 19:05:37","19","",10,1910,2024-07-13,2,"","",NA,"","",2,2,NA,NA,NA,NA,NA,NA,"",NA,NA,NA,NA,NA,NA,NA,"",NA,NA,NA,NA,NA,NA,NA,NA,NA,NA,NA,NA,NA,NA,NA,82,0,NA,NA,"",NA,NA,NA,"","",82,0,82,NA,NA,NA,NA,NA,NA,NA,NA,NA,NA,2,"MR. MARISCAL CASTILLA","CORTO",NA,"No","Punto movil",NA,NA,NA,NA,NA,NA,NA,NA,NA,NA,NA,NA,NA,NA,"Complete","-16.392501","-71.575878","-16.389635","-71.574769"
"540",543,NA,"2024-07-13 19:07:16","19","Centro de salud semirural pachacutec",11,1911,2024-07-13,1,"07:59","08:35",1,"","08:40",NA,2,NA,NA,NA,NA,NA,NA,"",NA,NA,NA,NA,NA,NA,NA,"",NA,NA,NA,NA,NA,NA,NA,NA,NA,NA,NA,NA,NA,3,1,50,0,NA,NA,"",NA,NA,NA,"13:15","",50,0,50,NA,NA,NA,NA,NA,NA,NA,NA,NA,NA,2,"MR. MARISCAL CASTILLA","DETALLADO","1, Bus",NA,"Punto movil",NA,NA,NA,NA,NA,NA,NA,NA,NA,NA,"indicacion verbal (reportar en whats app)","SI",NA,NA,"Complete","-16.394119","-71.572755","",""
"541",544,NA,"2024-07-13 19:08:06","19","Av peru",12,1912,2024-07-13,2,"","",NA,"","",2,2,NA,NA,NA,NA,NA,NA,"",NA,NA,NA,NA,NA,NA,NA,"",NA,NA,NA,NA,NA,NA,NA,NA,NA,NA,NA,NA,NA,NA,NA,100,0,NA,NA,"",NA,NA,NA,"","",100,0,100,NA,NA,NA,NA,NA,NA,NA,NA,NA,NA,2,"MR. MARISCAL CASTILLA","CORTO",NA,"No","Punto movil",NA,NA,NA,NA,NA,NA,NA,NA,NA,NA,NA,NA,NA,NA,"Complete","-16.387282","-71.576110","",""
"542",545,NA,"2024-07-13 19:08:54","19","Av los incas",13,1913,2024-07-13,2,"","",NA,"","",2,2,NA,NA,NA,NA,NA,NA,"",NA,NA,NA,NA,NA,NA,NA,"",NA,NA,NA,NA,NA,NA,NA,NA,NA,NA,NA,NA,NA,NA,NA,69,28,NA,NA,"",NA,NA,NA,"","",69,28,97,NA,NA,NA,NA,NA,NA,NA,NA,NA,NA,2,"MR. MARISCAL CASTILLA","CORTO",NA,"No","Punto movil",NA,NA,NA,NA,NA,NA,NA,NA,NA,NA,NA,NA,NA,NA,"Complete","-16.384942","-71.570450","",""
"543",546,NA,"2024-07-13 19:09:44","19","Polleria romancero",14,1914,2024-07-13,2,"","",NA,"","",2,2,NA,NA,NA,NA,NA,NA,"",NA,NA,NA,NA,NA,NA,NA,"",NA,NA,NA,NA,NA,NA,NA,NA,NA,NA,NA,NA,NA,NA,NA,52,0,NA,NA,"",NA,NA,NA,"","",52,0,52,NA,NA,NA,NA,NA,NA,NA,NA,NA,NA,2,"MR. MARISCAL CASTILLA","CORTO",NA,"No","Punto movil",NA,NA,NA,NA,NA,NA,NA,NA,NA,NA,NA,NA,NA,NA,"Complete","-16.402031","-71.573375","",""
"544",547,NA,"2024-07-13 19:10:37","19","Calle santa rosa",15,1915,2024-07-13,2,"","",NA,"","",2,1,NA,NA,100,0,NA,NA,"",NA,NA,NA,NA,NA,NA,NA,"",NA,NA,NA,NA,NA,NA,NA,NA,NA,NA,NA,NA,NA,NA,NA,NA,NA,NA,NA,"",NA,NA,NA,"","",100,0,100,NA,NA,NA,NA,NA,NA,NA,NA,NA,NA,2,"MR. MARISCAL CASTILLA","CORTO",NA,"No","Punto fijo",NA,NA,NA,NA,NA,NA,NA,NA,NA,NA,NA,NA,NA,NA,"Complete","-16.392976","-71.571506","",""
"545",548,NA,"2024-07-13 19:12:27","19","Colegio san mateo",16,1916,2024-07-13,1,"08:00","08:15",1,"","08:47",NA,2,NA,NA,NA,NA,NA,NA,"",NA,NA,NA,NA,NA,NA,NA,"",NA,NA,NA,NA,NA,NA,NA,NA,NA,NA,NA,NA,NA,3,2,22,2,NA,NA,"",NA,NA,NA,"12:57","",22,2,24,NA,NA,NA,NA,NA,NA,NA,NA,NA,NA,2,"MR. MARISCAL CASTILLA","DETALLADO","1, Bus",NA,"Punto movil",NA,NA,NA,NA,NA,NA,NA,NA,NA,NA,"indicacion verbal (reportar en whats app)","NO",NA,NA,"Complete","-16.386133","-71.577368","-16.387815","-71.576982"
"546",549,NA,"2024-07-13 19:14:07","19","Colegio inicial semi rural pachacutec",17,1917,2024-07-13,1,"07:00","07:30",2,"","07:35",NA,2,NA,NA,NA,NA,NA,NA,"",NA,NA,NA,NA,NA,NA,NA,"",NA,NA,NA,NA,NA,NA,NA,NA,NA,NA,NA,NA,NA,1,1,53,0,NA,NA,"",NA,NA,NA,"13:36","",53,0,53,NA,NA,NA,NA,NA,NA,NA,NA,NA,NA,2,"MR. MARISCAL CASTILLA","DETALLADO","2. Camioneta/Auto",NA,"Punto movil",NA,NA,NA,NA,NA,NA,NA,NA,NA,NA,"Mapa con zona delimitada","SI",NA,NA,"Complete","-16.394139","-71.578002","-16.394187","-71.577216"
"547",550,NA,"2024-07-13 19:14:48","19","",18,1918,2024-07-13,2,"","",NA,"","",2,2,NA,NA,NA,NA,NA,NA,"",NA,NA,NA,NA,NA,NA,NA,"",NA,NA,NA,NA,NA,NA,NA,NA,NA,NA,NA,NA,NA,NA,NA,92,NA,NA,NA,"",NA,NA,NA,"","",92,NA,92,NA,NA,NA,NA,NA,NA,NA,NA,NA,NA,2,"MR. MARISCAL CASTILLA","CORTO",NA,"No","Punto movil",NA,NA,NA,NA,NA,NA,NA,NA,NA,NA,NA,NA,NA,NA,"Complete","-16.392039","-71.575781","-16.392079","-71.574844"
"548",551,NA,"2024-07-14 16:18:26","19","",1,191,2024-07-14,1,"08:15","08:25",1,"","08:32",NA,1,50,NA,27,3,1,1,"10:40",2,NA,NA,59,7,2,NA,"",NA,NA,NA,NA,NA,NA,NA,NA,NA,NA,NA,NA,NA,NA,NA,NA,NA,NA,NA,"",NA,NA,NA,"12:46","Nos dejaron los puntos cerca",86,10,96,NA,NA,NA,NA,NA,NA,NA,NA,NA,NA,2,"MR. MARISCAL CASTILLA","DETALLADO","1, Bus",NA,"Punto fijo",NA,"SI","Microred","Cambiamos a Punto movil","NO",NA,NA,NA,NA,NA,NA,NA,NA,NA,"Complete","-16.401649","-71.567034","-16.398844","-71.567135"
"549",552,NA,"2024-07-14 16:23:46","19","",8,198,2024-07-14,1,"08:00","08:20",1,"","08:50",NA,1,NA,NA,111,16,2,NA,"",NA,NA,NA,NA,NA,NA,NA,"",NA,NA,NA,NA,NA,NA,NA,NA,NA,NA,NA,NA,NA,NA,NA,NA,NA,NA,NA,"",NA,NA,NA,"12:35","No contabamos con vacunas y una persona nos hizo problemas porque penso que no queriamos vacunar a sus perros",111,16,127,NA,NA,NA,NA,NA,NA,NA,NA,NA,NA,2,"MR. MARISCAL CASTILLA","DETALLADO","1, Bus",NA,"Punto fijo",NA,"NO",NA,NA,NA,NA,NA,NA,NA,NA,NA,NA,NA,NA,"Complete","-16.389763","-71.568124","-16.387086","-71.567884"
"550",553,NA,"2024-07-14 16:24:48","19","",2,192,2024-07-14,1,"08:10","08:15",1,"","08:30",NA,1,NA,NA,3,0,1,3,"09:00",2,NA,NA,56,5,2,NA,"",NA,NA,NA,NA,NA,NA,NA,NA,NA,NA,NA,NA,NA,NA,NA,NA,NA,NA,NA,"",NA,NA,NA,"12:43","",59,5,64,NA,NA,NA,NA,NA,NA,NA,NA,NA,NA,2,"MR. MARISCAL CASTILLA","DETALLADO","1, Bus",NA,"Punto fijo",NA,"SI","Yo mismo","Cambiamos a Punto movil","NO",NA,NA,NA,NA,NA,NA,NA,NA,NA,"Complete","-16.399492","-71.570410","-16.397386","-71.569435"
"551",554,NA,"2024-07-14 16:26:09","19","Mercado de san martin de porres",9,199,2024-07-14,1,"08:15","08:30",1,"","08:43",NA,1,56,NA,49,1,1,2,"11:00",2,NA,NA,30,4,2,NA,"",NA,NA,NA,NA,NA,NA,NA,NA,NA,NA,NA,NA,NA,NA,NA,NA,NA,NA,NA,"",NA,NA,NA,"12:28","",79,5,84,NA,NA,NA,NA,NA,NA,NA,NA,NA,NA,2,"MR. MARISCAL CASTILLA","DETALLADO","1, Bus",NA,"Punto fijo",NA,"SI","Municipio","Cambiamos a Punto movil","NO",NA,NA,NA,NA,NA,NA,NA,NA,NA,"Complete","-16.392810","-71.568362","-16.390277","-71.567982"
"552",555,NA,"2024-07-14 16:27:15","19","",3,193,2024-07-14,1,"08:10","08:20",1,"","08:40",NA,1,53,NA,35,5,2,NA,"",NA,NA,NA,NA,NA,NA,NA,"",NA,NA,NA,NA,NA,NA,NA,NA,NA,NA,NA,NA,NA,NA,NA,NA,NA,NA,NA,"",NA,NA,NA,"12:35","",35,5,40,NA,NA,NA,NA,NA,NA,NA,NA,NA,NA,2,"MR. MARISCAL CASTILLA","DETALLADO","1, Bus",NA,"Punto fijo",NA,"NO",NA,NA,NA,NA,NA,NA,NA,NA,NA,NA,NA,NA,"Complete","-16.402292","-71.569827","-16.400510","-71.569922"
"553",556,NA,"2024-07-14 16:27:44","19","",11,1911,2024-07-14,2,"","",NA,"","",2,1,NA,NA,77,0,NA,NA,"",NA,NA,NA,NA,NA,NA,NA,"",NA,NA,NA,NA,NA,NA,NA,NA,NA,NA,NA,NA,NA,NA,NA,NA,NA,NA,NA,"",NA,NA,NA,"","",77,0,77,NA,NA,NA,NA,NA,NA,NA,NA,NA,NA,2,"MR. MARISCAL CASTILLA","CORTO",NA,"No","Punto fijo",NA,NA,NA,NA,NA,NA,NA,NA,NA,NA,NA,NA,NA,NA,"Complete","-16.393880","-71.560414","",""
"554",557,NA,"2024-07-14 16:32:12","19","",12,1912,2024-07-14,2,"","",NA,"","",2,1,NA,NA,64,0,NA,NA,"",NA,NA,NA,NA,NA,NA,NA,"",NA,NA,NA,NA,NA,NA,NA,NA,NA,NA,NA,NA,NA,NA,NA,NA,NA,NA,NA,"",NA,NA,NA,"","",64,0,64,NA,NA,NA,NA,NA,NA,NA,NA,NA,NA,2,"MR. MARISCAL CASTILLA","CORTO",NA,"No","Punto fijo",NA,NA,NA,NA,NA,NA,NA,NA,NA,NA,NA,NA,NA,NA,"Complete","-16.403546","-71.569653","",""
"555",558,NA,"2024-07-14 16:32:33","19","",4,194,2024-07-14,1,"08:18","08:30",1,"","08:40",NA,2,47,NA,NA,NA,NA,NA,"",NA,NA,NA,NA,NA,NA,NA,"",NA,NA,NA,NA,NA,NA,NA,NA,NA,NA,NA,NA,NA,3,2,77,17,NA,NA,"",NA,NA,NA,"13:26","a las 12:00 me dejo el anotador del municipio y cuando llegue al centro de salud lo encontre aqui ",77,17,94,NA,NA,NA,NA,NA,NA,NA,NA,NA,NA,2,"MR. MARISCAL CASTILLA","DETALLADO","1, Bus",NA,"Punto movil",NA,NA,NA,NA,NA,NA,NA,NA,NA,NA,"indicacion verbal (reportar en whats app)","NO",NA,NA,"Complete","-16.392542","-71.561477","-16.392396","-71.562551"
"556",559,NA,"2024-07-14 16:33:11","19","",13,1913,2024-07-14,2,"","",NA,"","",2,1,NA,NA,100,0,NA,NA,"",NA,NA,NA,NA,NA,NA,NA,"",NA,NA,NA,NA,NA,NA,NA,NA,NA,NA,NA,NA,NA,NA,NA,NA,NA,NA,NA,"",NA,NA,NA,"","",100,0,100,NA,NA,NA,NA,NA,NA,NA,NA,NA,NA,2,"MR. MARISCAL CASTILLA","CORTO",NA,"No","Punto fijo",NA,NA,NA,NA,NA,NA,NA,NA,NA,NA,NA,NA,NA,NA,"Complete","-16.389467","-71.569920","",""
"557",560,NA,"2024-07-14 16:34:00","19","",15,1915,2024-07-14,2,"","",NA,"","",2,1,NA,NA,103,0,NA,NA,"",NA,NA,NA,NA,NA,NA,NA,"",NA,NA,NA,NA,NA,NA,NA,NA,NA,NA,NA,NA,NA,NA,NA,NA,NA,NA,NA,"",NA,NA,NA,"","",103,0,103,NA,NA,NA,NA,NA,NA,NA,NA,NA,NA,2,"MR. MARISCAL CASTILLA","CORTO",NA,"No","Punto fijo",NA,NA,NA,NA,NA,NA,NA,NA,NA,NA,NA,NA,NA,NA,"Complete","-16.386800","-71.567159","-16.394305","-71.568209"
"558",561,NA,"2024-07-14 16:34:56","19","",16,1916,2024-07-14,2,"","",NA,"","",2,1,NA,NA,81,0,NA,NA,"",NA,NA,NA,NA,NA,NA,NA,"",NA,NA,NA,NA,NA,NA,NA,NA,NA,NA,NA,NA,NA,NA,NA,NA,NA,NA,NA,"",NA,NA,NA,"","",81,0,81,NA,NA,NA,NA,NA,NA,NA,NA,NA,NA,2,"MR. MARISCAL CASTILLA","CORTO",NA,"No","Punto fijo",NA,NA,NA,NA,NA,NA,NA,NA,NA,NA,NA,NA,NA,NA,"Complete","-16.389239","-71.568949","",""
"559",562,NA,"2024-07-14 16:35:11","19","",5,195,2024-07-14,1,"08:18","08:40",1,"","09:15",NA,1,45,NA,85,5,2,NA,"",NA,NA,NA,NA,NA,NA,NA,"",NA,NA,NA,NA,NA,NA,NA,NA,NA,NA,NA,NA,NA,NA,NA,NA,NA,NA,NA,"",NA,NA,NA,"12:33","",85,5,90,NA,NA,NA,NA,NA,NA,NA,NA,NA,NA,2,"MR. MARISCAL CASTILLA","DETALLADO","1, Bus",NA,"Punto fijo",NA,"NO",NA,NA,NA,NA,NA,NA,NA,NA,NA,NA,NA,NA,"Complete","-16.394777","-71.565982","",""
"560",563,NA,"2024-07-14 16:35:47","19","",17,1917,2024-07-14,2,"","",NA,"","",2,1,NA,NA,104,0,NA,NA,"",NA,NA,NA,NA,NA,NA,NA,"",NA,NA,NA,NA,NA,NA,NA,NA,NA,NA,NA,NA,NA,NA,NA,NA,NA,NA,NA,"",NA,NA,NA,"","",104,0,104,NA,NA,NA,NA,NA,NA,NA,NA,NA,NA,2,"MR. MARISCAL CASTILLA","CORTO",NA,"No","Punto fijo",NA,NA,NA,NA,NA,NA,NA,NA,NA,NA,NA,NA,NA,NA,"Complete","-16.385548","-71.568216","-16.403096","-71.568743"
"561",564,NA,"2024-07-14 16:36:42","19","",18,1918,2024-07-14,2,"","",NA,"","",2,1,NA,NA,33,0,NA,NA,"",NA,NA,NA,NA,NA,NA,NA,"",NA,NA,NA,NA,NA,NA,NA,NA,NA,NA,NA,NA,NA,NA,NA,NA,NA,NA,NA,"",NA,NA,NA,"","",33,0,33,NA,NA,NA,NA,NA,NA,NA,NA,NA,NA,2,"MR. MARISCAL CASTILLA","CORTO",NA,"No","Punto fijo",NA,NA,NA,NA,NA,NA,NA,NA,NA,NA,NA,NA,NA,NA,"Complete","-16.393291","-71.568119","",""
"562",565,NA,"2024-07-14 16:37:32","19","",6,196,2024-07-14,1,"08:20","08:35",1,"","08:40",NA,1,49,NA,0,0,1,1,"08:45",2,NA,NA,80,5,2,NA,"",NA,NA,NA,NA,NA,NA,NA,NA,NA,NA,NA,NA,NA,NA,NA,NA,NA,NA,NA,"",NA,NA,NA,"13:35","",80,5,85,NA,NA,NA,NA,NA,NA,NA,NA,NA,NA,2,"MR. MARISCAL CASTILLA","DETALLADO","1, Bus",NA,"Punto fijo",NA,"SI","Microred","Cambiamos a Punto movil","NO",NA,NA,NA,NA,NA,NA,NA,NA,NA,"Complete","-16.390840","-71.565765","",""
"563",566,NA,"2024-07-14 17:50:28","15","A.h Huacsapata",8,158,2024-07-14,2,"","",NA,"","",2,1,NA,NA,128,4,NA,NA,"",NA,NA,NA,NA,NA,NA,NA,"",NA,NA,NA,NA,NA,NA,NA,NA,NA,NA,NA,NA,NA,NA,NA,NA,NA,NA,NA,"",NA,NA,NA,"","",128,4,132,NA,NA,NA,NA,NA,NA,NA,NA,NA,NA,2,"MR. CIUDAD BLANCA","CORTO",NA,"No","Punto fijo",NA,NA,NA,NA,NA,NA,NA,NA,NA,NA,NA,NA,NA,NA,"Complete","-16.429579","-71.481506","",""
"564",567,NA,"2024-07-14 17:53:02","15","A. H. Virgen del Carmen",1,151,2024-07-14,1,"08:10","08:20",1,"","08:40",NA,2,72,NA,NA,NA,NA,NA,"",NA,NA,NA,NA,NA,NA,NA,"",NA,NA,NA,NA,NA,NA,NA,NA,NA,NA,NA,NA,NA,3,2,65,10,NA,NA,"",NA,NA,NA,"14:00","",65,10,75,NA,NA,NA,NA,NA,NA,NA,NA,NA,NA,2,"MR. CIUDAD BLANCA","DETALLADO","1, Bus",NA,"Punto movil",NA,NA,NA,NA,NA,NA,NA,NA,NA,NA,"indicacion verbal (reportar en whats app)","NO",NA,NA,"Complete","-16.417728","-71.473251","",""
"565",568,NA,"2024-07-14 17:53:30","15","San Antonio",9,159,2024-07-14,1,"08:17","08:20",1,"","08:40",NA,2,73,NA,NA,NA,NA,NA,"",NA,NA,NA,NA,NA,NA,NA,"",NA,NA,NA,NA,NA,NA,NA,NA,NA,NA,NA,NA,NA,3,2,51,9,NA,NA,"",NA,NA,NA,"13:50","",51,9,60,NA,NA,NA,NA,NA,NA,NA,NA,NA,NA,2,"MR. CIUDAD BLANCA","DETALLADO","1, Bus",NA,"Punto movil",NA,NA,NA,NA,NA,NA,NA,NA,NA,NA,"indicacion verbal (reportar en whats app)","NO",NA,NA,"Complete","-16.420195","-71.473948","-16.420183","-71.473882"
"566",569,NA,"2024-07-14 17:55:47","15","A.H. Santa Rosa",2,152,2024-07-14,1,"07:55","08:17",1,"","08:35",NA,2,40,NA,NA,NA,NA,NA,"",NA,NA,NA,NA,NA,NA,NA,"",NA,NA,NA,NA,NA,NA,NA,NA,NA,NA,NA,NA,NA,3,NA,128,12,NA,NA,"",NA,NA,NA,"14:15","",128,12,140,NA,NA,NA,NA,NA,NA,NA,NA,NA,NA,2,"MR. CIUDAD BLANCA","DETALLADO","1, Bus",NA,"Punto movil",NA,NA,NA,NA,NA,NA,NA,NA,NA,NA,"indicacion verbal (reportar en whats app)",NA,NA,NA,"Complete","-16.422199","-71.469003","-16.422982","-71.469309"
"567",570,NA,"2024-07-14 17:55:56","15","Señor de los milagros",10,1510,2024-07-14,1,"07:40","08:18",1,"","08:30",NA,2,37,NA,NA,NA,NA,NA,"",NA,NA,NA,NA,NA,NA,NA,"",NA,NA,NA,NA,NA,NA,NA,NA,NA,NA,NA,NA,NA,3,2,83,17,NA,NA,"",NA,NA,NA,"14:00","",83,17,100,NA,NA,NA,NA,NA,NA,NA,NA,NA,NA,2,"MR. CIUDAD BLANCA","DETALLADO","1, Bus",NA,"Punto movil",NA,NA,NA,NA,NA,NA,NA,NA,NA,NA,"indicacion verbal (reportar en whats app)","NO",NA,NA,"Complete","-16.418014","-71.499785","-16.424189","-71.493251"
"568",571,NA,"2024-07-14 17:59:35","15","El cebollar",11,1511,2024-07-14,1,"07:56","08:17",1,"","08:49",NA,2,29,NA,NA,NA,NA,NA,"",NA,NA,NA,NA,NA,NA,NA,"",NA,NA,NA,NA,NA,NA,NA,NA,NA,NA,NA,NA,NA,3,1,72,11,NA,NA,"",NA,NA,NA,"14:09","",72,11,83,NA,NA,NA,NA,NA,NA,NA,NA,NA,NA,2,"MR. CIUDAD BLANCA","DETALLADO","1, Bus",NA,"Punto movil",NA,NA,NA,NA,NA,NA,NA,NA,NA,NA,"indicacion verbal (reportar en whats app)","SI",NA,NA,"Complete","-16.423059","-71.471934","-16.422853","-71.477829"
"569",572,NA,"2024-07-14 18:00:12","15","Balnearios  Jesus",3,153,2024-07-14,2,"","",NA,"","",2,1,NA,NA,63,5,NA,NA,"",NA,NA,NA,NA,NA,NA,NA,"",NA,NA,NA,NA,NA,NA,NA,NA,NA,NA,NA,NA,NA,NA,NA,NA,NA,NA,NA,"",NA,NA,NA,"","",63,5,68,NA,NA,NA,NA,NA,NA,NA,NA,NA,NA,2,"MR. CIUDAD BLANCA","CORTO",NA,"No","Punto fijo",NA,NA,NA,NA,NA,NA,NA,NA,NA,NA,NA,NA,NA,NA,"Complete","-16.421718","-71.473346","-16.418346","-71.473232"
"570",573,NA,"2024-07-14 18:03:32","15","26 de Julio",4,154,2024-07-14,1,"08:15","08:20",1,"","08:30",NA,2,26,NA,NA,NA,NA,NA,"",NA,NA,NA,NA,NA,NA,NA,"",NA,NA,NA,NA,NA,NA,NA,NA,NA,NA,NA,NA,NA,3,2,65,17,NA,NA,"",NA,NA,NA,"13:51","",65,17,82,NA,NA,NA,NA,NA,NA,NA,NA,NA,NA,2,"MR. CIUDAD BLANCA","DETALLADO","1, Bus",NA,"Punto movil",NA,NA,NA,NA,NA,NA,NA,NA,NA,NA,"indicacion verbal (reportar en whats app)","NO",NA,NA,"Complete","-16.417448","-71.475105","-16.420301","-71.476128"
"571",574,NA,"2024-07-14 18:03:48","15","A.h. villa jesus",12,1512,2024-07-14,1,"07:50","08:10",1,"","08:39",NA,2,74,NA,NA,NA,NA,NA,"",NA,NA,NA,NA,NA,NA,NA,"",NA,NA,NA,NA,NA,NA,NA,NA,NA,NA,NA,NA,NA,3,2,76,17,NA,NA,"",NA,NA,NA,"12:48","",76,17,93,NA,NA,NA,NA,NA,NA,NA,NA,NA,NA,2,"MR. CIUDAD BLANCA","DETALLADO","1, Bus",NA,"Punto movil",NA,NA,NA,NA,NA,NA,NA,NA,NA,NA,"indicacion verbal (reportar en whats app)","NO",NA,NA,"Complete","-16.418143","-71.473701","-16.418378","-71.474175"
"572",575,NA,"2024-07-14 18:06:53","15","A.H Virgen de chapi",13,1513,2024-07-14,1,"07:54","08:12",1,"","09:12",NA,2,78,NA,NA,NA,NA,NA,"",NA,NA,NA,NA,NA,NA,NA,"",NA,NA,NA,NA,NA,NA,NA,NA,NA,NA,NA,NA,NA,3,2,135,11,NA,NA,"",NA,NA,NA,"13:58","",135,11,146,NA,NA,NA,NA,NA,NA,NA,NA,NA,NA,2,"MR. CIUDAD BLANCA","DETALLADO","1, Bus",NA,"Punto movil",NA,NA,NA,NA,NA,NA,NA,NA,NA,NA,"indicacion verbal (reportar en whats app)","NO",NA,NA,"Complete","-16.424335","-71.464805","",""
"573",576,NA,"2024-07-14 18:07:42","15","Nicaragua",5,155,2024-07-14,1,"07:54","08:12",1,"","08:24",NA,2,79,NA,NA,NA,NA,NA,"",NA,NA,NA,NA,NA,NA,NA,"",NA,NA,NA,NA,NA,NA,NA,NA,NA,NA,NA,NA,NA,3,2,156,8,NA,NA,"",NA,NA,NA,"14:20","",156,8,164,NA,NA,NA,NA,NA,NA,NA,NA,NA,NA,2,"MR. CIUDAD BLANCA","DETALLADO","1, Bus",NA,"Punto movil",NA,NA,NA,NA,NA,NA,NA,NA,NA,NA,"indicacion verbal (reportar en whats app)","NO",NA,NA,"Complete","-16.416629","-71.480103","-16.418079","-71.481620"
"574",577,NA,"2024-07-14 18:08:14","15","Cebollar",14,1514,2024-07-14,2,"","",NA,"","",2,1,NA,NA,127,0,NA,NA,"",NA,NA,NA,NA,NA,NA,NA,"",NA,NA,NA,NA,NA,NA,NA,NA,NA,NA,NA,NA,NA,NA,NA,NA,NA,NA,NA,"",NA,NA,NA,"","",127,0,127,NA,NA,NA,NA,NA,NA,NA,NA,NA,NA,2,"MR. CIUDAD BLANCA","CORTO",NA,"No","Punto fijo",NA,NA,NA,NA,NA,NA,NA,NA,NA,NA,NA,NA,NA,NA,"Complete","-16.428768","-71.475152","",""
"575",578,NA,"2024-07-14 18:09:07","15","Huacsapata",6,156,2024-07-14,2,"","",NA,"","",2,1,NA,NA,89,5,NA,NA,"",NA,NA,NA,NA,NA,NA,NA,"",NA,NA,NA,NA,NA,NA,NA,NA,NA,NA,NA,NA,NA,NA,NA,NA,NA,NA,NA,"",NA,NA,NA,"","",89,5,94,NA,NA,NA,NA,NA,NA,NA,NA,NA,NA,2,"MR. CIUDAD BLANCA","CORTO",NA,"No","Punto fijo",NA,NA,NA,NA,NA,NA,NA,NA,NA,NA,NA,NA,NA,NA,"Complete","-16.429408","-71.481025","-16.430971","-71.480505"
"576",579,NA,"2024-07-16 12:36:24","19","",7,197,2024-07-14,1,"08:19","08:35",1,"","09:00",NA,1,NA,NA,20,0,1,1,"10:00",1,50,0,NA,NA,1,1,"12:30",2,NA,NA,20,0,2,NA,NA,NA,NA,NA,NA,NA,NA,NA,NA,NA,NA,NA,"",NA,NA,NA,"13:00","",90,0,90,NA,NA,NA,NA,NA,NA,NA,NA,NA,NA,2,"MR. MARISCAL CASTILLA","DETALLADO","1, Bus",NA,"Punto fijo",NA,"SI","Microred","Cambiamos a Punto fijo","SI","Microred","Cambiamos a Punto movil","NO",NA,NA,NA,NA,NA,NA,"Complete","-16.392381","-71.567417","-16.391385","-71.566122"
"577",580,NA,"2024-07-16 12:38:10","19","",10,1910,2024-07-14,1,"08:25","08:27",1,"","08:30",NA,1,57,NA,0,0,1,1,"08:30",2,NA,NA,100,0,2,NA,"",NA,NA,NA,NA,NA,NA,NA,NA,NA,NA,NA,NA,NA,NA,NA,NA,NA,NA,NA,"",NA,NA,NA,"12:00","",100,0,100,NA,NA,NA,NA,NA,NA,NA,NA,NA,NA,2,"MR. MARISCAL CASTILLA","DETALLADO","1, Bus",NA,"Punto fijo",NA,"SI","Microred","Cambiamos a Punto movil","NO",NA,NA,NA,NA,NA,NA,NA,NA,NA,"Complete","-16.395821","-71.567564","-16.397575","-71.568559"
"578",581,NA,"2024-07-22 13:10:45","20","Chachani I",2,202,2024-07-21,2,"","",NA,"","",2,1,NA,NA,118,2,NA,NA,"",NA,NA,NA,NA,NA,NA,NA,"",NA,NA,NA,NA,NA,NA,NA,NA,NA,NA,NA,NA,NA,NA,NA,NA,NA,NA,NA,"",NA,NA,NA,"","",118,2,120,NA,NA,NA,NA,NA,NA,NA,NA,NA,NA,2,"MR. MARITZA CAMPOS DIAZ","CORTO",NA,"No","Punto fijo",NA,NA,NA,NA,NA,NA,NA,NA,NA,NA,NA,NA,NA,NA,"Complete","-16.316700","-71.543157","",""
"579",582,NA,"2024-07-22 13:12:01","20","Flora Tristan",3,203,2024-07-21,2,"","",NA,"","",2,1,NA,NA,35,0,NA,NA,"",NA,NA,NA,NA,NA,NA,NA,"",NA,NA,NA,NA,NA,NA,NA,NA,NA,NA,NA,NA,NA,NA,NA,NA,NA,NA,NA,"",NA,NA,NA,"","",35,0,35,NA,NA,NA,NA,NA,NA,NA,NA,NA,NA,2,"MR. MARITZA CAMPOS DIAZ","CORTO",NA,"No","Punto fijo",NA,NA,NA,NA,NA,NA,NA,NA,NA,NA,NA,NA,NA,NA,"Complete","-16.320213","-71.563067","-16.320802","-71.559327"
"580",583,NA,"2024-07-22 13:28:48","20","Fundo Cabrerias",4,204,2024-07-21,1,"08:00","08:25",1,"","08:44",NA,1,44,NA,0,0,1,1,"08:48",2,NA,NA,36,6,1,1,"12:04",2,NA,NA,6,3,2,NA,NA,NA,NA,NA,NA,NA,NA,NA,NA,NA,NA,NA,"",NA,NA,NA,"12:51","",42,9,51,NA,NA,NA,NA,NA,NA,NA,NA,NA,NA,2,"MR. MARITZA CAMPOS DIAZ","DETALLADO","1, Bus",NA,"Punto fijo",NA,"SI","Microred","Cambiamos a Punto movil","SI","Microred","Cambiamos a Punto movil","NO",NA,NA,NA,NA,NA,NA,"Complete","-16.300182","-71.544415","-16.315226","-71.552276"
"581",584,NA,"2024-07-22 13:30:13","20","Chumbivilcas",5,205,2024-07-21,2,"","",NA,"","",2,1,NA,NA,56,0,NA,NA,"",NA,NA,NA,NA,NA,NA,NA,"",NA,NA,NA,NA,NA,NA,NA,NA,NA,NA,NA,NA,NA,NA,NA,NA,NA,NA,NA,"",NA,NA,NA,"","",56,0,56,NA,NA,NA,NA,NA,NA,NA,NA,NA,NA,2,"MR. MARITZA CAMPOS DIAZ","CORTO",NA,"No","Punto fijo",NA,NA,NA,NA,NA,NA,NA,NA,NA,NA,NA,NA,NA,NA,"Complete","-16.293722","-71.545218","-16.295358","-71.545610"
"582",585,NA,"2024-07-22 13:31:32","20","28 de julio",6,206,2024-07-21,2,"","",NA,"","",2,1,NA,NA,38,11,NA,NA,"",NA,NA,NA,NA,NA,NA,NA,"",NA,NA,NA,NA,NA,NA,NA,NA,NA,NA,NA,NA,NA,NA,NA,NA,NA,NA,NA,"",NA,NA,NA,"","",38,11,49,NA,NA,NA,NA,NA,NA,NA,NA,NA,NA,2,"MR. MARITZA CAMPOS DIAZ","CORTO",NA,"No","Punto fijo",NA,NA,NA,NA,NA,NA,NA,NA,NA,NA,NA,NA,NA,NA,"Complete","-16.294178","-71.547691","-16.294178","-71.547691"
"583",586,NA,"2024-07-22 13:33:01","20","Progreso",7,207,2024-07-21,2,"","",NA,"","",2,1,NA,NA,141,0,NA,NA,"",NA,NA,NA,NA,NA,NA,NA,"",NA,NA,NA,NA,NA,NA,NA,NA,NA,NA,NA,NA,NA,NA,NA,NA,NA,NA,NA,"",NA,NA,NA,"","",141,0,141,NA,NA,NA,NA,NA,NA,NA,NA,NA,NA,2,"MR. MARITZA CAMPOS DIAZ","CORTO",NA,"No","Punto fijo",NA,NA,NA,NA,NA,NA,NA,NA,NA,NA,NA,NA,NA,NA,"Complete","-16.309810","-71.554718","-16.308235","-71.550237"
"584",587,NA,"2024-07-22 13:34:58","20","Cerrillos",8,208,2024-07-21,2,"","",NA,"","",1,1,NA,NA,100,0,NA,NA,"",NA,NA,NA,NA,NA,NA,NA,"",NA,NA,NA,NA,NA,NA,NA,NA,NA,NA,NA,NA,NA,NA,NA,NA,NA,NA,NA,"",NA,NA,NA,"","",100,0,100,NA,NA,NA,NA,NA,NA,NA,NA,NA,NA,2,"MR. MARITZA CAMPOS DIAZ","CORTO",NA,"Sí","Punto fijo",NA,NA,NA,NA,NA,NA,NA,NA,NA,NA,NA,NA,NA,NA,"Complete","-16.320375","-71.558357","",""
"585",588,NA,"2024-07-22 13:37:57","20","Cancha de tierra hernán bedoya",9,209,2024-07-21,2,"","",NA,"","",2,1,NA,NA,76,9,NA,NA,"",NA,NA,NA,NA,NA,NA,NA,"",NA,NA,NA,NA,NA,NA,NA,NA,NA,NA,NA,NA,NA,NA,NA,NA,NA,NA,NA,"",NA,NA,NA,"","",76,9,85,NA,NA,NA,NA,NA,NA,NA,NA,NA,NA,2,"MR. MARITZA CAMPOS DIAZ","CORTO",NA,"No","Punto fijo",NA,NA,NA,NA,NA,NA,NA,NA,NA,NA,NA,NA,NA,NA,"Complete","-16.319585","-71.567264","",""
"586",589,NA,"2024-07-22 13:46:44","20","Flora Tristan",10,2010,2024-07-21,2,"","",NA,"","",2,1,NA,NA,40,0,NA,NA,"",NA,NA,NA,NA,NA,NA,NA,"",NA,NA,NA,NA,NA,NA,NA,NA,NA,NA,NA,NA,NA,NA,NA,NA,NA,NA,NA,"",NA,NA,NA,"","",40,0,40,NA,NA,NA,NA,NA,NA,NA,NA,NA,NA,2,"MR. MARITZA CAMPOS DIAZ","CORTO",NA,"No","Punto fijo",NA,NA,NA,NA,NA,NA,NA,NA,NA,NA,NA,NA,NA,NA,"Complete","-16.316439","-71.558678","-16.320375","-71.558357"
"587",590,NA,"2024-07-22 13:48:01","20","Pedro. p. Diaz",12,2012,2024-07-21,2,"","",NA,"","",2,1,NA,NA,112,0,NA,NA,"",NA,NA,NA,NA,NA,NA,NA,"",NA,NA,NA,NA,NA,NA,NA,NA,NA,NA,NA,NA,NA,NA,NA,NA,NA,NA,NA,"",NA,NA,NA,"","",112,0,112,NA,NA,NA,NA,NA,NA,NA,NA,NA,NA,2,"MR. MARITZA CAMPOS DIAZ","CORTO",NA,"No","Punto fijo",NA,NA,NA,NA,NA,NA,NA,NA,NA,NA,NA,NA,NA,NA,"Complete","-16.319003","-71.558778","",""
"588",591,NA,"2024-07-22 13:50:09","20","",13,2013,2024-07-21,1,"08:16","08:40",1,"","09:20",NA,1,45,NA,60,10,2,NA,"",NA,NA,NA,NA,NA,NA,NA,"",NA,NA,NA,NA,NA,NA,NA,NA,NA,NA,NA,NA,NA,NA,NA,NA,NA,NA,NA,"",NA,NA,NA,"12:55","La señora encargada no conoce la zona",60,10,70,NA,NA,NA,NA,NA,NA,NA,NA,NA,NA,2,"MR. MARITZA CAMPOS DIAZ","DETALLADO","1, Bus",NA,"Punto fijo",NA,"NO",NA,NA,NA,NA,NA,NA,NA,NA,NA,NA,NA,NA,"Complete","-16.316456","-71.549984","-16.320707","-71.552958"
"589",592,NA,"2024-07-22 13:51:59","20","Los angeles",14,2014,2024-07-21,2,"","",NA,"","",2,1,NA,NA,144,0,NA,NA,"",NA,NA,NA,NA,NA,NA,NA,"",NA,NA,NA,NA,NA,NA,NA,NA,NA,NA,NA,NA,NA,NA,NA,NA,NA,NA,NA,"",NA,NA,NA,"","",144,0,144,NA,NA,NA,NA,NA,NA,NA,NA,NA,NA,2,"MR. MARITZA CAMPOS DIAZ","CORTO",NA,"No","Punto fijo",NA,NA,NA,NA,NA,NA,NA,NA,NA,NA,NA,NA,NA,NA,"Complete","-16.310995","-71.554769","",""
"590",593,NA,"2024-07-22 13:56:06","20","Jose maria arguedas",15,2015,2024-07-21,2,"","",NA,"","",2,1,NA,NA,52,14,NA,NA,"",NA,NA,NA,NA,NA,NA,NA,"",NA,NA,NA,NA,NA,NA,NA,NA,NA,NA,NA,NA,NA,NA,NA,NA,NA,NA,NA,"",NA,NA,NA,"","",52,14,66,NA,NA,NA,NA,NA,NA,NA,NA,NA,NA,2,"MR. MARITZA CAMPOS DIAZ","CORTO",NA,"No","Punto fijo",NA,NA,NA,NA,NA,NA,NA,NA,NA,NA,NA,NA,NA,NA,"Complete","-16.316388","-71.547716","-16.319413","-71.547693"
"591",594,NA,"2024-07-22 13:58:11","20","Abad de pierre",16,2016,2024-07-21,2,"","",NA,"","",2,1,NA,NA,107,0,NA,NA,"",NA,NA,NA,NA,NA,NA,NA,"",NA,NA,NA,NA,NA,NA,NA,NA,NA,NA,NA,NA,NA,NA,NA,NA,NA,NA,NA,"",NA,NA,NA,"","",107,0,107,NA,NA,NA,NA,NA,NA,NA,NA,NA,NA,2,"MR. MARITZA CAMPOS DIAZ","CORTO",NA,"No","Punto fijo",NA,NA,NA,NA,NA,NA,NA,NA,NA,NA,NA,NA,NA,NA,"Complete","-16.313026","-71.541195","",""
"592",595,NA,"2024-07-22 14:32:00","16","Centro de salud manuel prado",1,161,2024-07-20,2,"","",NA,"","",2,1,NA,NA,60,0,NA,NA,"",NA,NA,NA,NA,NA,NA,NA,"",NA,NA,NA,NA,NA,NA,NA,NA,NA,NA,NA,NA,NA,NA,NA,NA,NA,NA,NA,"",NA,NA,NA,"","",60,0,60,NA,NA,NA,NA,NA,NA,NA,NA,NA,NA,2,"MR. AMPLIAC. PAUCARPATA","CORTO",NA,"No","Punto fijo",NA,NA,NA,NA,NA,NA,NA,NA,NA,NA,NA,NA,NA,NA,"Complete","-16.415787","-71.512783","",""
"593",596,NA,"2024-07-22 14:33:06","16","Mercado",2,162,2024-07-20,2,"","",NA,"","",2,1,NA,NA,56,0,NA,NA,"",NA,NA,NA,NA,NA,NA,NA,"",NA,NA,NA,NA,NA,NA,NA,NA,NA,NA,NA,NA,NA,NA,NA,NA,NA,NA,NA,"",NA,NA,NA,"","",56,0,56,NA,NA,NA,NA,NA,NA,NA,NA,NA,NA,2,"MR. AMPLIAC. PAUCARPATA","CORTO",NA,"No","Punto fijo",NA,NA,NA,NA,NA,NA,NA,NA,NA,NA,NA,NA,NA,NA,"Complete","-16.412747","-71.512831","",""
"594",597,NA,"2024-07-22 14:40:08","16","15 de enero",3,163,2024-07-20,1,"08:40","08:45",4,"","09:00",NA,2,0,NA,NA,NA,NA,NA,"",NA,NA,NA,NA,NA,NA,NA,"",NA,NA,NA,NA,NA,NA,NA,NA,NA,NA,NA,NA,NA,3,2,34,5,NA,NA,"",NA,NA,NA,"13:01","",34,5,39,NA,NA,NA,NA,NA,NA,NA,NA,NA,NA,2,"MR. AMPLIAC. PAUCARPATA","DETALLADO","4. Caminando",NA,"Punto movil",NA,NA,NA,NA,NA,NA,NA,NA,NA,NA,"indicacion verbal (reportar en whats app)","NO",NA,NA,"Complete","-16.415051","-71.509487","-16.415857","-71.508041"
"595",598,NA,"2024-07-22 14:45:20","16","Av jesus",4,164,2024-07-20,1,"08:41","09:18",2,"","09:38",NA,2,50,NA,NA,NA,NA,NA,"",NA,NA,NA,NA,NA,NA,NA,"",NA,NA,NA,NA,NA,NA,NA,NA,NA,NA,NA,NA,NA,3,2,60,0,NA,NA,"",NA,NA,NA,"13:12","",60,0,60,NA,NA,NA,NA,NA,NA,NA,NA,NA,NA,2,"MR. AMPLIAC. PAUCARPATA","DETALLADO","2. Camioneta/Auto",NA,"Punto movil",NA,NA,NA,NA,NA,NA,NA,NA,NA,NA,"indicacion verbal (reportar en whats app)","NO",NA,NA,"Complete","-16.416212","-71.507998","-16.416737","-71.507044"
"596",599,NA,"2024-07-22 14:49:04","16","",5,165,2024-07-20,1,"08:29","09:02",2,"","09:24",NA,2,NA,NA,NA,NA,NA,NA,"",NA,NA,NA,NA,NA,NA,NA,"",NA,NA,NA,NA,NA,NA,NA,NA,NA,NA,NA,NA,NA,3,2,55,9,NA,NA,"",NA,NA,NA,"12:44","",55,9,64,NA,NA,NA,NA,NA,NA,NA,NA,NA,NA,2,"MR. AMPLIAC. PAUCARPATA","DETALLADO","2. Camioneta/Auto",NA,"Punto movil",NA,NA,NA,NA,NA,NA,NA,NA,NA,NA,"indicacion verbal (reportar en whats app)","NO",NA,NA,"Complete","-16.420439","-71.509031","-16.419463","-71.509216"
"597",600,NA,"2024-07-22 14:51:05","16","Iglesia de jesus maria",6,166,2024-07-20,1,"08:40","08:47",2,"","08:49",NA,2,69,NA,NA,NA,NA,NA,"",NA,NA,NA,NA,NA,NA,NA,"",NA,NA,NA,NA,NA,NA,NA,NA,NA,NA,NA,NA,NA,1,2,24,2,NA,NA,"",NA,NA,NA,"12:41","",24,2,26,NA,NA,NA,NA,NA,NA,NA,NA,NA,NA,2,"MR. AMPLIAC. PAUCARPATA","DETALLADO","2. Camioneta/Auto",NA,"Punto movil",NA,NA,NA,NA,NA,NA,NA,NA,NA,NA,"Mapa con zona delimitada","NO",NA,NA,"Complete","-16.418875","-71.511507","-16.419524","-71.512291"
"598",601,NA,"2024-07-22 14:57:20","16","",7,167,2024-07-20,1,"08:26","08:53",2,"","08:56",NA,2,79,NA,NA,NA,NA,NA,"",NA,NA,NA,NA,NA,NA,NA,"",NA,NA,NA,NA,NA,NA,NA,NA,NA,NA,NA,NA,NA,3,2,69,10,NA,NA,"",NA,NA,NA,"13:22","",69,10,79,NA,NA,NA,NA,NA,NA,NA,NA,NA,NA,2,"MR. AMPLIAC. PAUCARPATA","DETALLADO","2. Camioneta/Auto",NA,"Punto movil",NA,NA,NA,NA,NA,NA,NA,NA,NA,NA,"indicacion verbal (reportar en whats app)","NO",NA,NA,"Complete","-16.419462","-71.504215","-16.420992","-71.507164"
"599",602,NA,"2024-07-22 15:54:20","16","parque cooperativa 19",8,168,2024-07-20,1,"08:50","09:05",2,"","09:07",NA,2,0,NA,NA,NA,NA,NA,"",NA,NA,NA,NA,NA,NA,NA,"",NA,NA,NA,NA,NA,NA,NA,NA,NA,NA,NA,NA,NA,3,2,53,5,NA,NA,"",NA,NA,NA,"12:40","",53,5,58,NA,NA,NA,NA,NA,NA,NA,NA,NA,NA,2,"MR. AMPLIAC. PAUCARPATA","DETALLADO","2. Camioneta/Auto",NA,"Punto movil",NA,NA,NA,NA,NA,NA,NA,NA,NA,NA,"indicacion verbal (reportar en whats app)","NO",NA,NA,"Complete","-16.420622","-71.515244","",""
"600",603,NA,"2024-07-22 15:57:26","16","",9,169,2024-07-20,2,"","",NA,"","",2,1,NA,NA,108,9,NA,NA,"",NA,NA,NA,NA,NA,NA,NA,"",NA,NA,NA,NA,NA,NA,NA,NA,NA,NA,NA,NA,NA,NA,NA,NA,NA,NA,NA,"",NA,NA,NA,"","",108,9,117,NA,NA,NA,NA,NA,NA,NA,NA,NA,NA,2,"MR. AMPLIAC. PAUCARPATA","CORTO",NA,"No","Punto fijo",NA,NA,NA,NA,NA,NA,NA,NA,NA,NA,NA,NA,NA,NA,"Complete","-16.430798","-71.500036","",""
"601",604,NA,"2024-07-22 16:02:37","16","belaunde con malecon",11,1611,2024-07-20,1,"08:38","08:58",2,"","09:06",NA,2,74,NA,NA,NA,NA,NA,"",NA,NA,NA,NA,NA,NA,NA,"",NA,NA,NA,NA,NA,NA,NA,NA,NA,NA,NA,NA,NA,3,2,46,8,NA,NA,"",NA,NA,NA,"13:20","descordinacion por parte del centro de salud ",46,8,54,NA,NA,NA,NA,NA,NA,NA,NA,NA,NA,2,"MR. AMPLIAC. PAUCARPATA","DETALLADO","2. Camioneta/Auto",NA,"Punto movil",NA,NA,NA,NA,NA,NA,NA,NA,NA,NA,"indicacion verbal (reportar en whats app)","NO",NA,NA,"Complete","-16.423227","-71.500957","-16.424933","-71.506372"
"602",605,NA,"2024-07-22 16:07:05","16","baden",12,1612,2024-07-20,1,"08:36","09:00",2,"","09:00",NA,2,77,NA,NA,NA,NA,NA,"",NA,NA,NA,NA,NA,NA,NA,"",NA,NA,NA,NA,NA,NA,NA,NA,NA,NA,NA,NA,NA,3,2,94,3,NA,NA,"",NA,NA,NA,"13:25","",94,3,97,NA,NA,NA,NA,NA,NA,NA,NA,NA,NA,2,"MR. AMPLIAC. PAUCARPATA","DETALLADO","2. Camioneta/Auto",NA,"Punto movil",NA,NA,NA,NA,NA,NA,NA,NA,NA,NA,"indicacion verbal (reportar en whats app)","NO",NA,NA,"Complete","-16.422193","-71.499568","-16.426433","-71.501767"
"603",606,NA,"2024-07-22 16:18:10","16","parque clisa manuel prado",10,1610,2024-07-20,1,"08:30","09:00",2,"","09:05",NA,2,37,NA,NA,NA,NA,NA,"",NA,NA,NA,NA,NA,NA,NA,"",NA,NA,NA,NA,NA,NA,NA,NA,NA,NA,NA,NA,NA,3,1,44,4,NA,NA,"",NA,NA,NA,"12:43","",44,4,48,NA,NA,NA,NA,NA,NA,NA,NA,NA,NA,2,"MR. AMPLIAC. PAUCARPATA","DETALLADO","2. Camioneta/Auto",NA,"Punto movil",NA,NA,NA,NA,NA,NA,NA,NA,NA,NA,"indicacion verbal (reportar en whats app)","SI",NA,NA,"Complete","-16.419583","-71.515301","-16.415043","-71.514284"
"604",607,NA,"2024-07-22 16:20:22","16","ampliacion paucarpata",13,1613,2024-07-20,1,"08:25","08:33",2,"","08:38",NA,2,73,NA,NA,NA,NA,NA,"",NA,NA,NA,NA,NA,NA,NA,"",NA,NA,NA,NA,NA,NA,NA,NA,NA,NA,NA,NA,NA,3,2,39,3,NA,NA,"",NA,NA,NA,"13:00","",39,3,42,NA,NA,NA,NA,NA,NA,NA,NA,NA,NA,2,"MR. AMPLIAC. PAUCARPATA","DETALLADO","2. Camioneta/Auto",NA,"Punto movil",NA,NA,NA,NA,NA,NA,NA,NA,NA,NA,"indicacion verbal (reportar en whats app)","NO",NA,NA,"Complete","-16.421759","-71.500092","-16.422806","-71.503014"
"605",608,NA,"2024-07-22 16:22:52","16","ampliacion paucarpata",14,1614,2024-07-20,1,"08:25","08:33",2,"","08:40",NA,2,78,NA,NA,NA,NA,NA,"",NA,NA,NA,NA,NA,NA,NA,"",NA,NA,NA,NA,NA,NA,NA,NA,NA,NA,NA,NA,NA,3,2,69,9,NA,NA,"",NA,NA,NA,"13:01","",69,9,78,NA,NA,NA,NA,NA,NA,NA,NA,NA,NA,2,"MR. AMPLIAC. PAUCARPATA","DETALLADO","2. Camioneta/Auto",NA,"Punto movil",NA,NA,NA,NA,NA,NA,NA,NA,NA,NA,"indicacion verbal (reportar en whats app)","NO",NA,NA,"Complete","-16.419601","-71.503166","-16.423082","-71.505005"
"606",609,NA,"2024-07-22 16:25:23","16","urb. cesar vallejo",15,1615,2024-07-20,1,"08:25","08:44",2,"","08:54",NA,2,29,NA,NA,NA,NA,NA,"",NA,NA,NA,NA,NA,NA,NA,"",NA,NA,NA,NA,NA,NA,NA,NA,NA,NA,NA,NA,NA,3,2,54,12,NA,NA,"",NA,NA,NA,"13:48","",54,12,66,NA,NA,NA,NA,NA,NA,NA,NA,NA,NA,2,"MR. AMPLIAC. PAUCARPATA","DETALLADO","2. Camioneta/Auto",NA,"Punto movil",NA,NA,NA,NA,NA,NA,NA,NA,NA,NA,"indicacion verbal (reportar en whats app)","NO",NA,NA,"Complete","-16.417858","-71.504294","-16.418617","-71.505730"
"607",610,NA,"2024-07-22 16:27:13","16","centro de salud",16,1616,2024-07-20,2,"","",NA,"","",2,1,NA,NA,33,0,NA,NA,"",NA,NA,NA,NA,NA,NA,NA,"",NA,NA,NA,NA,NA,NA,NA,NA,NA,NA,NA,NA,NA,NA,NA,NA,NA,NA,NA,"",NA,NA,NA,"","",33,0,33,NA,NA,NA,NA,NA,NA,NA,NA,NA,NA,2,"MR. AMPLIAC. PAUCARPATA","CORTO",NA,"No","Punto fijo",NA,NA,NA,NA,NA,NA,NA,NA,NA,NA,NA,NA,NA,NA,"Complete","-16.427005","-71.503173","",""
"608",611,NA,"2024-07-22 16:28:32","16","nuevo peru moro de arica",17,1617,2024-07-20,2,"","",NA,"","",2,1,NA,NA,52,10,NA,NA,"",NA,NA,NA,NA,NA,NA,NA,"",NA,NA,NA,NA,NA,NA,NA,NA,NA,NA,NA,NA,NA,NA,NA,NA,NA,NA,NA,"",NA,NA,NA,"","",52,10,62,NA,NA,NA,NA,NA,NA,NA,NA,NA,NA,2,"MR. AMPLIAC. PAUCARPATA","CORTO",NA,"No","Punto fijo",NA,NA,NA,NA,NA,NA,NA,NA,NA,NA,NA,NA,NA,NA,"Complete","-16.425149","-71.498874","",""
"609",612,NA,"2024-07-22 16:33:13","16","campo marte",1,161,2024-07-21,2,"","",NA,"","",2,1,NA,NA,52,7,NA,NA,"",NA,NA,NA,NA,NA,NA,NA,"",NA,NA,NA,NA,NA,NA,NA,NA,NA,NA,NA,NA,NA,NA,NA,NA,NA,NA,NA,"",NA,NA,NA,"","",52,7,59,NA,NA,NA,NA,NA,NA,NA,NA,NA,NA,2,"MR. AMPLIAC. PAUCARPATA","CORTO",NA,"No","Punto fijo",NA,NA,NA,NA,NA,NA,NA,NA,NA,NA,NA,NA,NA,NA,"Complete","-16.427336","-71.496695","",""
"610",613,NA,"2024-07-22 16:35:44","16","parque planetaio",2,162,2024-07-21,1,"07:58","08:11",2,"","08:12",NA,1,69,NA,120,10,2,NA,"",NA,NA,NA,NA,NA,NA,NA,"",NA,NA,NA,NA,NA,NA,NA,NA,NA,NA,NA,NA,NA,NA,NA,NA,NA,NA,NA,"",NA,NA,NA,"12:42","",120,10,130,NA,NA,NA,NA,NA,NA,NA,NA,NA,NA,2,"MR. AMPLIAC. PAUCARPATA","DETALLADO","2. Camioneta/Auto",NA,"Punto fijo",NA,"NO",NA,NA,NA,NA,NA,NA,NA,NA,NA,NA,NA,NA,"Complete","-16.428276","-71.498154","",""
"611",614,NA,"2024-07-22 16:40:43","16","jiron primavera",4,164,2024-07-21,2,"","",NA,"","",2,1,NA,NA,78,15,NA,NA,"",NA,NA,NA,NA,NA,NA,NA,"",NA,NA,NA,NA,NA,NA,NA,NA,NA,NA,NA,NA,NA,NA,NA,NA,NA,NA,NA,"",NA,NA,NA,"","",78,15,93,NA,NA,NA,NA,NA,NA,NA,NA,NA,NA,2,"MR. AMPLIAC. PAUCARPATA","CORTO",NA,"No","Punto fijo",NA,NA,NA,NA,NA,NA,NA,NA,NA,NA,NA,NA,NA,NA,"Complete","-16.426716","-71.490624","",""
"612",615,NA,"2024-07-22 16:42:32","16","Av. sol",5,165,2024-07-21,2,"","",NA,"","",2,1,NA,NA,100,0,NA,NA,"",NA,NA,NA,NA,NA,NA,NA,"",NA,NA,NA,NA,NA,NA,NA,NA,NA,NA,NA,NA,NA,NA,NA,NA,NA,NA,NA,"",NA,NA,NA,"","",100,0,100,NA,NA,NA,NA,NA,NA,NA,NA,NA,NA,2,"MR. AMPLIAC. PAUCARPATA","CORTO",NA,"No","Punto fijo",NA,NA,NA,NA,NA,NA,NA,NA,NA,NA,NA,NA,NA,NA,"Complete","-16.427697","-71.493037","",""
"613",616,NA,"2024-07-22 16:44:09","16","tupac amaru",6,166,2024-07-21,2,"","",NA,"","",2,1,NA,NA,100,0,NA,NA,"",NA,NA,NA,NA,NA,NA,NA,"",NA,NA,NA,NA,NA,NA,NA,NA,NA,NA,NA,NA,NA,NA,NA,NA,NA,NA,NA,"",NA,NA,NA,"","",100,0,100,NA,NA,NA,NA,NA,NA,NA,NA,NA,NA,2,"MR. AMPLIAC. PAUCARPATA","CORTO",NA,"No","Punto fijo",NA,NA,NA,NA,NA,NA,NA,NA,NA,NA,NA,NA,NA,NA,"Complete","-16.434228","-71.486404","",""
"614",617,NA,"2024-07-22 16:49:56","16","pozo negro",3,163,2024-07-21,1,"08:10","08:15",2,"","08:24",NA,1,71,NA,32,8,1,1,"10:40",2,NA,NA,8,5,2,NA,"",NA,NA,NA,NA,NA,NA,NA,NA,NA,NA,NA,NA,NA,NA,NA,NA,NA,NA,NA,"",NA,NA,NA,"12:10","",40,13,53,NA,NA,NA,NA,NA,NA,NA,NA,NA,NA,2,"MR. AMPLIAC. PAUCARPATA","DETALLADO","2. Camioneta/Auto",NA,"Punto fijo",NA,"SI","Microred","Cambiamos a Punto movil","NO",NA,NA,NA,NA,NA,NA,NA,NA,NA,"Complete","-16.426343","-71.490027","",""
"615",618,NA,"2024-07-22 16:54:48","16","jiron los claveles",7,167,2024-07-21,1,"08:40","08:50",2,"","09:00",NA,1,75,NA,82,18,2,NA,"",NA,NA,NA,NA,NA,NA,NA,"",NA,NA,NA,NA,NA,NA,NA,NA,NA,NA,NA,NA,NA,NA,NA,NA,NA,NA,NA,"",NA,NA,NA,"12:34","",82,18,100,NA,NA,NA,NA,NA,NA,NA,NA,NA,NA,2,"MR. AMPLIAC. PAUCARPATA","DETALLADO","2. Camioneta/Auto",NA,"Punto fijo",NA,"NO",NA,NA,NA,NA,NA,NA,NA,NA,NA,NA,NA,NA,"Complete","-16.425943","-71.493385","",""
"616",619,NA,"2024-07-22 16:57:06","16","Av. jesus con Av. jiron de la luna ",8,168,2024-07-21,1,"08:06","08:15",2,"","08:18",NA,2,40,NA,NA,NA,NA,NA,"",NA,NA,NA,NA,NA,NA,NA,"",NA,NA,NA,NA,NA,NA,NA,NA,NA,NA,NA,NA,NA,3,1,46,11,NA,NA,"",NA,NA,NA,"12:25","",46,11,57,NA,NA,NA,NA,NA,NA,NA,NA,NA,NA,2,"MR. AMPLIAC. PAUCARPATA","DETALLADO","2. Camioneta/Auto",NA,"Punto movil",NA,NA,NA,NA,NA,NA,NA,NA,NA,NA,"indicacion verbal (reportar en whats app)","SI",NA,NA,"Complete","-16.422718","-71.495514","-16.427713","-71.492981"
"617",620,NA,"2024-07-22 16:58:36","16","jiron las nubes",9,169,2024-07-21,2,"","",NA,"","",2,1,NA,NA,60,0,NA,NA,"",NA,NA,NA,NA,NA,NA,NA,"",NA,NA,NA,NA,NA,NA,NA,NA,NA,NA,NA,NA,NA,NA,NA,NA,NA,NA,NA,"",NA,NA,NA,"","",60,0,60,NA,NA,NA,NA,NA,NA,NA,NA,NA,NA,2,"MR. AMPLIAC. PAUCARPATA","CORTO",NA,"No","Punto fijo",NA,NA,NA,NA,NA,NA,NA,NA,NA,NA,NA,NA,NA,NA,"Complete","-16.422696","-71.496634","",""
"618",621,NA,"2024-07-22 17:01:33","16","mariscal",10,1610,2024-07-21,1,"08:00","08:55",4,"","08:58",NA,2,27,NA,NA,NA,NA,NA,"",NA,NA,NA,NA,NA,NA,NA,"",NA,NA,NA,NA,NA,NA,NA,NA,NA,NA,NA,NA,NA,3,2,98,12,NA,NA,"",NA,NA,NA,"12:30","desorganizacion de la posta salieron tarde",98,12,110,NA,NA,NA,NA,NA,NA,NA,NA,NA,NA,2,"MR. AMPLIAC. PAUCARPATA","DETALLADO","4. Caminando",NA,"Punto movil",NA,NA,NA,NA,NA,NA,NA,NA,NA,NA,"indicacion verbal (reportar en whats app)","NO",NA,NA,"Complete","-16.426326","-71.495985","",""
"619",622,NA,"2024-07-22 17:19:58","16","los angeles sata maria I - II",12,1612,2024-07-21,2,"","",NA,"","",2,1,NA,NA,105,14,NA,NA,"",NA,NA,NA,NA,NA,NA,NA,"",NA,NA,NA,NA,NA,NA,NA,NA,NA,NA,NA,NA,NA,NA,NA,NA,NA,NA,NA,"",NA,NA,NA,"","",105,14,119,NA,NA,NA,NA,NA,NA,NA,NA,NA,NA,2,"MR. AMPLIAC. PAUCARPATA","CORTO",NA,"No","Punto fijo",NA,NA,NA,NA,NA,NA,NA,NA,NA,NA,NA,NA,NA,NA,"Complete","-16.434493","-71.482312","",""
"620",623,NA,"2024-07-22 17:26:00","16","centro de salud nueva alborada",13,1613,2024-07-21,2,"","",NA,"","",2,1,NA,NA,129,12,NA,NA,"",NA,NA,NA,NA,NA,NA,NA,"",NA,NA,NA,NA,NA,NA,NA,NA,NA,NA,NA,NA,NA,NA,NA,NA,NA,NA,NA,"",NA,NA,NA,"","",129,12,141,NA,NA,NA,NA,NA,NA,NA,NA,NA,NA,2,"MR. AMPLIAC. PAUCARPATA","CORTO",NA,"No","Punto fijo",NA,NA,NA,NA,NA,NA,NA,NA,NA,NA,NA,NA,NA,NA,"Complete","-16.433905","-71.491348","",""
"621",624,NA,"2024-07-22 17:35:48","16","texas 2000",15,1615,2024-07-21,1,"08:15","08:24",1,"","08:34",NA,1,52,NA,48,9,2,NA,"",NA,NA,NA,NA,NA,NA,NA,"",NA,NA,NA,NA,NA,NA,NA,NA,NA,NA,NA,NA,NA,NA,NA,NA,NA,NA,NA,"",NA,NA,NA,"13:00","",48,9,57,NA,NA,NA,NA,NA,NA,NA,NA,NA,NA,2,"MR. AMPLIAC. PAUCARPATA","DETALLADO","1, Bus",NA,"Punto fijo",NA,"NO",NA,NA,NA,NA,NA,NA,NA,NA,NA,NA,NA,NA,"Complete","-16.431328","-71.488686","-16.431466","-71.489081"
"622",625,NA,"2024-07-22 17:39:21","16","talleres buena vista",16,1616,2024-07-21,1,"08:40","08:45",1,"","08:55",NA,1,34,NA,10,0,1,1,"09:30",2,NA,NA,85,5,2,NA,"",NA,NA,NA,NA,NA,NA,NA,NA,NA,NA,NA,NA,NA,NA,NA,NA,NA,NA,NA,"",NA,NA,NA,"12:41","",95,5,100,NA,NA,NA,NA,NA,NA,NA,NA,NA,NA,2,"MR. AMPLIAC. PAUCARPATA","DETALLADO","1, Bus",NA,"Punto fijo",NA,"SI","Microred","Cambiamos a Punto movil","NO",NA,NA,NA,NA,NA,NA,NA,NA,NA,"Complete","-16.429378","-71.485093","-16.427524","-71.489166"
"623",626,NA,"2024-07-22 17:44:35","16","taller buena vista III",17,1617,2024-07-21,1,"08:22","08:34",2,"","08:37",NA,1,22,NA,3,1,1,1,"09:27",2,NA,NA,59,17,2,NA,"",NA,NA,NA,NA,NA,NA,NA,NA,NA,NA,NA,NA,NA,NA,NA,NA,NA,NA,NA,"",NA,NA,NA,"13:30","",62,18,80,NA,NA,NA,NA,NA,NA,NA,NA,NA,NA,2,"MR. AMPLIAC. PAUCARPATA","DETALLADO","2. Camioneta/Auto",NA,"Punto fijo",NA,"SI","Microred","Cambiamos a Punto movil","NO",NA,NA,NA,NA,NA,NA,NA,NA,NA,"Complete","-16.432612","-71.484496","-16.431497","-71.484045"
"624",627,NA,"2024-07-22 17:55:20","20","chachani",1,201,2024-07-20,2,"","",NA,"","",2,1,NA,NA,67,0,NA,NA,"",NA,NA,NA,NA,NA,NA,NA,"",NA,NA,NA,NA,NA,NA,NA,NA,NA,NA,NA,NA,NA,NA,NA,NA,NA,NA,NA,"",NA,NA,NA,"","",67,0,67,NA,NA,NA,NA,NA,NA,NA,NA,NA,NA,2,"MR. MARITZA CAMPOS DIAZ","CORTO",NA,"No","Punto fijo",NA,NA,NA,NA,NA,NA,NA,NA,NA,NA,NA,NA,NA,NA,"Complete","-16.311369","-71.541098","",""
"625",628,NA,"2024-07-22 18:13:56","20","chachani I",2,202,2024-07-20,2,"","",NA,"","",2,1,NA,NA,80,10,NA,NA,"",NA,NA,NA,NA,NA,NA,NA,"",NA,NA,NA,NA,NA,NA,NA,NA,NA,NA,NA,NA,NA,NA,NA,NA,NA,NA,NA,"",NA,NA,NA,"","",80,10,90,NA,NA,NA,NA,NA,NA,NA,NA,NA,NA,2,"MR. MARITZA CAMPOS DIAZ","CORTO",NA,"No","Punto fijo",NA,NA,NA,NA,NA,NA,NA,NA,NA,NA,NA,NA,NA,NA,"Complete","-16.316762","-71.543101","-16.317075","-71.543280"
"626",629,NA,"2024-07-22 18:17:44","20","mario vargas llosa",3,203,2024-07-20,2,"","",NA,"","",2,1,NA,NA,87,2,NA,NA,"",NA,NA,NA,NA,NA,NA,NA,"",NA,NA,NA,NA,NA,NA,NA,NA,NA,NA,NA,NA,NA,NA,NA,NA,NA,NA,NA,"",NA,NA,NA,"","",87,2,89,NA,NA,NA,NA,NA,NA,NA,NA,NA,NA,2,"MR. MARITZA CAMPOS DIAZ","CORTO",NA,"No","Punto fijo",NA,NA,NA,NA,NA,NA,NA,NA,NA,NA,NA,NA,NA,NA,"Complete","-16.309955","-71.543937","-16.315157","-71.545327"
"627",630,NA,"2024-07-22 18:23:21","20","fundo cabrerias ",4,204,2024-07-20,1,"08:25","08:35",1,"","08:50",NA,2,54,NA,NA,NA,NA,NA,"",NA,NA,NA,NA,NA,NA,NA,"",NA,NA,NA,NA,NA,NA,NA,NA,NA,NA,NA,NA,NA,1,2,32,4,NA,NA,"",NA,NA,NA,"12:55","",32,4,36,NA,NA,NA,NA,NA,NA,NA,NA,NA,NA,2,"MR. MARITZA CAMPOS DIAZ","DETALLADO","1, Bus",NA,"Punto movil",NA,NA,NA,NA,NA,NA,NA,NA,NA,NA,"Mapa con zona delimitada","NO",NA,NA,"Complete","-16.300177","-71.544252","",""
"628",631,NA,"2024-07-22 18:29:43","20","villa real chunvivilca",5,205,2024-07-20,1,"08:05","08:35",1,"","09:30",NA,2,55,NA,NA,NA,NA,NA,"",NA,NA,NA,NA,NA,NA,NA,"",NA,NA,NA,NA,NA,NA,NA,NA,NA,NA,NA,NA,NA,3,2,48,7,NA,NA,"",NA,NA,NA,"12:40","",48,7,55,NA,NA,NA,NA,NA,NA,NA,NA,NA,NA,2,"MR. MARITZA CAMPOS DIAZ","DETALLADO","1, Bus",NA,"Punto movil",NA,NA,NA,NA,NA,NA,NA,NA,NA,NA,"indicacion verbal (reportar en whats app)","NO",NA,NA,"Complete","-16.287210","-71.541077","-16.290587","-71.544818"
"629",632,NA,"2024-07-22 18:32:06","20","28 de julio b y c",6,206,2024-07-20,2,"","",NA,"","",2,1,NA,NA,48,5,NA,NA,"",NA,NA,NA,NA,NA,NA,NA,"",NA,NA,NA,NA,NA,NA,NA,NA,NA,NA,NA,NA,NA,NA,NA,NA,NA,NA,NA,"",NA,NA,NA,"","",48,5,53,NA,NA,NA,NA,NA,NA,NA,NA,NA,NA,2,"MR. MARITZA CAMPOS DIAZ","CORTO",NA,"No","Punto fijo",NA,NA,NA,NA,NA,NA,NA,NA,NA,NA,NA,NA,NA,NA,"Complete","-16.293616","-71.545390","",""
"630",633,NA,"2024-07-22 18:33:27","20","villa progreso",7,207,2024-07-20,2,"","",NA,"","",2,1,NA,NA,125,0,NA,NA,"",NA,NA,NA,NA,NA,NA,NA,"",NA,NA,NA,NA,NA,NA,NA,NA,NA,NA,NA,NA,NA,NA,NA,NA,NA,NA,NA,"",NA,NA,NA,"","",125,0,125,NA,NA,NA,NA,NA,NA,NA,NA,NA,NA,2,"MR. MARITZA CAMPOS DIAZ","CORTO",NA,"No","Punto fijo",NA,NA,NA,NA,NA,NA,NA,NA,NA,NA,NA,NA,NA,NA,"Complete","-16.308444","-71.552854","-16.312735","-71.549503"
"631",634,NA,"2024-07-22 18:36:23","20","villa cerrillo",8,208,2024-07-20,2,"","",NA,"","",2,1,NA,NA,98,0,NA,NA,"",NA,NA,NA,NA,NA,NA,NA,"",NA,NA,NA,NA,NA,NA,NA,NA,NA,NA,NA,NA,NA,NA,NA,NA,NA,NA,NA,"",NA,NA,NA,"","",98,0,98,NA,NA,NA,NA,NA,NA,NA,NA,NA,NA,2,"MR. MARITZA CAMPOS DIAZ","CORTO",NA,"No","Punto fijo",NA,NA,NA,NA,NA,NA,NA,NA,NA,NA,NA,NA,NA,NA,"Complete","-16.307598","-71.547290","",""
"632",635,NA,"2024-07-22 18:39:48","20","hernan bedoya",9,209,2024-07-20,2,"","",NA,"","",2,1,NA,NA,48,3,NA,NA,"",NA,NA,NA,NA,NA,NA,NA,"",NA,NA,NA,NA,NA,NA,NA,NA,NA,NA,NA,NA,NA,NA,NA,NA,NA,NA,NA,"",NA,NA,NA,"","",48,3,51,NA,NA,NA,NA,NA,NA,NA,NA,NA,NA,2,"MR. MARITZA CAMPOS DIAZ","CORTO",NA,"No","Punto fijo",NA,NA,NA,NA,NA,NA,NA,NA,NA,NA,NA,NA,NA,NA,"Complete","-16.319471","-71.568274","",""
"633",636,NA,"2024-07-22 18:41:39","20","flora triztan ",10,2010,2024-07-20,2,"","",NA,"","",2,1,NA,NA,45,0,NA,NA,"",NA,NA,NA,NA,NA,NA,NA,"",NA,NA,NA,NA,NA,NA,NA,NA,NA,NA,NA,NA,NA,NA,NA,NA,NA,NA,NA,"",NA,NA,NA,"","",45,0,45,NA,NA,NA,NA,NA,NA,NA,NA,NA,NA,2,"MR. MARITZA CAMPOS DIAZ","CORTO",NA,"No","Punto fijo",NA,NA,NA,NA,NA,NA,NA,NA,NA,NA,NA,NA,NA,NA,"Complete","-16.321861","-71.563760","-16.315576","-71.559850"
"634",637,NA,"2024-07-22 18:43:26","20","pirotecnico",11,2011,2024-07-20,1,"08:27","08:40",1,"","09:50",NA,2,64,NA,NA,NA,NA,NA,"",NA,NA,NA,NA,NA,NA,NA,"",NA,NA,NA,NA,NA,NA,NA,NA,NA,NA,NA,NA,NA,1,2,22,3,NA,NA,"",NA,NA,NA,"12:37","",22,3,25,NA,NA,NA,NA,NA,NA,NA,NA,NA,NA,2,"MR. MARITZA CAMPOS DIAZ","DETALLADO","1, Bus",NA,"Punto movil",NA,NA,NA,NA,NA,NA,NA,NA,NA,NA,"Mapa con zona delimitada","NO",NA,NA,"Complete","-16.308954","-71.555496","-16.311452","-71.558611"
"635",638,NA,"2024-07-22 18:45:07","20","parque pedro p. diaz",12,2012,2024-07-20,2,"","",NA,"","",2,1,NA,NA,100,6,NA,NA,"",NA,NA,NA,NA,NA,NA,NA,"",NA,NA,NA,NA,NA,NA,NA,NA,NA,NA,NA,NA,NA,NA,NA,NA,NA,NA,NA,"",NA,NA,NA,"","",100,6,106,NA,NA,NA,NA,NA,NA,NA,NA,NA,NA,2,"MR. MARITZA CAMPOS DIAZ","CORTO",NA,"No","Punto fijo",NA,NA,NA,NA,NA,NA,NA,NA,NA,NA,NA,NA,NA,NA,"Complete","-16.318890","-71.555694","-16.318122","-71.558848"
"636",639,NA,"2024-07-22 18:49:59","20","pedro p. diaz",13,2013,2024-07-20,1,"08:25","08:40",1,"","09:00",NA,2,59,NA,NA,NA,NA,NA,"",NA,NA,NA,NA,NA,NA,NA,"",NA,NA,NA,NA,NA,NA,NA,NA,NA,NA,NA,NA,NA,2,2,38,2,NA,NA,"",NA,NA,NA,"12:41","la señora encargada de l,os puntos no conocia la zona",38,2,40,NA,NA,NA,NA,NA,NA,NA,NA,NA,NA,2,"MR. MARITZA CAMPOS DIAZ","DETALLADO","1, Bus",NA,"Punto movil",NA,NA,NA,NA,NA,NA,NA,NA,NA,NA,"Mapa con recorrido de inicio a fin","NO",NA,NA,"Complete","-16.320110","-71.552514","-16.315245","-71.551881"
"637",640,NA,"2024-07-22 18:52:57","20","canarios angeles del sur",14,2014,2024-07-20,2,"","",NA,"","",2,1,NA,NA,113,0,NA,NA,"",NA,NA,NA,NA,NA,NA,NA,"",NA,NA,NA,NA,NA,NA,NA,NA,NA,NA,NA,NA,NA,NA,NA,NA,NA,NA,NA,"",NA,NA,NA,"","",113,0,113,NA,NA,NA,NA,NA,NA,NA,NA,NA,NA,2,"MR. MARITZA CAMPOS DIAZ","CORTO",NA,"No","Punto fijo",NA,NA,NA,NA,NA,NA,NA,NA,NA,NA,NA,NA,NA,NA,"Complete","-16.306766","-71.551646","",""
"638",641,NA,"2024-07-22 19:02:25","20","jose maria arguedas",15,2015,2024-07-20,2,"","",NA,"","",2,1,NA,NA,50,7,NA,NA,"",NA,NA,NA,NA,NA,NA,NA,"",NA,NA,NA,NA,NA,NA,NA,NA,NA,NA,NA,NA,NA,NA,NA,NA,NA,NA,NA,"",NA,NA,NA,"","",50,7,57,NA,NA,NA,NA,NA,NA,NA,NA,NA,NA,2,"MR. MARITZA CAMPOS DIAZ","CORTO",NA,"No","Punto fijo",NA,NA,NA,NA,NA,NA,NA,NA,NA,NA,NA,NA,NA,NA,"Complete","-16.320398","-71.550041","-16.318588","-71.549066"
"639",642,NA,"2024-07-22 19:04:06","20","abad de piere",16,2016,2024-07-20,2,"","",NA,"","",2,1,NA,NA,60,6,NA,NA,"",NA,NA,NA,NA,NA,NA,NA,"",NA,NA,NA,NA,NA,NA,NA,NA,NA,NA,NA,NA,NA,NA,NA,NA,NA,NA,NA,"",NA,NA,NA,"","",60,6,66,NA,NA,NA,NA,NA,NA,NA,NA,NA,NA,2,"MR. MARITZA CAMPOS DIAZ","CORTO",NA,"No","Punto fijo",NA,NA,NA,NA,NA,NA,NA,NA,NA,NA,NA,NA,NA,NA,"Complete","-16.311584","-71.541250","",""
"640",643,NA,"2024-07-24 17:49:47","16","pozo negro",14,1614,2024-07-21,1,"08:15","08:20",1,"","08:30",NA,1,78,NA,75,3,1,1,"11:30",2,NA,NA,5,1,2,NA,"",NA,NA,NA,NA,NA,NA,NA,NA,NA,NA,NA,NA,NA,NA,NA,NA,NA,NA,NA,"",NA,NA,NA,"12:50","hubo cruce con Microred de campo marte ",80,4,84,NA,NA,NA,NA,NA,NA,NA,NA,NA,NA,2,"MR. AMPLIAC. PAUCARPATA","DETALLADO","1, Bus",NA,"Punto fijo",NA,"SI","Microred","Cambiamos a Punto movil","NO",NA,NA,NA,NA,NA,NA,NA,NA,NA,"Complete","-16.426693","-71.490417","",""
"641",644,NA,"2024-07-24 18:00:35","16","buena vista 2",11,1611,2024-07-21,1,"08:25","08:30",1,"","08:42",NA,1,79,NA,3,0,1,1,"09:12",2,NA,NA,73,46,2,NA,"",NA,NA,NA,NA,NA,NA,NA,NA,NA,NA,NA,NA,NA,NA,NA,NA,NA,NA,NA,"",NA,NA,NA,"13:50","",76,46,122,NA,NA,NA,NA,NA,NA,NA,NA,NA,NA,2,"MR. AMPLIAC. PAUCARPATA","DETALLADO","1, Bus",NA,"Punto fijo",NA,"SI","Microred","Cambiamos a Punto movil","NO",NA,NA,NA,NA,NA,NA,NA,NA,NA,"Complete","-16.427976","-71.497875","",""
"642",645,NA,"2024-07-24 18:04:30","16","escuela santa maria",18,1618,2024-07-21,1,"08:32","08:43",1,"","08:48",NA,1,73,NA,40,6,1,1,"10:30",2,NA,NA,25,11,2,NA,"",NA,NA,NA,NA,NA,NA,NA,NA,NA,NA,NA,NA,NA,NA,NA,NA,NA,NA,NA,"",NA,NA,NA,"12:49","",65,17,82,NA,NA,NA,NA,NA,NA,NA,NA,NA,NA,2,"MR. AMPLIAC. PAUCARPATA","DETALLADO","1, Bus",NA,"Punto fijo",NA,"SI","Microred","Cambiamos a Punto movil","NO",NA,NA,NA,NA,NA,NA,NA,NA,NA,"Complete","-16.434837","-71.486048","-16.435882","-71.486245"
"643",646,NA,"2024-08-03 16:46:41","11","Colegio ejercito",2,112,2024-08-03,1,"08:35","08:40",1,"","08:55",NA,1,30,NA,13,0,1,1,"11:18",2,NA,NA,26,0,2,NA,"",NA,NA,NA,NA,NA,NA,NA,NA,NA,NA,NA,NA,NA,NA,NA,NA,NA,NA,NA,"",NA,NA,NA,"13:27","",39,0,39,NA,NA,NA,NA,NA,NA,NA,NA,NA,NA,2,"MR. EDIFICADORES MISTI","DETALLADO","1, Bus",NA,"Punto fijo",NA,"SI","Microred","Cambiamos a Punto movil","NO",NA,NA,NA,NA,NA,NA,NA,NA,NA,"Complete","-16.397725","-71.516746","-16.398.125","-71.516.187"
"644",647,NA,"2024-08-03 17:05:04","11","colegio san Miguel Arcangel",4,114,2024-08-03,1,"08:36","08:38",1,"","09:08",NA,1,50,NA,9,0,1,1,"10:49",2,NA,NA,44,4,2,NA,"",NA,NA,NA,NA,NA,NA,NA,NA,NA,NA,NA,NA,NA,NA,NA,NA,NA,NA,NA,"",NA,NA,NA,"13:59","",53,4,57,NA,NA,NA,NA,NA,NA,NA,NA,NA,NA,2,"MR. EDIFICADORES MISTI","DETALLADO","1, Bus",NA,"Punto fijo",NA,"SI","Microred","Cambiamos a Punto movil","NO",NA,NA,NA,NA,NA,NA,NA,NA,NA,"Complete","-16.396691","-71.517250","-16.396.125","-71.516.793"
"645",648,NA,"2024-08-03 17:12:24","11","puno con espinar",5,115,2024-08-03,1,"08:39","08:41",1,"","09:06",NA,1,34,NA,50,1,2,NA,"",NA,NA,NA,NA,NA,NA,NA,"",NA,NA,NA,NA,NA,NA,NA,NA,NA,NA,NA,NA,NA,NA,NA,NA,NA,NA,NA,"",NA,NA,NA,"13:50","",50,1,51,NA,NA,NA,NA,NA,NA,NA,NA,NA,NA,2,"MR. EDIFICADORES MISTI","DETALLADO","1, Bus",NA,"Punto fijo",NA,"NO",NA,NA,NA,NA,NA,NA,NA,NA,NA,NA,NA,NA,"Complete","-16.397186","-71.518950","-16.397.840","-71.519.240"
"646",649,NA,"2024-08-03 17:13:57","11","colegio salomon ",6,116,2024-08-03,2,"","",NA,"","",2,1,NA,NA,29,0,NA,NA,"",NA,NA,NA,NA,NA,NA,NA,"",NA,NA,NA,NA,NA,NA,NA,NA,NA,NA,NA,NA,NA,NA,NA,NA,NA,NA,NA,"",NA,NA,NA,"","",29,0,29,NA,NA,NA,NA,NA,NA,NA,NA,NA,NA,2,"MR. EDIFICADORES MISTI","CORTO",NA,"No","Punto fijo",NA,NA,NA,NA,NA,NA,NA,NA,NA,NA,NA,NA,NA,NA,"Complete","-16.396836","-71.522479","",""
"647",650,NA,"2024-08-03 17:15:09","11","plaza mayta capac",7,117,2024-08-03,2,"","",NA,"","",2,1,NA,NA,40,1,NA,NA,"",NA,NA,NA,NA,NA,NA,NA,"",NA,NA,NA,NA,NA,NA,NA,NA,NA,NA,NA,NA,NA,NA,NA,NA,NA,NA,NA,"",NA,NA,NA,"","",40,1,41,NA,NA,NA,NA,NA,NA,NA,NA,NA,NA,2,"MR. EDIFICADORES MISTI","CORTO",NA,"No","Punto fijo",NA,NA,NA,NA,NA,NA,NA,NA,NA,NA,NA,NA,NA,NA,"Complete","-16.394197","-71.522978","",""
"648",651,NA,"2024-08-03 17:17:45","11","I.E. jose galvez",8,118,2024-08-03,2,"","",NA,"","",2,1,NA,NA,29,1,NA,NA,"",NA,NA,NA,NA,NA,NA,NA,"",NA,NA,NA,NA,NA,NA,NA,NA,NA,NA,NA,NA,NA,NA,NA,NA,NA,NA,NA,"",NA,NA,NA,"","",29,1,30,NA,NA,NA,NA,NA,NA,NA,NA,NA,NA,2,"MR. EDIFICADORES MISTI","CORTO",NA,"No","Punto fijo",NA,NA,NA,NA,NA,NA,NA,NA,NA,NA,NA,NA,NA,NA,"Complete","-16.394334","-71.519534","-16.391.102","-71.525.880"
"649",652,NA,"2024-08-03 17:22:49","11","miguel grau  con puente arnao",9,119,2024-08-03,2,"","",NA,"","",2,1,NA,NA,29,9,NA,NA,"",NA,NA,NA,NA,NA,NA,NA,"",NA,NA,NA,NA,NA,NA,NA,NA,NA,NA,NA,NA,NA,NA,NA,NA,NA,NA,NA,"",NA,NA,NA,"","",29,9,38,NA,NA,NA,NA,NA,NA,NA,NA,NA,NA,2,"MR. EDIFICADORES MISTI","CORTO",NA,"No","Punto fijo",NA,NA,NA,NA,NA,NA,NA,NA,NA,NA,NA,NA,NA,NA,"Complete","-16.393621","-71.517937","-16.393.826","-71.517.665"
"650",653,NA,"2024-08-03 17:24:34","11","parque san antonio",10,1110,2024-08-03,2,"","",NA,"","",2,1,NA,NA,76,7,NA,NA,"",NA,NA,NA,NA,NA,NA,NA,"",NA,NA,NA,NA,NA,NA,NA,NA,NA,NA,NA,NA,NA,NA,NA,NA,NA,NA,NA,"",NA,NA,NA,"","",76,7,83,NA,NA,NA,NA,NA,NA,NA,NA,NA,NA,2,"MR. EDIFICADORES MISTI","CORTO",NA,"No","Punto fijo",NA,NA,NA,NA,NA,NA,NA,NA,NA,NA,NA,NA,NA,NA,"Complete","-16.394527","-71.525665","-16.394.671","-71.525.742"
"651",654,NA,"2024-08-03 17:26:47","11","grifo el filtro",11,1111,2024-08-03,2,"","",NA,"","",2,1,NA,NA,21,0,NA,NA,"",NA,NA,NA,NA,NA,NA,NA,"",NA,NA,NA,NA,NA,NA,NA,NA,NA,NA,NA,NA,NA,NA,NA,NA,NA,NA,NA,"",NA,NA,NA,"","",21,0,21,NA,NA,NA,NA,NA,NA,NA,NA,NA,NA,2,"MR. EDIFICADORES MISTI","CORTO",NA,"No","Punto fijo",NA,NA,NA,NA,NA,NA,NA,NA,NA,NA,NA,NA,NA,NA,"Complete","-16.393349","-71.528739","-16.393.811","-71.528.418"
"652",655,NA,"2024-08-03 17:28:34","11","Abelardo quiñones",12,1112,2024-08-03,2,"","",NA,"","",2,1,NA,NA,35,2,NA,NA,"",NA,NA,NA,NA,NA,NA,NA,"",NA,NA,NA,NA,NA,NA,NA,NA,NA,NA,NA,NA,NA,NA,NA,NA,NA,NA,NA,"",NA,NA,NA,"","",35,2,37,NA,NA,NA,NA,NA,NA,NA,NA,NA,NA,2,"MR. EDIFICADORES MISTI","CORTO",NA,"No","Punto fijo",NA,NA,NA,NA,NA,NA,NA,NA,NA,NA,NA,NA,NA,NA,"Complete","-16.391096","-71.525969","-16.391.454","-71.527.402"
"653",656,NA,"2024-08-03 17:34:01","11","centro de salud",15,11115,2024-08-03,1,"08:30","08:41",1,"","09:21",NA,1,27,NA,8,0,1,1,"10:29",2,NA,NA,58,5,2,NA,"",NA,NA,NA,NA,NA,NA,NA,NA,NA,NA,NA,NA,NA,NA,NA,NA,NA,NA,NA,"",NA,NA,NA,"13:24","",66,5,71,NA,NA,NA,NA,NA,NA,NA,NA,NA,NA,2,"MR. EDIFICADORES MISTI","DETALLADO","1, Bus",NA,"Punto fijo",NA,"SI","Microred","Cambiamos a Punto movil","NO",NA,NA,NA,NA,NA,NA,NA,NA,NA,"Complete","-16.390460","-71.519990","-16.391.621","-71.519.234"
"654",657,NA,"2024-08-03 17:37:48","11","loza deportiva bicentenario ",3,113,2024-08-03,1,"08:35","08:41",1,"","09:00",NA,1,74,NA,13,0,1,1,"11:00",2,NA,NA,10,5,2,NA,"",NA,NA,NA,NA,NA,NA,NA,NA,NA,NA,NA,NA,NA,NA,NA,NA,NA,NA,NA,"",NA,NA,NA,"13:28","",23,5,28,NA,NA,NA,NA,NA,NA,NA,NA,NA,NA,2,"MR. EDIFICADORES MISTI","DETALLADO","1, Bus",NA,"Punto fijo",NA,"SI","Microred","Cambiamos a Punto movil","NO",NA,NA,NA,NA,NA,NA,NA,NA,NA,"Complete","-16.400872","-71.513730","-16.399.595","-71.513.161"
"655",658,NA,"2024-08-04 18:02:58","11","Calle 20 y 23, Alameda",1,111,2024-08-04,2,"","",NA,"","",2,1,NA,NA,134,0,NA,NA,"",NA,NA,NA,NA,NA,NA,NA,"",NA,NA,NA,NA,NA,NA,NA,NA,NA,NA,NA,NA,NA,NA,NA,NA,NA,NA,NA,"",NA,NA,NA,"","Se le entrego ficha pero al momento de pedirle no la tenia. no sabia cuantos gatos ha vacunado en total",134,0,134,NA,NA,NA,NA,NA,NA,NA,NA,NA,NA,2,"MR. EDIFICADORES MISTI","CORTO",NA,"No","Punto fijo",NA,NA,NA,NA,NA,NA,NA,NA,NA,NA,NA,NA,NA,NA,"Complete","-16.394118","-71.508276","-16.393.978","-71.509.486"
"656",659,NA,"2024-08-04 18:06:45","11","Alameda Salaverry",2,112,2024-08-04,1,"07:50","08:16",1,"","08:25",NA,1,50,NA,20,0,1,3,"10:10",2,NA,NA,63,0,2,NA,"",NA,NA,NA,NA,NA,NA,NA,NA,NA,NA,NA,NA,NA,NA,NA,NA,NA,NA,NA,"",NA,NA,NA,"13:05","",83,0,83,NA,NA,NA,NA,NA,NA,NA,NA,NA,NA,2,"MR. EDIFICADORES MISTI","DETALLADO","1, Bus",NA,"Punto fijo",NA,"SI","Yo mismo","Cambiamos a Punto movil","NO",NA,NA,NA,NA,NA,NA,NA,NA,NA,"Complete","-16.393344","-71.509268","-16.392.269","-71.511.379"
"657",660,NA,"2024-08-04 18:09:02","11","Parque Mirador de la Alameda",3,113,2024-08-04,1,"07:58","08:14",1,"","09:19",NA,1,62,NA,9,10,1,1,"10:38",2,NA,NA,51,0,2,NA,"",NA,NA,NA,NA,NA,NA,NA,NA,NA,NA,NA,NA,NA,NA,NA,NA,NA,NA,NA,"",NA,NA,NA,"13:35","",60,10,70,NA,NA,NA,NA,NA,NA,NA,NA,NA,NA,2,"MR. EDIFICADORES MISTI","DETALLADO","1, Bus",NA,"Punto fijo",NA,"SI","Microred","Cambiamos a Punto movil","NO",NA,NA,NA,NA,NA,NA,NA,NA,NA,"Complete","-16.394490","-71.510515","-16.395.595","-71.511.003"
"658",661,NA,"2024-08-04 18:11:16","11","Innova School - Alameda Salaverry",4,114,2024-08-04,1,"08:00","08:15",1,"","08:26",NA,1,30,NA,15,0,1,1,"10:22",2,NA,NA,18,4,2,NA,"",NA,NA,NA,NA,NA,NA,NA,NA,NA,NA,NA,NA,NA,NA,NA,NA,NA,NA,NA,"",NA,NA,NA,"13:30","",33,4,37,NA,NA,NA,NA,NA,NA,NA,NA,NA,NA,2,"MR. EDIFICADORES MISTI","DETALLADO","1, Bus",NA,"Punto fijo",NA,"SI","Microred","Cambiamos a Punto movil","NO",NA,NA,NA,NA,NA,NA,NA,NA,NA,"Complete","-16.394074","-71.511464","",""
"659",662,NA,"2024-08-04 18:13:29","11","Parque Alameda Salaverry",5,115,2024-08-04,1,"08:03","08:14",1,"","08:24",NA,1,74,NA,2,0,1,1,"09:30",2,NA,NA,76,8,2,NA,"",NA,NA,NA,NA,NA,NA,NA,NA,NA,NA,NA,NA,NA,NA,NA,NA,NA,NA,NA,"",NA,NA,NA,"13:09","",78,8,86,NA,NA,NA,NA,NA,NA,NA,NA,NA,NA,2,"MR. EDIFICADORES MISTI","DETALLADO","1, Bus",NA,"Punto fijo",NA,"SI","Microred","Cambiamos a Punto movil","NO",NA,NA,NA,NA,NA,NA,NA,NA,NA,"Complete","-16.392719","-71.512880","-16.392.236","-71.512.548"
"660",663,NA,"2024-08-04 18:16:00","11","Parque Alameda Salaverry",6,116,2024-08-04,1,"08:02","08:10",1,"","08:24",NA,1,77,NA,34,1,1,1,"10:30",2,NA,NA,15,1,2,NA,"",NA,NA,NA,NA,NA,NA,NA,NA,NA,NA,NA,NA,NA,NA,NA,NA,NA,NA,NA,"",NA,NA,NA,"12:00","termino por emergencia cierre de grupo me asignaron al grupo 8",49,2,51,NA,NA,NA,NA,NA,NA,NA,NA,NA,NA,2,"MR. EDIFICADORES MISTI","DETALLADO","1, Bus",NA,"Punto fijo",NA,"SI","Microred","Cambiamos a Punto movil","NO",NA,NA,NA,NA,NA,NA,NA,NA,NA,"Complete","-16.390631","-71.513367","-16.392.703","-71.512.949"
"661",664,NA,"2024-08-04 18:17:35","11","Iglesia Chapi Chico",7,117,2024-08-04,2,"","",NA,"","",1,1,NA,NA,76,5,NA,NA,"",NA,NA,NA,NA,NA,NA,NA,"",NA,NA,NA,NA,NA,NA,NA,NA,NA,NA,NA,NA,NA,NA,NA,NA,NA,NA,NA,"",NA,NA,NA,"","",76,5,81,NA,NA,NA,NA,NA,NA,NA,NA,NA,NA,2,"MR. EDIFICADORES MISTI","CORTO",NA,"Sí","Punto fijo",NA,NA,NA,NA,NA,NA,NA,NA,NA,NA,NA,NA,NA,NA,"Complete","-16.390745","-71.519135","",""
"662",665,NA,"2024-08-04 18:18:56","11","Esquina Trujillo/Goyoneche",8,118,2024-08-04,2,"","",NA,"","",1,1,NA,NA,63,0,NA,NA,"",NA,NA,NA,NA,NA,NA,NA,"",NA,NA,NA,NA,NA,NA,NA,NA,NA,NA,NA,NA,NA,NA,NA,NA,NA,NA,NA,"",NA,NA,NA,"","",63,0,63,NA,NA,NA,NA,NA,NA,NA,NA,NA,NA,2,"MR. EDIFICADORES MISTI","CORTO",NA,"Sí","Punto fijo",NA,NA,NA,NA,NA,NA,NA,NA,NA,NA,NA,NA,NA,NA,"Complete","-16.394334","-71.519534","",""
"663",666,NA,"2024-08-04 18:21:15","11","Parque Cooperativa 14",9,119,2024-08-04,1,"08:03","08:23",2,"","08:30",NA,1,71,NA,20,0,1,1,"10:44",1,15,0,NA,NA,2,NA,"",NA,NA,NA,NA,NA,NA,NA,NA,NA,NA,NA,NA,NA,NA,NA,NA,NA,NA,NA,"",NA,NA,NA,"12:43","Segundo Punto Parque 200 Millas",35,0,35,NA,NA,NA,NA,NA,NA,NA,NA,NA,NA,2,"MR. EDIFICADORES MISTI","DETALLADO","2. Camioneta/Auto",NA,"Punto fijo",NA,"SI","Microred","Cambiamos a Punto fijo","NO",NA,NA,NA,NA,NA,NA,NA,NA,NA,"Complete","-16.393621","-71.517937","",""
"664",667,NA,"2024-08-04 18:22:59","11","Centro de Salud Edificadores Misti ",10,1110,2024-08-04,2,"","",NA,"","",1,1,NA,NA,131,4,NA,NA,"",NA,NA,NA,NA,NA,NA,NA,"",NA,NA,NA,NA,NA,NA,NA,NA,NA,NA,NA,NA,NA,NA,NA,NA,NA,NA,NA,"",NA,NA,NA,"","",131,4,135,NA,NA,NA,NA,NA,NA,NA,NA,NA,NA,2,"MR. EDIFICADORES MISTI","CORTO",NA,"Sí","Punto fijo",NA,NA,NA,NA,NA,NA,NA,NA,NA,NA,NA,NA,NA,NA,"Complete","-16.383076","-71.511349","-16.383.009","-71.511.333"
"665",668,NA,"2024-08-04 18:24:18","11","",11,1111,2024-08-04,2,"","",NA,"","",1,1,NA,NA,105,15,NA,NA,"",NA,NA,NA,NA,NA,NA,NA,"",NA,NA,NA,NA,NA,NA,NA,NA,NA,NA,NA,NA,NA,NA,NA,NA,NA,NA,NA,"",NA,NA,NA,"","",105,15,120,NA,NA,NA,NA,NA,NA,NA,NA,NA,NA,2,"MR. EDIFICADORES MISTI","CORTO",NA,"Sí","Punto fijo",NA,NA,NA,NA,NA,NA,NA,NA,NA,NA,NA,NA,NA,NA,"Complete","-16.387143","-71.519014","",""
"666",669,NA,"2024-08-04 18:25:38","11","Mercado San Jose",12,1112,2024-08-04,2,"","",NA,"","",1,1,NA,NA,35,0,NA,NA,"",NA,NA,NA,NA,NA,NA,NA,"",NA,NA,NA,NA,NA,NA,NA,NA,NA,NA,NA,NA,NA,NA,NA,NA,NA,NA,NA,"",NA,NA,NA,"","",35,0,35,NA,NA,NA,NA,NA,NA,NA,NA,NA,NA,2,"MR. EDIFICADORES MISTI","CORTO",NA,"Sí","Punto fijo",NA,NA,NA,NA,NA,NA,NA,NA,NA,NA,NA,NA,NA,NA,"Complete","-16.385734","-71.514413","",""
"667",670,NA,"2024-08-10 15:57:54","11","C.s. edificadores misti",1,111,2024-08-10,2,"","",NA,"","",2,1,NA,NA,48,2,NA,NA,"",NA,NA,NA,NA,NA,NA,NA,"",NA,NA,NA,NA,NA,NA,NA,NA,NA,NA,NA,NA,NA,NA,NA,NA,NA,NA,NA,"",NA,NA,NA,"","",48,2,50,NA,NA,NA,NA,NA,NA,NA,NA,NA,NA,2,"MR. EDIFICADORES MISTI","CORTO",NA,"No","Punto fijo",NA,NA,NA,NA,NA,NA,NA,NA,NA,NA,NA,NA,NA,NA,"Complete","-16.383092","-71.511371","",""
"668",671,NA,"2024-08-10 16:00:40","11","Parque peñas",2,112,2024-08-10,1,"07:55","08:13",1,"","08:30",NA,1,73,NA,50,3,1,3,"11:10",2,NA,NA,47,0,2,NA,"",NA,NA,NA,NA,NA,NA,NA,NA,NA,NA,NA,NA,NA,NA,NA,NA,NA,NA,NA,"",NA,NA,NA,"13:12","",97,3,100,NA,NA,NA,NA,NA,NA,NA,NA,NA,NA,2,"MR. EDIFICADORES MISTI","DETALLADO","1, Bus",NA,"Punto fijo",NA,"SI","Yo mismo","Cambiamos a Punto movil","NO",NA,NA,NA,NA,NA,NA,NA,NA,NA,"Complete","-16.380120","-71.512552","-16.377595","-71.507563"
"669",672,NA,"2024-08-10 16:02:14","11","Piscina de la familia miraflorina",3,113,2024-08-10,1,"08:06","08:18",1,"","08:21",NA,1,58,NA,53,6,2,NA,"",NA,NA,NA,NA,NA,NA,NA,"",NA,NA,NA,NA,NA,NA,NA,NA,NA,NA,NA,NA,NA,NA,NA,NA,NA,NA,NA,"",NA,NA,NA,"13:00","",53,6,59,NA,NA,NA,NA,NA,NA,NA,NA,NA,NA,2,"MR. EDIFICADORES MISTI","DETALLADO","1, Bus",NA,"Punto fijo",NA,"NO",NA,NA,NA,NA,NA,NA,NA,NA,NA,NA,NA,NA,"Complete","-16.380791","-71.508629","",""
"670",673,NA,"2024-08-10 16:04:33","11","Parque villa esperanza",4,114,2024-08-10,1,"08:05","08:15",1,"","08:20",NA,1,67,NA,20,15,1,3,"10:18",2,NA,NA,40,25,2,NA,"",NA,NA,NA,NA,NA,NA,NA,NA,NA,NA,NA,NA,NA,NA,NA,NA,NA,NA,NA,"",NA,NA,NA,"13:16","",60,40,100,NA,NA,NA,NA,NA,NA,NA,NA,NA,NA,2,"MR. EDIFICADORES MISTI","DETALLADO","1, Bus",NA,"Punto fijo",NA,"SI","Yo mismo","Cambiamos a Punto movil","NO",NA,NA,NA,NA,NA,NA,NA,NA,NA,"Complete","-16.378645","-71.508797","-16.377653","-71.507752"
"671",674,NA,"2024-08-10 16:08:28","11","Mercado porvenir",5,115,2024-08-10,1,"07:58","08:02",1,"","08:23",NA,1,76,NA,6,10,1,1,"10:56",2,NA,NA,70,0,2,NA,"",NA,NA,NA,NA,NA,NA,NA,NA,NA,NA,NA,NA,NA,NA,NA,NA,NA,NA,NA,"",NA,NA,NA,"13:32","Ya habia pasado una veterinaria la semana pasada",76,10,86,NA,NA,NA,NA,NA,NA,NA,NA,NA,NA,2,"MR. EDIFICADORES MISTI","DETALLADO","1, Bus",NA,"Punto fijo",NA,"SI","Microred","Cambiamos a Punto movil","NO",NA,NA,NA,NA,NA,NA,NA,NA,NA,"Complete","-16.376837","-71.508348","-16.375178","-71.507045"
"672",675,NA,"2024-08-10 16:10:14","11","Parque por venir",6,116,2024-08-10,1,"08:02","08:13",1,"","08:18",NA,1,34,NA,4,0,1,1,"08:30",2,NA,NA,80,8,2,NA,"",NA,NA,NA,NA,NA,NA,NA,NA,NA,NA,NA,NA,NA,NA,NA,NA,NA,NA,NA,"",NA,NA,NA,"13:04","",84,8,92,NA,NA,NA,NA,NA,NA,NA,NA,NA,NA,2,"MR. EDIFICADORES MISTI","DETALLADO","1, Bus",NA,"Punto fijo",NA,"SI","Microred","Cambiamos a Punto movil","NO",NA,NA,NA,NA,NA,NA,NA,NA,NA,"Complete","-16.374535","-71.504790","-16.374327","-71.506065"
"673",676,NA,"2024-08-10 16:11:20","11","Francisco mostajo - prolongacion goyoneche",7,117,2024-08-10,2,"","",NA,"","",2,1,NA,NA,72,3,NA,NA,"",NA,NA,NA,NA,NA,NA,NA,"",NA,NA,NA,NA,NA,NA,NA,NA,NA,NA,NA,NA,NA,NA,NA,NA,NA,NA,NA,"",NA,NA,NA,"","",72,3,75,NA,NA,NA,NA,NA,NA,NA,NA,NA,NA,2,"MR. EDIFICADORES MISTI","CORTO",NA,"No","Punto fijo",NA,NA,NA,NA,NA,NA,NA,NA,NA,NA,NA,NA,NA,NA,"Complete","-16.378391","-71.506859","-16.379835","-71.506822"
"674",677,NA,"2024-08-10 16:13:45","11","Plaza porvenir",8,118,2024-08-10,2,"","",NA,"","",2,1,NA,NA,45,5,NA,NA,"",NA,NA,NA,NA,NA,NA,NA,"",NA,NA,NA,NA,NA,NA,NA,NA,NA,NA,NA,NA,NA,NA,NA,NA,NA,NA,NA,"",NA,NA,NA,"","",45,5,50,NA,NA,NA,NA,NA,NA,NA,NA,NA,NA,2,"MR. EDIFICADORES MISTI","CORTO",NA,"No","Punto fijo",NA,NA,NA,NA,NA,NA,NA,NA,NA,NA,NA,NA,NA,NA,"Complete","-16.374693","-71.504607","-16.375179","-71.503422"
"675",678,NA,"2024-08-10 16:14:42","11","Estadio porvenir",9,119,2024-08-10,2,"","",NA,"","",2,1,NA,NA,63,0,NA,NA,"",NA,NA,NA,NA,NA,NA,NA,"",NA,NA,NA,NA,NA,NA,NA,NA,NA,NA,NA,NA,NA,NA,NA,NA,NA,NA,NA,"",NA,NA,NA,"","",63,0,63,NA,NA,NA,NA,NA,NA,NA,NA,NA,NA,2,"MR. EDIFICADORES MISTI","CORTO",NA,"No","Punto fijo",NA,NA,NA,NA,NA,NA,NA,NA,NA,NA,NA,NA,NA,NA,"Complete","-16.372837","-71.503061","",""
"676",679,NA,"2024-08-10 16:15:41","11","Parque mateo pumacahua",10,1110,2024-08-10,2,"","",NA,"","",2,1,NA,NA,68,0,NA,NA,"",NA,NA,NA,NA,NA,NA,NA,"",NA,NA,NA,NA,NA,NA,NA,NA,NA,NA,NA,NA,NA,NA,NA,NA,NA,NA,NA,"",NA,NA,NA,"","",68,0,68,NA,NA,NA,NA,NA,NA,NA,NA,NA,NA,2,"MR. EDIFICADORES MISTI","CORTO",NA,"No","Punto fijo",NA,NA,NA,NA,NA,NA,NA,NA,NA,NA,NA,NA,NA,NA,"Complete","-16.370753","-71.500820","",""
"677",680,NA,"2024-08-10 16:16:31","11","Puente porvenir",11,1111,2024-08-10,2,"","",NA,"","",2,1,NA,NA,81,3,NA,NA,"",NA,NA,NA,NA,NA,NA,NA,"",NA,NA,NA,NA,NA,NA,NA,NA,NA,NA,NA,NA,NA,NA,NA,NA,NA,NA,NA,"",NA,NA,NA,"","",81,3,84,NA,NA,NA,NA,NA,NA,NA,NA,NA,NA,2,"MR. EDIFICADORES MISTI","CORTO",NA,"No","Punto fijo",NA,NA,NA,NA,NA,NA,NA,NA,NA,NA,NA,NA,NA,NA,"Complete","-16.372516","-71.504034","-16.372791","-71.503585"
"678",681,NA,"2024-08-10 17:15:30","20","Jorge Chavez",1,201,2024-08-10,2,"","",NA,"","",2,1,NA,NA,91,NA,NA,NA,"",NA,NA,NA,NA,NA,NA,NA,"",NA,NA,NA,NA,NA,NA,NA,NA,NA,NA,NA,NA,NA,NA,NA,NA,NA,NA,NA,"",NA,NA,NA,"","",91,NA,91,NA,NA,NA,NA,NA,NA,NA,NA,NA,NA,2,"MR. MARITZA CAMPOS DIAZ","CORTO",NA,"No","Punto fijo",NA,NA,NA,NA,NA,NA,NA,NA,NA,NA,NA,NA,NA,NA,"Complete","-16.325428","-71.543133","",""
"679",682,NA,"2024-08-10 17:16:32","20","P.s. nazareno",2,202,2024-08-10,2,"","",NA,"","",2,2,NA,NA,NA,NA,NA,NA,"",NA,NA,NA,NA,NA,NA,NA,"",NA,NA,NA,NA,NA,NA,NA,NA,NA,NA,NA,NA,NA,NA,NA,100,NA,NA,NA,"",NA,NA,NA,"","",100,NA,100,NA,NA,NA,NA,NA,NA,NA,NA,NA,NA,2,"MR. MARITZA CAMPOS DIAZ","CORTO",NA,"No","Punto movil",NA,NA,NA,NA,NA,NA,NA,NA,NA,NA,NA,NA,NA,NA,"Complete","-16.328131","-71.549646","-16.328198","-71.549703"
"680",683,NA,"2024-08-10 17:17:35","20","Nazareno",3,203,2024-08-10,2,"","",NA,"","",2,2,NA,NA,NA,NA,NA,NA,"",NA,NA,NA,NA,NA,NA,NA,"",NA,NA,NA,NA,NA,NA,NA,NA,NA,NA,NA,NA,NA,NA,NA,87,3,NA,NA,"",NA,NA,NA,"","",87,3,90,NA,NA,NA,NA,NA,NA,NA,NA,NA,NA,2,"MR. MARITZA CAMPOS DIAZ","CORTO",NA,"No","Punto movil",NA,NA,NA,NA,NA,NA,NA,NA,NA,NA,NA,NA,NA,NA,"Complete","-16.330056","-71.550593","-16.330667","-71.551710"
"681",684,NA,"2024-08-10 17:19:43","20","Complejo deportivo las gardenias",5,205,2024-08-10,1,"08:15","08:25",1,"","08:58",NA,1,26,NA,25,0,1,1,"10:15",2,NA,NA,58,7,2,NA,"",NA,NA,NA,NA,NA,NA,NA,NA,NA,NA,NA,NA,NA,NA,NA,NA,NA,NA,NA,"",NA,NA,NA,"13:15","",83,7,90,NA,NA,NA,NA,NA,NA,NA,NA,NA,NA,2,"MR. MARITZA CAMPOS DIAZ","DETALLADO","1, Bus",NA,"Punto fijo",NA,"SI","Microred","Cambiamos a Punto movil","NO",NA,NA,NA,NA,NA,NA,NA,NA,NA,"Complete","-16.325107","-71.564535","-16.326080","-71.565674"
"682",685,NA,"2024-08-10 17:24:47","20","Hosp. maritza campos",6,206,2024-08-10,2,"","",NA,"","",2,1,NA,NA,50,0,NA,NA,"",NA,NA,NA,NA,NA,NA,NA,"",NA,NA,NA,NA,NA,NA,NA,NA,NA,NA,NA,NA,NA,NA,NA,NA,NA,NA,NA,"",NA,NA,NA,"","",50,0,50,NA,NA,NA,NA,NA,NA,NA,NA,NA,NA,2,"MR. MARITZA CAMPOS DIAZ","CORTO",NA,"No","Punto fijo",NA,NA,NA,NA,NA,NA,NA,NA,NA,NA,NA,NA,NA,NA,"Complete","-16.327220","-71.560955","-16.324808","-71.558748"
"683",686,NA,"2024-08-10 17:26:15","20","Astros y chachani",7,207,2024-08-10,2,"","",NA,"","",2,1,NA,NA,75,5,NA,NA,"",NA,NA,NA,NA,NA,NA,NA,"",NA,NA,NA,NA,NA,NA,NA,NA,NA,NA,NA,NA,NA,NA,NA,NA,NA,NA,NA,"",NA,NA,NA,"","",75,5,80,NA,NA,NA,NA,NA,NA,NA,NA,NA,NA,2,"MR. MARITZA CAMPOS DIAZ","CORTO",NA,"No","Punto fijo",NA,NA,NA,NA,NA,NA,NA,NA,NA,NA,NA,NA,NA,NA,"Complete","-16.321495","-71.557614","-16.323785","-71.562034"
"684",687,NA,"2024-08-10 17:27:35","20","Las flores",8,208,2024-08-10,2,"","",NA,"","",2,2,NA,NA,NA,NA,NA,NA,"",NA,NA,NA,NA,NA,NA,NA,"",NA,NA,NA,NA,NA,NA,NA,NA,NA,NA,NA,NA,NA,NA,NA,97,0,NA,NA,"",NA,NA,NA,"","",97,0,97,NA,NA,NA,NA,NA,NA,NA,NA,NA,NA,2,"MR. MARITZA CAMPOS DIAZ","CORTO",NA,"No","Punto movil",NA,NA,NA,NA,NA,NA,NA,NA,NA,NA,NA,NA,NA,NA,"Complete","-16.328791","-71.567364","",""
"685",688,NA,"2024-08-10 17:28:33","20","Nuevo horizonte ballon farfan",9,209,2024-08-10,2,"","",NA,"","",2,1,NA,NA,61,0,NA,NA,"",NA,NA,NA,NA,NA,NA,NA,"",NA,NA,NA,NA,NA,NA,NA,NA,NA,NA,NA,NA,NA,NA,NA,NA,NA,NA,NA,"",NA,NA,NA,"","",61,0,61,NA,NA,NA,NA,NA,NA,NA,NA,NA,NA,2,"MR. MARITZA CAMPOS DIAZ","CORTO",NA,"No","Punto fijo",NA,NA,NA,NA,NA,NA,NA,NA,NA,NA,NA,NA,NA,NA,"Complete","-16.327288","-71.555607","-16.334847","-71.554652"
"686",689,NA,"2024-08-10 17:29:25","20","Eden",11,2011,2024-08-10,2,"","",NA,"","",2,1,NA,NA,120,3,NA,NA,"",NA,NA,NA,NA,NA,NA,NA,"",NA,NA,NA,NA,NA,NA,NA,NA,NA,NA,NA,NA,NA,NA,NA,NA,NA,NA,NA,"",NA,NA,NA,"","",120,3,123,NA,NA,NA,NA,NA,NA,NA,NA,NA,NA,2,"MR. MARITZA CAMPOS DIAZ","CORTO",NA,"No","Punto fijo",NA,NA,NA,NA,NA,NA,NA,NA,NA,NA,NA,NA,NA,NA,"Complete","-16.330117","-71.555781","-16.324830","-71.557177"
"687",690,NA,"2024-08-10 17:30:26","20","Carla bacaflor",12,2012,2024-08-10,2,"","",NA,"","",2,1,NA,NA,115,5,NA,NA,"",NA,NA,NA,NA,NA,NA,NA,"",NA,NA,NA,NA,NA,NA,NA,NA,NA,NA,NA,NA,NA,NA,NA,NA,NA,NA,NA,"",NA,NA,NA,"","",115,5,120,NA,NA,NA,NA,NA,NA,NA,NA,NA,NA,2,"MR. MARITZA CAMPOS DIAZ","CORTO",NA,"No","Punto fijo",NA,NA,NA,NA,NA,NA,NA,NA,NA,NA,NA,NA,NA,NA,"Complete","-16.323663","-71.561068","-16.326424","-71.561590"
"688",691,NA,"2024-08-10 17:31:19","20","Flores 1",13,2013,2024-08-10,2,"","",NA,"","",2,2,NA,NA,NA,NA,NA,NA,"",NA,NA,NA,NA,NA,NA,NA,"",NA,NA,NA,NA,NA,NA,NA,NA,NA,NA,NA,NA,NA,NA,NA,110,0,NA,NA,"",NA,NA,NA,"","",110,0,110,NA,NA,NA,NA,NA,NA,NA,NA,NA,NA,2,"MR. MARITZA CAMPOS DIAZ","CORTO",NA,"No","Punto movil",NA,NA,NA,NA,NA,NA,NA,NA,NA,NA,NA,NA,NA,NA,"Complete","-16.327788","-71.572294","-16.327918","-71.571017"
"689",692,NA,"2024-08-10 17:32:23","20","",14,2014,2024-08-10,2,"","",NA,"","",2,2,NA,NA,NA,NA,NA,NA,"",NA,NA,NA,NA,NA,NA,NA,"",NA,NA,NA,NA,NA,NA,NA,NA,NA,NA,NA,NA,NA,NA,NA,59,0,NA,NA,"",NA,NA,NA,"","",59,0,59,NA,NA,NA,NA,NA,NA,NA,NA,NA,NA,2,"MR. MARITZA CAMPOS DIAZ","CORTO",NA,"No","Punto movil",NA,NA,NA,NA,NA,NA,NA,NA,NA,NA,NA,NA,NA,NA,"Complete","-16.323752","-71.567997","-16.326011","-71.569379"
"690",693,NA,"2024-08-10 17:34:02","20","Andres avelino caceres",15,2015,2024-08-10,1,"08:21","08:32",1,"","09:15",NA,2,22,NA,NA,NA,NA,NA,"",NA,NA,NA,NA,NA,NA,NA,"",NA,NA,NA,NA,NA,NA,NA,NA,NA,NA,NA,NA,NA,2,2,66,4,NA,NA,"",NA,NA,NA,"13:05","",66,4,70,NA,NA,NA,NA,NA,NA,NA,NA,NA,NA,2,"MR. MARITZA CAMPOS DIAZ","DETALLADO","1, Bus",NA,"Punto movil",NA,NA,NA,NA,NA,NA,NA,NA,NA,NA,"Mapa con recorrido de inicio a fin","NO",NA,NA,"Complete","-16.329896","-71.574577","-16.331984","-71.575519"
"691",694,NA,"2024-08-10 17:36:14","20","Gardenias",16,2016,2024-08-10,1,"07:44","08:29",1,"","08:57",NA,2,62,NA,NA,NA,NA,NA,"",NA,NA,NA,NA,NA,NA,NA,"",NA,NA,NA,NA,NA,NA,NA,NA,NA,NA,NA,NA,NA,2,2,51,5,NA,NA,"",NA,NA,NA,"12:22","",51,5,56,NA,NA,NA,NA,NA,NA,NA,NA,NA,NA,2,"MR. MARITZA CAMPOS DIAZ","DETALLADO","1, Bus",NA,"Punto movil",NA,NA,NA,NA,NA,NA,NA,NA,NA,NA,"Mapa con recorrido de inicio a fin","NO",NA,NA,"Complete","-16.322063","-71.563942","-16.327501","-71.567101"
"692",695,NA,"2024-08-11 16:50:07","11","Villa la Pradera Zona B Cerca al reservorio (tahuantinsuyo)",1,111,2024-08-11,1,"08:20","08:40",1,"","09:24",NA,1,76,NA,0,0,1,1,"09:25",2,NA,NA,84,12,2,NA,"",NA,NA,NA,NA,NA,NA,NA,NA,NA,NA,NA,NA,NA,NA,NA,NA,NA,NA,NA,"",NA,NA,NA,"13:25","siempre fue punto móvil nunca fijo ",84,12,96,NA,NA,NA,NA,NA,NA,NA,NA,NA,NA,2,"MR. EDIFICADORES MISTI","DETALLADO","1, Bus",NA,"Punto fijo",NA,"SI","Microred","Cambiamos a Punto movil","NO",NA,NA,NA,NA,NA,NA,NA,NA,NA,"Complete","-16.381884","-71.504070","-16.381885","-71.500890"
"693",696,NA,"2024-08-11 16:53:00","11","Parque villa Arica puente Arica ",2,112,2024-08-11,2,"","",NA,"","",2,1,NA,NA,90,5,NA,NA,"",NA,NA,NA,NA,NA,NA,NA,"",NA,NA,NA,NA,NA,NA,NA,NA,NA,NA,NA,NA,NA,NA,NA,NA,NA,NA,NA,"",NA,NA,NA,"","al momento de repartir los grupos, a este equipo le dijeron que estarian en villa la pradera zona b, pero al memento de la supervision este equipo estuvo en el paruqe villa arica y fuerte arica",90,5,95,NA,NA,NA,NA,NA,NA,NA,NA,NA,NA,2,"MR. EDIFICADORES MISTI","CORTO",NA,"No","Punto fijo",NA,NA,NA,NA,NA,NA,NA,NA,NA,NA,NA,NA,NA,NA,"Complete","-16.382891","-71.502437","-16.381839","-71.503285"
"694",697,NA,"2024-08-11 16:54:13","11","Juan XXIII Cancha Alto ",3,113,2024-08-11,2,"","",NA,"","",2,1,NA,NA,172,8,NA,NA,"",NA,NA,NA,NA,NA,NA,NA,"",NA,NA,NA,NA,NA,NA,NA,NA,NA,NA,NA,NA,NA,NA,NA,NA,NA,NA,NA,"",NA,NA,NA,"","",172,8,180,NA,NA,NA,NA,NA,NA,NA,NA,NA,NA,2,"MR. EDIFICADORES MISTI","CORTO",NA,"No","Punto fijo",NA,NA,NA,NA,NA,NA,NA,NA,NA,NA,NA,NA,NA,NA,"Complete","-16.379741","-71.502479","-16.379116","-71.501073"
"695",698,NA,"2024-08-11 16:56:22","11","Galaxia zona A y B",4,114,2024-08-11,1,"08:16","08:22",2,"","08:51",NA,1,30,NA,27,2,1,1,"10:30",1,60,1,NA,NA,2,NA,"",NA,NA,NA,NA,NA,NA,NA,NA,NA,NA,NA,NA,NA,NA,NA,NA,NA,NA,NA,"",NA,NA,NA,"13:31","",87,3,90,NA,NA,NA,NA,NA,NA,NA,NA,NA,NA,2,"MR. EDIFICADORES MISTI","DETALLADO","2. Camioneta/Auto",NA,"Punto fijo",NA,"SI","Microred","Cambiamos a Punto fijo","NO",NA,NA,NA,NA,NA,NA,NA,NA,NA,"Complete","-16.377463","-71.493937","-16.378357","-71.496032"
"696",699,NA,"2024-08-11 16:59:57","11","Loza Deportiva Vista Alegre ",5,115,2024-08-11,1,"08:20","08:35",1,"","09:09",NA,1,69,NA,53,9,1,3,"12:05",2,NA,NA,3,1,2,NA,"",NA,NA,NA,NA,NA,NA,NA,NA,NA,NA,NA,NA,NA,NA,NA,NA,NA,NA,NA,"",NA,NA,NA,"13:08","",56,10,66,NA,NA,NA,NA,NA,NA,NA,NA,NA,NA,2,"MR. EDIFICADORES MISTI","DETALLADO","1, Bus",NA,"Punto fijo",NA,"SI","Yo mismo","Cambiamos a Punto movil","NO",NA,NA,NA,NA,NA,NA,NA,NA,NA,"Complete","-16.379986","-71.488333","",""
"697",700,NA,"2024-08-11 17:02:08","11","Héroes del pacifico",6,116,2024-08-11,1,"08:00","08:29",1,"","09:15",NA,1,78,NA,10,5,1,3,"11:15",2,NA,NA,30,4,2,NA,"",NA,NA,NA,NA,NA,NA,NA,NA,NA,NA,NA,NA,NA,NA,NA,NA,NA,NA,NA,"",NA,NA,NA,"13:00","",40,9,49,NA,NA,NA,NA,NA,NA,NA,NA,NA,NA,2,"MR. EDIFICADORES MISTI","DETALLADO","1, Bus",NA,"Punto fijo",NA,"SI","Yo mismo","Cambiamos a Punto movil","NO",NA,NA,NA,NA,NA,NA,NA,NA,NA,"Complete","-16.377007","-71.489991","-16.376119","-71.488433"
"698",701,NA,"2024-08-11 17:06:25","11","Capilla Heroes del Pacifico",7,117,2024-08-11,1,"08:18","08:33",1,"","08:56",NA,1,58,NA,84,0,1,1,"11:27",2,NA,NA,32,6,2,NA,"",NA,NA,NA,NA,NA,NA,NA,NA,NA,NA,NA,NA,NA,NA,NA,NA,NA,NA,NA,"",NA,NA,NA,"13:38","den mas carnets y collarines, no den agua con gas. al momento de dejar a los equipos es su punto de vacunación el inspector sanitario Hugo nose percato que habia dejado ya un equipo en heroes del pacifico por lo que nose dejo cwerca al cewmenterio ",116,6,122,NA,NA,NA,NA,NA,NA,NA,NA,NA,NA,2,"MR. EDIFICADORES MISTI","DETALLADO","1, Bus",NA,"Punto fijo",NA,"SI","Microred","Cambiamos a Punto movil","NO",NA,NA,NA,NA,NA,NA,NA,NA,NA,"Complete","-16.373746","-71.493952","",""
"699",702,NA,"2024-08-11 17:07:55","11","Cristo Blanco Parte Baja ",8,118,2024-08-11,2,"","",NA,"","",2,1,NA,NA,93,2,NA,NA,"",NA,NA,NA,NA,NA,NA,NA,"",NA,NA,NA,NA,NA,NA,NA,NA,NA,NA,NA,NA,NA,NA,NA,NA,NA,NA,NA,"",NA,NA,NA,"","",93,2,95,NA,NA,NA,NA,NA,NA,NA,NA,NA,NA,2,"MR. EDIFICADORES MISTI","CORTO",NA,"No","Punto fijo",NA,NA,NA,NA,NA,NA,NA,NA,NA,NA,NA,NA,NA,NA,"Complete","-16.373533","-71.501231","-16.373024","-71.500161"
"700",703,NA,"2024-08-11 17:09:53","11","Girasoles",9,119,2024-08-11,1,"08:18","08:35",1,"","09:08",NA,1,57,NA,0,0,1,1,"09:08",2,NA,NA,70,3,2,NA,"",NA,NA,NA,NA,NA,NA,NA,NA,NA,NA,NA,NA,NA,NA,NA,NA,NA,NA,NA,"",NA,NA,NA,"13:08","punto móvil desde el principio",70,3,73,NA,NA,NA,NA,NA,NA,NA,NA,NA,NA,2,"MR. EDIFICADORES MISTI","DETALLADO","1, Bus",NA,"Punto fijo",NA,"SI","Microred","Cambiamos a Punto movil","NO",NA,NA,NA,NA,NA,NA,NA,NA,NA,"Complete","-16.379404","-71.490440","-16.379777","-71.493173"
"701",704,NA,"2024-08-11 17:11:07","11","Loza Deportiva El Salvador ",10,1110,2024-08-11,2,"","",NA,"","",2,1,NA,NA,113,43,NA,NA,"",NA,NA,NA,NA,NA,NA,NA,"",NA,NA,NA,NA,NA,NA,NA,NA,NA,NA,NA,NA,NA,NA,NA,NA,NA,NA,NA,"",NA,NA,NA,"","",113,43,156,NA,NA,NA,NA,NA,NA,NA,NA,NA,NA,2,"MR. EDIFICADORES MISTI","CORTO",NA,"No","Punto fijo",NA,NA,NA,NA,NA,NA,NA,NA,NA,NA,NA,NA,NA,NA,"Complete","-16.371884","-71.496801","",""
"702",705,NA,"2024-08-11 17:13:01","11","Loza Deportiva Sr. Milagros ",11,1111,2024-08-11,2,"","",NA,"","",2,1,NA,NA,61,6,NA,NA,"",NA,NA,NA,NA,NA,NA,NA,"",NA,NA,NA,NA,NA,NA,NA,NA,NA,NA,NA,NA,NA,NA,NA,NA,NA,NA,NA,"",NA,NA,NA,"","Hubo poca cantidad de personas que trajeron a sus perros y hubo bastante cantidad de perros sin dueño ",61,6,67,NA,NA,NA,NA,NA,NA,NA,NA,NA,NA,2,"MR. EDIFICADORES MISTI","CORTO",NA,"No","Punto fijo",NA,NA,NA,NA,NA,NA,NA,NA,NA,NA,NA,NA,NA,NA,"Complete","-16.371051","-71.493366","-16.372312","-71.493182"
"703",706,NA,"2024-08-11 17:28:15","20","Jose Chavez",1,201,2024-08-11,2,"","",NA,"","",2,2,NA,NA,NA,NA,NA,NA,"",NA,NA,NA,NA,NA,NA,NA,"",NA,NA,NA,NA,NA,NA,NA,NA,NA,NA,NA,NA,NA,NA,NA,105,5,NA,NA,"",NA,NA,NA,"","",105,5,110,NA,NA,NA,NA,NA,NA,NA,NA,NA,NA,2,"MR. MARITZA CAMPOS DIAZ","CORTO",NA,"No","Punto movil",NA,NA,NA,NA,NA,NA,NA,NA,NA,NA,NA,NA,NA,NA,"Complete","-16.323609","-71.545294","-16.322715","-71.544055"
"704",707,NA,"2024-08-11 17:30:05","20","C.S. Nazareno",2,202,2024-08-11,2,"","",NA,"","",2,1,NA,NA,100,0,NA,NA,"",NA,NA,NA,NA,NA,NA,NA,"",NA,NA,NA,NA,NA,NA,NA,NA,NA,NA,NA,NA,NA,NA,NA,NA,NA,NA,NA,"",NA,NA,NA,"","",100,0,100,NA,NA,NA,NA,NA,NA,NA,NA,NA,NA,2,"MR. MARITZA CAMPOS DIAZ","CORTO",NA,"No","Punto fijo",NA,NA,NA,NA,NA,NA,NA,NA,NA,NA,NA,NA,NA,NA,"Complete","-16.328164","-71.549700","-16.328216","-71.549682"
"705",708,NA,"2024-08-11 17:36:05","20","isla, getsemani",3,203,2024-08-11,2,"","",NA,"","",2,2,NA,NA,NA,NA,NA,NA,"",NA,NA,NA,NA,NA,NA,NA,"",NA,NA,NA,NA,NA,NA,NA,NA,NA,NA,NA,NA,NA,NA,NA,54,6,NA,NA,"",NA,NA,NA,"","",54,6,60,NA,NA,NA,NA,NA,NA,NA,NA,NA,NA,2,"MR. MARITZA CAMPOS DIAZ","CORTO",NA,"No","Punto movil",NA,NA,NA,NA,NA,NA,NA,NA,NA,NA,NA,NA,NA,NA,"Complete","-16.332828","-71.554797","-16.333277","-71.553496"
"706",709,NA,"2024-08-11 17:38:21","20","amazonas nuevo horizonte",4,204,2024-08-11,2,"","",NA,"","",2,2,NA,NA,NA,NA,NA,NA,"",NA,NA,NA,NA,NA,NA,NA,"",NA,NA,NA,NA,NA,NA,NA,NA,NA,NA,NA,NA,NA,NA,NA,89,13,NA,NA,"",NA,NA,NA,"","",89,13,102,NA,NA,NA,NA,NA,NA,NA,NA,NA,NA,2,"MR. MARITZA CAMPOS DIAZ","CORTO",NA,"No","Punto movil",NA,NA,NA,NA,NA,NA,NA,NA,NA,NA,NA,NA,NA,NA,"Complete","-16.323597","-71.549257","-16.323627","-71.552894"
"707",710,NA,"2024-08-11 17:41:22","20","Maritza Campos",5,205,2024-08-11,1,"08:30","08:35",1,"","09:00",NA,1,26,NA,0,0,1,1,"09:00",2,NA,NA,77,3,2,NA,"",NA,NA,NA,NA,NA,NA,NA,NA,NA,NA,NA,NA,NA,NA,NA,NA,NA,NA,NA,"",NA,NA,NA,"12:50","",77,3,80,NA,NA,NA,NA,NA,NA,NA,NA,NA,NA,2,"MR. MARITZA CAMPOS DIAZ","DETALLADO","1, Bus",NA,"Punto fijo",NA,"SI","Microred","Cambiamos a Punto movil","NO",NA,NA,NA,NA,NA,NA,NA,NA,NA,"Complete","-16.327218","-71.560673","-16.324786","-71.559089"
"708",711,NA,"2024-08-11 17:43:13","20","garderias",6,206,2024-08-11,2,"","",NA,"","",2,1,NA,NA,70,0,NA,NA,"",NA,NA,NA,NA,NA,NA,NA,"",NA,NA,NA,NA,NA,NA,NA,NA,NA,NA,NA,NA,NA,NA,NA,NA,NA,NA,NA,"",NA,NA,NA,"","",70,0,70,NA,NA,NA,NA,NA,NA,NA,NA,NA,NA,2,"MR. MARITZA CAMPOS DIAZ","CORTO",NA,"No","Punto fijo",NA,NA,NA,NA,NA,NA,NA,NA,NA,NA,NA,NA,NA,NA,"Complete","-16.323749","-71.563249","",""
"709",712,NA,"2024-08-11 17:46:26","20","Astros",7,207,2024-08-11,2,"","",NA,"","",2,2,NA,NA,NA,NA,NA,NA,"",NA,NA,NA,NA,NA,NA,NA,"",NA,NA,NA,NA,NA,NA,NA,NA,NA,NA,NA,NA,NA,NA,NA,60,0,NA,NA,"",NA,NA,NA,"","",60,0,60,NA,NA,NA,NA,NA,NA,NA,NA,NA,NA,2,"MR. MARITZA CAMPOS DIAZ","CORTO",NA,"No","Punto movil",NA,NA,NA,NA,NA,NA,NA,NA,NA,NA,NA,NA,NA,NA,"Complete","-16.323519","-71.556441","-16.321876","-71.563240"
"710",713,NA,"2024-08-11 17:47:16","20","las flores",8,208,2024-08-11,2,"","",NA,"","",2,2,NA,NA,NA,NA,NA,NA,"",NA,NA,NA,NA,NA,NA,NA,"",NA,NA,NA,NA,NA,NA,NA,NA,NA,NA,NA,NA,NA,NA,NA,90,2,NA,NA,"",NA,NA,NA,"","",90,2,92,NA,NA,NA,NA,NA,NA,NA,NA,NA,NA,2,"MR. MARITZA CAMPOS DIAZ","CORTO",NA,"No","Punto movil",NA,NA,NA,NA,NA,NA,NA,NA,NA,NA,NA,NA,NA,NA,"Complete","-16.331786","-71.567570","",""
"711",714,NA,"2024-08-11 17:48:36","20","nuevo Horizonte b flores",9,209,2024-08-11,2,"","",NA,"","",NA,1,NA,NA,69,4,NA,NA,"",NA,NA,NA,NA,NA,NA,NA,"",NA,NA,NA,NA,NA,NA,NA,NA,NA,NA,NA,NA,NA,NA,NA,NA,NA,NA,NA,"",NA,NA,NA,"","",69,4,73,NA,NA,NA,NA,NA,NA,NA,NA,NA,NA,2,"MR. MARITZA CAMPOS DIAZ","CORTO",NA,NA,"Punto fijo",NA,NA,NA,NA,NA,NA,NA,NA,NA,NA,NA,NA,NA,NA,"Complete","-16.326564","-71.555462","-16.336324","-71.555863"
"712",715,NA,"2024-08-11 17:49:47","20","santa isabel",10,2010,2024-08-11,2,"","",NA,"","",2,1,NA,NA,60,0,NA,NA,"",NA,NA,NA,NA,NA,NA,NA,"",NA,NA,NA,NA,NA,NA,NA,NA,NA,NA,NA,NA,NA,NA,NA,NA,NA,NA,NA,"",NA,NA,NA,"","",60,0,60,NA,NA,NA,NA,NA,NA,NA,NA,NA,NA,2,"MR. MARITZA CAMPOS DIAZ","CORTO",NA,"No","Punto fijo",NA,NA,NA,NA,NA,NA,NA,NA,NA,NA,NA,NA,NA,NA,"Complete","-16.334512","-71.579128","-16.336052","-71.580513"
"713",716,NA,"2024-08-11 17:52:58","20","eden J.L. pizarro",11,2011,2024-08-11,2,"","",NA,"","",2,1,NA,NA,115,10,NA,NA,"",NA,NA,NA,NA,NA,NA,NA,"",NA,NA,NA,NA,NA,NA,NA,NA,NA,NA,NA,NA,NA,NA,NA,NA,NA,NA,NA,"",NA,NA,NA,"","",115,10,125,NA,NA,NA,NA,NA,NA,NA,NA,NA,NA,2,"MR. MARITZA CAMPOS DIAZ","CORTO",NA,"No","Punto fijo",NA,NA,NA,NA,NA,NA,NA,NA,NA,NA,NA,NA,NA,NA,"Complete","-16.323778","-71.555924","",""
"714",717,NA,"2024-08-11 17:54:09","20","mercado",12,2012,2024-08-11,2,"","",NA,"","",2,1,NA,NA,49,2,NA,NA,"",NA,NA,NA,NA,NA,NA,NA,"",NA,NA,NA,NA,NA,NA,NA,NA,NA,NA,NA,NA,NA,NA,NA,NA,NA,NA,NA,"",NA,NA,NA,"","",49,2,51,NA,NA,NA,NA,NA,NA,NA,NA,NA,NA,2,"MR. MARITZA CAMPOS DIAZ","CORTO",NA,"No","Punto fijo",NA,NA,NA,NA,NA,NA,NA,NA,NA,NA,NA,NA,NA,NA,"Complete","-16.328838","-71.563151","",""
"715",718,NA,"2024-08-11 17:55:10","20","andres avelino caceres las flores",13,2013,2024-08-11,2,"","",NA,"","",2,1,NA,NA,92,0,NA,NA,"",NA,NA,NA,NA,NA,NA,NA,"",NA,NA,NA,NA,NA,NA,NA,NA,NA,NA,NA,NA,NA,NA,NA,NA,NA,NA,NA,"",NA,NA,NA,"","",92,0,92,NA,NA,NA,NA,NA,NA,NA,NA,NA,NA,2,"MR. MARITZA CAMPOS DIAZ","CORTO",NA,"No","Punto fijo",NA,NA,NA,NA,NA,NA,NA,NA,NA,NA,NA,NA,NA,NA,"Complete","-16.329025","-71.572113","-16.329637","-71.572965"
"716",719,NA,"2024-08-11 17:56:56","20","villa peru alipio ponce",14,2014,2024-08-11,2,"","",NA,"","",2,2,NA,NA,NA,NA,NA,NA,"",NA,NA,NA,NA,NA,NA,NA,"",NA,NA,NA,NA,NA,NA,NA,NA,NA,NA,NA,NA,NA,NA,NA,62,1,NA,NA,"",NA,NA,NA,"","",62,1,63,NA,NA,NA,NA,NA,NA,NA,NA,NA,NA,2,"MR. MARITZA CAMPOS DIAZ","CORTO",NA,"No","Punto movil",NA,NA,NA,NA,NA,NA,NA,NA,NA,NA,NA,NA,NA,NA,"Complete","-16.323783","-71.567469","-16.325891","-71.570879"
"717",720,NA,"2024-08-11 18:00:41","20","las flores zona 3 y 4",15,2015,2024-08-11,1,"07:40","08:36",1,"","08:50",NA,2,22,NA,NA,NA,NA,NA,"",NA,NA,NA,NA,NA,NA,NA,"",NA,NA,NA,NA,NA,NA,NA,NA,NA,NA,NA,NA,NA,2,2,69,4,NA,NA,"",NA,NA,NA,"12:53","",69,4,73,NA,NA,NA,NA,NA,NA,NA,NA,NA,NA,2,"MR. MARITZA CAMPOS DIAZ","DETALLADO","1, Bus",NA,"Punto movil",NA,NA,NA,NA,NA,NA,NA,NA,NA,NA,"Mapa con recorrido de inicio a fin","NO",NA,NA,"Complete","-16.331644","-71.571819","-16.329911","-71.568435"
"718",721,NA,"2024-08-11 18:02:35","20","gardenias",16,2016,2024-08-11,1,"07:35","08:38",1,"","08:57",NA,2,62,NA,NA,NA,NA,NA,"",NA,NA,NA,NA,NA,NA,NA,"",NA,NA,NA,NA,NA,NA,NA,NA,NA,NA,NA,NA,NA,2,2,82,19,NA,NA,"",NA,NA,NA,"12:50","",82,19,101,NA,NA,NA,NA,NA,NA,NA,NA,NA,NA,2,"MR. MARITZA CAMPOS DIAZ","DETALLADO","1, Bus",NA,"Punto movil",NA,NA,NA,NA,NA,NA,NA,NA,NA,NA,"Mapa con recorrido de inicio a fin","NO",NA,NA,"Complete","-16.321655","-71.563415","-16.327240","-71.567238"
"719",722,NA,"2024-08-17 18:46:00","14","parque 15 de agosto",1,141,2024-08-17,1,"08:20","08:25",1,"","08:30",NA,3,NA,1,NA,NA,NA,NA,"",NA,NA,NA,NA,NA,NA,NA,"",NA,NA,NA,NA,NA,NA,NA,NA,NA,NA,NA,NA,NA,NA,NA,NA,NA,1,1,"",82,1,83,"13:00","",82,1,83,NA,NA,NA,NA,NA,NA,NA,NA,NA,NA,2,"MR. 15 DE AGOSTO","DETALLADO","1, Bus",NA,"Puerta Puerta","Urbano",NA,NA,NA,NA,NA,NA,NA,NA,NA,NA,NA,"1. Mapa con zona delimitada","Tocar puerta por puerta","Complete","-16.412715","-71.511151","",""
"720",723,NA,"2024-08-17 18:48:46","14","iglesia francisco mostajo",2,142,2024-08-17,1,"08:20","08:25",1,"","08:32",NA,3,NA,1,NA,NA,NA,NA,"",NA,NA,NA,NA,NA,NA,NA,"",NA,NA,NA,NA,NA,NA,NA,NA,NA,NA,NA,NA,NA,NA,NA,NA,NA,1,1,"",29,3,32,"12:45","",29,3,32,NA,NA,NA,NA,NA,NA,NA,NA,NA,NA,2,"MR. 15 DE AGOSTO","DETALLADO","1, Bus",NA,"Puerta Puerta","Urbano",NA,NA,NA,NA,NA,NA,NA,NA,NA,NA,NA,"1. Mapa con zona delimitada","Tocar puerta por puerta","Complete","-16.410962","-71.509560","",""
"721",724,NA,"2024-08-17 18:53:07","14","parque héroes de angamos ",3,143,2024-08-17,1,"08:00","08:15",NA,"","08:49",NA,3,NA,1,NA,NA,NA,NA,"",NA,NA,NA,NA,NA,NA,NA,"",NA,NA,NA,NA,NA,NA,NA,NA,NA,NA,NA,NA,NA,NA,NA,NA,NA,2,1,"",28,6,34,"12:30","",28,6,34,NA,NA,NA,NA,NA,NA,NA,NA,NA,NA,2,"MR. 15 DE AGOSTO","DETALLADO",NA,NA,"Puerta Puerta","Urbano",NA,NA,NA,NA,NA,NA,NA,NA,NA,NA,NA,"2. Mapa con recorrido de inicio a fin","Tocar puerta por puerta","Complete","-16.407022","-71.497509","",""
"722",725,NA,"2024-08-17 18:57:20","14","hipolito unanue",3,143,2024-08-17,1,"08:20","08:32",1,"","08:44",NA,3,NA,1,NA,NA,NA,NA,"",NA,NA,NA,NA,NA,NA,NA,"",NA,NA,NA,NA,NA,NA,NA,NA,NA,NA,NA,NA,NA,NA,NA,NA,NA,1,1,"",60,0,60,"13:35","",60,0,60,NA,NA,NA,NA,NA,NA,NA,NA,NA,NA,2,"MR. 15 DE AGOSTO","DETALLADO","1, Bus",NA,"Puerta Puerta","Urbano",NA,NA,NA,NA,NA,NA,NA,NA,NA,NA,NA,"1. Mapa con zona delimitada","Tocar puerta por puerta","Complete","-16.413871","-71.497634","",""
"723",726,NA,"2024-08-17 19:02:43","14","mercado 15 de agosto",5,145,2024-08-17,1,"07:50","08:10",4,"","08:15",NA,3,NA,1,NA,NA,NA,NA,"",NA,NA,NA,NA,NA,NA,NA,"",NA,NA,NA,NA,NA,NA,NA,NA,NA,NA,NA,NA,NA,NA,NA,NA,NA,4,1,"",33,8,41,"12:59","",33,8,41,NA,NA,NA,NA,NA,NA,NA,NA,NA,NA,2,"MR. 15 DE AGOSTO","DETALLADO","4. Caminando",NA,"Puerta Puerta","Urbano",NA,NA,NA,NA,NA,NA,NA,NA,NA,NA,NA,"4. Mapa digital","Tocar puerta por puerta","Complete","-16.411783","-71.501053","",""
"724",727,NA,"2024-08-17 19:05:34","14","parque jose mark",6,146,2024-08-17,1,"08:00","08:15",4,"","08:20",NA,3,NA,1,NA,NA,NA,NA,"",NA,NA,NA,NA,NA,NA,NA,"",NA,NA,NA,NA,NA,NA,NA,NA,NA,NA,NA,NA,NA,NA,NA,NA,NA,1,1,"",25,0,25,"13:00","",25,0,25,NA,NA,NA,NA,NA,NA,NA,NA,NA,NA,2,"MR. 15 DE AGOSTO","DETALLADO","4. Caminando",NA,"Puerta Puerta","Urbano",NA,NA,NA,NA,NA,NA,NA,NA,NA,NA,NA,"1. Mapa con zona delimitada","Tocar puerta por puerta","Complete","-16.415764","-71.505051","",""
"725",728,NA,"2024-08-17 19:08:18","14","parque jirafa",7,147,2024-08-17,1,"08:00","08:20",2,"","08:27",NA,3,NA,1,NA,NA,NA,NA,"",NA,NA,NA,NA,NA,NA,NA,"",NA,NA,NA,NA,NA,NA,NA,NA,NA,NA,NA,NA,NA,NA,NA,NA,NA,1,1,"",48,24,72,"13:02","",48,24,72,NA,NA,NA,NA,NA,NA,NA,NA,NA,NA,2,"MR. 15 DE AGOSTO","DETALLADO","2. Camioneta/Auto",NA,"Puerta Puerta","Urbano",NA,NA,NA,NA,NA,NA,NA,NA,NA,NA,NA,"1. Mapa con zona delimitada","Tocar puerta por puerta","Complete","-16.416708","-71.501053","",""
"726",729,NA,"2024-08-17 19:10:18","14","parque pedro pediaz",8,148,2024-08-17,1,"08:00","08:25",2,"","08:30",NA,3,NA,1,NA,NA,NA,NA,"",NA,NA,NA,NA,NA,NA,NA,"",NA,NA,NA,NA,NA,NA,NA,NA,NA,NA,NA,NA,NA,NA,NA,NA,NA,1,1,"",23,2,25,"13:00","",23,2,25,NA,NA,NA,NA,NA,NA,NA,NA,NA,NA,2,"MR. 15 DE AGOSTO","DETALLADO","2. Camioneta/Auto",NA,"Puerta Puerta","Urbano",NA,NA,NA,NA,NA,NA,NA,NA,NA,NA,NA,"1. Mapa con zona delimitada","Tocar puerta por puerta","Complete","-16.415661","-71.498945","",""
"727",730,NA,"2024-08-17 19:14:09","14","parque biblioteca",9,149,2024-08-17,1,"08:06","08:10",1,"","08:29",NA,3,NA,1,NA,NA,NA,NA,"",NA,NA,NA,NA,NA,NA,NA,"",NA,NA,NA,NA,NA,NA,NA,NA,NA,NA,NA,NA,NA,NA,NA,NA,NA,4,1,"",31,3,34,"12:58","",31,3,34,NA,NA,NA,NA,NA,NA,NA,NA,NA,NA,2,"MR. 15 DE AGOSTO","DETALLADO","1, Bus",NA,"Puerta Puerta","Urbano",NA,NA,NA,NA,NA,NA,NA,NA,NA,NA,NA,"4. Mapa digital","Tocar puerta por puerta","Complete","-16.418333","-71.502281","",""
"728",731,NA,"2024-08-17 19:17:13","14","parque jirafa manco capac ",10,1410,2024-08-17,1,"07:57","08:20",1,"","08:30",NA,3,NA,1,NA,NA,NA,NA,"",NA,NA,NA,NA,NA,NA,NA,"",NA,NA,NA,NA,NA,NA,NA,NA,NA,NA,NA,NA,NA,NA,NA,NA,NA,1,1,"",33,3,36,"13:05","",33,3,36,NA,NA,NA,NA,NA,NA,NA,NA,NA,NA,2,"MR. 15 DE AGOSTO","DETALLADO","1, Bus",NA,"Puerta Puerta","Urbano",NA,NA,NA,NA,NA,NA,NA,NA,NA,NA,NA,"1. Mapa con zona delimitada","Tocar puerta por puerta","Complete","-16.417140","-71.498223","",""
"729",732,NA,"2024-08-17 19:19:40","14","villa porongoche ",11,1411,2024-08-17,1,"07:57","08:22",1,"","08:34",NA,3,NA,1,NA,NA,NA,NA,"",NA,NA,NA,NA,NA,NA,NA,"",NA,NA,NA,NA,NA,NA,NA,NA,NA,NA,NA,NA,NA,NA,NA,NA,NA,2,1,"",51,0,51,"13:28","",51,0,51,NA,NA,NA,NA,NA,NA,NA,NA,NA,NA,2,"MR. 15 DE AGOSTO","DETALLADO","1, Bus",NA,"Puerta Puerta","Urbano",NA,NA,NA,NA,NA,NA,NA,NA,NA,NA,NA,"2. Mapa con recorrido de inicio a fin","Tocar puerta por puerta","Complete","-16.417880","-71.496568","",""
"730",733,NA,"2024-08-17 19:21:35","14","iglesia urb. california",12,1412,2024-08-17,1,"08:00","08:20",1,"","08:33",NA,3,NA,1,NA,NA,NA,NA,"",NA,NA,NA,NA,NA,NA,NA,"",NA,NA,NA,NA,NA,NA,NA,NA,NA,NA,NA,NA,NA,NA,NA,NA,NA,1,1,"",50,7,57,"13:04","",50,7,57,NA,NA,NA,NA,NA,NA,NA,NA,NA,NA,2,"MR. 15 DE AGOSTO","DETALLADO","1, Bus",NA,"Puerta Puerta","Urbano",NA,NA,NA,NA,NA,NA,NA,NA,NA,NA,NA,"1. Mapa con zona delimitada","Tocar puerta por puerta","Complete","-16.419512","-71.498741","",""
"731",734,NA,"2024-08-17 19:24:43","14","av. los alfer con cuzco",13,1413,2024-08-17,1,"08:00","08:20",1,"","08:42",NA,3,NA,1,NA,NA,NA,NA,"",NA,NA,NA,NA,NA,NA,NA,"",NA,NA,NA,NA,NA,NA,NA,NA,NA,NA,NA,NA,NA,NA,NA,NA,NA,1,1,"",51,0,51,"12:20","",51,0,51,NA,NA,NA,NA,NA,NA,NA,NA,NA,NA,2,"MR. 15 DE AGOSTO","DETALLADO","1, Bus",NA,"Puerta Puerta","Urbano",NA,NA,NA,NA,NA,NA,NA,NA,NA,NA,NA,"1. Mapa con zona delimitada","Tocar puerta por puerta","Complete","-16.415341","-71.495263","",""
"732",735,NA,"2024-08-17 19:31:51","14","caseta seal",15,1415,2024-08-17,1,"08:00","08:15",1,"","08:30",NA,3,NA,1,NA,NA,NA,NA,"",NA,NA,NA,NA,NA,NA,NA,"",NA,NA,NA,NA,NA,NA,NA,NA,NA,NA,NA,NA,NA,NA,NA,NA,NA,1,1,"",72,16,88,"13:00","",72,16,88,NA,NA,NA,NA,NA,NA,NA,NA,NA,NA,2,"MR. 15 DE AGOSTO","DETALLADO","1, Bus",NA,"Puerta Puerta","Urbano",NA,NA,NA,NA,NA,NA,NA,NA,NA,NA,NA,"1. Mapa con zona delimitada","Tocar puerta por puerta","Complete","-16.409032","-71.497234","",""
"733",736,NA,"2024-08-17 19:36:21","14","calle leandro barcarel",16,1416,2024-08-17,1,"08:15","08:21",1,"","08:50",NA,3,NA,1,NA,NA,NA,NA,"",NA,NA,NA,NA,NA,NA,NA,"",NA,NA,NA,NA,NA,NA,NA,NA,NA,NA,NA,NA,NA,NA,NA,NA,NA,1,1,"",25,2,27,"13:00","",25,2,27,NA,NA,NA,NA,NA,NA,NA,NA,NA,NA,2,"MR. 15 DE AGOSTO","DETALLADO","1, Bus",NA,"Puerta Puerta","Urbano",NA,NA,NA,NA,NA,NA,NA,NA,NA,NA,NA,"1. Mapa con zona delimitada","Tocar puerta por puerta","Complete","-16.411594","-71.498810","",""
"734",737,NA,"2024-08-17 19:38:30","14","iglesia progresista ",17,1417,2024-08-17,1,"08:00","08:10",4,"","08:20",NA,3,NA,1,NA,NA,NA,NA,"",NA,NA,NA,NA,NA,NA,NA,"",NA,NA,NA,NA,NA,NA,NA,NA,NA,NA,NA,NA,NA,NA,NA,NA,NA,1,1,"",53,6,59,"13:10","",53,6,59,NA,NA,NA,NA,NA,NA,NA,NA,NA,NA,2,"MR. 15 DE AGOSTO","DETALLADO","4. Caminando",NA,"Puerta Puerta","Urbano",NA,NA,NA,NA,NA,NA,NA,NA,NA,NA,NA,"1. Mapa con zona delimitada","Tocar puerta por puerta","Complete","-16.412285","-71.504204","",""
"735",738,NA,"2024-08-18 15:34:55","20","Sor Ana de los ángeles ",1,201,2024-08-17,2,"","",NA,"","",2,2,NA,NA,NA,NA,NA,NA,"",NA,NA,NA,NA,NA,NA,NA,"",NA,NA,NA,NA,NA,NA,NA,NA,NA,NA,NA,NA,NA,NA,NA,113,0,NA,NA,"",NA,NA,NA,"","",113,0,113,NA,NA,NA,NA,NA,NA,NA,NA,NA,NA,2,"MR. MARITZA CAMPOS DIAZ","CORTO",NA,"No","Punto movil",NA,NA,NA,NA,NA,NA,NA,NA,NA,NA,NA,NA,NA,NA,"Complete","-16.314471","-71.582117","",""
"736",739,NA,"2024-08-18 15:38:23","20","Sor Ana sector  3 y 4",2,202,2024-08-17,1,"08:12","08:20",1,"","08:53",NA,2,34,NA,NA,NA,NA,NA,"",NA,NA,NA,NA,NA,NA,NA,"",NA,NA,NA,NA,NA,NA,NA,NA,NA,NA,NA,NA,NA,2,2,33,17,NA,NA,"",NA,NA,NA,"12:30","",33,17,50,NA,NA,NA,NA,NA,NA,NA,NA,NA,NA,2,"MR. MARITZA CAMPOS DIAZ","DETALLADO","1, Bus",NA,"Punto movil",NA,NA,NA,NA,NA,NA,NA,NA,NA,NA,"Mapa con recorrido de inicio a fin","NO",NA,NA,"Complete","-16.314347","-71.581913","",""
"737",740,NA,"2024-08-18 15:40:29","20","Sor Ana de los Angeles sector 4 y 2",3,203,2024-08-17,2,"","",NA,"","",2,2,NA,NA,NA,NA,NA,NA,"",NA,NA,NA,NA,NA,NA,NA,"",NA,NA,NA,NA,NA,NA,NA,NA,NA,NA,NA,NA,NA,NA,NA,110,0,NA,NA,"",NA,NA,NA,"","megáfono sin funcionamiento , nos cambiaron a las 10:15",110,0,110,NA,NA,NA,NA,NA,NA,NA,NA,NA,NA,2,"MR. MARITZA CAMPOS DIAZ","CORTO",NA,"No","Punto movil",NA,NA,NA,NA,NA,NA,NA,NA,NA,NA,NA,NA,NA,NA,"Complete","-16.315318","-71.581143","",""
"738",741,NA,"2024-08-18 15:41:48","20","Upis el Salvador zona B",4,204,2024-08-17,2,"","",NA,"","",2,2,NA,NA,NA,NA,NA,NA,"",NA,NA,NA,NA,NA,NA,NA,"",NA,NA,NA,NA,NA,NA,NA,NA,NA,NA,NA,NA,NA,NA,NA,87,2,NA,NA,"",NA,NA,NA,"","",87,2,89,NA,NA,NA,NA,NA,NA,NA,NA,NA,NA,2,"MR. MARITZA CAMPOS DIAZ","CORTO",NA,"No","Punto movil",NA,NA,NA,NA,NA,NA,NA,NA,NA,NA,NA,NA,NA,NA,"Complete","-16.321186","-71.578366","",""
"739",742,NA,"2024-08-18 15:44:03","20","",5,205,2024-08-17,1,"07:49","08:20",1,"","08:40",NA,2,59,NA,NA,NA,NA,NA,"",NA,NA,NA,NA,NA,NA,NA,"",NA,NA,NA,NA,NA,NA,NA,NA,NA,NA,NA,NA,NA,1,1,66,4,NA,NA,"",NA,NA,NA,"12:50","no hubieron muchos perros con dueño ",66,4,70,NA,NA,NA,NA,NA,NA,NA,NA,NA,NA,2,"MR. MARITZA CAMPOS DIAZ","DETALLADO","1, Bus",NA,"Punto movil",NA,NA,NA,NA,NA,NA,NA,NA,NA,NA,"Mapa con zona delimitada","SI",NA,NA,"Complete","-16.321692","-71.575167","-16.332111","-71.578660"
"740",743,NA,"2024-08-18 15:46:02","20","Villa Magisterial III - Francisco García Calderón ",6,206,2024-08-17,2,"","",NA,"","",2,2,NA,NA,NA,NA,NA,NA,"",NA,NA,NA,NA,NA,NA,NA,"",NA,NA,NA,NA,NA,NA,NA,NA,NA,NA,NA,NA,NA,NA,NA,107,3,NA,NA,"",NA,NA,NA,"","",107,3,110,NA,NA,NA,NA,NA,NA,NA,NA,NA,NA,2,"MR. MARITZA CAMPOS DIAZ","CORTO",NA,"No","Punto movil",NA,NA,NA,NA,NA,NA,NA,NA,NA,NA,NA,NA,NA,NA,"Complete","-16.321814","-71.572489","",""
"741",744,NA,"2024-08-18 15:47:31","20","Villa Magisterial zona 4 Y 2",7,207,2024-08-17,2,"","",NA,"","",2,2,NA,NA,NA,NA,NA,NA,"",NA,NA,NA,NA,NA,NA,NA,"",NA,NA,NA,NA,NA,NA,NA,NA,NA,NA,NA,NA,NA,NA,NA,140,3,NA,NA,"",NA,NA,NA,"","",140,3,143,NA,NA,NA,NA,NA,NA,NA,NA,NA,NA,2,"MR. MARITZA CAMPOS DIAZ","CORTO",NA,"No","Punto movil",NA,NA,NA,NA,NA,NA,NA,NA,NA,NA,NA,NA,NA,NA,"Complete","-16.322357","-71.571426","",""
"742",745,NA,"2024-08-18 15:48:49","20","Villa Magisterial ",8,208,2024-08-17,2,"","",NA,"","",2,2,NA,NA,NA,NA,NA,NA,"",NA,NA,NA,NA,NA,NA,NA,"",NA,NA,NA,NA,NA,NA,NA,NA,NA,NA,NA,NA,NA,NA,NA,117,3,NA,NA,"",NA,NA,NA,"","",117,3,120,NA,NA,NA,NA,NA,NA,NA,NA,NA,NA,2,"MR. MARITZA CAMPOS DIAZ","CORTO",NA,"No","Punto movil",NA,NA,NA,NA,NA,NA,NA,NA,NA,NA,NA,NA,NA,NA,"Complete","-16.331114","-71.579422","",""
"743",746,NA,"2024-08-18 15:50:04","20","Francisco Gracia Calderón ",9,209,2024-08-17,2,"","",NA,"","",2,2,NA,NA,NA,NA,NA,NA,"",NA,NA,NA,NA,NA,NA,NA,"",NA,NA,NA,NA,NA,NA,NA,NA,NA,NA,NA,NA,NA,NA,NA,76,0,NA,NA,"",NA,NA,NA,"","",76,0,76,NA,NA,NA,NA,NA,NA,NA,NA,NA,NA,2,"MR. MARITZA CAMPOS DIAZ","CORTO",NA,"No","Punto movil",NA,NA,NA,NA,NA,NA,NA,NA,NA,NA,NA,NA,NA,NA,"Complete","-16.326300","-71.578536","",""
"744",747,NA,"2024-08-18 15:51:18","20","Villa el Salvador ",10,2010,2024-08-17,2,"","",NA,"","",2,2,NA,NA,NA,NA,NA,NA,"",NA,NA,NA,NA,NA,NA,NA,"",NA,NA,NA,NA,NA,NA,NA,NA,NA,NA,NA,NA,NA,NA,NA,90,0,NA,NA,"",NA,NA,NA,"","",90,0,90,NA,NA,NA,NA,NA,NA,NA,NA,NA,NA,2,"MR. MARITZA CAMPOS DIAZ","CORTO",NA,"No","Punto movil",NA,NA,NA,NA,NA,NA,NA,NA,NA,NA,NA,NA,NA,NA,"Complete","-16.325432","-71.580862","",""
"745",748,NA,"2024-08-18 15:53:01","20","Mercado Mayorista ",11,2011,2024-08-17,2,"","",NA,"","",2,2,NA,NA,NA,NA,NA,NA,"",NA,NA,NA,NA,NA,NA,NA,"",NA,NA,NA,NA,NA,NA,NA,NA,NA,NA,NA,NA,NA,NA,NA,100,10,NA,NA,"",NA,NA,NA,"","",100,10,110,NA,NA,NA,NA,NA,NA,NA,NA,NA,NA,2,"MR. MARITZA CAMPOS DIAZ","CORTO",NA,"No","Punto movil",NA,NA,NA,NA,NA,NA,NA,NA,NA,NA,NA,NA,NA,NA,"Complete","-16.324848","-71.582785","",""
"746",749,NA,"2024-08-19 11:12:23","20","las canteras zona B",13,2013,2024-08-17,2,"","",NA,"","",2,2,NA,NA,NA,NA,NA,NA,"",NA,NA,NA,NA,NA,NA,NA,"",NA,NA,NA,NA,NA,NA,NA,NA,NA,NA,NA,NA,NA,NA,NA,160,0,NA,NA,"",NA,NA,NA,"","",160,0,160,NA,NA,NA,NA,NA,NA,NA,NA,NA,NA,2,"MR. MARITZA CAMPOS DIAZ","CORTO",NA,"No","Punto movil",NA,NA,NA,NA,NA,NA,NA,NA,NA,NA,NA,NA,NA,NA,"Complete","-16.331528","-71.579586","",""
"747",750,NA,"2024-08-19 11:15:00","20","villa las canteras zona A",14,2014,2024-08-17,1,"07:12","08:20",1,"","08:50",NA,2,67,NA,NA,NA,NA,NA,"",NA,NA,NA,NA,NA,NA,NA,"",NA,NA,NA,NA,NA,NA,NA,NA,NA,NA,NA,NA,NA,1,2,81,0,NA,NA,"",NA,NA,NA,"12:48","",81,0,81,NA,NA,NA,NA,NA,NA,NA,NA,NA,NA,2,"MR. MARITZA CAMPOS DIAZ","DETALLADO","1, Bus",NA,"Punto movil",NA,NA,NA,NA,NA,NA,NA,NA,NA,NA,"Mapa con zona delimitada","NO",NA,NA,"Complete","-16.337335","-71.582479","",""
"748",751,NA,"2024-08-19 11:25:39","14","local social jorge chavez",14,1414,2024-08-17,1,"08:20","08:35",1,"","08:44",NA,3,NA,1,NA,NA,NA,NA,"",NA,NA,NA,NA,NA,NA,NA,"",NA,NA,NA,NA,NA,NA,NA,NA,NA,NA,NA,NA,NA,NA,NA,NA,NA,1,1,"",33,9,42,"12:55","",33,9,42,NA,NA,NA,NA,NA,NA,NA,NA,NA,NA,2,"MR. 15 DE AGOSTO","DETALLADO","1, Bus",NA,"Puerta Puerta","Urbano",NA,NA,NA,NA,NA,NA,NA,NA,NA,NA,NA,"1. Mapa con zona delimitada","Tocar puerta por puerta","Complete","-16.411968","-71.496696","",""
"749",752,NA,"2024-08-19 11:50:31","14","Puesto de Salud Miguel Grau Modulo A",1,141,2024-08-18,1,"08:05","08:17",1,"","08:25",NA,3,NA,1,NA,NA,NA,NA,"",NA,NA,NA,NA,NA,NA,NA,"",NA,NA,NA,NA,NA,NA,NA,NA,NA,NA,NA,NA,NA,NA,NA,NA,NA,1,1,"",89,11,100,"12:28","",89,11,100,NA,NA,NA,NA,NA,NA,NA,NA,NA,NA,2,"MR. 15 DE AGOSTO","DETALLADO","1, Bus",NA,"Puerta Puerta","Urbano",NA,NA,NA,NA,NA,NA,NA,NA,NA,NA,NA,"1. Mapa con zona delimitada","Tocar puerta por puerta","Complete","-16.408423","-71.494225","-16.409688","-71.493336"
"750",753,NA,"2024-08-19 11:58:34","14","Parque 24 de junio",2,142,2024-08-18,1,"08:05","08:17",1,"","08:32",NA,3,NA,1,NA,NA,NA,NA,"",NA,NA,NA,NA,NA,NA,NA,"",NA,NA,NA,NA,NA,NA,NA,NA,NA,NA,NA,NA,NA,NA,NA,NA,NA,1,1,"",56,3,59,"12:40","",56,3,59,NA,NA,NA,NA,NA,NA,NA,NA,NA,NA,2,"MR. 15 DE AGOSTO","DETALLADO","1, Bus",NA,"Puerta Puerta","Urbano",NA,NA,NA,NA,NA,NA,NA,NA,NA,NA,NA,"1. Mapa con zona delimitada","Tocar puerta por puerta","Complete","-16.414113","-71.492520","-16.414138","-71.491701"
"751",754,NA,"2024-08-19 12:02:39","14","Andres Avelino Caceres miguel grau zona A",3,143,2024-08-18,1,"08:00","08:20",2,"","08:35",NA,3,NA,1,NA,NA,NA,NA,"",NA,NA,NA,NA,NA,NA,NA,"",NA,NA,NA,NA,NA,NA,NA,NA,NA,NA,NA,NA,NA,NA,NA,NA,NA,2,1,"",21,4,25,"13:00","",21,4,25,NA,NA,NA,NA,NA,NA,NA,NA,NA,NA,2,"MR. 15 DE AGOSTO","DETALLADO","2. Camioneta/Auto",NA,"Puerta Puerta","Urbano",NA,NA,NA,NA,NA,NA,NA,NA,NA,NA,NA,"2. Mapa con recorrido de inicio a fin","Tocar puerta por puerta","Complete","-16.406760","-71.494649","",""
"752",755,NA,"2024-08-19 12:10:06","14","arica miguel grau zona B",5,145,2024-08-18,1,"07:30","08:00",1,"","08:15",NA,3,NA,1,NA,NA,NA,NA,"",NA,NA,NA,NA,NA,NA,NA,"",NA,NA,NA,NA,NA,NA,NA,NA,NA,NA,NA,NA,NA,NA,NA,NA,NA,1,1,"",86,20,106,"13:00","",86,20,106,NA,NA,NA,NA,NA,NA,NA,NA,NA,NA,2,"MR. 15 DE AGOSTO","DETALLADO","1, Bus",NA,"Puerta Puerta","Urbano",NA,NA,NA,NA,NA,NA,NA,NA,NA,NA,NA,"1. Mapa con zona delimitada","Tocar puerta por puerta","Complete","-16.411382","-71.492461","-16.409607","-71.492684"
"753",756,NA,"2024-08-19 12:16:49","14","francinetti miguel grau zona b",6,146,2024-08-18,1,"08:00","08:17",2,"","08:30",NA,3,NA,1,NA,NA,NA,NA,"",NA,NA,NA,NA,NA,NA,NA,"",NA,NA,NA,NA,NA,NA,NA,NA,NA,NA,NA,NA,NA,NA,NA,NA,NA,1,1,"",65,0,65,"13:10","",65,0,65,NA,NA,NA,NA,NA,NA,NA,NA,NA,NA,2,"MR. 15 DE AGOSTO","DETALLADO","2. Camioneta/Auto",NA,"Puerta Puerta","Urbano",NA,NA,NA,NA,NA,NA,NA,NA,NA,NA,NA,"1. Mapa con zona delimitada","Tocar puerta por puerta","Complete","-16.411707","-71.492017","-16.413676","-71.492826"
"754",757,NA,"2024-08-19 12:22:28","14","buses cono norte ",7,147,2024-08-18,1,"08:08","08:17",NA,"","08:36",NA,3,NA,1,NA,NA,NA,NA,"",NA,NA,NA,NA,NA,NA,NA,"",NA,NA,NA,NA,NA,NA,NA,NA,NA,NA,NA,NA,NA,NA,NA,NA,NA,1,1,"",61,4,65,"13:35","",61,4,65,NA,NA,NA,NA,NA,NA,NA,NA,NA,NA,2,"MR. 15 DE AGOSTO","DETALLADO",NA,NA,"Puerta Puerta","Urbano",NA,NA,NA,NA,NA,NA,NA,NA,NA,NA,NA,"1. Mapa con zona delimitada","Tocar puerta por puerta","Complete","-16.412298","-71.487733","-16.415350","-71.492268"
"755",758,NA,"2024-08-19 12:26:00","14","comisaria miguel grau",9,149,2024-08-18,1,"08:36","08:43",1,"","08:50",NA,3,NA,1,NA,NA,NA,NA,"",NA,NA,NA,NA,NA,NA,NA,"",NA,NA,NA,NA,NA,NA,NA,NA,NA,NA,NA,NA,NA,NA,NA,NA,NA,1,1,"",53,1,54,"12:57","",53,1,54,NA,NA,NA,NA,NA,NA,NA,NA,NA,NA,2,"MR. 15 DE AGOSTO","DETALLADO","1, Bus",NA,"Puerta Puerta","Urbano",NA,NA,NA,NA,NA,NA,NA,NA,NA,NA,NA,"1. Mapa con zona delimitada","Tocar puerta por puerta","Complete","-16.408460","-71.483668","-16.408702","-71.480878"
"756",759,NA,"2024-08-19 12:30:45","14","gran unidad escolar ",11,1411,2024-08-18,1,"08:28","08:40",1,"","08:50",NA,3,NA,1,NA,NA,NA,NA,"",NA,NA,NA,NA,NA,NA,NA,"",NA,NA,NA,NA,NA,NA,NA,NA,NA,NA,NA,NA,NA,NA,NA,NA,NA,4,1,"",50,10,60,"13:00","",50,10,60,NA,NA,NA,NA,NA,NA,NA,NA,NA,NA,2,"MR. 15 DE AGOSTO","DETALLADO","1, Bus",NA,"Puerta Puerta","Urbano",NA,NA,NA,NA,NA,NA,NA,NA,NA,NA,NA,"4. Mapa digital","Tocar puerta por puerta","Complete","-16.410905","-71.483335","-16.412207","-71.487576"
"757",760,NA,"2024-08-19 12:33:02","14","segunda cuadra  de la calle rosedal zona C",13,1413,2024-08-18,1,"08:18","08:20",2,"","08:37",NA,3,NA,1,NA,NA,NA,NA,"",NA,NA,NA,NA,NA,NA,NA,"",NA,NA,NA,NA,NA,NA,NA,NA,NA,NA,NA,NA,NA,NA,NA,NA,NA,1,1,"",53,0,53,"12:40","",53,0,53,NA,NA,NA,NA,NA,NA,NA,NA,NA,NA,2,"MR. 15 DE AGOSTO","DETALLADO","2. Camioneta/Auto",NA,"Puerta Puerta","Urbano",NA,NA,NA,NA,NA,NA,NA,NA,NA,NA,NA,"1. Mapa con zona delimitada","Tocar puerta por puerta","Complete","-16.408913","-71.476777","-16.407897","-71.475949"
"758",761,NA,"2024-08-19 12:35:34","14","union miguel grau zona A",14,1414,2024-08-18,1,"08:37","08:43",1,"","08:57",NA,3,NA,2,NA,NA,NA,NA,"",NA,NA,NA,NA,NA,NA,NA,"",NA,NA,NA,NA,NA,NA,NA,NA,NA,NA,NA,NA,NA,NA,NA,NA,NA,1,1,"",51,4,55,"13:00","",51,4,55,NA,NA,NA,NA,NA,NA,NA,NA,NA,NA,2,"MR. 15 DE AGOSTO","DETALLADO","1, Bus",NA,"Puerta Puerta","Periurbano",NA,NA,NA,NA,NA,NA,NA,NA,NA,NA,NA,"1. Mapa con zona delimitada","Tocar puerta por puerta","Complete","-16.405979","-71.488472","-16.404908","-71.486274"
"759",762,NA,"2024-08-19 12:37:53","14","venezuela miguel grau zona A",15,1415,2024-08-18,1,"08:00","08:40",1,"","09:05",NA,3,NA,1,NA,NA,NA,NA,"",NA,NA,NA,NA,NA,NA,NA,"",NA,NA,NA,NA,NA,NA,NA,NA,NA,NA,NA,NA,NA,NA,NA,NA,NA,3,1,"",60,3,63,"13:00","",60,3,63,NA,NA,NA,NA,NA,NA,NA,NA,NA,NA,2,"MR. 15 DE AGOSTO","DETALLADO","1, Bus",NA,"Puerta Puerta","Urbano",NA,NA,NA,NA,NA,NA,NA,NA,NA,NA,NA,"3. indicacion verbal (reportar en whats app)","Tocar puerta por puerta","Complete","-16.405512","-71.484053","-16.405399","-71.483308"
"760",763,NA,"2024-08-19 12:39:47","14","jesus zona C y D",17,1417,2024-08-18,1,"08:38","08:43",1,"","09:02",NA,3,NA,1,NA,NA,NA,NA,"",NA,NA,NA,NA,NA,NA,NA,"",NA,NA,NA,NA,NA,NA,NA,NA,NA,NA,NA,NA,NA,NA,NA,NA,NA,1,1,"",40,10,50,"","",40,10,50,NA,NA,NA,NA,NA,NA,NA,NA,NA,NA,2,"MR. 15 DE AGOSTO","DETALLADO","1, Bus",NA,"Puerta Puerta","Urbano",NA,NA,NA,NA,NA,NA,NA,NA,NA,NA,NA,"1. Mapa con zona delimitada","Tocar puerta por puerta","Complete","-16.404951","-71.482590","-16.405275","-71.482460"
"761",764,NA,"2024-08-19 12:41:38","14","miguel grau zona C y D",19,1419,2024-08-18,1,"08:41","08:43",1,"","09:15",NA,3,NA,1,NA,NA,NA,NA,"",NA,NA,NA,NA,NA,NA,NA,"",NA,NA,NA,NA,NA,NA,NA,NA,NA,NA,NA,NA,NA,NA,NA,NA,NA,4,1,"",41,3,44,"13:15","",41,3,44,NA,NA,NA,NA,NA,NA,NA,NA,NA,NA,2,"MR. 15 DE AGOSTO","DETALLADO","1, Bus",NA,"Puerta Puerta","Urbano",NA,NA,NA,NA,NA,NA,NA,NA,NA,NA,NA,"4. Mapa digital","Tocar puerta por puerta","Complete","-16.406670","-71.474480","",""
"762",765,NA,"2024-08-19 12:47:57","14","miguel grau zona A y B",4,144,2024-08-18,1,"08:52","09:00",1,"","09:19",NA,3,NA,1,NA,NA,NA,NA,"",NA,NA,NA,NA,NA,NA,NA,"",NA,NA,NA,NA,NA,NA,NA,NA,NA,NA,NA,NA,NA,NA,NA,NA,NA,4,1,"",48,7,55,"13:01","",48,7,55,NA,NA,NA,NA,NA,NA,NA,NA,NA,NA,2,"MR. 15 DE AGOSTO","DETALLADO","1, Bus",NA,"Puerta Puerta","Urbano",NA,NA,NA,NA,NA,NA,NA,NA,NA,NA,NA,"4. Mapa digital","Tocar puerta por puerta","Complete","-16.408103","-71.482003","-16.406376","-71.482332"
"763",766,NA,"2024-08-19 12:49:59","14","mecado miguel grau zona B",8,148,2024-08-18,1,"08:10","08:15",NA,"","09:02",NA,3,NA,1,NA,NA,NA,NA,"",NA,NA,NA,NA,NA,NA,NA,"",NA,NA,NA,NA,NA,NA,NA,NA,NA,NA,NA,NA,NA,NA,NA,NA,NA,1,1,"",85,6,91,"13:10","",85,6,91,NA,NA,NA,NA,NA,NA,NA,NA,NA,NA,2,"MR. 15 DE AGOSTO","DETALLADO",NA,NA,"Puerta Puerta","Urbano",NA,NA,NA,NA,NA,NA,NA,NA,NA,NA,NA,"1. Mapa con zona delimitada","Tocar puerta por puerta","Complete","-16.409082","-71.487900
","-16.409833","-71.490687"
"764",767,NA,"2024-08-19 12:52:31","14","calle roma con los alpes",20,1420,2024-08-17,1,"08:00","08:05",1,"","08:40",NA,3,NA,2,NA,NA,NA,NA,"",NA,NA,NA,NA,NA,NA,NA,"",NA,NA,NA,NA,NA,NA,NA,NA,NA,NA,NA,NA,NA,NA,NA,NA,NA,4,1,"",39,10,49,"13:19","",39,10,49,NA,NA,NA,NA,NA,NA,NA,NA,NA,NA,2,"MR. 15 DE AGOSTO","DETALLADO","1, Bus",NA,"Puerta Puerta","Periurbano",NA,NA,NA,NA,NA,NA,NA,NA,NA,NA,NA,"4. Mapa digital","Tocar puerta por puerta","Complete","-16.416521","-71.494029","",""
"765",768,NA,"2024-08-19 13:09:10","20","sor ana de los angeles ",1,201,2024-08-18,2,"","",NA,"","",2,2,NA,NA,NA,NA,NA,NA,"",NA,NA,NA,NA,NA,NA,NA,"",NA,NA,NA,NA,NA,NA,NA,NA,NA,NA,NA,NA,NA,NA,NA,110,0,NA,NA,"",NA,NA,NA,"","",110,0,110,NA,NA,NA,NA,NA,NA,NA,NA,NA,NA,2,"MR. MARITZA CAMPOS DIAZ","CORTO",NA,"No","Punto movil",NA,NA,NA,NA,NA,NA,NA,NA,NA,NA,NA,NA,NA,NA,"Complete","-16.314389","-71.581893","-16.312157","-71.581760"
"766",769,NA,"2024-08-19 13:18:52","20","sor ana de los angeles sector V y II",2,202,2024-08-18,1,"07:43","08:31",1,"","08:49",NA,2,34,NA,NA,NA,NA,NA,"",NA,NA,NA,NA,NA,NA,NA,"",NA,NA,NA,NA,NA,NA,NA,NA,NA,NA,NA,NA,NA,2,2,46,4,NA,NA,"",NA,NA,NA,"12:00","",46,4,50,NA,NA,NA,NA,NA,NA,NA,NA,NA,NA,2,"MR. MARITZA CAMPOS DIAZ","DETALLADO","1, Bus",NA,"Punto movil",NA,NA,NA,NA,NA,NA,NA,NA,NA,NA,"Mapa con recorrido de inicio a fin","NO",NA,NA,"Complete","-16.315371","-71.582649","-16.319027","-71.583778"
"767",770,NA,"2024-08-19 13:22:07","20","sor ana de los angeles IV y III",3,203,2024-08-18,2,"","",NA,"","",2,2,NA,NA,NA,NA,NA,NA,"",NA,NA,NA,NA,NA,NA,NA,"",NA,NA,NA,NA,NA,NA,NA,NA,NA,NA,NA,NA,NA,NA,NA,90,0,NA,NA,"",NA,NA,NA,"","",90,0,90,NA,NA,NA,NA,NA,NA,NA,NA,NA,NA,2,"MR. MARITZA CAMPOS DIAZ","CORTO",NA,"No","Punto movil",NA,NA,NA,NA,NA,NA,NA,NA,NA,NA,NA,NA,NA,NA,"Complete","-16.316816","-71.580803","-16.318982","-71.581153"
"768",771,NA,"2024-08-19 13:23:18","20","upis el salvador zona B",4,204,2024-08-18,2,"","",NA,"","",2,2,NA,NA,NA,NA,NA,NA,"",NA,NA,NA,NA,NA,NA,NA,"",NA,NA,NA,NA,NA,NA,NA,NA,NA,NA,NA,NA,NA,NA,NA,65,5,NA,NA,"",NA,NA,NA,"","",65,5,70,NA,NA,NA,NA,NA,NA,NA,NA,NA,NA,2,"MR. MARITZA CAMPOS DIAZ","CORTO",NA,"No","Punto movil",NA,NA,NA,NA,NA,NA,NA,NA,NA,NA,NA,NA,NA,NA,"Complete","-16.320678","-71.577890","-16.322279","-71.581607"
"769",772,NA,"2024-08-19 13:26:15","20","f. garcia calderon zona IV y III",5,205,2024-08-18,1,"07:46","08:30",1,"","08:40",NA,2,59,NA,NA,NA,NA,NA,"",NA,NA,NA,NA,NA,NA,NA,"",NA,NA,NA,NA,NA,NA,NA,NA,NA,NA,NA,NA,NA,1,1,48,10,NA,NA,"",NA,NA,NA,"12:07","",48,10,58,NA,NA,NA,NA,NA,NA,NA,NA,NA,NA,2,"MR. MARITZA CAMPOS DIAZ","DETALLADO","1, Bus",NA,"Punto movil",NA,NA,NA,NA,NA,NA,NA,NA,NA,NA,"Mapa con zona delimitada","SI",NA,NA,"Complete","-16.321656","-71.575239","-16.329092","-71.577530"
"770",773,NA,"2024-08-19 13:27:28","20","villa magisterial zona III",6,206,2024-08-18,2,"","",NA,"","",2,2,NA,NA,NA,NA,NA,NA,"",NA,NA,NA,NA,NA,NA,NA,"",NA,NA,NA,NA,NA,NA,NA,NA,NA,NA,NA,NA,NA,NA,NA,92,0,NA,NA,"",NA,NA,NA,"","",92,0,92,NA,NA,NA,NA,NA,NA,NA,NA,NA,NA,2,"MR. MARITZA CAMPOS DIAZ","CORTO",NA,"No","Punto movil",NA,NA,NA,NA,NA,NA,NA,NA,NA,NA,NA,NA,NA,NA,"Complete","-16.323026","-71.570872","-16.325086","-71.573886"
"771",774,NA,"2024-08-19 13:28:50","20","upis salvador ",9,209,2024-08-18,2,"","",NA,"","",2,2,NA,NA,NA,NA,NA,NA,"",NA,NA,NA,NA,NA,NA,NA,"",NA,NA,NA,NA,NA,NA,NA,NA,NA,NA,NA,NA,NA,NA,NA,118,12,NA,NA,"",NA,NA,NA,"","",118,12,130,NA,NA,NA,NA,NA,NA,NA,NA,NA,NA,2,"MR. MARITZA CAMPOS DIAZ","CORTO",NA,"No","Punto movil",NA,NA,NA,NA,NA,NA,NA,NA,NA,NA,NA,NA,NA,NA,"Complete","-16.325460","-71.580710","-16.331509","-71.584088"
"772",775,NA,"2024-08-19 13:30:52","20","mercado mayorista ",11,2011,2024-08-18,2,"","",NA,"","",2,2,NA,NA,NA,NA,NA,NA,"",NA,NA,NA,NA,NA,NA,NA,"",NA,NA,NA,NA,NA,NA,NA,NA,NA,NA,NA,NA,NA,NA,NA,125,5,NA,NA,"",NA,NA,NA,"","",125,5,130,NA,NA,NA,NA,NA,NA,NA,NA,NA,NA,2,"MR. MARITZA CAMPOS DIAZ","CORTO",NA,"No","Punto movil",NA,NA,NA,NA,NA,NA,NA,NA,NA,NA,NA,NA,NA,NA,"Complete","-16.324574","-71.583261","-16.328922","-71.584855"
"773",776,NA,"2024-08-19 13:32:57","20","mercado mayorista ",12,2012,2024-08-18,2,"","",NA,"","",2,2,NA,NA,NA,NA,NA,NA,"",NA,NA,NA,NA,NA,NA,NA,"",NA,NA,NA,NA,NA,NA,NA,NA,NA,NA,NA,NA,NA,NA,NA,97,7,NA,NA,"",NA,NA,NA,"","",97,7,104,NA,NA,NA,NA,NA,NA,NA,NA,NA,NA,2,"MR. MARITZA CAMPOS DIAZ","CORTO",NA,"No","Punto movil",NA,NA,NA,NA,NA,NA,NA,NA,NA,NA,NA,NA,NA,NA,"Complete","-16.324256","-71.583953","-16.334284","-71.589263"
"774",777,NA,"2024-08-19 13:34:34","20","las canteras",13,2013,2024-08-18,2,"","",NA,"","",2,2,NA,NA,NA,NA,NA,NA,"",NA,NA,NA,NA,NA,NA,NA,"",NA,NA,NA,NA,NA,NA,NA,NA,NA,NA,NA,NA,NA,NA,NA,86,14,NA,NA,"",NA,NA,NA,"","",86,14,100,NA,NA,NA,NA,NA,NA,NA,NA,NA,NA,2,"MR. MARITZA CAMPOS DIAZ","CORTO",NA,"No","Punto movil",NA,NA,NA,NA,NA,NA,NA,NA,NA,NA,NA,NA,NA,NA,"Complete","-16.331513","-71.579111","-16.333008","-71.581084"
"775",778,NA,"2024-08-19 13:36:06","20","villa san juan ",14,2014,2024-08-18,1,"08:08","08:10",1,"","08:34",NA,2,67,NA,NA,NA,NA,NA,"",NA,NA,NA,NA,NA,NA,NA,"",NA,NA,NA,NA,NA,NA,NA,NA,NA,NA,NA,NA,NA,1,2,195,0,NA,NA,"",NA,NA,NA,"12:07","",195,0,195,NA,NA,NA,NA,NA,NA,NA,NA,NA,NA,2,"MR. MARITZA CAMPOS DIAZ","DETALLADO","1, Bus",NA,"Punto movil",NA,NA,NA,NA,NA,NA,NA,NA,NA,NA,"Mapa con zona delimitada","NO",NA,NA,"Complete","-16.334359","-71.584905","-16.336517","-71.586522"
"776",779,NA,"2024-08-19 13:37:21","20","villa santa rosa ",15,2015,2024-08-18,2,"","",NA,"","",2,2,NA,NA,NA,NA,NA,NA,"",NA,NA,NA,NA,NA,NA,NA,"",NA,NA,NA,NA,NA,NA,NA,NA,NA,NA,NA,NA,NA,NA,NA,89,11,NA,NA,"",NA,NA,NA,"","",89,11,100,NA,NA,NA,NA,NA,NA,NA,NA,NA,NA,2,"MR. MARITZA CAMPOS DIAZ","CORTO",NA,"No","Punto movil",NA,NA,NA,NA,NA,NA,NA,NA,NA,NA,NA,NA,NA,NA,"Complete","-16.331182","-71.588064","",""
"777",780,NA,"2024-08-25 14:18:04","15","Zona A - Ampliación ciudad blanca ",1,151,2024-08-24,1,"08:19","08:54",1,"","09:01",NA,2,33,NA,NA,NA,NA,NA,"",NA,NA,NA,NA,NA,NA,NA,"",NA,NA,NA,NA,NA,NA,NA,NA,NA,NA,NA,NA,NA,3,1,20,7,NA,NA,"",NA,NA,NA,"13:12","no nos dieron megafono, nos dejaron en un punto y al final nos dijeron practicamente regresar al lugar de partida y algunos frascos estaban incompletos ",20,7,27,NA,NA,NA,NA,NA,NA,NA,NA,NA,NA,2,"MR. CIUDAD BLANCA","DETALLADO","1, Bus",NA,"Punto movil",NA,NA,NA,NA,NA,NA,NA,NA,NA,NA,"indicacion verbal (reportar en whats app)","SI",NA,NA,"Complete","-16.421261","-71.497084","-16,418137","-71,494339"
"778",781,NA,"2024-08-25 14:20:53","15","Complejo deportivo california ",2,152,2024-08-24,1,"08:21","08:55",1,"","08:57",NA,2,78,NA,NA,NA,NA,NA,"",NA,NA,NA,NA,NA,NA,NA,"",NA,NA,NA,NA,NA,NA,NA,NA,NA,NA,NA,NA,NA,3,2,16,18,NA,NA,"",NA,NA,NA,"13:25","no nos entregaron todo el material (megafono, mascarilla, mandilones)",16,18,34,NA,NA,NA,NA,NA,NA,NA,NA,NA,NA,2,"MR. CIUDAD BLANCA","DETALLADO","1, Bus",NA,"Punto movil",NA,NA,NA,NA,NA,NA,NA,NA,NA,NA,"indicacion verbal (reportar en whats app)","NO",NA,NA,"Complete","-16.419939","-71.495089","-16,419951","-71,496323"
"779",782,NA,"2024-08-25 14:23:25","15","Jose Maria Arguedas ",3,153,2024-08-24,1,"08:20","08:55",1,"","09:15",NA,2,73,NA,NA,NA,NA,NA,"",NA,NA,NA,NA,NA,NA,NA,"",NA,NA,NA,NA,NA,NA,NA,NA,NA,NA,NA,NA,NA,3,2,53,0,NA,NA,"",NA,NA,NA,"13:03","",53,0,53,NA,NA,NA,NA,NA,NA,NA,NA,NA,NA,2,"MR. CIUDAD BLANCA","DETALLADO","1, Bus",NA,"Punto movil",NA,NA,NA,NA,NA,NA,NA,NA,NA,NA,"indicacion verbal (reportar en whats app)","NO",NA,NA,"Complete","-16.414107","-71.488543","-16,414385","-71,487348"
"780",783,NA,"2024-08-25 14:25:55","15","",4,154,2024-08-24,1,"08:24","08:55",1,"","09:45",NA,2,58,NA,NA,NA,NA,NA,"",NA,NA,NA,NA,NA,NA,NA,"",NA,NA,NA,NA,NA,NA,NA,NA,NA,NA,NA,NA,NA,3,1,27,2,NA,NA,"",NA,NA,NA,"13:30","",27,2,29,NA,NA,NA,NA,NA,NA,NA,NA,NA,NA,2,"MR. CIUDAD BLANCA","DETALLADO","1, Bus",NA,"Punto movil",NA,NA,NA,NA,NA,NA,NA,NA,NA,NA,"indicacion verbal (reportar en whats app)","SI",NA,NA,"Complete","-16.418357","-71.488079","-16,418805","-71,491760"
"781",784,NA,"2024-08-25 14:30:25","15","Mercado Santa Rosa",5,155,2024-08-24,1,"08:25","08:52",1,"","09:14",NA,2,30,NA,NA,NA,NA,NA,"",NA,NA,NA,NA,NA,NA,NA,"",NA,NA,NA,NA,NA,NA,NA,NA,NA,NA,NA,NA,NA,3,2,30,0,NA,NA,"",NA,NA,NA,"13:15","",30,0,30,NA,NA,NA,NA,NA,NA,NA,NA,NA,NA,2,"MR. CIUDAD BLANCA","DETALLADO","1, Bus",NA,"Punto movil",NA,NA,NA,NA,NA,NA,NA,NA,NA,NA,"indicacion verbal (reportar en whats app)","NO",NA,NA,"Complete","-16.414855","-71.487298","-16,417633","-71,487357"
"782",785,NA,"2024-08-25 14:32:26","15","",6,156,2024-08-24,1,"08:00","08:30",1,"","09:00",NA,2,28,NA,NA,NA,NA,NA,"",NA,NA,NA,NA,NA,NA,NA,"",NA,NA,NA,NA,NA,NA,NA,NA,NA,NA,NA,NA,NA,3,1,54,4,NA,NA,"",NA,NA,NA,"13:15","",54,4,58,NA,NA,NA,NA,NA,NA,NA,NA,NA,NA,2,"MR. CIUDAD BLANCA","DETALLADO","1, Bus",NA,"Punto movil",NA,NA,NA,NA,NA,NA,NA,NA,NA,NA,"indicacion verbal (reportar en whats app)","SI",NA,NA,"Complete","-16.421088","-71.493512","-16,421269","-71,492309"
"783",786,NA,"2024-08-25 14:34:48","15","Estadio Alto Jesus",7,157,2024-08-24,1,"08:48","08:55",1,"","09:37",NA,2,29,NA,NA,NA,NA,NA,"",NA,NA,NA,NA,NA,NA,NA,"",NA,NA,NA,NA,NA,NA,NA,NA,NA,NA,NA,NA,NA,3,2,20,4,NA,NA,"",NA,NA,NA,"13:05","",20,4,24,NA,NA,NA,NA,NA,NA,NA,NA,NA,NA,2,"MR. CIUDAD BLANCA","DETALLADO","1, Bus",NA,"Punto movil",NA,NA,NA,NA,NA,NA,NA,NA,NA,NA,"indicacion verbal (reportar en whats app)","NO",NA,NA,"Complete","-16.426012","-71.492920","-16,424915","-71,491562"
"784",787,NA,"2024-08-25 14:36:42","15","Israel Alto Jesús",8,158,2024-08-24,1,"08:45","09:00",1,"","09:33",NA,2,35,NA,NA,NA,NA,NA,"",NA,NA,NA,NA,NA,NA,NA,"",NA,NA,NA,NA,NA,NA,NA,NA,NA,NA,NA,NA,NA,3,2,37,3,NA,NA,"",NA,NA,NA,"13:00","",37,3,40,NA,NA,NA,NA,NA,NA,NA,NA,NA,NA,2,"MR. CIUDAD BLANCA","DETALLADO","1, Bus",NA,"Punto movil",NA,NA,NA,NA,NA,NA,NA,NA,NA,NA,"indicacion verbal (reportar en whats app)","NO",NA,NA,"Complete","-16.422641","-71.490517","-16,422381","-71,489312"
"785",788,NA,"2024-08-25 14:38:52","15","Valle encantado",9,159,2024-08-24,1,"08:25","09:12",1,"","09:45",NA,2,NA,NA,NA,NA,NA,NA,"",NA,NA,NA,NA,NA,NA,NA,"",NA,NA,NA,NA,NA,NA,NA,NA,NA,NA,NA,NA,NA,2,2,47,0,NA,NA,"",NA,NA,NA,"14:00","",47,0,47,NA,NA,NA,NA,NA,NA,NA,NA,NA,NA,2,"MR. CIUDAD BLANCA","DETALLADO","1, Bus",NA,"Punto movil",NA,NA,NA,NA,NA,NA,NA,NA,NA,NA,"Mapa con recorrido de inicio a fin","NO",NA,NA,"Complete","-16.420894","-71.485272","-16,422363","-71,486866"
"786",789,NA,"2024-08-25 14:40:58","15","",10,1510,2024-08-24,1,"08:40","09:30",2,"","09:50",NA,2,56,NA,NA,NA,NA,NA,"",NA,NA,NA,NA,NA,NA,NA,"",NA,NA,NA,NA,NA,NA,NA,NA,NA,NA,NA,NA,NA,3,2,27,1,NA,NA,"",NA,NA,NA,"12:30","",27,1,28,NA,NA,NA,NA,NA,NA,NA,NA,NA,NA,2,"MR. CIUDAD BLANCA","DETALLADO","2. Camioneta/Auto",NA,"Punto movil",NA,NA,NA,NA,NA,NA,NA,NA,NA,NA,"indicacion verbal (reportar en whats app)","NO",NA,NA,"Complete","-16.417126","-71.483948","-16,416819","-71,482025"
"787",790,NA,"2024-08-25 14:42:56","15","Mercado Alto Jesus",11,1511,2024-08-24,2,"","",NA,"","",2,2,NA,NA,NA,NA,NA,NA,"",NA,NA,NA,NA,NA,NA,NA,"",NA,NA,NA,NA,NA,NA,NA,NA,NA,NA,NA,NA,NA,NA,NA,44,0,NA,NA,"",NA,NA,NA,"","Mejor Organizacion, darnos material, epp de proteccion, megafonos",44,0,44,NA,NA,NA,NA,NA,NA,NA,NA,NA,NA,2,"MR. CIUDAD BLANCA","CORTO",NA,"No","Punto movil",NA,NA,NA,NA,NA,NA,NA,NA,NA,NA,NA,NA,NA,NA,"Complete","-16.424006","-71.492967","",""
"788",791,NA,"2024-08-25 14:45:01","15","Posada de Cristo ",12,1512,2024-08-24,1,"09:00","09:10",1,"","09:26",NA,2,79,NA,NA,NA,NA,NA,"",NA,NA,NA,NA,NA,NA,NA,"",NA,NA,NA,NA,NA,NA,NA,NA,NA,NA,NA,NA,NA,3,1,15,0,NA,NA,"",NA,NA,NA,"14:00","mayoria de perros de la zona ya fueron vacunados ",15,0,15,NA,NA,NA,NA,NA,NA,NA,NA,NA,NA,2,"MR. CIUDAD BLANCA","DETALLADO","1, Bus",NA,"Punto movil",NA,NA,NA,NA,NA,NA,NA,NA,NA,NA,"indicacion verbal (reportar en whats app)","SI",NA,NA,"Complete","-16.412792","-71.477725","",""
"789",792,NA,"2024-08-25 14:47:09","15","Pedro Vilcapaza",14,1514,2024-08-24,2,"","",NA,"","",2,2,NA,NA,NA,NA,NA,NA,"",NA,NA,NA,NA,NA,NA,NA,"",NA,NA,NA,NA,NA,NA,NA,NA,NA,NA,NA,NA,NA,NA,NA,41,10,NA,NA,"",NA,NA,NA,"","solo nos dieron 51 tarjetas ",41,10,51,NA,NA,NA,NA,NA,NA,NA,NA,NA,NA,2,"MR. CIUDAD BLANCA","CORTO",NA,"No","Punto movil",NA,NA,NA,NA,NA,NA,NA,NA,NA,NA,NA,NA,NA,NA,"Complete","-16.419615","-71.483638","-16,419612","-71,482911"
"790",793,NA,"2024-08-25 14:48:55","15","Cerrito Verde",15,1515,2024-08-24,2,"","",NA,"","",2,2,NA,NA,NA,NA,NA,NA,"",NA,NA,NA,NA,NA,NA,NA,"",NA,NA,NA,NA,NA,NA,NA,NA,NA,NA,NA,NA,NA,NA,NA,42,2,NA,NA,"",NA,NA,NA,"","",42,2,44,NA,NA,NA,NA,NA,NA,NA,NA,NA,NA,2,"MR. CIUDAD BLANCA","CORTO",NA,"No","Punto movil",NA,NA,NA,NA,NA,NA,NA,NA,NA,NA,NA,NA,NA,NA,"Complete","-16.416289","-71.477763","-16,415934","-71,480477"
"791",794,NA,"2024-08-25 14:50:53","15","Mariscal Nieto ",16,1516,2024-08-24,2,"","",NA,"","",2,2,NA,NA,NA,NA,NA,NA,"",NA,NA,NA,NA,NA,NA,NA,"",NA,NA,NA,NA,NA,NA,NA,NA,NA,NA,NA,NA,NA,NA,NA,70,0,NA,NA,"",NA,NA,NA,"","",70,0,70,NA,NA,NA,NA,NA,NA,NA,NA,NA,NA,2,"MR. CIUDAD BLANCA","CORTO",NA,"No","Punto movil",NA,NA,NA,NA,NA,NA,NA,NA,NA,NA,NA,NA,NA,NA,"Complete","-16.413712","-71.481603","",""
"792",795,NA,"2024-08-25 14:52:32","15","San Juan",17,1517,2024-08-24,1,"08:10","08:30",2,"","08:45",NA,2,37,NA,NA,NA,NA,NA,"",NA,NA,NA,NA,NA,NA,NA,"",NA,NA,NA,NA,NA,NA,NA,NA,NA,NA,NA,NA,NA,1,2,36,6,NA,NA,"",NA,NA,NA,"13:22","",36,6,42,NA,NA,NA,NA,NA,NA,NA,NA,NA,NA,2,"MR. CIUDAD BLANCA","DETALLADO","2. Camioneta/Auto",NA,"Punto movil",NA,NA,NA,NA,NA,NA,NA,NA,NA,NA,"Mapa con zona delimitada","NO",NA,NA,"Complete","-16.414578","-71.482080","",""
"793",796,NA,"2024-08-25 14:53:35","15","",18,1518,2024-08-24,2,"","",NA,"","",2,2,NA,NA,NA,NA,NA,NA,"",NA,NA,NA,NA,NA,NA,NA,"",NA,NA,NA,NA,NA,NA,NA,NA,NA,NA,NA,NA,NA,NA,NA,43,9,NA,NA,"",NA,NA,NA,"","",43,9,52,NA,NA,NA,NA,NA,NA,NA,NA,NA,NA,2,"MR. CIUDAD BLANCA","CORTO",NA,"No","Punto movil",NA,NA,NA,NA,NA,NA,NA,NA,NA,NA,NA,NA,NA,NA,"Complete","-16.413263","-71.481102","-16,413883","-71,480454"
"794",797,NA,"2024-08-25 14:58:56","20","",1,201,2024-08-24,2,"","",NA,"","",2,2,NA,NA,NA,NA,NA,NA,"",NA,NA,NA,NA,NA,NA,NA,"",NA,NA,NA,NA,NA,NA,NA,NA,NA,NA,NA,NA,NA,NA,NA,103,0,NA,NA,"",NA,NA,NA,"","",103,0,103,NA,NA,NA,NA,NA,NA,NA,NA,NA,NA,2,"MR. MARITZA CAMPOS DIAZ","CORTO",NA,"No","Punto movil",NA,NA,NA,NA,NA,NA,NA,NA,NA,NA,NA,NA,NA,NA,"Complete","-16.317210","-71.591505","-16,319611","-71,590364"
"795",798,NA,"2024-08-25 15:01:47","MR. MARITZA CAMPOS DIAZ","Ciudad Municipal ",2,152,2024-08-24,1,"08:20","08:30",1,"","08:41",NA,2,60,NA,NA,NA,NA,NA,"",NA,NA,NA,NA,NA,NA,NA,"",NA,NA,NA,NA,NA,NA,NA,NA,NA,NA,NA,NA,NA,2,2,70,0,NA,NA,"",NA,NA,NA,"12:30","la anotadora no sabia escribir",70,0,70,NA,NA,NA,NA,NA,NA,NA,NA,NA,NA,2,"MR. CIUDAD BLANCA","DETALLADO","1, Bus",NA,"Punto movil",NA,NA,NA,NA,NA,NA,NA,NA,NA,NA,"Mapa con recorrido de inicio a fin","NO",NA,NA,"Complete","-16.317058","-71.591095","-16,318012","-71,588920"
"796",799,NA,"2024-08-25 15:11:13","20","Guardia republicana",4,204,2024-08-24,2,"","",NA,"","",2,2,NA,NA,NA,NA,NA,NA,"",NA,NA,NA,NA,NA,NA,NA,"",NA,NA,NA,NA,NA,NA,NA,NA,NA,NA,NA,NA,NA,NA,NA,91,4,NA,NA,"",NA,NA,NA,"","",91,4,95,NA,NA,NA,NA,NA,NA,NA,NA,NA,NA,2,"MR. MARITZA CAMPOS DIAZ","CORTO",NA,"No","Punto movil",NA,NA,NA,NA,NA,NA,NA,NA,NA,NA,NA,NA,NA,NA,"Complete","-16.319064","-71.591417","-16,317554","-71,592452"
"797",800,NA,"2024-08-25 15:16:31","20","monzerat",5,205,2024-08-24,2,"","",NA,"","",2,2,NA,NA,NA,NA,NA,NA,"",NA,NA,NA,NA,NA,NA,NA,"",NA,NA,NA,NA,NA,NA,NA,NA,NA,NA,NA,NA,NA,NA,NA,108,2,NA,NA,"",NA,NA,NA,"","",108,2,110,NA,NA,NA,NA,NA,NA,NA,NA,NA,NA,2,"MR. MARITZA CAMPOS DIAZ","CORTO",NA,"No","Punto movil",NA,NA,NA,NA,NA,NA,NA,NA,NA,NA,NA,NA,NA,NA,"Complete","-16.313467","-71.600191","-16,315097","-71,600870"
"798",801,NA,"2024-08-25 15:18:39","20","alborada",6,206,2024-08-24,1,"08:05","08:36",1,"","08:48",NA,2,27,NA,NA,NA,NA,NA,"",NA,NA,NA,NA,NA,NA,NA,"",NA,NA,NA,NA,NA,NA,NA,NA,NA,NA,NA,NA,NA,2,2,62,13,NA,NA,"",NA,NA,NA,"12:22","",62,13,75,NA,NA,NA,NA,NA,NA,NA,NA,NA,NA,2,"MR. MARITZA CAMPOS DIAZ","DETALLADO","1, Bus",NA,"Punto movil",NA,NA,NA,NA,NA,NA,NA,NA,NA,NA,"Mapa con recorrido de inicio a fin","NO",NA,NA,"Complete","-16.318727","-71.604917","-16,322421","-71,600138"
"799",802,NA,"2024-08-25 15:21:03","20","apipa",7,207,2024-08-24,2,"","",NA,"","",2,2,NA,NA,NA,NA,NA,NA,"",NA,NA,NA,NA,NA,NA,NA,"",NA,NA,NA,NA,NA,NA,NA,NA,NA,NA,NA,NA,NA,NA,NA,59,2,NA,NA,"",NA,NA,NA,"","",59,2,61,NA,NA,NA,NA,NA,NA,NA,NA,NA,NA,2,"MR. MARITZA CAMPOS DIAZ","CORTO",NA,"No","Punto movil",NA,NA,NA,NA,NA,NA,NA,NA,NA,NA,NA,NA,NA,NA,"Complete","-16.321120","-71.605565","-16,325229","-71,606830"
"800",803,NA,"2024-08-25 15:22:04","20","apipa",8,208,2024-08-24,2,"","",NA,"","",2,2,NA,NA,NA,NA,NA,NA,"",NA,NA,NA,NA,NA,NA,NA,"",NA,NA,NA,NA,NA,NA,NA,NA,NA,NA,NA,NA,NA,NA,NA,60,0,NA,NA,"",NA,NA,NA,"","",60,0,60,NA,NA,NA,NA,NA,NA,NA,NA,NA,NA,2,"MR. MARITZA CAMPOS DIAZ","CORTO",NA,"No","Punto movil",NA,NA,NA,NA,NA,NA,NA,NA,NA,NA,NA,NA,NA,NA,"Complete","-16.317966","-71.611914","-16,323472","-71,608155"
"801",804,NA,"2024-08-25 15:24:24","20","",10,2010,2024-08-24,2,"","",NA,"","",2,2,NA,NA,NA,NA,NA,NA,"",NA,NA,NA,NA,NA,NA,NA,"",NA,NA,NA,NA,NA,NA,NA,NA,NA,NA,NA,NA,NA,NA,NA,135,5,NA,NA,"",NA,NA,NA,"","",135,5,140,NA,NA,NA,NA,NA,NA,NA,NA,NA,NA,2,"MR. MARITZA CAMPOS DIAZ","CORTO",NA,"No","Punto movil",NA,NA,NA,NA,NA,NA,NA,NA,NA,NA,NA,NA,NA,NA,"Complete","-16.320386","-71.588866","-16,325140","-71,586844"
"802",805,NA,"2024-08-25 15:26:37","20","ciudad municipal",11,2011,2024-08-24,1,"07:56","08:40",1,"","08:55",NA,2,49,NA,NA,NA,NA,NA,"",NA,NA,NA,NA,NA,NA,NA,"",NA,NA,NA,NA,NA,NA,NA,NA,NA,NA,NA,NA,NA,2,2,66,2,NA,NA,"",NA,NA,NA,"12:40","",66,2,68,NA,NA,NA,NA,NA,NA,NA,NA,NA,NA,2,"MR. MARITZA CAMPOS DIAZ","DETALLADO","1, Bus",NA,"Punto movil",NA,NA,NA,NA,NA,NA,NA,NA,NA,NA,"Mapa con recorrido de inicio a fin","NO",NA,NA,"Complete","-16.321272","-71.590218","-16,326307","-71,590250"
"803",806,NA,"2024-08-25 15:27:52","20","ciudad b municipal",12,2012,2024-08-24,2,"","",NA,"","",2,2,NA,NA,NA,NA,NA,NA,"",NA,NA,NA,NA,NA,NA,NA,"",NA,NA,NA,NA,NA,NA,NA,NA,NA,NA,NA,NA,NA,NA,NA,84,0,NA,NA,"",NA,NA,NA,"","",84,0,84,NA,NA,NA,NA,NA,NA,NA,NA,NA,NA,2,"MR. MARITZA CAMPOS DIAZ","CORTO",NA,"No","Punto movil",NA,NA,NA,NA,NA,NA,NA,NA,NA,NA,NA,NA,NA,NA,"Complete","-16.321424","-71.592265","-16,325303","-71,592737"
"804",807,NA,"2024-08-25 15:29:10","20","ciudad municipal ",13,2013,2024-08-24,2,"","",NA,"","",2,2,NA,NA,NA,NA,NA,NA,"",NA,NA,NA,NA,NA,NA,NA,"",NA,NA,NA,NA,NA,NA,NA,NA,NA,NA,NA,NA,NA,NA,NA,100,0,NA,NA,"",NA,NA,NA,"","",100,0,100,NA,NA,NA,NA,NA,NA,NA,NA,NA,NA,2,"MR. MARITZA CAMPOS DIAZ","CORTO",NA,"No","Punto movil",NA,NA,NA,NA,NA,NA,NA,NA,NA,NA,NA,NA,NA,NA,"Complete","-16.326316","-71.591597","-16,336523","-71,589076"
"805",808,NA,"2024-08-25 15:30:13","20","villa aviación  ",15,2015,2024-08-24,2,"","",NA,"","",2,2,NA,NA,NA,NA,NA,NA,"",NA,NA,NA,NA,NA,NA,NA,"",NA,NA,NA,NA,NA,NA,NA,NA,NA,NA,NA,NA,NA,NA,NA,69,3,NA,NA,"",NA,NA,NA,"","",69,3,72,NA,NA,NA,NA,NA,NA,NA,NA,NA,NA,2,"MR. MARITZA CAMPOS DIAZ","CORTO",NA,"No","Punto movil",NA,NA,NA,NA,NA,NA,NA,NA,NA,NA,NA,NA,NA,NA,"Complete","-16.327920","-71.594529","-16,329246","-71,595210"
"806",809,NA,"2024-08-25 15:31:22","20","JLByR ",16,2016,2024-08-24,2,"","",NA,"","",2,2,NA,NA,NA,NA,NA,NA,"",NA,NA,NA,NA,NA,NA,NA,"",NA,NA,NA,NA,NA,NA,NA,NA,NA,NA,NA,NA,NA,NA,NA,70,5,NA,NA,"",NA,NA,NA,"","",70,5,75,NA,NA,NA,NA,NA,NA,NA,NA,NA,NA,2,"MR. MARITZA CAMPOS DIAZ","CORTO",NA,"No","Punto movil",NA,NA,NA,NA,NA,NA,NA,NA,NA,NA,NA,NA,NA,NA,"Complete","-16.327872","-71.596933","-16,331610","-71,597627"
"807",810,NA,"2024-08-25 15:32:26","20","Bustamante y rivero ",17,2017,2024-08-24,2,"","",NA,"","",2,1,NA,NA,82,8,NA,NA,"",NA,NA,NA,NA,NA,NA,NA,"",NA,NA,NA,NA,NA,NA,NA,NA,NA,NA,NA,NA,NA,NA,NA,NA,NA,NA,NA,"",NA,NA,NA,"","",82,8,90,NA,NA,NA,NA,NA,NA,NA,NA,NA,NA,2,"MR. MARITZA CAMPOS DIAZ","CORTO",NA,"No","Punto fijo",NA,NA,NA,NA,NA,NA,NA,NA,NA,NA,NA,NA,NA,NA,"Complete","-16.331889","-71.594259","-16,335779","-71,594544"
"808",811,NA,"2024-08-26 13:51:30","11","calle Tacna y Arica con san Martin",1,111,2024-08-24,1,"08:27","08:30",2,"","08:49",NA,3,69,1,NA,NA,NA,NA,"",NA,NA,NA,NA,NA,NA,NA,"",NA,NA,NA,NA,NA,NA,NA,NA,NA,NA,NA,NA,NA,NA,NA,NA,NA,1,2,"",67,4,71,"12:33","mordedura en cara a vacunadora ",67,4,71,NA,NA,NA,NA,NA,NA,NA,NA,NA,NA,2,"MR. EDIFICADORES MISTI","DETALLADO","2. Camioneta/Auto",NA,"Puerta Puerta","Urbano",NA,NA,NA,NA,NA,NA,NA,NA,NA,NA,NA,"1. Mapa con zona delimitada","Caminar cuadra en cuadra","Complete","-16.379793","-71.510887","-16,382957","-71,513904"
"809",812,NA,"2024-08-26 13:55:24","11","Tarapacá con Tacna y Arica",2,112,2024-08-24,1,"08:26","08:42",2,"","08:52",NA,3,71,1,NA,NA,NA,NA,"",NA,NA,NA,NA,NA,NA,NA,"",NA,NA,NA,NA,NA,NA,NA,NA,NA,NA,NA,NA,NA,NA,NA,NA,NA,3,2,"",66,4,70,"13:10","mas coordinación ",66,4,70,NA,NA,NA,NA,NA,NA,NA,NA,NA,NA,2,"MR. EDIFICADORES MISTI","DETALLADO","2. Camioneta/Auto",NA,"Puerta Puerta","Urbano",NA,NA,NA,NA,NA,NA,NA,NA,NA,NA,NA,"3. indicacion verbal (reportar en whats app)","Caminar cuadra en cuadra","Complete","-16.380286","-71.509531","-16,383875","-71,512760"
"810",813,NA,"2024-08-26 13:57:22","11","Tacna y Arica con Goyeneche ",3,113,2024-08-24,1,"08:28","08:38",2,"","08:46",NA,3,67,1,NA,NA,NA,NA,"",NA,NA,NA,NA,NA,NA,NA,"",NA,NA,NA,NA,NA,NA,NA,NA,NA,NA,NA,NA,NA,NA,NA,NA,NA,2,1,"",48,6,54,"12:49","",48,6,54,NA,NA,NA,NA,NA,NA,NA,NA,NA,NA,2,"MR. EDIFICADORES MISTI","DETALLADO","2. Camioneta/Auto",NA,"Puerta Puerta","Urbano",NA,NA,NA,NA,NA,NA,NA,NA,NA,NA,NA,"2. Mapa con recorrido de inicio a fin","Tocar puerta por puerta","Complete","-16.380992","-71.508174","-16,381451","-71,508875"
"811",814,NA,"2024-08-26 14:00:16","11","Calle Manuel Gonzales Prada con Clavario ",4,114,2024-08-24,1,"08:27","08:44",2,"","08:49",NA,3,50,1,NA,NA,NA,NA,"",NA,NA,NA,NA,NA,NA,NA,"",NA,NA,NA,NA,NA,NA,NA,NA,NA,NA,NA,NA,NA,NA,NA,NA,NA,3,2,"",61,12,73,"13:18","dejar una notificacion en las casas que tengan mas de 6 canes ",61,12,73,NA,NA,NA,NA,NA,NA,NA,NA,NA,NA,2,"MR. EDIFICADORES MISTI","DETALLADO","2. Camioneta/Auto",NA,"Puerta Puerta","Urbano",NA,NA,NA,NA,NA,NA,NA,NA,NA,NA,NA,"3. indicacion verbal (reportar en whats app)","Caminar cuadra en cuadra","Complete","-16.389075","-71.513842","-16,386543","-71,516938"
"812",815,NA,"2024-08-26 14:02:44","11","Manuel Gonzales Prada con San Martin ",5,115,2024-08-24,1,"08:28","08:36",2,"","08:40",NA,3,45,1,NA,NA,NA,NA,"",NA,NA,NA,NA,NA,NA,NA,"",NA,NA,NA,NA,NA,NA,NA,NA,NA,NA,NA,NA,NA,NA,NA,NA,NA,3,2,"",71,6,77,"13:10","el grupo 8 se llevo 2 frascos ",71,6,77,NA,NA,NA,NA,NA,NA,NA,NA,NA,NA,2,"MR. EDIFICADORES MISTI","DETALLADO","2. Camioneta/Auto",NA,"Puerta Puerta","Urbano",NA,NA,NA,NA,NA,NA,NA,NA,NA,NA,NA,"3. indicacion verbal (reportar en whats app)","Caminar cuadra en cuadra","Complete","-16.387716","-71.515848","-16,388320","-71,516957"
"813",816,NA,"2024-08-26 14:05:39","11","Manuel Gonzales Prada con Tarapaca",6,116,2024-08-24,1,"08:27","08:40",2,"","09:19",NA,3,44,1,NA,NA,NA,NA,"",NA,NA,NA,NA,NA,NA,NA,"",NA,NA,NA,NA,NA,NA,NA,NA,NA,NA,NA,NA,NA,NA,NA,NA,NA,3,2,"",43,2,45,"13:01","solo dieron como refrigerio en la mañana un jugo ",43,2,45,NA,NA,NA,NA,NA,NA,NA,NA,NA,NA,2,"MR. EDIFICADORES MISTI","DETALLADO","2. Camioneta/Auto",NA,"Puerta Puerta","Urbano",NA,NA,NA,NA,NA,NA,NA,NA,NA,NA,NA,"3. indicacion verbal (reportar en whats app)","Caminar cuadra en cuadra","Complete","-16.389560","-71.513108","-16,386895","-71,516770"
"814",817,NA,"2024-08-26 14:08:34","11","Manuel Gonzales Prada con Goyoneche",7,117,2024-08-24,1,"08:27","08:36",2,"","08:38",NA,3,47,1,NA,NA,NA,NA,"",NA,NA,NA,NA,NA,NA,NA,"",NA,NA,NA,NA,NA,NA,NA,NA,NA,NA,NA,NA,NA,NA,NA,NA,NA,3,2,"",58,1,59,"13:00","",58,1,59,NA,NA,NA,NA,NA,NA,NA,NA,NA,NA,2,"MR. EDIFICADORES MISTI","DETALLADO","2. Camioneta/Auto",NA,"Puerta Puerta","Urbano",NA,NA,NA,NA,NA,NA,NA,NA,NA,NA,NA,"3. indicacion verbal (reportar en whats app)","Caminar cuadra en cuadra","Complete","-16.388716","-71.514883","-16,391378","-71,517051"
"815",818,NA,"2024-08-26 14:10:58","11","Ovalo Cahuide hasta Manuel Gonzales",8,118,2024-08-24,1,"08:27","08:35",4,"","08:40",NA,3,76,1,NA,NA,NA,NA,"",NA,NA,NA,NA,NA,NA,NA,"",NA,NA,NA,NA,NA,NA,NA,NA,NA,NA,NA,NA,NA,NA,NA,NA,NA,3,2,"",106,14,120,"13:00","",106,14,120,NA,NA,NA,NA,NA,NA,NA,NA,NA,NA,2,"MR. EDIFICADORES MISTI","DETALLADO","4. Caminando",NA,"Puerta Puerta","Urbano",NA,NA,NA,NA,NA,NA,NA,NA,NA,NA,NA,"3. indicacion verbal (reportar en whats app)","Caminar cuadra en cuadra","Complete","-16.384160","-71.509640","-16,388895","-71,520127"
"816",819,NA,"2024-08-26 14:13:06","11","Manuel Gonzales Prada con Puente Armao",9,119,2024-08-24,1,"08:25","08:45",2,"","08:52",NA,3,57,1,NA,NA,NA,NA,"",NA,NA,NA,NA,NA,NA,NA,"",NA,NA,NA,NA,NA,NA,NA,NA,NA,NA,NA,NA,NA,NA,NA,NA,NA,2,2,"",52,0,52,"13:00","",52,0,52,NA,NA,NA,NA,NA,NA,NA,NA,NA,NA,2,"MR. EDIFICADORES MISTI","DETALLADO","2. Camioneta/Auto",NA,"Puerta Puerta","Urbano",NA,NA,NA,NA,NA,NA,NA,NA,NA,NA,NA,"2. Mapa con recorrido de inicio a fin","Caminar cuadra en cuadra","Complete","-16.389446","-71.514282","-16,390750","-71,515312"
"817",820,NA,"2024-08-26 14:16:19","11","Manuel Gonzales Prada con Espinar ",10,1110,2024-08-24,1,"08:28","08:44",2,"","08:49",NA,3,46,1,NA,NA,NA,NA,"",NA,NA,NA,NA,NA,NA,NA,"",NA,NA,NA,NA,NA,NA,NA,NA,NA,NA,NA,NA,NA,NA,NA,NA,NA,3,2,"",30,2,32,"13:00","seria bueno que para la próxima campaña nos entreguen collares  de identificacion, para poder identificar a los animales vacunados",30,2,32,NA,NA,NA,NA,NA,NA,NA,NA,NA,NA,2,"MR. EDIFICADORES MISTI","DETALLADO","2. Camioneta/Auto",NA,"Puerta Puerta","Urbano",NA,NA,NA,NA,NA,NA,NA,NA,NA,NA,NA,"3. indicacion verbal (reportar en whats app)","Caminar cuadra en cuadra","Complete","-16.389822","-71.512850","-16,391110","-71,513885"
"818",821,NA,"2024-08-26 14:19:00","11","Alto Alianza Teniente Rodríguez ",11,1111,2024-08-24,1,"08:28","08:44",2,"","08:51",NA,3,72,1,NA,NA,NA,NA,"",NA,NA,NA,NA,NA,NA,NA,"",NA,NA,NA,NA,NA,NA,NA,NA,NA,NA,NA,NA,NA,NA,NA,NA,NA,2,2,"",16,2,18,"12:44","",16,2,18,NA,NA,NA,NA,NA,NA,NA,NA,NA,NA,2,"MR. EDIFICADORES MISTI","DETALLADO","2. Camioneta/Auto",NA,"Puerta Puerta","Urbano",NA,NA,NA,NA,NA,NA,NA,NA,NA,NA,NA,"2. Mapa con recorrido de inicio a fin","Caminar cuadra en cuadra","Complete","-16.390987","-71.513066","-16,396117","-71,516868"
"819",822,NA,"2024-08-26 14:20:50","11","Alameda Sanchez Trujillo",12,1112,2024-08-24,1,"07:58","08:25",2,"","08:31",NA,3,59,1,NA,NA,NA,NA,"",NA,NA,NA,NA,NA,NA,NA,"",NA,NA,NA,NA,NA,NA,NA,NA,NA,NA,NA,NA,NA,NA,NA,NA,NA,3,2,"",41,2,43,"13:07","",41,2,43,NA,NA,NA,NA,NA,NA,NA,NA,NA,NA,2,"MR. EDIFICADORES MISTI","DETALLADO","2. Camioneta/Auto",NA,"Puerta Puerta","Urbano",NA,NA,NA,NA,NA,NA,NA,NA,NA,NA,NA,"3. indicacion verbal (reportar en whats app)","Caminar cuadra en cuadra","Complete","-16.388405","-71.511492","-16,392309","-71,514917"
"820",823,NA,"2024-08-26 14:23:12","11","centro de salud edificadores misti ",13,1113,2024-08-24,2,"","",NA,"","",2,1,NA,NA,8,0,NA,NA,"",NA,NA,NA,NA,NA,NA,NA,"",NA,NA,NA,NA,NA,NA,NA,NA,NA,NA,NA,NA,NA,NA,NA,NA,NA,NA,NA,"",NA,NA,NA,"","se abrio a ultimo minuto este punto debido que se formo cola en el centro de salud ",8,0,8,NA,NA,NA,NA,NA,NA,NA,NA,NA,NA,2,"MR. EDIFICADORES MISTI","CORTO",NA,"No","Punto fijo",NA,NA,NA,NA,NA,NA,NA,NA,NA,NA,NA,NA,NA,NA,"Complete","-16.383031","-71.511346","",""
"821",824,NA,"2024-08-26 16:01:09","15","AA.HH. El Carmen",1,151,2024-08-25,1,"08:07","08:20",1,"","08:39",NA,2,78,NA,NA,NA,NA,NA,"",NA,NA,NA,NA,NA,NA,NA,"",NA,NA,NA,NA,NA,NA,NA,NA,NA,NA,NA,NA,NA,3,2,41,9,NA,NA,"",NA,NA,NA,"13:33","El megafono no funcionaba, no nos dieron mandilon, nos indicaro que la zona no habia sido tomada, pero los vecinos dijeron lo contrario, indicaron que la movilidad en el regreso se habia malogrado",41,9,50,NA,NA,NA,NA,NA,NA,NA,NA,NA,NA,2,"MR. CIUDAD BLANCA","DETALLADO","1, Bus",NA,"Punto movil",NA,NA,NA,NA,NA,NA,NA,NA,NA,NA,"indicacion verbal (reportar en whats app)","NO",NA,NA,"Complete","-16.417335","-71.473390","",""
"822",825,NA,"2024-08-26 16:04:04","15","Santa Rosa",2,152,2024-08-25,2,"","",NA,"","",2,2,NA,NA,NA,NA,NA,NA,"",NA,NA,NA,NA,NA,NA,NA,"",NA,NA,NA,NA,NA,NA,NA,NA,NA,NA,NA,NA,NA,NA,NA,60,6,NA,NA,"",NA,NA,NA,"","",60,6,66,NA,NA,NA,NA,NA,NA,NA,NA,NA,NA,2,"MR. CIUDAD BLANCA","CORTO",NA,"No","Punto movil",NA,NA,NA,NA,NA,NA,NA,NA,NA,NA,NA,NA,NA,NA,"Complete","-16.421337","-71.468573","-16,419672","-71,468877"
"823",826,NA,"2024-08-26 16:05:52","15","AH. 26 de Julio",3,153,2024-08-25,1,"08:07","08:25",1,"","08:35",NA,2,33,NA,NA,NA,NA,NA,"",NA,NA,NA,NA,NA,NA,NA,"",NA,NA,NA,NA,NA,NA,NA,NA,NA,NA,NA,NA,NA,3,1,75,18,NA,NA,"",NA,NA,NA,"12:38","tener mas coordinación ",75,18,93,NA,NA,NA,NA,NA,NA,NA,NA,NA,NA,2,"MR. CIUDAD BLANCA","DETALLADO","1, Bus",NA,"Punto movil",NA,NA,NA,NA,NA,NA,NA,NA,NA,NA,"indicacion verbal (reportar en whats app)","SI",NA,NA,"Complete","-16.416811","-71.474938","-16,417600","-71,481595"
"824",827,NA,"2024-08-26 16:08:25","15","Balnearios de Jesús ",4,154,2024-08-25,1,"08:00","08:24",1,"","08:35",NA,2,58,NA,NA,NA,NA,NA,"",NA,NA,NA,NA,NA,NA,NA,"",NA,NA,NA,NA,NA,NA,NA,NA,NA,NA,NA,NA,NA,3,2,55,7,NA,NA,"",NA,NA,NA,"12:45","faltaron carnets",55,7,62,NA,NA,NA,NA,NA,NA,NA,NA,NA,NA,2,"MR. CIUDAD BLANCA","DETALLADO","1, Bus",NA,"Punto movil",NA,NA,NA,NA,NA,NA,NA,NA,NA,NA,"indicacion verbal (reportar en whats app)","NO",NA,NA,"Complete","-16.420350","-71.473631","-16,420115","-71,471355"
"825",828,NA,"2024-08-26 16:09:39","15","",5,155,2024-08-25,2,"","",NA,"","",2,2,NA,NA,NA,NA,NA,NA,"",NA,NA,NA,NA,NA,NA,NA,"",NA,NA,NA,NA,NA,NA,NA,NA,NA,NA,NA,NA,NA,NA,NA,45,6,NA,NA,"",NA,NA,NA,"","",45,6,51,NA,NA,NA,NA,NA,NA,NA,NA,NA,NA,2,"MR. CIUDAD BLANCA","CORTO",NA,"No","Punto movil",NA,NA,NA,NA,NA,NA,NA,NA,NA,NA,NA,NA,NA,NA,"Complete","-16.425442","-71.475718","-16,429188","-71,481002"
"826",829,NA,"2024-08-26 16:12:48","15","A.H. Rosaspata ",6,156,2024-08-25,1,"08:15","08:25",1,"","08:53",NA,2,66,NA,NA,NA,NA,NA,"",NA,NA,NA,NA,NA,NA,NA,"",NA,NA,NA,NA,NA,NA,NA,NA,NA,NA,NA,NA,NA,3,2,46,14,NA,NA,"",NA,NA,NA,"13:36","Muchos vecinos reposrtan que en zonas mas profundos nunca van brigadas a vacunar mucha poblacion de perros callejeros o sin dueños, sumado o casas cerradas y/o ya habia perros vacunados ",46,14,60,NA,NA,NA,NA,NA,NA,NA,NA,NA,NA,2,"MR. CIUDAD BLANCA","DETALLADO","1, Bus",NA,"Punto movil",NA,NA,NA,NA,NA,NA,NA,NA,NA,NA,"indicacion verbal (reportar en whats app)","NO",NA,NA,"Complete","-16.426874","-71.479340","",""
"827",830,NA,"2024-08-26 16:14:59","15","nazareno ",7,157,2024-08-25,1,"08:00","08:15",1,"","08:45",NA,2,NA,NA,NA,NA,NA,NA,"",NA,NA,NA,NA,NA,NA,NA,"",NA,NA,NA,NA,NA,NA,NA,NA,NA,NA,NA,NA,NA,2,2,33,11,NA,NA,"",NA,NA,NA,"13:45","",33,11,44,NA,NA,NA,NA,NA,NA,NA,NA,NA,NA,2,"MR. CIUDAD BLANCA","DETALLADO","1, Bus",NA,"Punto movil",NA,NA,NA,NA,NA,NA,NA,NA,NA,NA,"Mapa con recorrido de inicio a fin","NO",NA,NA,"Complete","-16.422910","-71.477848","-16,425456","-71,479372"
"828",831,NA,"2024-08-26 16:16:44","15","A.H San Antonio ",8,158,2024-08-25,1,"08:16","08:27",1,"","08:40",NA,2,28,NA,NA,NA,NA,NA,"",NA,NA,NA,NA,NA,NA,NA,"",NA,NA,NA,NA,NA,NA,NA,NA,NA,NA,NA,NA,NA,3,1,62,6,NA,NA,"",NA,NA,NA,"13:22","",62,6,68,NA,NA,NA,NA,NA,NA,NA,NA,NA,NA,2,"MR. CIUDAD BLANCA","DETALLADO","1, Bus",NA,"Punto movil",NA,NA,NA,NA,NA,NA,NA,NA,NA,NA,"indicacion verbal (reportar en whats app)","SI",NA,NA,"Complete","-16.422326","-71.472473","-16,430716","-71,480517"
"829",832,NA,"2024-08-26 16:18:19","15","A.H. Milagros ",9,159,2024-08-25,1,"08:15","08:30",1,"","08:43",NA,2,80,NA,NA,NA,NA,NA,"",NA,NA,NA,NA,NA,NA,NA,"",NA,NA,NA,NA,NA,NA,NA,NA,NA,NA,NA,NA,NA,3,2,53,0,NA,NA,"",NA,NA,NA,"13:40","",53,0,53,NA,NA,NA,NA,NA,NA,NA,NA,NA,NA,2,"MR. CIUDAD BLANCA","DETALLADO","1, Bus",NA,"Punto movil",NA,NA,NA,NA,NA,NA,NA,NA,NA,NA,"indicacion verbal (reportar en whats app)","NO",NA,NA,"Complete","-16.416453","-71.473753","",""
"830",833,NA,"2024-08-26 16:21:53","15","Canchas sintéticas Hermanos CARI 2",10,1510,2024-08-25,1,"08:20","08:35",1,"","09:07",NA,2,65,NA,NA,NA,NA,NA,"",NA,NA,NA,NA,NA,NA,NA,"",NA,NA,NA,NA,NA,NA,NA,NA,NA,NA,NA,NA,NA,3,1,59,6,NA,NA,"",NA,NA,NA,"13:00","",59,6,65,NA,NA,NA,NA,NA,NA,NA,NA,NA,NA,2,"MR. CIUDAD BLANCA","DETALLADO","1, Bus",NA,"Punto movil",NA,NA,NA,NA,NA,NA,NA,NA,NA,NA,"indicacion verbal (reportar en whats app)","SI",NA,NA,"Complete","-16.428185","-71.477188","",""
"831",834,NA,"2024-08-26 16:24:28","15","Virgen de Chapi",11,1511,2024-08-25,2,"","",NA,"","",2,2,NA,NA,NA,NA,NA,NA,"",NA,NA,NA,NA,NA,NA,NA,"",NA,NA,NA,NA,NA,NA,NA,NA,NA,NA,NA,NA,NA,NA,NA,51,0,NA,NA,"",NA,NA,NA,"","",51,0,51,NA,NA,NA,NA,NA,NA,NA,NA,NA,NA,2,"MR. CIUDAD BLANCA","CORTO",NA,"No","Punto movil",NA,NA,NA,NA,NA,NA,NA,NA,NA,NA,NA,NA,NA,NA,"Complete","-16.423980","-71.465266","",""
"832",835,NA,"2024-08-26 16:27:27","15","Asentamiento Villa Jesús ",12,1512,2024-08-25,1,"08:20","08:37",1,"","09:00",NA,2,56,NA,NA,NA,NA,NA,"",NA,NA,NA,NA,NA,NA,NA,"",NA,NA,NA,NA,NA,NA,NA,NA,NA,NA,NA,NA,NA,2,2,47,3,NA,NA,"",NA,NA,NA,"13:00","",47,3,50,NA,NA,NA,NA,NA,NA,NA,NA,NA,NA,2,"MR. CIUDAD BLANCA","DETALLADO","1, Bus",NA,"Punto movil",NA,NA,NA,NA,NA,NA,NA,NA,NA,NA,"Mapa con recorrido de inicio a fin","NO",NA,NA,"Complete","-16.418791","-71.473401","-16,418255","-71,476023"
"833",836,NA,"2024-08-26 16:44:21","15","Huacsapata ",13,1513,2024-08-25,1,"08:23","08:30",1,"","08:55",NA,2,29,NA,NA,NA,NA,NA,"",NA,NA,NA,NA,NA,NA,NA,"",NA,NA,NA,NA,NA,NA,NA,NA,NA,NA,NA,NA,NA,3,2,67,2,NA,NA,"",NA,NA,NA,"13:30","",67,2,69,NA,NA,NA,NA,NA,NA,NA,NA,NA,NA,2,"MR. CIUDAD BLANCA","DETALLADO","1, Bus",NA,"Punto movil",NA,NA,NA,NA,NA,NA,NA,NA,NA,NA,"indicacion verbal (reportar en whats app)","NO",NA,NA,"Complete","-16.432641","-71.479922","",""
"834",837,NA,"2024-08-26 16:45:30","15","Mercado belén ",14,1514,2024-08-25,2,"","",NA,"","",2,2,NA,NA,NA,NA,NA,NA,"",NA,NA,NA,NA,NA,NA,NA,"",NA,NA,NA,NA,NA,NA,NA,NA,NA,NA,NA,NA,NA,NA,NA,54,0,NA,NA,"",NA,NA,NA,"","",54,0,54,NA,NA,NA,NA,NA,NA,NA,NA,NA,NA,2,"MR. CIUDAD BLANCA","CORTO",NA,"No","Punto movil",NA,NA,NA,NA,NA,NA,NA,NA,NA,NA,NA,NA,NA,NA,"Complete","-16.417620","-71.482595","",""
"835",838,NA,"2024-08-26 16:49:13","20","Ciudad Municipal 9-8",1,201,2024-08-25,2,"","",NA,"","",2,2,NA,NA,NA,NA,NA,NA,"",NA,NA,NA,NA,NA,NA,NA,"",NA,NA,NA,NA,NA,NA,NA,NA,NA,NA,NA,NA,NA,NA,NA,100,0,NA,NA,"",NA,NA,NA,"","",100,0,100,NA,NA,NA,NA,NA,NA,NA,NA,NA,NA,2,"MR. MARITZA CAMPOS DIAZ","CORTO",NA,"No","Punto movil",NA,NA,NA,NA,NA,NA,NA,NA,NA,NA,NA,NA,NA,NA,"Complete","-16.319857","-71.590272","",""
"836",839,NA,"2024-08-26 16:51:15","20","Ciudad Municipal Zona 7 y 8",2,202,2024-08-25,1,"08:10","08:17",1,"","08:37",NA,2,60,NA,NA,NA,NA,NA,"",NA,NA,NA,NA,NA,NA,NA,"",NA,NA,NA,NA,NA,NA,NA,NA,NA,NA,NA,NA,NA,2,2,78,0,NA,NA,"",NA,NA,NA,"12:10","",78,0,78,NA,NA,NA,NA,NA,NA,NA,NA,NA,NA,2,"MR. MARITZA CAMPOS DIAZ","DETALLADO","1, Bus",NA,"Punto movil",NA,NA,NA,NA,NA,NA,NA,NA,NA,NA,"Mapa con recorrido de inicio a fin","NO",NA,NA,"Complete","-16.319820","-71.590399","-16,318024","-71,587814"
"837",840,NA,"2024-08-26 16:52:07","20","Guardia republicana ",4,204,2024-08-25,2,"","",NA,"","",2,2,NA,NA,NA,NA,NA,NA,"",NA,NA,NA,NA,NA,NA,NA,"",NA,NA,NA,NA,NA,NA,NA,NA,NA,NA,NA,NA,NA,NA,NA,150,0,NA,NA,"",NA,NA,NA,"","",150,0,150,NA,NA,NA,NA,NA,NA,NA,NA,NA,NA,2,"MR. MARITZA CAMPOS DIAZ","CORTO",NA,"No","Punto movil",NA,NA,NA,NA,NA,NA,NA,NA,NA,NA,NA,NA,NA,NA,"Complete","-16.320062","-71.590246","-16,317115","-71,594545"
"838",841,NA,"2024-08-26 16:54:10","20","Monzerat ",5,205,2024-08-25,2,"","",NA,"","",2,2,NA,NA,NA,NA,NA,NA,"",NA,NA,NA,NA,NA,NA,NA,"",NA,NA,NA,NA,NA,NA,NA,NA,NA,NA,NA,NA,NA,NA,NA,112,0,NA,NA,"",NA,NA,NA,"","",112,0,112,NA,NA,NA,NA,NA,NA,NA,NA,NA,NA,2,"MR. MARITZA CAMPOS DIAZ","CORTO",NA,"No","Punto movil",NA,NA,NA,NA,NA,NA,NA,NA,NA,NA,NA,NA,NA,NA,"Complete","-16.317184","-71.601774","-16,316907","-71,600696"
"839",842,NA,"2024-08-26 16:55:35","20","Alborada",6,206,2024-08-25,1,"08:01","08:20",1,"","08:45",NA,2,27,NA,NA,NA,NA,NA,"",NA,NA,NA,NA,NA,NA,NA,"",NA,NA,NA,NA,NA,NA,NA,NA,NA,NA,NA,NA,NA,2,2,61,17,NA,NA,"",NA,NA,NA,"12:24","",61,17,78,NA,NA,NA,NA,NA,NA,NA,NA,NA,NA,2,"MR. MARITZA CAMPOS DIAZ","DETALLADO","1, Bus",NA,"Punto movil",NA,NA,NA,NA,NA,NA,NA,NA,NA,NA,"Mapa con recorrido de inicio a fin","NO",NA,NA,"Complete","-16.320867","-71.598805","-16,324044","-71,598251"
"840",843,NA,"2024-08-26 16:56:37","20","APIPA Sector 2",7,207,2024-08-25,2,"","",NA,"","",2,2,NA,NA,NA,NA,NA,NA,"",NA,NA,NA,NA,NA,NA,NA,"",NA,NA,NA,NA,NA,NA,NA,NA,NA,NA,NA,NA,NA,NA,NA,71,7,NA,NA,"",NA,NA,NA,"","",71,7,78,NA,NA,NA,NA,NA,NA,NA,NA,NA,NA,2,"MR. MARITZA CAMPOS DIAZ","CORTO",NA,"No","Punto movil",NA,NA,NA,NA,NA,NA,NA,NA,NA,NA,NA,NA,NA,NA,"Complete","-16.324069","-71.605646","-16,325528","-71,608091"
"841",844,NA,"2024-08-26 16:57:49","20","Victor Raul Haya de la Torre",10,2010,2024-08-25,2,"","",NA,"","",2,2,NA,NA,NA,NA,NA,NA,"",NA,NA,NA,NA,NA,NA,NA,"",NA,NA,NA,NA,NA,NA,NA,NA,NA,NA,NA,NA,NA,NA,NA,124,4,NA,NA,"",NA,NA,NA,"","",124,4,128,NA,NA,NA,NA,NA,NA,NA,NA,NA,NA,2,"MR. MARITZA CAMPOS DIAZ","CORTO",NA,"No","Punto movil",NA,NA,NA,NA,NA,NA,NA,NA,NA,NA,NA,NA,NA,NA,"Complete","-16.321279","-71.587550","-16,324492","-71,586906"
"842",845,NA,"2024-08-26 16:59:12","20","",11,2011,2024-08-25,1,"08:19","08:36",1,"","08:47",NA,2,49,NA,NA,NA,NA,NA,"",NA,NA,NA,NA,NA,NA,NA,"",NA,NA,NA,NA,NA,NA,NA,NA,NA,NA,NA,NA,NA,1,2,59,4,NA,NA,"",NA,NA,NA,"12:33","",59,4,63,NA,NA,NA,NA,NA,NA,NA,NA,NA,NA,2,"MR. MARITZA CAMPOS DIAZ","DETALLADO","1, Bus",NA,"Punto movil",NA,NA,NA,NA,NA,NA,NA,NA,NA,NA,"Mapa con zona delimitada","NO",NA,NA,"Complete","-16.321294","-71.590302","-16,324315","-71,590251"
"843",846,NA,"2024-08-26 17:00:18","20","Ciudad Munipal y JLByR ",13,2013,2024-08-25,2,"","",NA,"","",2,2,NA,NA,NA,NA,NA,NA,"",NA,NA,NA,NA,NA,NA,NA,"",NA,NA,NA,NA,NA,NA,NA,NA,NA,NA,NA,NA,NA,NA,NA,71,12,NA,NA,"",NA,NA,NA,"","",71,12,83,NA,NA,NA,NA,NA,NA,NA,NA,NA,NA,2,"MR. MARITZA CAMPOS DIAZ","CORTO",NA,"No","Punto movil",NA,NA,NA,NA,NA,NA,NA,NA,NA,NA,NA,NA,NA,NA,"Complete","-16.326327","-71.590311","-16,328614","-71,592824"
"844",847,NA,"2024-08-26 17:01:23","20","Transoceanica ",14,2014,2024-08-25,2,"","",NA,"","",2,2,NA,NA,NA,NA,NA,NA,"",NA,NA,NA,NA,NA,NA,NA,"",NA,NA,NA,NA,NA,NA,NA,NA,NA,NA,NA,NA,NA,NA,NA,95,0,NA,NA,"",NA,NA,NA,"","",95,0,95,NA,NA,NA,NA,NA,NA,NA,NA,NA,NA,2,"MR. MARITZA CAMPOS DIAZ","CORTO",NA,"No","Punto movil",NA,NA,NA,NA,NA,NA,NA,NA,NA,NA,NA,NA,NA,NA,"Complete","-16.338363","-71.590127","",""
"845",848,NA,"2024-08-26 17:02:35","20","JLByR sSector 3",15,2015,2024-08-25,2,"","",NA,"","",2,2,NA,NA,NA,NA,NA,NA,"",NA,NA,NA,NA,NA,NA,NA,"",NA,NA,NA,NA,NA,NA,NA,NA,NA,NA,NA,NA,NA,NA,NA,100,0,NA,NA,"",NA,NA,NA,"","",100,0,100,NA,NA,NA,NA,NA,NA,NA,NA,NA,NA,2,"MR. MARITZA CAMPOS DIAZ","CORTO",NA,"No","Punto movil",NA,NA,NA,NA,NA,NA,NA,NA,NA,NA,NA,NA,NA,NA,"Complete","-16.334903","-71.593762","",""
"846",849,NA,"2024-08-26 17:05:59","11","Cancha Sintética Estadio Tomasa",1,111,2024-08-25,1,"08:10","08:28",2,"","08:35",NA,3,34,1,NA,NA,NA,NA,"",NA,NA,NA,NA,NA,NA,NA,"",NA,NA,NA,NA,NA,NA,NA,NA,NA,NA,NA,NA,NA,NA,NA,NA,NA,2,2,"",49,3,52,"12:49","",49,3,52,NA,NA,NA,NA,NA,NA,NA,NA,NA,NA,2,"MR. EDIFICADORES MISTI","DETALLADO","2. Camioneta/Auto",NA,"Puerta Puerta","Urbano",NA,NA,NA,NA,NA,NA,NA,NA,NA,NA,NA,"2. Mapa con recorrido de inicio a fin","Caminar cuadra en cuadra","Complete","-16.370573","-71.498947","-16,377,208","-71,509,537"
"847",850,NA,"2024-08-26 17:08:07","11","Calle Ica / Leoncio Prado",2,112,2024-08-25,1,"08:10","08:26",2,"","08:32",NA,3,69,1,NA,NA,NA,NA,"",NA,NA,NA,NA,NA,NA,NA,"",NA,NA,NA,NA,NA,NA,NA,NA,NA,NA,NA,NA,NA,NA,NA,NA,NA,1,2,"",29,6,35,"12:30","",29,6,35,NA,NA,NA,NA,NA,NA,NA,NA,NA,NA,2,"MR. EDIFICADORES MISTI","DETALLADO","2. Camioneta/Auto",NA,"Puerta Puerta","Urbano",NA,NA,NA,NA,NA,NA,NA,NA,NA,NA,NA,"1. Mapa con zona delimitada","Caminar cuadra en cuadra","Complete","-16.372705","-71.502990","",""
"848",851,NA,"2024-08-26 17:10:01","11","Calle Ica/Bolognesi ",3,113,2024-08-25,1,"08:10","08:57",2,"","09:32",NA,3,76,1,NA,NA,NA,NA,"",NA,NA,NA,NA,NA,NA,NA,"",NA,NA,NA,NA,NA,NA,NA,NA,NA,NA,NA,NA,NA,NA,NA,NA,NA,2,2,"",100,0,100,"13:10","",100,0,100,NA,NA,NA,NA,NA,NA,NA,NA,NA,NA,2,"MR. EDIFICADORES MISTI","DETALLADO","2. Camioneta/Auto",NA,"Puerta Puerta","Urbano",NA,NA,NA,NA,NA,NA,NA,NA,NA,NA,NA,"2. Mapa con recorrido de inicio a fin","Caminar cuadra en cuadra","Complete","-16.373870","-71.501986","-16,374,472","-71,503,245"
"849",852,NA,"2024-08-26 17:14:22","11","Peñon/Alfonso Ugarte ",4,114,2024-08-25,1,"08:07","08:54",2,"","08:58",NA,3,74,2,NA,NA,NA,NA,"",NA,NA,NA,NA,NA,NA,NA,"",NA,NA,NA,NA,NA,NA,NA,NA,NA,NA,NA,NA,NA,NA,NA,NA,NA,2,2,"",74,6,80,"13:00","se observo varias viviendas con perros y mucho perro callejero por la torrentera ",74,6,80,NA,NA,NA,NA,NA,NA,NA,NA,NA,NA,2,"MR. EDIFICADORES MISTI","DETALLADO","2. Camioneta/Auto",NA,"Puerta Puerta","Periurbano",NA,NA,NA,NA,NA,NA,NA,NA,NA,NA,NA,"2. Mapa con recorrido de inicio a fin","Caminar cuadra en cuadra","Complete","-16.380050","-71.512445","-16,378,079","-71,511,734"
"850",853,NA,"2024-08-26 17:16:38","11","Juan XXIII ",5,115,2024-08-25,1,"08:15","08:30",2,"","08:45",NA,1,45,NA,52,12,2,NA,"",NA,NA,NA,NA,NA,NA,NA,"",NA,NA,NA,NA,NA,NA,NA,NA,NA,NA,NA,NA,NA,NA,NA,NA,NA,NA,NA,"",NA,NA,NA,"13:10","",52,12,64,NA,NA,NA,NA,NA,NA,NA,NA,NA,NA,2,"MR. EDIFICADORES MISTI","DETALLADO","2. Camioneta/Auto",NA,"Punto fijo",NA,"NO",NA,NA,NA,NA,NA,NA,NA,NA,NA,NA,NA,NA,"Complete","-16.380742","-71.505370","-16,380,639","-71,505,285"
"851",854,NA,"2024-08-26 17:19:07","11","Bajo Reservorio / Jr Salaverry ",6,116,2024-08-25,1,"08:08","08:26",2,"","08:32",NA,3,46,2,NA,NA,NA,NA,"",NA,NA,NA,NA,NA,NA,NA,"",NA,NA,NA,NA,NA,NA,NA,NA,NA,NA,NA,NA,NA,NA,NA,NA,NA,1,2,"",45,10,55,"13:22","Falta refregerio y alcohol para mano ",45,10,55,NA,NA,NA,NA,NA,NA,NA,NA,NA,NA,2,"MR. EDIFICADORES MISTI","DETALLADO","2. Camioneta/Auto",NA,"Puerta Puerta","Periurbano",NA,NA,NA,NA,NA,NA,NA,NA,NA,NA,NA,"1. Mapa con zona delimitada","Caminar cuadra en cuadra","Complete","-16.382991","-71.502348","-16,382,043","-71,505,459"
"852",855,NA,"2024-08-26 17:21:29","11","Carlos Garcia Ronceros/ Jr. Manco Capac ",7,117,2024-08-25,1,"08:10","08:25",2,"","08:42",NA,3,72,2,NA,NA,NA,NA,"",NA,NA,NA,NA,NA,NA,NA,"",NA,NA,NA,NA,NA,NA,NA,NA,NA,NA,NA,NA,NA,NA,NA,NA,NA,2,2,"",51,9,60,"13:20","",51,9,60,NA,NA,NA,NA,NA,NA,NA,NA,NA,NA,2,"MR. EDIFICADORES MISTI","DETALLADO","2. Camioneta/Auto",NA,"Puerta Puerta","Periurbano",NA,NA,NA,NA,NA,NA,NA,NA,NA,NA,NA,"2. Mapa con recorrido de inicio a fin","Caminar cuadra en cuadra","Complete","-16.385491","-71.513701","-16,383,742","-71,508,793"
"853",856,NA,"2024-08-26 17:23:42","11","Reservorio Jr. de los Milagros ",8,118,2024-08-25,1,"08:09","08:45",2,"","08:51",NA,3,47,NA,NA,NA,NA,NA,"",NA,NA,NA,NA,NA,NA,NA,"",NA,NA,NA,NA,NA,NA,NA,NA,NA,NA,NA,NA,NA,NA,NA,NA,NA,1,2,"",68,12,80,"13:00","",68,12,80,NA,NA,NA,NA,NA,NA,NA,NA,NA,NA,2,"MR. EDIFICADORES MISTI","DETALLADO","2. Camioneta/Auto",NA,"Puerta Puerta",NA,NA,NA,NA,NA,NA,NA,NA,NA,NA,NA,NA,"1. Mapa con zona delimitada","Caminar cuadra en cuadra","Complete","-16.370018","-71.490890","-16,370,322","-71,494,243"
"854",857,NA,"2024-08-26 17:25:39","11","Cementerio y Loza deportiva Upis Salvador ",9,119,2024-08-25,1,"08:09","09:30",2,"","09:40",NA,3,43,1,NA,NA,NA,NA,"",NA,NA,NA,NA,NA,NA,NA,"",NA,NA,NA,NA,NA,NA,NA,NA,NA,NA,NA,NA,NA,NA,NA,NA,NA,2,2,"",37,5,42,"13:00","",37,5,42,NA,NA,NA,NA,NA,NA,NA,NA,NA,NA,2,"MR. EDIFICADORES MISTI","DETALLADO","2. Camioneta/Auto",NA,"Puerta Puerta","Urbano",NA,NA,NA,NA,NA,NA,NA,NA,NA,NA,NA,"2. Mapa con recorrido de inicio a fin","Caminar cuadra en cuadra","Complete","-16.373969","-71.494294","",""
"855",858,NA,"2024-08-26 17:28:32","11","Alto de Tomasa / Av. torres hasta serenazgo ",10,1110,2024-08-25,1,"08:10","09:08",2,"","09:38",NA,3,44,2,NA,NA,NA,NA,"",NA,NA,NA,NA,NA,NA,NA,"",NA,NA,NA,NA,NA,NA,NA,NA,NA,NA,NA,NA,NA,NA,NA,NA,NA,2,2,"",39,9,48,"12:50","se perdió 2 vacunas / se movió el perrito - Le robaron el megáfono  ",39,9,48,NA,NA,NA,NA,NA,NA,NA,NA,NA,NA,2,"MR. EDIFICADORES MISTI","DETALLADO","2. Camioneta/Auto",NA,"Puerta Puerta","Periurbano",NA,NA,NA,NA,NA,NA,NA,NA,NA,NA,NA,"2. Mapa con recorrido de inicio a fin","Caminar cuadra en cuadra","Complete","-16.368507","-71.495202","-16,370,979","-71,498,030"
"856",859,NA,"2024-08-26 17:30:54","11","Desde punto rojo hasta porvenir ",11,1111,2024-08-25,1,"08:10","09:09",2,"","09:25",NA,3,50,2,NA,NA,NA,NA,"",NA,NA,NA,NA,NA,NA,NA,"",NA,NA,NA,NA,NA,NA,NA,NA,NA,NA,NA,NA,NA,NA,NA,NA,NA,2,2,"",33,3,36,"13:05","los vecinos nos pidieron colares para identificar a los perros ",33,3,36,NA,NA,NA,NA,NA,NA,NA,NA,NA,NA,2,"MR. EDIFICADORES MISTI","DETALLADO","2. Camioneta/Auto",NA,"Puerta Puerta","Periurbano",NA,NA,NA,NA,NA,NA,NA,NA,NA,NA,NA,"2. Mapa con recorrido de inicio a fin","Caminar cuadra en cuadra","Complete","-16.375604","-71.493595","-16,376,238","-71,498,364"
"857",860,NA,"2024-08-26 17:32:32","11","Parte alta de tomasa ",12,1112,2024-08-25,1,"08:14","08:28",2,"","08:46",NA,3,71,2,NA,NA,NA,NA,"",NA,NA,NA,NA,NA,NA,NA,"",NA,NA,NA,NA,NA,NA,NA,NA,NA,NA,NA,NA,NA,NA,NA,NA,NA,2,2,"",49,3,52,"13:00","",49,3,52,NA,NA,NA,NA,NA,NA,NA,NA,NA,NA,2,"MR. EDIFICADORES MISTI","DETALLADO","2. Camioneta/Auto",NA,"Puerta Puerta","Periurbano",NA,NA,NA,NA,NA,NA,NA,NA,NA,NA,NA,"2. Mapa con recorrido de inicio a fin","Caminar cuadra en cuadra","Complete","-16.376390","-71.498448","-16,374,553","-71,495,964"
"858",861,NA,"2024-08-26 17:34:03","11","Girasoles / vista alegre ",13,1113,2024-08-25,1,"08:00","08:10",2,"","08:30",NA,3,67,2,NA,NA,NA,NA,"",NA,NA,NA,NA,NA,NA,NA,"",NA,NA,NA,NA,NA,NA,NA,NA,NA,NA,NA,NA,NA,NA,NA,NA,NA,2,2,"",46,3,49,"13:00","",46,3,49,NA,NA,NA,NA,NA,NA,NA,NA,NA,NA,2,"MR. EDIFICADORES MISTI","DETALLADO","2. Camioneta/Auto",NA,"Puerta Puerta","Periurbano",NA,NA,NA,NA,NA,NA,NA,NA,NA,NA,NA,"2. Mapa con recorrido de inicio a fin","Caminar cuadra en cuadra","Complete","-16.380137","-71.488372","-16,380,440","-71,495,232"
"859",862,NA,"2024-09-01 13:15:50","20","Jose luis bustamante y rivero",1,201,2024-08-31,2,"","",NA,"","",2,2,NA,NA,NA,NA,NA,NA,"",NA,NA,NA,NA,NA,NA,NA,"",NA,NA,NA,NA,NA,NA,NA,NA,NA,NA,NA,NA,NA,NA,NA,112,0,NA,NA,"",NA,NA,NA,"","",112,0,112,NA,NA,NA,NA,NA,NA,NA,NA,NA,NA,2,"MR. MARITZA CAMPOS DIAZ","CORTO",NA,"No","Punto movil",NA,NA,NA,NA,NA,NA,NA,NA,NA,NA,NA,NA,NA,NA,"Complete","-16.329985","-71.602478","-16,333504","-71,605788"
"860",863,NA,"2024-09-01 13:17:47","20","J. L. B. R. Sector 4",2,202,2024-08-31,2,"","",NA,"","",2,2,NA,NA,NA,NA,NA,NA,"",NA,NA,NA,NA,NA,NA,NA,"",NA,NA,NA,NA,NA,NA,NA,NA,NA,NA,NA,NA,NA,NA,NA,88,NA,NA,NA,"",NA,NA,NA,"","",88,NA,88,NA,NA,NA,NA,NA,NA,NA,NA,NA,NA,2,"MR. MARITZA CAMPOS DIAZ","CORTO",NA,"No","Punto movil",NA,NA,NA,NA,NA,NA,NA,NA,NA,NA,NA,NA,NA,NA,"Complete","-16.329912","-71.604112","-16,335330","-71,608462"
"861",864,NA,"2024-09-01 13:20:07","20","Apipa sector 3",3,203,2024-08-31,1,"07:48","08:02",1,"","08:58",NA,2,50,NA,NA,NA,NA,NA,"",NA,NA,NA,NA,NA,NA,NA,"",NA,NA,NA,NA,NA,NA,NA,NA,NA,NA,NA,NA,NA,2,2,67,11,NA,NA,"",NA,NA,NA,"12:02","",67,11,78,NA,NA,NA,NA,NA,NA,NA,NA,NA,NA,2,"MR. MARITZA CAMPOS DIAZ","DETALLADO","1, Bus",NA,"Punto movil",NA,NA,NA,NA,NA,NA,NA,NA,NA,NA,"Mapa con recorrido de inicio a fin","NO",NA,NA,"Complete","-16.325420","-71.608384","-16,327962","-71,610880"
"862",865,NA,"2024-09-01 13:22:35","20","Apipa sector 4",4,204,2024-08-31,2,"","",NA,"","",2,2,NA,NA,NA,NA,NA,NA,"",NA,NA,NA,NA,NA,NA,NA,"",NA,NA,NA,NA,NA,NA,NA,NA,NA,NA,NA,NA,NA,NA,NA,121,29,NA,NA,"",NA,NA,NA,"","",121,29,150,NA,NA,NA,NA,NA,NA,NA,NA,NA,NA,2,"MR. MARITZA CAMPOS DIAZ","CORTO",NA,"No","Punto movil",NA,NA,NA,NA,NA,NA,NA,NA,NA,NA,NA,NA,NA,NA,"Complete","-16.325252","-71.608585","-16.326645"," -71.610107"
"863",866,NA,"2024-09-01 13:24:36","20","JLBR sector 5",5,205,2024-08-31,2,"","",NA,"","",2,2,NA,NA,NA,NA,NA,NA,"",NA,NA,NA,NA,NA,NA,NA,"",NA,NA,NA,NA,NA,NA,NA,NA,NA,NA,NA,NA,NA,NA,NA,50,0,NA,NA,"",NA,NA,NA,"","",50,0,50,NA,NA,NA,NA,NA,NA,NA,NA,NA,NA,2,"MR. MARITZA CAMPOS DIAZ","CORTO",NA,"No","Punto movil",NA,NA,NA,NA,NA,NA,NA,NA,NA,NA,NA,NA,NA,NA,"Complete","-16.317834","-71.612014","",""
"864",867,NA,"2024-09-01 13:28:53","20","Apipa sector 9",6,206,2024-08-31,2,"","",NA,"","",2,2,NA,NA,NA,NA,NA,NA,"",NA,NA,NA,NA,NA,NA,NA,"",NA,NA,NA,NA,NA,NA,NA,NA,NA,NA,NA,NA,NA,NA,NA,117,4,NA,NA,"",NA,NA,NA,"","",117,4,121,NA,NA,NA,NA,NA,NA,NA,NA,NA,NA,2,"MR. MARITZA CAMPOS DIAZ","CORTO",NA,"No","Punto movil",NA,NA,NA,NA,NA,NA,NA,NA,NA,NA,NA,NA,NA,NA,"Complete","-16.331489","-71.611859","",""
"865",868,NA,"2024-09-01 13:31:53","20","17 apipa 2",7,207,2024-08-31,1,"08:00","08:10",1,"","08:43",NA,2,64,NA,NA,NA,NA,NA,"",NA,NA,NA,NA,NA,NA,NA,"",NA,NA,NA,NA,NA,NA,NA,NA,NA,NA,NA,NA,NA,1,2,91,0,NA,NA,"",NA,NA,NA,"12:39","",91,0,91,NA,NA,NA,NA,NA,NA,NA,NA,NA,NA,2,"MR. MARITZA CAMPOS DIAZ","DETALLADO","1, Bus",NA,"Punto movil",NA,NA,NA,NA,NA,NA,NA,NA,NA,NA,"Mapa con zona delimitada","NO",NA,NA,"Complete","-16.334888","-71.615230","-16,338997","-71,616262"
"866",869,NA,"2024-09-01 13:33:11","20","Apipa 12 y 13",8,208,2024-08-31,2,"","",NA,"","",2,2,NA,NA,NA,NA,NA,NA,"",NA,NA,NA,NA,NA,NA,NA,"",NA,NA,NA,NA,NA,NA,NA,NA,NA,NA,NA,NA,NA,NA,NA,100,10,NA,NA,"",NA,NA,NA,"","",100,10,110,NA,NA,NA,NA,NA,NA,NA,NA,NA,NA,2,"MR. MARITZA CAMPOS DIAZ","CORTO",NA,"No","Punto movil",NA,NA,NA,NA,NA,NA,NA,NA,NA,NA,NA,NA,NA,NA,"Complete","-16.336277","-71.619018","-16,336749","-71,621100"
"867",870,NA,"2024-09-01 13:35:11","20","Apipa 15 y 17",10,2010,2024-08-31,1,"08:03","08:15",1,"","09:00",NA,2,67,NA,NA,NA,NA,NA,"",NA,NA,NA,NA,NA,NA,NA,"",NA,NA,NA,NA,NA,NA,NA,NA,NA,NA,NA,NA,NA,1,2,52,8,NA,NA,"",NA,NA,NA,"12:30","",52,8,60,NA,NA,NA,NA,NA,NA,NA,NA,NA,NA,2,"MR. MARITZA CAMPOS DIAZ","DETALLADO","1, Bus",NA,"Punto movil",NA,NA,NA,NA,NA,NA,NA,NA,NA,NA,"Mapa con zona delimitada","NO",NA,NA,"Complete","-16.342621","-71.624361","-16,345883","-71,627240"
"868",871,NA,"2024-09-01 13:36:56","20","Apipa sector 16",11,2011,2024-08-31,2,"","",NA,"","",2,2,NA,NA,NA,NA,NA,NA,"",NA,NA,NA,NA,NA,NA,NA,"",NA,NA,NA,NA,NA,NA,NA,NA,NA,NA,NA,NA,NA,NA,NA,64,8,NA,NA,"",NA,NA,NA,"","",64,8,72,NA,NA,NA,NA,NA,NA,NA,NA,NA,NA,2,"MR. MARITZA CAMPOS DIAZ","CORTO",NA,"No","Punto movil",NA,NA,NA,NA,NA,NA,NA,NA,NA,NA,NA,NA,NA,NA,"Complete","-16.342106","-71.626451","-16.345137","-71.626678"
"869",872,NA,"2024-09-01 13:38:19","20","Lomas 71",12,2012,2024-08-31,2,"","",NA,"","",2,2,NA,NA,NA,NA,NA,NA,"",NA,NA,NA,NA,NA,NA,NA,"",NA,NA,NA,NA,NA,NA,NA,NA,NA,NA,NA,NA,NA,NA,NA,82,4,NA,NA,"",NA,NA,NA,"","",82,4,86,NA,NA,NA,NA,NA,NA,NA,NA,NA,NA,2,"MR. MARITZA CAMPOS DIAZ","CORTO",NA,"No","Punto movil",NA,NA,NA,NA,NA,NA,NA,NA,NA,NA,NA,NA,NA,NA,"Complete","-16.355347","-71.628613","",""
"870",873,NA,"2024-09-01 13:40:16","20","Sector 7",13,2013,2024-08-31,2,"","",NA,"","",2,2,NA,NA,NA,NA,NA,NA,"",NA,NA,NA,NA,NA,NA,NA,"",NA,NA,NA,NA,NA,NA,NA,NA,NA,NA,NA,NA,NA,NA,NA,84,8,NA,NA,"",NA,NA,NA,"","",84,8,92,NA,NA,NA,NA,NA,NA,NA,NA,NA,NA,2,"MR. MARITZA CAMPOS DIAZ","CORTO",NA,"No","Punto movil",NA,NA,NA,NA,NA,NA,NA,NA,NA,NA,NA,NA,NA,NA,"Complete","-16.341845","-71.609835","",""
"871",874,NA,"2024-09-01 13:41:26","20","JLBR 9",14,2014,2024-08-31,2,"","",NA,"","",2,2,NA,NA,NA,NA,NA,NA,"",NA,NA,NA,NA,NA,NA,NA,"",NA,NA,NA,NA,NA,NA,NA,NA,NA,NA,NA,NA,NA,NA,NA,100,0,NA,NA,"",NA,NA,NA,"","",100,0,100,NA,NA,NA,NA,NA,NA,NA,NA,NA,NA,2,"MR. MARITZA CAMPOS DIAZ","CORTO",NA,"No","Punto movil",NA,NA,NA,NA,NA,NA,NA,NA,NA,NA,NA,NA,NA,NA,"Complete","-16.344819","-71.610157","",""
"872",875,NA,"2024-09-01 13:42:53","20","JLBR ",15,2015,2024-08-31,2,"","",NA,"","",2,2,NA,NA,NA,NA,NA,NA,"",NA,NA,NA,NA,NA,NA,NA,"",NA,NA,NA,NA,NA,NA,NA,NA,NA,NA,NA,NA,NA,NA,NA,120,3,NA,NA,"",NA,NA,NA,"","",120,3,123,NA,NA,NA,NA,NA,NA,NA,NA,NA,NA,2,"MR. MARITZA CAMPOS DIAZ","CORTO",NA,"No","Punto movil",NA,NA,NA,NA,NA,NA,NA,NA,NA,NA,NA,NA,NA,NA,"Complete","-16.342551","-71.616082","-16,347545","-71,617695"
"873",876,NA,"2024-09-01 13:43:58","20","Sector 10",18,2018,2024-08-31,2,"","",NA,"","",2,2,NA,NA,NA,NA,NA,NA,"",NA,NA,NA,NA,NA,NA,NA,"",NA,NA,NA,NA,NA,NA,NA,NA,NA,NA,NA,NA,NA,NA,NA,90,10,NA,NA,"",NA,NA,NA,"","",90,10,100,NA,NA,NA,NA,NA,NA,NA,NA,NA,NA,2,"MR. MARITZA CAMPOS DIAZ","CORTO",NA,"No","Punto movil",NA,NA,NA,NA,NA,NA,NA,NA,NA,NA,NA,NA,NA,NA,"Complete","-16.343637","-71.605674","-16.345462","-71.606450"
"874",877,NA,"2024-09-01 13:48:32","10","",1,101,2024-08-31,1,"08:14","08:38",2,"","08:58",NA,3,NA,1,NA,NA,NA,NA,"",NA,NA,NA,NA,NA,NA,NA,"",NA,NA,NA,NA,NA,NA,NA,NA,NA,NA,NA,NA,NA,NA,NA,NA,NA,1,1,"",67,9,76,"13:30","No nos dieron mandilon",67,9,76,NA,NA,NA,NA,NA,NA,NA,NA,NA,NA,2,"MR. ALTO SELVA ALEGRE","DETALLADO","2. Camioneta/Auto",NA,"Puerta Puerta","Urbano",NA,NA,NA,NA,NA,NA,NA,NA,NA,NA,NA,"1. Mapa con zona delimitada","Tocar puerta por puerta","Complete","-16.379509","-71.529328","-16,376934","-71,530256"
"875",878,NA,"2024-09-01 13:50:37","10","Heroes del cenepa",2,102,2024-08-31,1,"08:15","08:37",2,"","08:45",NA,3,NA,1,NA,NA,NA,NA,"",NA,NA,NA,NA,NA,NA,NA,"",NA,NA,NA,NA,NA,NA,NA,NA,NA,NA,NA,NA,NA,NA,NA,NA,NA,1,1,"",39,10,49,"13:45","",39,10,49,NA,NA,NA,NA,NA,NA,NA,NA,NA,NA,2,"MR. ALTO SELVA ALEGRE","DETALLADO","2. Camioneta/Auto",NA,"Puerta Puerta","Urbano",NA,NA,NA,NA,NA,NA,NA,NA,NA,NA,NA,"1. Mapa con zona delimitada","Tocar puerta por puerta","Complete","-16.377263","-71.526886","",""
"876",879,NA,"2024-09-01 13:53:29","10","Juan velasco alvarado",3,103,2024-08-31,1,"08:16","08:43",2,"","08:50",NA,3,NA,1,NA,NA,NA,NA,"",NA,NA,NA,NA,NA,NA,NA,"",NA,NA,NA,NA,NA,NA,NA,NA,NA,NA,NA,NA,NA,NA,NA,NA,NA,4,1,"",56,9,65,"13:45","No repartieron refrigerio",56,9,65,NA,NA,NA,NA,NA,NA,NA,NA,NA,NA,2,"MR. ALTO SELVA ALEGRE","DETALLADO","2. Camioneta/Auto",NA,"Puerta Puerta","Urbano",NA,NA,NA,NA,NA,NA,NA,NA,NA,NA,NA,"4. Mapa digital","Tocar puerta por puerta","Complete","-16.375682","-71.524519","-16,374382","-71,523677"
"877",880,NA,"2024-09-01 13:56:20","10","",4,104,2024-08-31,1,"08:14","08:35",4,"","08:50",NA,3,NA,1,NA,NA,NA,NA,"",NA,NA,NA,NA,NA,NA,NA,"",NA,NA,NA,NA,NA,NA,NA,NA,NA,NA,NA,NA,NA,NA,NA,NA,NA,4,1,"",54,2,56,"13:35","falto mandilones, mascarilla y refrigerio",54,2,56,NA,NA,NA,NA,NA,NA,NA,NA,NA,NA,2,"MR. ALTO SELVA ALEGRE","DETALLADO","4. Caminando",NA,"Puerta Puerta","Urbano",NA,NA,NA,NA,NA,NA,NA,NA,NA,NA,NA,"4. Mapa digital","Tocar puerta por puerta","Complete","-16.377757","-71.522604","-16,377158","-71,522249"
"878",881,NA,"2024-09-01 13:58:02","10","",5,105,2024-08-31,1,"08:14","08:37",4,"","08:55",NA,3,NA,1,NA,NA,NA,NA,"",NA,NA,NA,NA,NA,NA,NA,"",NA,NA,NA,NA,NA,NA,NA,NA,NA,NA,NA,NA,NA,NA,NA,NA,NA,4,1,"",64,2,66,"14:00","",64,2,66,NA,NA,NA,NA,NA,NA,NA,NA,NA,NA,2,"MR. ALTO SELVA ALEGRE","DETALLADO","4. Caminando",NA,"Puerta Puerta","Urbano",NA,NA,NA,NA,NA,NA,NA,NA,NA,NA,NA,"4. Mapa digital","Tocar puerta por puerta","Complete","-16.378482","-71.525732","-16,378737","-71,526090"
"879",882,NA,"2024-09-01 13:59:53","10","",6,106,2024-08-31,1,"08:14","08:45",4,"","08:56",NA,3,NA,1,NA,NA,NA,NA,"",NA,NA,NA,NA,NA,NA,NA,"",NA,NA,NA,NA,NA,NA,NA,NA,NA,NA,NA,NA,NA,NA,NA,NA,NA,4,1,"",25,5,30,"13:13","",25,5,30,NA,NA,NA,NA,NA,NA,NA,NA,NA,NA,2,"MR. ALTO SELVA ALEGRE","DETALLADO","4. Caminando",NA,"Puerta Puerta","Urbano",NA,NA,NA,NA,NA,NA,NA,NA,NA,NA,NA,"4. Mapa digital","Tocar puerta por puerta","Complete","-16.381407","-71.522707","-16,380619","-71,522982"
"880",883,NA,"2024-09-01 14:01:33","10","",7,107,2024-08-31,1,"08:16","08:50",4,"","08:50",NA,3,NA,1,NA,NA,NA,NA,"",NA,NA,NA,NA,NA,NA,NA,"",NA,NA,NA,NA,NA,NA,NA,NA,NA,NA,NA,NA,NA,NA,NA,NA,NA,4,1,"",53,0,53,"13:35","",53,0,53,NA,NA,NA,NA,NA,NA,NA,NA,NA,NA,2,"MR. ALTO SELVA ALEGRE","DETALLADO","4. Caminando",NA,"Puerta Puerta","Urbano",NA,NA,NA,NA,NA,NA,NA,NA,NA,NA,NA,"4. Mapa digital","Tocar puerta por puerta","Complete","-16.381078","-71.518692","",""
"881",884,NA,"2024-09-01 14:03:40","10","Ovalo el rocoto",8,108,2024-08-31,1,"08:15","08:30",4,"","08:57",NA,3,NA,1,NA,NA,NA,NA,"",NA,NA,NA,NA,NA,NA,NA,"",NA,NA,NA,NA,NA,NA,NA,NA,NA,NA,NA,NA,NA,NA,NA,NA,NA,1,1,"",33,18,51,"13:40","",33,18,51,NA,NA,NA,NA,NA,NA,NA,NA,NA,NA,2,"MR. ALTO SELVA ALEGRE","DETALLADO","4. Caminando",NA,"Puerta Puerta","Urbano",NA,NA,NA,NA,NA,NA,NA,NA,NA,NA,NA,"1. Mapa con zona delimitada","Tocar puerta por puerta","Complete","-16.381873","-71.523906","-16,383706","-71,523722"
"882",885,NA,"2024-09-01 14:05:18","10","",9,109,2024-08-31,1,"08:14","08:34",4,"","08:44",NA,3,NA,1,NA,NA,NA,NA,"",NA,NA,NA,NA,NA,NA,NA,"",NA,NA,NA,NA,NA,NA,NA,NA,NA,NA,NA,NA,NA,NA,NA,NA,NA,1,1,"",25,1,26,"13:30","",25,1,26,NA,NA,NA,NA,NA,NA,NA,NA,NA,NA,2,"MR. ALTO SELVA ALEGRE","DETALLADO","4. Caminando",NA,"Puerta Puerta","Urbano",NA,NA,NA,NA,NA,NA,NA,NA,NA,NA,NA,"1. Mapa con zona delimitada","Tocar puerta por puerta","Complete","-16.380005","-71.518472","-16,381243","-71,521450"
"883",886,NA,"2024-09-01 14:06:54","10","Graficos",10,1010,2024-08-31,1,"08:14","08:45",4,"","09:00",NA,3,NA,1,NA,NA,NA,NA,"",NA,NA,NA,NA,NA,NA,NA,"",NA,NA,NA,NA,NA,NA,NA,NA,NA,NA,NA,NA,NA,NA,NA,NA,NA,1,1,"",49,10,59,"13:42","",49,10,59,NA,NA,NA,NA,NA,NA,NA,NA,NA,NA,2,"MR. ALTO SELVA ALEGRE","DETALLADO","4. Caminando",NA,"Puerta Puerta","Urbano",NA,NA,NA,NA,NA,NA,NA,NA,NA,NA,NA,"1. Mapa con zona delimitada","Tocar puerta por puerta","Complete","-16.383696","-71.521496","",""
"884",887,NA,"2024-09-01 14:09:49","10","C.S. ASA",11,1011,2024-08-31,2,"","",NA,"","",2,2,NA,NA,NA,NA,NA,NA,"",NA,NA,NA,NA,NA,NA,NA,"",NA,NA,NA,NA,NA,NA,NA,NA,NA,NA,NA,NA,NA,NA,NA,5,0,NA,NA,"",NA,NA,NA,"","",5,0,5,NA,NA,NA,NA,NA,NA,NA,NA,NA,NA,2,"MR. ALTO SELVA ALEGRE","CORTO",NA,"No","Punto movil",NA,NA,NA,NA,NA,NA,NA,NA,NA,NA,NA,NA,NA,NA,"Complete","-16.381071","-71.518851","",""
"885",888,NA,"2024-09-01 15:15:22","16","Guardia civil urb. colonial",1,161,2024-09-01,1,"08:37","08:46",1,"","08:50",NA,3,80,1,NA,NA,NA,NA,"",NA,NA,NA,NA,NA,NA,NA,"",NA,NA,NA,NA,NA,NA,NA,NA,NA,NA,NA,NA,NA,NA,NA,NA,NA,3,1,"",48,2,50,"12:47","",48,2,50,NA,NA,NA,NA,NA,NA,NA,NA,NA,NA,2,"MR. AMPLIAC. PAUCARPATA","DETALLADO","1, Bus",NA,"Puerta Puerta","Urbano",NA,NA,NA,NA,NA,NA,NA,NA,NA,NA,NA,"3. indicacion verbal (reportar en whats app)","Tocar puerta por puerta","Complete","-16.426586","-71.510140","-16.424160","-71.511406"
"886",889,NA,"2024-09-01 15:18:51","16","Guardia civil II etapa",2,162,2024-09-01,1,"08:36","08:43",2,"","08:53",NA,3,30,1,NA,NA,NA,NA,"",NA,NA,NA,NA,NA,NA,NA,"",NA,NA,NA,NA,NA,NA,NA,NA,NA,NA,NA,NA,NA,NA,NA,NA,NA,1,2,"",54,1,55,"12:46","",54,1,55,NA,NA,NA,NA,NA,NA,NA,NA,NA,NA,2,"MR. AMPLIAC. PAUCARPATA","DETALLADO","2. Camioneta/Auto",NA,"Puerta Puerta","Urbano",NA,NA,NA,NA,NA,NA,NA,NA,NA,NA,NA,"1. Mapa con zona delimitada","Caminar cuadra en cuadra","Complete","-16.423436","-71.513236","-16.421658","-71.516254"
"887",890,NA,"2024-09-01 15:24:28","16","Guardia civil etapa III",3,163,2024-09-01,1,"08:40","08:44",2,"","08:49",NA,3,56,1,NA,NA,NA,NA,"",NA,NA,NA,NA,NA,NA,NA,"",NA,NA,NA,NA,NA,NA,NA,NA,NA,NA,NA,NA,NA,NA,NA,NA,NA,3,2,"",31,9,40,"12:44","Se apersono un señor aparentemente de venezuela aquejando que no tenia porque grabarlo que para una próxima que le digan algo va a reaccionar y no hablar",31,9,40,NA,NA,NA,NA,NA,NA,NA,NA,NA,NA,2,"MR. AMPLIAC. PAUCARPATA","DETALLADO","2. Camioneta/Auto",NA,"Puerta Puerta","Urbano",NA,NA,NA,NA,NA,NA,NA,NA,NA,NA,NA,"3. indicacion verbal (reportar en whats app)","Caminar cuadra en cuadra","Complete","-16.422551","-71.509692","-16.423528"," "
"888",891,NA,"2024-09-01 15:30:34","16","Guardia civil 4",4,164,2024-09-01,1,"08:40","08:44",2,"","09:00",NA,3,33,1,NA,NA,NA,NA,"",NA,NA,NA,NA,NA,NA,NA,"",NA,NA,NA,NA,NA,NA,NA,NA,NA,NA,NA,NA,NA,NA,NA,NA,NA,3,2,"",26,4,30,"12:50","Fuimos amenazados por un pseudoveterinario no queriendo identificarse y se acerca prepotente con palabras obsenas",26,4,30,NA,NA,NA,NA,NA,NA,NA,NA,NA,NA,2,"MR. AMPLIAC. PAUCARPATA","DETALLADO","2. Camioneta/Auto",NA,"Puerta Puerta","Urbano",NA,NA,NA,NA,NA,NA,NA,NA,NA,NA,NA,"3. indicacion verbal (reportar en whats app)","Caminar cuadra en cuadra","Complete","-16.424851","-71.510714","-16.424125","-71.511392"
"889",892,NA,"2024-09-01 15:34:58","16","Alamos y terrazas",5,165,2024-09-01,1,"08:43","09:05",1,"","09:12",NA,3,29,1,NA,NA,NA,NA,"",NA,NA,NA,NA,NA,NA,NA,"",NA,NA,NA,NA,NA,NA,NA,NA,NA,NA,NA,NA,NA,NA,NA,NA,NA,3,1,"",27,2,29,"13:00","",27,2,29,NA,NA,NA,NA,NA,NA,NA,NA,NA,NA,2,"MR. AMPLIAC. PAUCARPATA","DETALLADO","1, Bus",NA,"Puerta Puerta","Urbano",NA,NA,NA,NA,NA,NA,NA,NA,NA,NA,NA,"3. indicacion verbal (reportar en whats app)","Tocar puerta por puerta","Complete","-16.426384","-71.511198","-16.426613","-71.512273"
"890",893,NA,"2024-09-01 15:41:10","16","Cajonal",6,166,2024-09-01,1,"08:40","09:10",1,"","09:22",NA,3,78,1,NA,NA,NA,NA,"",NA,NA,NA,NA,NA,NA,NA,"",NA,NA,NA,NA,NA,NA,NA,NA,NA,NA,NA,NA,NA,NA,NA,NA,NA,3,1,"",17,4,21,"13:02","",17,4,21,NA,NA,NA,NA,NA,NA,NA,NA,NA,NA,2,"MR. AMPLIAC. PAUCARPATA","DETALLADO","1, Bus",NA,"Puerta Puerta","Urbano",NA,NA,NA,NA,NA,NA,NA,NA,NA,NA,NA,"3. indicacion verbal (reportar en whats app)","Tocar puerta por puerta","Complete","-16.426010","-71.513077","",""
"891",894,NA,"2024-09-01 15:43:38","16","Pasaje progreso",7,167,2024-09-01,1,"08:55","09:00",2,"","09:10",NA,3,21,1,NA,NA,NA,NA,"",NA,NA,NA,NA,NA,NA,NA,"",NA,NA,NA,NA,NA,NA,NA,NA,NA,NA,NA,NA,NA,NA,NA,NA,NA,2,2,"",57,9,66,"13:10","",57,9,66,NA,NA,NA,NA,NA,NA,NA,NA,NA,NA,2,"MR. AMPLIAC. PAUCARPATA","DETALLADO","2. Camioneta/Auto",NA,"Puerta Puerta","Urbano",NA,NA,NA,NA,NA,NA,NA,NA,NA,NA,NA,"2. Mapa con recorrido de inicio a fin","Caminar cuadra en cuadra","Complete","-16.432884","-71.504344","-16.433072","-71.510048"
"892",895,NA,"2024-09-01 15:46:22","16","Urb. las Marias",8,168,2024-09-01,1,"08:00","08:30",2,"","09:00",NA,3,28,1,NA,NA,NA,NA,"",NA,NA,NA,NA,NA,NA,NA,"",NA,NA,NA,NA,NA,NA,NA,NA,NA,NA,NA,NA,NA,NA,NA,NA,NA,1,2,"",17,3,20,"13:00","",17,3,20,NA,NA,NA,NA,NA,NA,NA,NA,NA,NA,2,"MR. AMPLIAC. PAUCARPATA","DETALLADO","2. Camioneta/Auto",NA,"Puerta Puerta","Urbano",NA,NA,NA,NA,NA,NA,NA,NA,NA,NA,NA,"1. Mapa con zona delimitada","Caminar cuadra en cuadra","Complete","-16.425473","-71.507531","-16.426554","-71.508365"
"893",896,NA,"2024-09-01 15:48:37","16","Continental San Agustin",9,169,2024-09-01,1,"08:39","09:00",2,"","09:15",NA,3,54,1,NA,NA,NA,NA,"",NA,NA,NA,NA,NA,NA,NA,"",NA,NA,NA,NA,NA,NA,NA,NA,NA,NA,NA,NA,NA,NA,NA,NA,NA,3,1,"",19,4,23,"12:57","",19,4,23,NA,NA,NA,NA,NA,NA,NA,NA,NA,NA,2,"MR. AMPLIAC. PAUCARPATA","DETALLADO","2. Camioneta/Auto",NA,"Puerta Puerta","Urbano",NA,NA,NA,NA,NA,NA,NA,NA,NA,NA,NA,"3. indicacion verbal (reportar en whats app)","Tocar puerta por puerta","Complete","-16.429686","-71.512672","-16.427183","-71.514071"
"894",897,NA,"2024-09-01 15:50:20","16","Colon con sabandia",10,1610,2024-09-01,1,"08:30","09:00",2,"","09:10",NA,3,79,1,NA,NA,NA,NA,"",NA,NA,NA,NA,NA,NA,NA,"",NA,NA,NA,NA,NA,NA,NA,NA,NA,NA,NA,NA,NA,NA,NA,NA,NA,3,2,"",37,5,42,"12:45","",37,5,42,NA,NA,NA,NA,NA,NA,NA,NA,NA,NA,2,"MR. AMPLIAC. PAUCARPATA","DETALLADO","2. Camioneta/Auto",NA,"Puerta Puerta","Urbano",NA,NA,NA,NA,NA,NA,NA,NA,NA,NA,NA,"3. indicacion verbal (reportar en whats app)","Caminar cuadra en cuadra","Complete","-16.442110","-71.504158","-16.435458","-71.507904"
"895",898,NA,"2024-09-01 15:52:22","16","Calle 28 de julio",11,1611,2024-09-01,1,"08:36","08:45",2,"","08:50",NA,3,25,1,NA,NA,NA,NA,"",NA,NA,NA,NA,NA,NA,NA,"",NA,NA,NA,NA,NA,NA,NA,NA,NA,NA,NA,NA,NA,NA,NA,NA,NA,3,1,"",79,1,80,"12:30","",79,1,80,NA,NA,NA,NA,NA,NA,NA,NA,NA,NA,2,"MR. AMPLIAC. PAUCARPATA","DETALLADO","2. Camioneta/Auto",NA,"Puerta Puerta","Urbano",NA,NA,NA,NA,NA,NA,NA,NA,NA,NA,NA,"3. indicacion verbal (reportar en whats app)","Tocar puerta por puerta","Complete","-16.438849","-71.495369","",""
"896",899,NA,"2024-09-01 15:55:27","10","",1,101,2024-09-01,1,"08:26","08:30",2,"","08:40",NA,3,61,2,NA,NA,NA,NA,"",NA,NA,NA,NA,NA,NA,NA,"",NA,NA,NA,NA,NA,NA,NA,NA,NA,NA,NA,NA,NA,NA,NA,NA,NA,3,1,"",85,5,90,"13:00","",85,5,90,NA,NA,NA,NA,NA,NA,NA,NA,NA,NA,2,"MR. ALTO SELVA ALEGRE","DETALLADO","2. Camioneta/Auto",NA,"Puerta Puerta","Periurbano",NA,NA,NA,NA,NA,NA,NA,NA,NA,NA,NA,"3. indicacion verbal (reportar en whats app)","Tocar puerta por puerta","Complete","-16.364588","-71.504478","",""
"897",900,NA,"2024-09-01 15:57:22","10","Av. Lima",2,102,2024-09-01,1,"08:31","08:45",4,"","08:58",NA,3,66,1,NA,NA,NA,NA,"",NA,NA,NA,NA,NA,NA,NA,"",NA,NA,NA,NA,NA,NA,NA,NA,NA,NA,NA,NA,NA,NA,NA,NA,NA,1,1,"",36,3,39,"13:15","Megáfono en mal estado",36,3,39,NA,NA,NA,NA,NA,NA,NA,NA,NA,NA,2,"MR. ALTO SELVA ALEGRE","DETALLADO","4. Caminando",NA,"Puerta Puerta","Urbano",NA,NA,NA,NA,NA,NA,NA,NA,NA,NA,NA,"1. Mapa con zona delimitada","Tocar puerta por puerta","Complete","-16.375590","-71.509968","",""
"898",901,NA,"2024-09-01 15:59:11","10","Cementerio bella esperanza",3,103,2024-09-01,1,"08:30","08:35",2,"","08:50",NA,3,75,1,NA,NA,NA,NA,"",NA,NA,NA,NA,NA,NA,NA,"",NA,NA,NA,NA,NA,NA,NA,NA,NA,NA,NA,NA,NA,NA,NA,NA,NA,3,1,"",42,6,48,"13:00","",42,6,48,NA,NA,NA,NA,NA,NA,NA,NA,NA,NA,2,"MR. ALTO SELVA ALEGRE","DETALLADO","2. Camioneta/Auto",NA,"Puerta Puerta","Urbano",NA,NA,NA,NA,NA,NA,NA,NA,NA,NA,NA,"3. indicacion verbal (reportar en whats app)","Tocar puerta por puerta","Complete","-16.363365","-71.498107","",""
"899",902,NA,"2024-09-01 16:00:44","10","",4,104,2024-09-01,1,"08:24","08:32",2,"","08:39",NA,3,60,1,NA,NA,NA,NA,"",NA,NA,NA,NA,NA,NA,NA,"",NA,NA,NA,NA,NA,NA,NA,NA,NA,NA,NA,NA,NA,NA,NA,NA,NA,3,1,"",77,22,99,"13:00","",77,22,99,NA,NA,NA,NA,NA,NA,NA,NA,NA,NA,2,"MR. ALTO SELVA ALEGRE","DETALLADO","2. Camioneta/Auto",NA,"Puerta Puerta","Urbano",NA,NA,NA,NA,NA,NA,NA,NA,NA,NA,NA,"3. indicacion verbal (reportar en whats app)","Tocar puerta por puerta","Complete","-16.365728","-71.501794","",""
"900",903,NA,"2024-09-01 16:02:22","10","Calle agamos",5,105,2024-09-01,1,"08:25","08:44",4,"","08:44",NA,3,63,1,NA,NA,NA,NA,"",NA,NA,NA,NA,NA,NA,NA,"",NA,NA,NA,NA,NA,NA,NA,NA,NA,NA,NA,NA,NA,NA,NA,NA,NA,3,1,"",48,8,56,"13:00","",48,8,56,NA,NA,NA,NA,NA,NA,NA,NA,NA,NA,2,"MR. ALTO SELVA ALEGRE","DETALLADO","4. Caminando",NA,"Puerta Puerta","Urbano",NA,NA,NA,NA,NA,NA,NA,NA,NA,NA,NA,"3. indicacion verbal (reportar en whats app)","Tocar puerta por puerta","Complete","-16.370835","-71.507806","",""
"901",904,NA,"2024-09-01 16:03:59","10","San Luis",6,106,2024-09-01,1,"08:22","08:42",4,"","08:50",NA,3,46,1,NA,NA,NA,NA,"",NA,NA,NA,NA,NA,NA,NA,"",NA,NA,NA,NA,NA,NA,NA,NA,NA,NA,NA,NA,NA,NA,NA,NA,NA,1,1,"",74,8,82,"13:14","",74,8,82,NA,NA,NA,NA,NA,NA,NA,NA,NA,NA,2,"MR. ALTO SELVA ALEGRE","DETALLADO","4. Caminando",NA,"Puerta Puerta","Urbano",NA,NA,NA,NA,NA,NA,NA,NA,NA,NA,NA,"1. Mapa con zona delimitada","Tocar puerta por puerta","Complete","-16.371099","-71.507612","",""
"902",905,NA,"2024-09-01 16:05:37","10","Villa union",7,107,2024-09-01,1,"08:20","08:49",2,"","08:53",NA,3,62,1,NA,NA,NA,NA,"",NA,NA,NA,NA,NA,NA,NA,"",NA,NA,NA,NA,NA,NA,NA,NA,NA,NA,NA,NA,NA,NA,NA,NA,NA,3,1,"",85,11,96,"13:39","",85,11,96,NA,NA,NA,NA,NA,NA,NA,NA,NA,NA,2,"MR. ALTO SELVA ALEGRE","DETALLADO","2. Camioneta/Auto",NA,"Puerta Puerta","Urbano",NA,NA,NA,NA,NA,NA,NA,NA,NA,NA,NA,"3. indicacion verbal (reportar en whats app)","Tocar puerta por puerta","Complete","-16.368137","-71.504922","",""
"903",906,NA,"2024-09-01 16:07:06","10","",8,108,2024-09-01,1,"08:23","08:50",4,"","09:00",NA,3,14,1,NA,NA,NA,NA,"",NA,NA,NA,NA,NA,NA,NA,"",NA,NA,NA,NA,NA,NA,NA,NA,NA,NA,NA,NA,NA,NA,NA,NA,NA,1,1,"",65,6,71,"13:20","",65,6,71,NA,NA,NA,NA,NA,NA,NA,NA,NA,NA,2,"MR. ALTO SELVA ALEGRE","DETALLADO","4. Caminando",NA,"Puerta Puerta","Urbano",NA,NA,NA,NA,NA,NA,NA,NA,NA,NA,NA,"1. Mapa con zona delimitada","Tocar puerta por puerta","Complete","-16.373219","-71.511747","",""
"904",907,NA,"2024-09-01 16:08:35","10","",9,109,2024-09-01,1,"08:22","08:45",2,"","08:55",NA,3,65,2,NA,NA,NA,NA,"",NA,NA,NA,NA,NA,NA,NA,"",NA,NA,NA,NA,NA,NA,NA,NA,NA,NA,NA,NA,NA,NA,NA,NA,NA,2,2,"",44,6,50,"13:04","",44,6,50,NA,NA,NA,NA,NA,NA,NA,NA,NA,NA,2,"MR. ALTO SELVA ALEGRE","DETALLADO","2. Camioneta/Auto",NA,"Puerta Puerta","Periurbano",NA,NA,NA,NA,NA,NA,NA,NA,NA,NA,NA,"2. Mapa con recorrido de inicio a fin","Caminar cuadra en cuadra","Complete","-16.370548","-71.507934","-16.367439","-71.505583"
"905",908,NA,"2024-09-01 16:12:32","10","Los portales",10,1010,2024-09-01,1,"08:26","08:31",2,"","08:45",NA,3,51,2,NA,NA,NA,NA,"",NA,NA,NA,NA,NA,NA,NA,"",NA,NA,NA,NA,NA,NA,NA,NA,NA,NA,NA,NA,NA,NA,NA,NA,NA,2,1,"",71,10,81,"13:38","El inspector nos mando mucho mas arriba de nuestra zona con un señor",71,10,81,NA,NA,NA,NA,NA,NA,NA,NA,NA,NA,2,"MR. ALTO SELVA ALEGRE","DETALLADO","2. Camioneta/Auto",NA,"Puerta Puerta","Periurbano",NA,NA,NA,NA,NA,NA,NA,NA,NA,NA,NA,"2. Mapa con recorrido de inicio a fin","Tocar puerta por puerta","Complete","-16.366614","-71.506598","",""
"906",909,NA,"2024-09-01 16:14:00","10","",11,1011,2024-09-01,1,"09:26","09:28",4,"","09:29",NA,3,16,1,NA,NA,NA,NA,"",NA,NA,NA,NA,NA,NA,NA,"",NA,NA,NA,NA,NA,NA,NA,NA,NA,NA,NA,NA,NA,NA,NA,NA,NA,1,1,"",73,3,76,"13:57","",73,3,76,NA,NA,NA,NA,NA,NA,NA,NA,NA,NA,2,"MR. ALTO SELVA ALEGRE","DETALLADO","4. Caminando",NA,"Puerta Puerta","Urbano",NA,NA,NA,NA,NA,NA,NA,NA,NA,NA,NA,"1. Mapa con zona delimitada","Tocar puerta por puerta","Complete","-16.374215","-71.510526","",""
"907",910,NA,"2024-09-01 16:14:58","10","Amp. villa ecologica",12,1012,2024-09-01,2,"","",NA,"","",2,2,NA,NA,NA,NA,NA,NA,"",NA,NA,NA,NA,NA,NA,NA,"",NA,NA,NA,NA,NA,NA,NA,NA,NA,NA,NA,NA,NA,NA,NA,140,0,NA,NA,"",NA,NA,NA,"","",140,0,140,NA,NA,NA,NA,NA,NA,NA,NA,NA,NA,2,"MR. ALTO SELVA ALEGRE","CORTO",NA,"No","Punto movil",NA,NA,NA,NA,NA,NA,NA,NA,NA,NA,NA,NA,NA,NA,"Complete","-16.354239","-71.523025","",""
"908",911,NA,"2024-09-01 16:19:26","20","JLBR 5",1,201,2024-09-01,2,"","",NA,"","",2,2,NA,NA,NA,NA,NA,NA,"",NA,NA,NA,NA,NA,NA,NA,"",NA,NA,NA,NA,NA,NA,NA,NA,NA,NA,NA,NA,NA,NA,NA,130,0,NA,NA,"",NA,NA,NA,"","",130,0,130,NA,NA,NA,NA,NA,NA,NA,NA,NA,NA,2,"MR. MARITZA CAMPOS DIAZ","CORTO",NA,"No","Punto movil",NA,NA,NA,NA,NA,NA,NA,NA,NA,NA,NA,NA,NA,NA,"Complete","-16.335902","-71.602501","",""
"909",912,NA,"2024-09-01 16:19:44","20","APIPA 14-18 Lomas",9,209,2024-09-01,2,"","",NA,"","",2,2,NA,NA,NA,NA,NA,NA,"",NA,NA,NA,NA,NA,NA,NA,"",NA,NA,NA,NA,NA,NA,NA,NA,NA,NA,NA,NA,NA,NA,NA,106,4,NA,NA,"",NA,NA,NA,"","",106,4,110,NA,NA,NA,NA,NA,NA,NA,NA,NA,NA,2,"MR. MARITZA CAMPOS DIAZ","CORTO",NA,"No","Punto movil",NA,NA,NA,NA,NA,NA,NA,NA,NA,NA,NA,NA,NA,NA,"Complete","-16.344132","-71.618055","",""
"910",913,NA,"2024-09-01 16:20:46","20","Apipa 3",3,203,2024-09-01,1,"07:52","08:20",1,"","08:55",NA,2,50,NA,NA,NA,NA,NA,"",NA,NA,NA,NA,NA,NA,NA,"",NA,NA,NA,NA,NA,NA,NA,NA,NA,NA,NA,NA,NA,2,2,82,0,NA,NA,"",NA,NA,NA,"12:11","",82,0,82,NA,NA,NA,NA,NA,NA,NA,NA,NA,NA,2,"MR. MARITZA CAMPOS DIAZ","DETALLADO","1, Bus",NA,"Punto movil",NA,NA,NA,NA,NA,NA,NA,NA,NA,NA,"Mapa con recorrido de inicio a fin","NO",NA,NA,"Complete","-16.329956","-71.606080","-16.330408","-71.608803"
"911",914,NA,"2024-09-01 16:21:25","20","APIPA 15-17",10,2010,2024-09-01,1,"08:00","08:30",1,"","09:00",NA,2,67,NA,NA,NA,NA,NA,"",NA,NA,NA,NA,NA,NA,NA,"",NA,NA,NA,NA,NA,NA,NA,NA,NA,NA,NA,NA,NA,1,2,59,19,NA,NA,"",NA,NA,NA,"12:20","",59,19,78,NA,NA,NA,NA,NA,NA,NA,NA,NA,NA,2,"MR. MARITZA CAMPOS DIAZ","DETALLADO","1, Bus",NA,"Punto movil",NA,NA,NA,NA,NA,NA,NA,NA,NA,NA,"Mapa con zona delimitada","NO",NA,NA,"Complete","-16.343150","-71.624845","-16.346015","-71.627258"
"912",915,NA,"2024-09-01 16:21:37","20","Apipa 4",4,204,2024-09-01,2,"","",NA,"","",2,2,NA,NA,NA,NA,NA,NA,"",NA,NA,NA,NA,NA,NA,NA,"",NA,NA,NA,NA,NA,NA,NA,NA,NA,NA,NA,NA,NA,NA,NA,165,15,NA,NA,"",NA,NA,NA,"","",165,15,180,NA,NA,NA,NA,NA,NA,NA,NA,NA,NA,2,"MR. MARITZA CAMPOS DIAZ","CORTO",NA,"No","Punto movil",NA,NA,NA,NA,NA,NA,NA,NA,NA,NA,NA,NA,NA,NA,"Complete","-16.327801","-71.615777","-16.329598","-71.616050"
"913",916,NA,"2024-09-01 16:22:29","20","APIPA 16",11,2011,2024-09-01,2,"","",NA,"","",NA,2,NA,NA,NA,NA,NA,NA,"",NA,NA,NA,NA,NA,NA,NA,"",NA,NA,NA,NA,NA,NA,NA,NA,NA,NA,NA,NA,NA,NA,NA,44,6,NA,NA,"",NA,NA,NA,"","nada solo un descarte de dosis",44,6,50,NA,NA,NA,NA,NA,NA,NA,NA,NA,NA,2,"MR. MARITZA CAMPOS DIAZ","CORTO",NA,NA,"Punto movil",NA,NA,NA,NA,NA,NA,NA,NA,NA,NA,NA,NA,NA,NA,"Complete","-16.346507","-71.630225","",""
"914",917,NA,"2024-09-01 16:22:34","20","Apipa 5-6-7",5,205,2024-09-01,2,"","",NA,"","",2,2,NA,NA,NA,NA,NA,NA,"",NA,NA,NA,NA,NA,NA,NA,"",NA,NA,NA,NA,NA,NA,NA,NA,NA,NA,NA,NA,NA,NA,NA,92,0,NA,NA,"",NA,NA,NA,"","",92,0,92,NA,NA,NA,NA,NA,NA,NA,NA,NA,NA,2,"MR. MARITZA CAMPOS DIAZ","CORTO",NA,"No","Punto movil",NA,NA,NA,NA,NA,NA,NA,NA,NA,NA,NA,NA,NA,NA,"Complete","-16.335902","-71.602501","",""
"915",918,NA,"2024-09-01 16:23:16","20","sector 7",13,2013,2024-09-01,2,"","",NA,"","",2,2,NA,NA,NA,NA,NA,NA,"",NA,NA,NA,NA,NA,NA,NA,"",NA,NA,NA,NA,NA,NA,NA,NA,NA,NA,NA,NA,NA,NA,NA,90,14,NA,NA,"",NA,NA,NA,"","",90,14,104,NA,NA,NA,NA,NA,NA,NA,NA,NA,NA,2,"MR. MARITZA CAMPOS DIAZ","CORTO",NA,"No","Punto movil",NA,NA,NA,NA,NA,NA,NA,NA,NA,NA,NA,NA,NA,NA,"Complete","-16.340242","-71.614617","",""
"916",919,NA,"2024-09-01 16:23:26","20","Apipa 9 y 10",6,206,2024-09-01,2,"","",NA,"","",2,2,NA,NA,NA,NA,NA,NA,"",NA,NA,NA,NA,NA,NA,NA,"",NA,NA,NA,NA,NA,NA,NA,NA,NA,NA,NA,NA,NA,NA,NA,100,7,NA,NA,"",NA,NA,NA,"","",100,7,107,NA,NA,NA,NA,NA,NA,NA,NA,NA,NA,2,"MR. MARITZA CAMPOS DIAZ","CORTO",NA,"No","Punto movil",NA,NA,NA,NA,NA,NA,NA,NA,NA,NA,NA,NA,NA,NA,"Complete","-16.329836","-71.612370","",""
"917",920,NA,"2024-09-01 16:24:06","20","JLByR 9",14,2014,2024-09-01,2,"","",NA,"","",2,2,NA,NA,NA,NA,NA,NA,"",NA,NA,NA,NA,NA,NA,NA,"",NA,NA,NA,NA,NA,NA,NA,NA,NA,NA,NA,NA,NA,NA,NA,90,0,NA,NA,"",NA,NA,NA,"","",90,0,90,NA,NA,NA,NA,NA,NA,NA,NA,NA,NA,2,"MR. MARITZA CAMPOS DIAZ","CORTO",NA,"No","Punto movil",NA,NA,NA,NA,NA,NA,NA,NA,NA,NA,NA,NA,NA,NA,"Complete","-16.346828","-71.612515","",""
"918",921,NA,"2024-09-01 16:24:43","20","Apipa 11",7,207,2024-09-01,1,"08:00","08:20",1,"","09:00",NA,2,64,NA,NA,NA,NA,NA,"",NA,NA,NA,NA,NA,NA,NA,"",NA,NA,NA,NA,NA,NA,NA,NA,NA,NA,NA,NA,NA,1,2,100,0,NA,NA,"",NA,NA,NA,"12:15","",100,0,100,NA,NA,NA,NA,NA,NA,NA,NA,NA,NA,2,"MR. MARITZA CAMPOS DIAZ","DETALLADO","1, Bus",NA,"Punto movil",NA,NA,NA,NA,NA,NA,NA,NA,NA,NA,"Mapa con zona delimitada","NO",NA,NA,"Complete","-16.338611","-71.617453","-16.340389","-71.615665"
"919",922,NA,"2024-09-01 16:24:55","20","JLByR 10",18,2018,2024-09-01,2,"","",NA,"","",2,2,NA,NA,NA,NA,NA,NA,"",NA,NA,NA,NA,NA,NA,NA,"",NA,NA,NA,NA,NA,NA,NA,NA,NA,NA,NA,NA,NA,NA,NA,46,10,NA,NA,"",NA,NA,NA,"","",46,10,56,NA,NA,NA,NA,NA,NA,NA,NA,NA,NA,2,"MR. MARITZA CAMPOS DIAZ","CORTO",NA,"No","Punto movil",NA,NA,NA,NA,NA,NA,NA,NA,NA,NA,NA,NA,NA,NA,"Complete","-16.345975","-71.607210","-16.350701","-71.613226"
"920",923,NA,"2024-09-01 16:25:31","20","Apipa",8,208,2024-09-01,2,"","",NA,"","",2,2,NA,NA,NA,NA,NA,NA,"",NA,NA,NA,NA,NA,NA,NA,"",NA,NA,NA,NA,NA,NA,NA,NA,NA,NA,NA,NA,NA,NA,NA,57,8,NA,NA,"",NA,NA,NA,"","",57,8,65,NA,NA,NA,NA,NA,NA,NA,NA,NA,NA,2,"MR. MARITZA CAMPOS DIAZ","CORTO",NA,"No","Punto movil",NA,NA,NA,NA,NA,NA,NA,NA,NA,NA,NA,NA,NA,NA,"Complete","-16.336237","-71.619385","-16.342712","-71.619858"
"921",923,NA,"2024-09-01 16:25:31","20","Apipa",8,208,2024-09-01,2,"","",NA,"","",2,2,NA,NA,NA,NA,NA,NA,"",NA,NA,NA,NA,NA,NA,NA,"",NA,NA,NA,NA,NA,NA,NA,NA,NA,NA,NA,NA,NA,NA,NA,57,8,NA,NA,"",NA,NA,NA,"","",57,8,65,NA,NA,NA,NA,NA,NA,NA,NA,NA,NA,2,"MR. MARITZA CAMPOS DIAZ","CORTO",NA,"No","Punto movil",NA,NA,NA,NA,NA,NA,NA,NA,NA,NA,NA,NA,NA,NA,"Complete","-16.437613","-71.507064","",""
"922",924,NA,"2024-09-06 16:11:47","16","Calle Colon",12,1612,2024-09-01,2,"","",NA,"","",2,2,NA,NA,NA,NA,NA,NA,"",NA,NA,NA,NA,NA,NA,NA,"",NA,NA,NA,NA,NA,NA,NA,NA,NA,NA,NA,NA,NA,NA,NA,12,0,NA,NA,"",NA,NA,NA,"","",12,0,12,NA,NA,NA,NA,NA,NA,NA,NA,NA,NA,2,"MR. AMPLIAC. PAUCARPATA","CORTO",NA,"No","Punto movil",NA,NA,NA,NA,NA,NA,NA,NA,NA,NA,NA,NA,NA,NA,"Complete",NA,NA,NA,NA
"923",925,NA,"2024-09-07 15:34:43","20","VAB Zona C",1,201,2024-09-07,1,"08:30","08:32",2,"","08:38",NA,3,21,1,NA,NA,NA,NA,"",NA,NA,NA,NA,NA,NA,NA,"",NA,NA,NA,NA,NA,NA,NA,NA,NA,NA,NA,NA,NA,NA,NA,NA,NA,1,3,"nada",149,7,156,"13:30","",149,7,156,NA,NA,NA,NA,NA,NA,NA,NA,NA,NA,2,"MR. MARITZA CAMPOS DIAZ","DETALLADO","2. Camioneta/Auto",NA,"Puerta Puerta","Urbano",NA,NA,NA,NA,NA,NA,NA,NA,NA,NA,NA,"1. Mapa con zona delimitada","Otro","Complete","-16.343308","-71.556426","",""
"924",926,NA,"2024-09-07 15:38:22","20","Victor andres belaunde",3,203,2024-09-07,2,"","",NA,"","",2,1,NA,NA,183,0,NA,NA,"",NA,NA,NA,NA,NA,NA,NA,"",NA,NA,NA,NA,NA,NA,NA,NA,NA,NA,NA,NA,NA,NA,NA,NA,NA,NA,NA,"",NA,NA,NA,"","Tarjetas inyectables nos faltaron",183,0,183,NA,NA,NA,NA,NA,NA,NA,NA,NA,NA,2,"MR. MARITZA CAMPOS DIAZ","CORTO",NA,"No","Punto fijo",NA,NA,NA,NA,NA,NA,NA,NA,NA,NA,NA,NA,NA,NA,"Complete","-16.349815","-71.557087","",""
"925",927,NA,"2024-09-07 15:39:32","20","",5,205,2024-09-07,2,"","",NA,"","",2,1,NA,NA,110,0,NA,NA,"",NA,NA,NA,NA,NA,NA,NA,"",NA,NA,NA,NA,NA,NA,NA,NA,NA,NA,NA,NA,NA,NA,NA,NA,NA,NA,NA,"",NA,NA,NA,"","",110,0,110,NA,NA,NA,NA,NA,NA,NA,NA,NA,NA,2,"MR. MARITZA CAMPOS DIAZ","CORTO",NA,"No","Punto fijo",NA,NA,NA,NA,NA,NA,NA,NA,NA,NA,NA,NA,NA,NA,"Complete","-16.351798","-71.561467","",""
"926",928,NA,"2024-09-07 15:40:49","20","",6,206,2024-09-07,2,"","",NA,"","",2,1,NA,NA,110,0,NA,NA,"",NA,NA,NA,NA,NA,NA,NA,"",NA,NA,NA,NA,NA,NA,NA,NA,NA,NA,NA,NA,NA,NA,NA,NA,NA,NA,NA,"",NA,NA,NA,"","",110,0,110,NA,NA,NA,NA,NA,NA,NA,NA,NA,NA,2,"MR. MARITZA CAMPOS DIAZ","CORTO",NA,"No","Punto fijo",NA,NA,NA,NA,NA,NA,NA,NA,NA,NA,NA,NA,NA,NA,"Complete","-16.350351","-71.564901","",""
"927",929,NA,"2024-09-07 15:42:44","20","Rio seco",8,208,2024-09-07,2,"","",NA,"","",2,1,NA,NA,115,0,NA,NA,"",NA,NA,NA,NA,NA,NA,NA,"",NA,NA,NA,NA,NA,NA,NA,NA,NA,NA,NA,NA,NA,NA,NA,NA,NA,NA,NA,"",NA,NA,NA,"","",115,0,115,NA,NA,NA,NA,NA,NA,NA,NA,NA,NA,2,"MR. MARITZA CAMPOS DIAZ","CORTO",NA,"No","Punto fijo",NA,NA,NA,NA,NA,NA,NA,NA,NA,NA,NA,NA,NA,NA,"Complete","-16.349797"," -71.571838","-16.350606","-71.574060"
"928",930,NA,"2024-09-07 15:43:48","20","Evitamiento",10,2010,2024-09-07,2,"","",NA,"","",2,1,NA,NA,70,0,NA,NA,"",NA,NA,NA,NA,NA,NA,NA,"",NA,NA,NA,NA,NA,NA,NA,NA,NA,NA,NA,NA,NA,NA,NA,NA,NA,NA,NA,"",NA,NA,NA,"","",70,0,70,NA,NA,NA,NA,NA,NA,NA,NA,NA,NA,2,"MR. MARITZA CAMPOS DIAZ","CORTO",NA,"No","Punto fijo",NA,NA,NA,NA,NA,NA,NA,NA,NA,NA,NA,NA,NA,NA,"Complete","-16.347201","-71.581501","-16.365771","-71.577363"
"929",931,NA,"2024-09-07 15:45:50","20","Santa Maria pt",11,2011,2024-09-07,2,"","",NA,"","",2,1,NA,NA,86,4,NA,NA,"",NA,NA,NA,NA,NA,NA,NA,"",NA,NA,NA,NA,NA,NA,NA,NA,NA,NA,NA,NA,NA,NA,NA,NA,NA,NA,NA,"",NA,NA,NA,"","",86,4,90,NA,NA,NA,NA,NA,NA,NA,NA,NA,NA,2,"MR. MARITZA CAMPOS DIAZ","CORTO",NA,"No","Punto fijo",NA,NA,NA,NA,NA,NA,NA,NA,NA,NA,NA,NA,NA,NA,"Complete","-16.342698","-71.584810","-16.345587","-71.583468"
"930",932,NA,"2024-09-07 15:46:43","20","Cabrerias",13,2013,2024-09-07,2,"","",NA,"","",2,1,NA,NA,100,0,NA,NA,"",NA,NA,NA,NA,NA,NA,NA,"",NA,NA,NA,NA,NA,NA,NA,NA,NA,NA,NA,NA,NA,NA,NA,NA,NA,NA,NA,"",NA,NA,NA,"","",100,0,100,NA,NA,NA,NA,NA,NA,NA,NA,NA,NA,2,"MR. MARITZA CAMPOS DIAZ","CORTO",NA,"No","Punto fijo",NA,NA,NA,NA,NA,NA,NA,NA,NA,NA,NA,NA,NA,NA,"Complete","-16.354586","-71.593791","-16.346751","-71.590822"
"931",933,NA,"2024-09-07 15:48:34","20","Gran poder",14,2014,2024-09-07,1,"07:45","08:15",1,"","08:30",NA,2,68,NA,NA,NA,NA,NA,"",NA,NA,NA,NA,NA,NA,NA,"",NA,NA,NA,NA,NA,NA,NA,NA,NA,NA,NA,NA,NA,2,2,78,0,NA,NA,"",NA,NA,NA,"12:16","",78,0,78,NA,NA,NA,NA,NA,NA,NA,NA,NA,NA,2,"MR. MARITZA CAMPOS DIAZ","DETALLADO","1, Bus",NA,"Punto movil",NA,NA,NA,NA,NA,NA,NA,NA,NA,NA,"Mapa con recorrido de inicio a fin","NO",NA,NA,"Complete","-16.355376","-71.596924","-16.359321","-71.597624"
"932",934,NA,"2024-09-07 15:50:04","20","El sillar",16,2016,2024-09-07,1,"08:00","08:20",1,"","08:40",NA,2,66,NA,NA,NA,NA,NA,"",NA,NA,NA,NA,NA,NA,NA,"",NA,NA,NA,NA,NA,NA,NA,NA,NA,NA,NA,NA,NA,1,2,110,0,NA,NA,"",NA,NA,NA,"12:22","",110,0,110,NA,NA,NA,NA,NA,NA,NA,NA,NA,NA,2,"MR. MARITZA CAMPOS DIAZ","DETALLADO","1, Bus",NA,"Punto movil",NA,NA,NA,NA,NA,NA,NA,NA,NA,NA,"Mapa con zona delimitada","NO",NA,NA,"Complete","-16.366622","-71.613079","-16.370995","-71.619978"
"933",935,NA,"2024-09-07 15:58:35","12","Fuerte cenapa",1,121,2024-09-07,1,"07:50","08:30",1,"","09:15",NA,2,18,NA,NA,NA,NA,NA,"",NA,NA,NA,NA,NA,NA,NA,"",NA,NA,NA,NA,NA,NA,NA,NA,NA,NA,NA,NA,NA,1,2,29,12,NA,NA,"",NA,NA,NA,"13:19","",29,12,41,NA,NA,NA,NA,NA,NA,NA,NA,NA,NA,2,"MR. MARIANO MELGAR","DETALLADO","1, Bus",NA,"Punto movil",NA,NA,NA,NA,NA,NA,NA,NA,NA,NA,"Mapa con zona delimitada","NO",NA,NA,"Complete","-16.392000","-71.497079","-16.391383","-71.499181"
"934",936,NA,"2024-09-07 16:02:06","12","vencedores cenepa",2,122,2024-09-07,1,"08:00","08:40",1,"","09:10",NA,2,17,NA,NA,NA,NA,NA,"",NA,NA,NA,NA,NA,NA,NA,"",NA,NA,NA,NA,NA,NA,NA,NA,NA,NA,NA,NA,NA,1,2,45,5,NA,NA,"",NA,NA,NA,"13:06","",45,5,50,NA,NA,NA,NA,NA,NA,NA,NA,NA,NA,2,"MR. MARIANO MELGAR","DETALLADO","1, Bus",NA,"Punto movil",NA,NA,NA,NA,NA,NA,NA,NA,NA,NA,"Mapa con zona delimitada","NO",NA,NA,"Complete","-16.392948","-71.499069","-16.393471","-71.501625"
"935",937,NA,"2024-09-07 16:04:32","12","cancha atalaya",3,123,2024-09-07,1,"08:10","08:34",1,"","09:20",NA,2,20,NA,NA,NA,NA,NA,"",NA,NA,NA,NA,NA,NA,NA,"",NA,NA,NA,NA,NA,NA,NA,NA,NA,NA,NA,NA,NA,1,1,58,3,NA,NA,"",NA,NA,NA,"13:06","",58,3,61,NA,NA,NA,NA,NA,NA,NA,NA,NA,NA,2,"MR. MARIANO MELGAR","DETALLADO","1, Bus",NA,"Punto movil",NA,NA,NA,NA,NA,NA,NA,NA,NA,NA,"Mapa con zona delimitada","SI",NA,NA,"Complete","-16.395657","-71.498922","-16.394287","-71.496468"
"936",938,NA,"2024-09-07 16:07:00","12","señor de los milagros",4,124,2024-09-07,1,"08:25","08:33",1,"","08:59",NA,2,15,NA,NA,NA,NA,NA,"",NA,NA,NA,NA,NA,NA,NA,"",NA,NA,NA,NA,NA,NA,NA,NA,NA,NA,NA,NA,NA,3,2,39,5,NA,NA,"",NA,NA,NA,"12:30","",39,5,44,NA,NA,NA,NA,NA,NA,NA,NA,NA,NA,2,"MR. MARIANO MELGAR","DETALLADO","1, Bus",NA,"Punto movil",NA,NA,NA,NA,NA,NA,NA,NA,NA,NA,"indicacion verbal (reportar en whats app)","NO",NA,NA,"Complete","-16.395687","-71.494305","-16.394079","-71.496222"
"937",939,NA,"2024-09-07 16:08:52","12","las rocas",5,125,2024-09-07,1,"08:05","08:30",1,"","08:40",NA,2,19,NA,NA,NA,NA,NA,"",NA,NA,NA,NA,NA,NA,NA,"",NA,NA,NA,NA,NA,NA,NA,NA,NA,NA,NA,NA,NA,1,2,40,3,NA,NA,"",NA,NA,NA,"12:56","",40,3,43,NA,NA,NA,NA,NA,NA,NA,NA,NA,NA,2,"MR. MARIANO MELGAR","DETALLADO","1, Bus",NA,"Punto movil",NA,NA,NA,NA,NA,NA,NA,NA,NA,NA,"Mapa con zona delimitada","NO",NA,NA,"Complete","-16.395432","-71.496832","-16.397280","-71.496864"
"938",940,NA,"2024-09-07 16:11:17","12","Colegio san ignacio",6,126,2024-09-07,1,"08:10","08:30",1,"","08:45",NA,2,13,NA,NA,NA,NA,NA,"",NA,NA,NA,NA,NA,NA,NA,"",NA,NA,NA,NA,NA,NA,NA,NA,NA,NA,NA,NA,NA,2,2,51,3,NA,NA,"",NA,NA,NA,"13:19","",51,3,54,NA,NA,NA,NA,NA,NA,NA,NA,NA,NA,2,"MR. MARIANO MELGAR","DETALLADO","1, Bus",NA,"Punto movil",NA,NA,NA,NA,NA,NA,NA,NA,NA,NA,"Mapa con recorrido de inicio a fin","NO",NA,NA,"Complete","-16.395414","-71.498115","-16.397142","-71.500160"
"939",941,NA,"2024-09-07 16:13:11","12","Puesto de salud atalaya",7,127,2024-09-07,1,"08:00","08:30",1,"","08:45",NA,2,12,NA,NA,NA,NA,NA,"",NA,NA,NA,NA,NA,NA,NA,"",NA,NA,NA,NA,NA,NA,NA,NA,NA,NA,NA,NA,NA,1,2,58,4,NA,NA,"",NA,NA,NA,"13:00","",58,4,62,NA,NA,NA,NA,NA,NA,NA,NA,NA,NA,2,"MR. MARIANO MELGAR","DETALLADO","1, Bus",NA,"Punto movil",NA,NA,NA,NA,NA,NA,NA,NA,NA,NA,"Mapa con zona delimitada","NO",NA,NA,"Complete","-16.396706","-71.499699","",""
"940",942,NA,"2024-09-07 16:14:47","12","Santo domingo",9,129,2024-09-07,1,"07:58","08:32",1,"","09:02",NA,2,16,NA,NA,NA,NA,NA,"",NA,NA,NA,NA,NA,NA,NA,"",NA,NA,NA,NA,NA,NA,NA,NA,NA,NA,NA,NA,NA,1,1,64,3,NA,NA,"",NA,NA,NA,"12:57","",64,3,67,NA,NA,NA,NA,NA,NA,NA,NA,NA,NA,2,"MR. MARIANO MELGAR","DETALLADO","1, Bus",NA,"Punto movil",NA,NA,NA,NA,NA,NA,NA,NA,NA,NA,"Mapa con zona delimitada","SI",NA,NA,"Complete","-16.397649","-71.500412","-16.398021","-71.500422"
"941",943,NA,"2024-09-07 16:16:31","12","Bustamante alto",10,1210,2024-09-07,1,"08:10","08:45",4,"","09:15",NA,2,64,NA,NA,NA,NA,NA,"",NA,NA,NA,NA,NA,NA,NA,"",NA,NA,NA,NA,NA,NA,NA,NA,NA,NA,NA,NA,NA,3,2,61,0,NA,NA,"",NA,NA,NA,"13:00","",61,0,61,NA,NA,NA,NA,NA,NA,NA,NA,NA,NA,2,"MR. MARIANO MELGAR","DETALLADO","4. Caminando",NA,"Punto movil",NA,NA,NA,NA,NA,NA,NA,NA,NA,NA,"indicacion verbal (reportar en whats app)","NO",NA,NA,"Complete","-16.396280","-71.503469","",""
"942",944,NA,"2024-09-07 16:17:16","12","Los alpes",11,1211,2024-09-07,2,"","",NA,"","",2,1,NA,NA,61,1,NA,NA,"",NA,NA,NA,NA,NA,NA,NA,"",NA,NA,NA,NA,NA,NA,NA,NA,NA,NA,NA,NA,NA,NA,NA,NA,NA,NA,NA,"",NA,NA,NA,"","",61,1,62,NA,NA,NA,NA,NA,NA,NA,NA,NA,NA,2,"MR. MARIANO MELGAR","CORTO",NA,"No","Punto fijo",NA,NA,NA,NA,NA,NA,NA,NA,NA,NA,NA,NA,NA,NA,"Complete","-16.394359","-71.498423","-16.393887","-71.501038"
"943",945,NA,"2024-09-07 16:18:06","12","Los balcones",12,1212,2024-09-07,2,"","",NA,"","",2,1,NA,NA,56,4,NA,NA,"",NA,NA,NA,NA,NA,NA,NA,"",NA,NA,NA,NA,NA,NA,NA,NA,NA,NA,NA,NA,NA,NA,NA,NA,NA,NA,NA,"",NA,NA,NA,"","",56,4,60,NA,NA,NA,NA,NA,NA,NA,NA,NA,NA,2,"MR. MARIANO MELGAR","CORTO",NA,"No","Punto fijo",NA,NA,NA,NA,NA,NA,NA,NA,NA,NA,NA,NA,NA,NA,"Complete","-16.395382","-71.501136","",""
"944",946,NA,"2024-09-07 16:18:57","12","Calle huascar",13,1213,2024-09-07,2,"","",NA,"","",2,1,NA,NA,82,0,NA,NA,"",NA,NA,NA,NA,NA,NA,NA,"",NA,NA,NA,NA,NA,NA,NA,NA,NA,NA,NA,NA,NA,NA,NA,NA,NA,NA,NA,"",NA,NA,NA,"","",82,0,82,NA,NA,NA,NA,NA,NA,NA,NA,NA,NA,2,"MR. MARIANO MELGAR","CORTO",NA,"No","Punto fijo",NA,NA,NA,NA,NA,NA,NA,NA,NA,NA,NA,NA,NA,NA,"Complete","-16.398148","-71.504211","-16.400448","-71.502174"
"945",947,NA,"2024-09-07 16:23:57","13","Local social san francisco",1,131,2024-09-07,2,"","",NA,"","",2,2,NA,NA,NA,NA,NA,NA,"",NA,NA,NA,NA,NA,NA,NA,"",NA,NA,NA,NA,NA,NA,NA,NA,NA,NA,NA,NA,NA,NA,NA,47,3,NA,NA,"",NA,NA,NA,"","Este punto fue planeado como mixto",47,3,50,NA,NA,NA,NA,NA,NA,NA,NA,NA,NA,2,"MR. GENERALISIMO SAN MARTIN","CORTO",NA,"No","Punto movil",NA,NA,NA,NA,NA,NA,NA,NA,NA,NA,NA,NA,NA,NA,"Complete","-16.385527","-71.490045","",""
"946",948,NA,"2024-09-07 16:25:19","13","Cancha deportiva asoc los anhgeles",2,132,2024-09-07,2,"","",NA,"","",2,1,NA,NA,30,5,NA,NA,"",NA,NA,NA,NA,NA,NA,NA,"",NA,NA,NA,NA,NA,NA,NA,NA,NA,NA,NA,NA,NA,NA,NA,NA,NA,NA,NA,"",NA,NA,NA,"","",30,5,35,NA,NA,NA,NA,NA,NA,NA,NA,NA,NA,2,"MR. GENERALISIMO SAN MARTIN","CORTO",NA,"No","Punto fijo",NA,NA,NA,NA,NA,NA,NA,NA,NA,NA,NA,NA,NA,NA,"Complete","-16.394886","-71.490532","-16.394914","-71.490585"
"947",949,NA,"2024-09-07 16:26:28","13","AH Bella vista",3,133,2024-09-07,2,"","",NA,"","",2,2,NA,NA,NA,NA,NA,NA,"",NA,NA,NA,NA,NA,NA,NA,"",NA,NA,NA,NA,NA,NA,NA,NA,NA,NA,NA,NA,NA,NA,NA,80,0,NA,NA,"",NA,NA,NA,"","",80,0,80,NA,NA,NA,NA,NA,NA,NA,NA,NA,NA,2,"MR. GENERALISIMO SAN MARTIN","CORTO",NA,"No","Punto movil",NA,NA,NA,NA,NA,NA,NA,NA,NA,NA,NA,NA,NA,NA,"Complete","-16.389271","-71.494971","",""
"948",950,NA,"2024-09-07 16:28:13","13","Cancha deportiva pueblo libre",4,134,2024-09-07,1,"08:00","08:10",2,"","08:24",NA,1,65,NA,96,4,2,NA,"",NA,NA,NA,NA,NA,NA,NA,"",NA,NA,NA,NA,NA,NA,NA,NA,NA,NA,NA,NA,NA,NA,NA,NA,NA,NA,NA,"",NA,NA,NA,"13:00","",96,4,100,NA,NA,NA,NA,NA,NA,NA,NA,NA,NA,2,"MR. GENERALISIMO SAN MARTIN","DETALLADO","2. Camioneta/Auto",NA,"Punto fijo",NA,"NO",NA,NA,NA,NA,NA,NA,NA,NA,NA,NA,NA,NA,"Complete","-16.393993","-71.493301","",""
"949",951,NA,"2024-09-07 16:29:42","13","Cancha el mirador",5,135,2024-09-07,1,"08:08","08:24",2,"","08:31",NA,1,52,NA,60,24,2,NA,"",NA,NA,NA,NA,NA,NA,NA,"",NA,NA,NA,NA,NA,NA,NA,NA,NA,NA,NA,NA,NA,NA,NA,NA,NA,NA,NA,"",NA,NA,NA,"13:20","",60,24,84,NA,NA,NA,NA,NA,NA,NA,NA,NA,NA,2,"MR. GENERALISIMO SAN MARTIN","DETALLADO","2. Camioneta/Auto",NA,"Punto fijo",NA,"NO",NA,NA,NA,NA,NA,NA,NA,NA,NA,NA,NA,NA,"Complete","-16.389847","-71.489677","-16.390520","-71.491951"
"950",952,NA,"2024-09-07 16:34:44","13","Cancha deportiva y san francisco de asis",6,136,2024-09-07,1,"07:20","09:00",2,"","09:31",NA,1,76,NA,59,6,2,NA,"",NA,NA,NA,NA,NA,NA,NA,"",NA,NA,NA,NA,NA,NA,NA,NA,NA,NA,NA,NA,NA,NA,NA,NA,NA,NA,NA,"",NA,NA,NA,"13:30","",59,6,65,NA,NA,NA,NA,NA,NA,NA,NA,NA,NA,2,"MR. GENERALISIMO SAN MARTIN","DETALLADO","2. Camioneta/Auto",NA,"Punto fijo",NA,"NO",NA,NA,NA,NA,NA,NA,NA,NA,NA,NA,NA,NA,"Complete","-16.388308","-71.492157","",""
"951",953,NA,"2024-09-07 16:36:17","13","Swñor de los milagros",7,137,2024-09-07,1,"09:00","09:10",2,"","09:36",NA,2,57,NA,NA,NA,NA,NA,"",NA,NA,NA,NA,NA,NA,NA,"",NA,NA,NA,NA,NA,NA,NA,NA,NA,NA,NA,NA,NA,3,2,49,11,NA,NA,"",NA,NA,NA,"13:00","",49,11,60,NA,NA,NA,NA,NA,NA,NA,NA,NA,NA,2,"MR. GENERALISIMO SAN MARTIN","DETALLADO","2. Camioneta/Auto",NA,"Punto movil",NA,NA,NA,NA,NA,NA,NA,NA,NA,NA,"indicacion verbal (reportar en whats app)","NO",NA,NA,"Complete","-16.391712","-71.494528","",""
"952",954,NA,"2024-09-07 16:38:26","13","Terminal de custer AH berlin",8,138,2024-09-07,1,"08:00","08:20",2,"","08:40",NA,1,56,NA,25,5,1,1,"10:30",2,NA,NA,30,10,2,NA,"",NA,NA,NA,NA,NA,NA,NA,NA,NA,NA,NA,NA,NA,NA,NA,NA,NA,NA,NA,"",NA,NA,NA,"13:15","",55,15,70,NA,NA,NA,NA,NA,NA,NA,NA,NA,NA,2,"MR. GENERALISIMO SAN MARTIN","DETALLADO","2. Camioneta/Auto",NA,"Punto fijo",NA,"SI","Microred","Cambiamos a Punto movil","NO",NA,NA,NA,NA,NA,NA,NA,NA,NA,"Complete","-16.386833","-71.492369","-16.393786","-71.491225"
"953",955,NA,"2024-09-07 16:39:54","13","AH Sr de los milagros",9,139,2024-09-07,1,"08:05","08:20",2,"","09:30",NA,2,59,NA,NA,NA,NA,NA,"",NA,NA,NA,NA,NA,NA,NA,"",NA,NA,NA,NA,NA,NA,NA,NA,NA,NA,NA,NA,NA,1,2,15,5,NA,NA,"",NA,NA,NA,"13:20","",15,5,20,NA,NA,NA,NA,NA,NA,NA,NA,NA,NA,2,"MR. GENERALISIMO SAN MARTIN","DETALLADO","2. Camioneta/Auto",NA,"Punto movil",NA,NA,NA,NA,NA,NA,NA,NA,NA,NA,"Mapa con zona delimitada","NO",NA,NA,"Complete","-16.394637","-71.489119","-16.399266","-71.488707"
"954",956,NA,"2024-09-07 16:40:44","13","Los rosales",10,1310,2024-09-07,2,"","",NA,"","",2,2,NA,NA,NA,NA,NA,NA,"",NA,NA,NA,NA,NA,NA,NA,"",NA,NA,NA,NA,NA,NA,NA,NA,NA,NA,NA,NA,NA,NA,NA,31,6,NA,NA,"",NA,NA,NA,"","",31,6,37,NA,NA,NA,NA,NA,NA,NA,NA,NA,NA,2,"MR. GENERALISIMO SAN MARTIN","CORTO",NA,"No","Punto movil",NA,NA,NA,NA,NA,NA,NA,NA,NA,NA,NA,NA,NA,NA,"Complete","-16.396084","-71.494934","",""
"955",957,NA,"2024-09-08 15:46:34","20","peru arbo sc. bolivia",1,201,2024-09-08,2,"","",NA,"","",2,2,NA,NA,NA,NA,NA,NA,"",NA,NA,NA,NA,NA,NA,NA,"",NA,NA,NA,NA,NA,NA,NA,NA,NA,NA,NA,NA,NA,NA,NA,105,6,NA,NA,"",NA,NA,NA,"","",105,6,111,NA,NA,NA,NA,NA,NA,NA,NA,NA,NA,2,"MR. MARITZA CAMPOS DIAZ","CORTO",NA,"No","Punto movil",NA,NA,NA,NA,NA,NA,NA,NA,NA,NA,NA,NA,NA,NA,"Complete","-16.340629","-71.589593","-16.346810","-71.595739"
"956",958,NA,"2024-09-08 15:47:37","12","Fuerte cenepa",1,121,2024-09-08,1,"08:05","08:18",1,"","09:00",NA,2,18,NA,NA,NA,NA,NA,"",NA,NA,NA,NA,NA,NA,NA,"",NA,NA,NA,NA,NA,NA,NA,NA,NA,NA,NA,NA,NA,1,1,19,2,NA,NA,"",NA,NA,NA,"12:15","",19,2,21,NA,NA,NA,NA,NA,NA,NA,NA,NA,NA,2,"MR. MARIANO MELGAR","DETALLADO","1, Bus",NA,"Punto movil",NA,NA,NA,NA,NA,NA,NA,NA,NA,NA,"Mapa con zona delimitada","SI",NA,NA,"Complete","-16.393108","-71.498698","",""
"957",959,NA,"2024-09-08 15:47:51","20","bolivia I",2,202,2024-09-08,2,"","",NA,"","",2,2,NA,NA,NA,NA,NA,NA,"",NA,NA,NA,NA,NA,NA,NA,"",NA,NA,NA,NA,NA,NA,NA,NA,NA,NA,NA,NA,NA,NA,NA,121,9,NA,NA,"",NA,NA,NA,"","",121,9,130,NA,NA,NA,NA,NA,NA,NA,NA,NA,NA,2,"MR. MARITZA CAMPOS DIAZ","CORTO",NA,"No","Punto movil",NA,NA,NA,NA,NA,NA,NA,NA,NA,NA,NA,NA,NA,NA,"Complete","-16.341360","-71.596122","-16.345302","-71.603307"
"958",960,NA,"2024-09-08 15:49:57","20","jose luis bustamante y rivero I",3,203,2024-09-08,2,"","",NA,"","",2,2,NA,NA,NA,NA,NA,NA,"",NA,NA,NA,NA,NA,NA,NA,"",NA,NA,NA,NA,NA,NA,NA,NA,NA,NA,NA,NA,NA,NA,NA,123,7,NA,NA,"",NA,NA,NA,"","",123,7,130,NA,NA,NA,NA,NA,NA,NA,NA,NA,NA,2,"MR. MARITZA CAMPOS DIAZ","CORTO",NA,"No","Punto movil",NA,NA,NA,NA,NA,NA,NA,NA,NA,NA,NA,NA,NA,NA,"Complete","-16.335078","-71.597288","",""
"959",961,NA,"2024-09-08 15:50:12","12","Vencedores Cenepa",2,122,2024-09-08,1,"08:10","08:17",1,"","08:49",NA,2,12,NA,NA,NA,NA,NA,"",NA,NA,NA,NA,NA,NA,NA,"",NA,NA,NA,NA,NA,NA,NA,NA,NA,NA,NA,NA,NA,1,2,68,2,NA,NA,"",NA,NA,NA,"12:30","",68,2,70,NA,NA,NA,NA,NA,NA,NA,NA,NA,NA,2,"MR. MARIANO MELGAR","DETALLADO","1, Bus",NA,"Punto movil",NA,NA,NA,NA,NA,NA,NA,NA,NA,NA,"Mapa con zona delimitada","NO",NA,NA,"Complete","-16.393555","-71.498688","-16.392393","-71.503082"
"960",962,NA,"2024-09-08 15:51:02","20","peru arbo",4,204,2024-09-08,2,"","",NA,"","",2,2,NA,NA,NA,NA,NA,NA,"",NA,NA,NA,NA,NA,NA,NA,"",NA,NA,NA,NA,NA,NA,NA,NA,NA,NA,NA,NA,NA,NA,NA,127,NA,NA,NA,"",NA,NA,NA,"","",127,NA,127,NA,NA,NA,NA,NA,NA,NA,NA,NA,NA,2,"MR. MARITZA CAMPOS DIAZ","CORTO",NA,"No","Punto movil",NA,NA,NA,NA,NA,NA,NA,NA,NA,NA,NA,NA,NA,NA,"Complete","-16.345763","-71.604785","",""
"961",963,NA,"2024-09-08 15:51:51","12","Segunda cancha ampliación atalaya ",3,123,2024-09-08,1,"08:05","08:15",1,"","08:43",NA,2,39,NA,NA,NA,NA,NA,"",NA,NA,NA,NA,NA,NA,NA,"",NA,NA,NA,NA,NA,NA,NA,NA,NA,NA,NA,NA,NA,1,2,31,5,NA,NA,"",NA,NA,NA,"12:20","",31,5,36,NA,NA,NA,NA,NA,NA,NA,NA,NA,NA,2,"MR. MARIANO MELGAR","DETALLADO","1, Bus",NA,"Punto movil",NA,NA,NA,NA,NA,NA,NA,NA,NA,NA,"Mapa con zona delimitada","NO",NA,NA,"Complete","-16.395625","-71.498510","-16.397139","-71.500490"
"962",964,NA,"2024-09-08 15:52:49","20","peru vivienda sector 2A",5,205,2024-09-08,2,"","",NA,"","",2,2,NA,NA,NA,NA,NA,NA,"",NA,NA,NA,NA,NA,NA,NA,"",NA,NA,NA,NA,NA,NA,NA,NA,NA,NA,NA,NA,NA,NA,NA,110,0,NA,NA,"",NA,NA,NA,"","",110,0,110,NA,NA,NA,NA,NA,NA,NA,NA,NA,NA,2,"MR. MARITZA CAMPOS DIAZ","CORTO",NA,"No","Punto movil",NA,NA,NA,NA,NA,NA,NA,NA,NA,NA,NA,NA,NA,NA,"Complete","-16.346001","-71.600671","",""
"963",965,NA,"2024-09-08 15:53:16","12","Señor de los milagros ",4,124,2024-09-08,1,"08:02","08:18",1,"","08:39",NA,2,15,NA,NA,NA,NA,NA,"",NA,NA,NA,NA,NA,NA,NA,"",NA,NA,NA,NA,NA,NA,NA,NA,NA,NA,NA,NA,NA,2,2,16,8,NA,NA,"",NA,NA,NA,"12:35","",16,8,24,NA,NA,NA,NA,NA,NA,NA,NA,NA,NA,2,"MR. MARIANO MELGAR","DETALLADO","1, Bus",NA,"Punto movil",NA,NA,NA,NA,NA,NA,NA,NA,NA,NA,"Mapa con recorrido de inicio a fin","NO",NA,NA,"Complete","-16.394756","-71.497244","-16.395671","-71.494116"
"964",966,NA,"2024-09-08 15:54:21","20","la cabaña",6,206,2024-09-08,2,"","",NA,"","",2,2,NA,NA,NA,NA,NA,NA,"",NA,NA,NA,NA,NA,NA,NA,"",NA,NA,NA,NA,NA,NA,NA,NA,NA,NA,NA,NA,NA,NA,NA,125,5,NA,NA,"",NA,NA,NA,"","",125,5,130,NA,NA,NA,NA,NA,NA,NA,NA,NA,NA,2,"MR. MARITZA CAMPOS DIAZ","CORTO",NA,"No","Punto movil",NA,NA,NA,NA,NA,NA,NA,NA,NA,NA,NA,NA,NA,NA,"Complete","-16.351717","-71.605098","-16.351964","-71.603379"
"965",967,NA,"2024-09-08 15:54:40","12","Los Alpes",5,125,2024-09-08,1,"07:55","08:16",1,"","08:25",NA,2,1,NA,NA,NA,NA,NA,"",NA,NA,NA,NA,NA,NA,NA,"",NA,NA,NA,NA,NA,NA,NA,NA,NA,NA,NA,NA,NA,2,2,40,2,NA,NA,"",NA,NA,NA,"12:40","Se apago el megafono ",40,2,42,NA,NA,NA,NA,NA,NA,NA,NA,NA,NA,2,"MR. MARIANO MELGAR","DETALLADO","1, Bus",NA,"Punto movil",NA,NA,NA,NA,NA,NA,NA,NA,NA,NA,"Mapa con recorrido de inicio a fin","NO",NA,NA,"Complete","-16.394240","-71.498909","-16.394027","-71.501381"
"966",968,NA,"2024-09-08 15:55:15","20","peru III",7,207,2024-09-08,2,"","",NA,"","",2,2,NA,NA,NA,NA,NA,NA,"",NA,NA,NA,NA,NA,NA,NA,"",NA,NA,NA,NA,NA,NA,NA,NA,NA,NA,NA,NA,NA,NA,NA,99,8,NA,NA,"",NA,NA,NA,"","",99,8,107,NA,NA,NA,NA,NA,NA,NA,NA,NA,NA,2,"MR. MARITZA CAMPOS DIAZ","CORTO",NA,"No","Punto movil",NA,NA,NA,NA,NA,NA,NA,NA,NA,NA,NA,NA,NA,NA,"Complete","-16.347309","-71.594652","-16.352401","-71.598862"
"967",969,NA,"2024-09-08 15:56:34","12","Estadio revolución ",6,126,2024-09-08,1,"08:15","08:20",2,"","09:00",NA,2,13,NA,NA,NA,NA,NA,"",NA,NA,NA,NA,NA,NA,NA,"",NA,NA,NA,NA,NA,NA,NA,NA,NA,NA,NA,NA,NA,1,2,44,2,NA,NA,"",NA,NA,NA,"12:11","Falto apoyo de la municipalidad un perifoneo general ",44,2,46,NA,NA,NA,NA,NA,NA,NA,NA,NA,NA,2,"MR. MARIANO MELGAR","DETALLADO","2. Camioneta/Auto",NA,"Punto movil",NA,NA,NA,NA,NA,NA,NA,NA,NA,NA,"Mapa con zona delimitada","NO",NA,NA,"Complete","-16.397497","-71.506024","-16.398554","-71.503782"
"968",970,NA,"2024-09-08 15:56:42","20","jose luis bustamante y rivero XII",9,209,2024-09-08,2,"","",NA,"","",2,2,NA,NA,NA,NA,NA,NA,"",NA,NA,NA,NA,NA,NA,NA,"",NA,NA,NA,NA,NA,NA,NA,NA,NA,NA,NA,NA,NA,NA,NA,104,0,NA,NA,"",NA,NA,NA,"","",104,0,104,NA,NA,NA,NA,NA,NA,NA,NA,NA,NA,2,"MR. MARITZA CAMPOS DIAZ","CORTO",NA,"No","Punto movil",NA,NA,NA,NA,NA,NA,NA,NA,NA,NA,NA,NA,NA,NA,"Complete","-16.357831","-71.615568","-16.358146","-71.623136"
"969",971,NA,"2024-09-08 15:57:34","20","lomas",10,2010,2024-09-08,2,"","",NA,"","",NA,2,NA,NA,NA,NA,NA,NA,"",NA,NA,NA,NA,NA,NA,NA,"",NA,NA,NA,NA,NA,NA,NA,NA,NA,NA,NA,NA,NA,NA,NA,75,0,NA,NA,"",NA,NA,NA,"","",75,0,75,NA,NA,NA,NA,NA,NA,NA,NA,NA,NA,2,"MR. MARITZA CAMPOS DIAZ","CORTO",NA,NA,"Punto movil",NA,NA,NA,NA,NA,NA,NA,NA,NA,NA,NA,NA,NA,NA,"Complete","-16.359873","-71.623168","",""
"970",972,NA,"2024-09-08 15:57:52","12","Los portales",8,128,2024-09-08,1,"08:00","08:15",1,"","08:50",NA,2,64,NA,NA,NA,NA,NA,"",NA,NA,NA,NA,NA,NA,NA,"",NA,NA,NA,NA,NA,NA,NA,NA,NA,NA,NA,NA,NA,1,2,53,9,NA,NA,"",NA,NA,NA,"12:35","",53,9,62,NA,NA,NA,NA,NA,NA,NA,NA,NA,NA,2,"MR. MARIANO MELGAR","DETALLADO","1, Bus",NA,"Punto movil",NA,NA,NA,NA,NA,NA,NA,NA,NA,NA,"Mapa con zona delimitada","NO",NA,NA,"Complete","-16.394760","-71.499724","",""
"971",973,NA,"2024-09-08 15:59:07","20","virgen de Copacabana",11,2011,2024-09-08,2,"","",NA,"","",2,2,NA,NA,NA,NA,NA,NA,"",NA,NA,NA,NA,NA,NA,NA,"",NA,NA,NA,NA,NA,NA,NA,NA,NA,NA,NA,NA,NA,NA,NA,100,0,NA,NA,"",NA,NA,NA,"","",100,0,100,NA,NA,NA,NA,NA,NA,NA,NA,NA,NA,2,"MR. MARITZA CAMPOS DIAZ","CORTO",NA,"No","Punto movil",NA,NA,NA,NA,NA,NA,NA,NA,NA,NA,NA,NA,NA,NA,"Complete","-16.368900","-71.621522","",""
"972",974,NA,"2024-09-08 15:59:16","12","Santo Domingo",9,129,2024-09-08,1,"08:16","08:18",1,"","09:24",NA,2,16,NA,NA,NA,NA,NA,"",NA,NA,NA,NA,NA,NA,NA,"",NA,NA,NA,NA,NA,NA,NA,NA,NA,NA,NA,NA,NA,1,2,95,7,NA,NA,"",NA,NA,NA,"12:44","",95,7,102,NA,NA,NA,NA,NA,NA,NA,NA,NA,NA,2,"MR. MARIANO MELGAR","DETALLADO","1, Bus",NA,"Punto movil",NA,NA,NA,NA,NA,NA,NA,NA,NA,NA,"Mapa con zona delimitada","NO",NA,NA,"Complete","-16.397680","-71.500364","-16.398416","-71.498853"
"973",975,NA,"2024-09-08 15:59:56","20","rio seco",12,2012,2024-09-08,2,"","",NA,"","",2,2,NA,NA,NA,NA,NA,NA,"",NA,NA,NA,NA,NA,NA,NA,"",NA,NA,NA,NA,NA,NA,NA,NA,NA,NA,NA,NA,NA,NA,NA,111,0,NA,NA,"",NA,NA,NA,"","",111,0,111,NA,NA,NA,NA,NA,NA,NA,NA,NA,NA,2,"MR. MARITZA CAMPOS DIAZ","CORTO",NA,"No","Punto movil",NA,NA,NA,NA,NA,NA,NA,NA,NA,NA,NA,NA,NA,NA,"Complete","-16.348761","-71.572931","-16.349089","-71.578197"
"974",976,NA,"2024-09-08 16:00:16","12","Cancha alto bustamante ",10,1210,2024-09-08,2,"","",NA,"","",2,2,NA,NA,NA,NA,NA,NA,"",NA,NA,NA,NA,NA,NA,NA,"",NA,NA,NA,NA,NA,NA,NA,NA,NA,NA,NA,NA,NA,NA,NA,32,1,NA,NA,"",NA,NA,NA,"","",32,1,33,NA,NA,NA,NA,NA,NA,NA,NA,NA,NA,2,"MR. MARIANO MELGAR","CORTO",NA,"No","Punto movil",NA,NA,NA,NA,NA,NA,NA,NA,NA,NA,NA,NA,NA,NA,"Complete","-16.396418","-71.503788","-16.396990","-71.504965"
"975",977,NA,"2024-09-08 16:02:00","20","el sillar",14,2014,2024-09-08,1,"08:00","08:25",1,"","09:25",NA,2,66,NA,NA,NA,NA,NA,"",NA,NA,NA,NA,NA,NA,NA,"",NA,NA,NA,NA,NA,NA,NA,NA,NA,NA,NA,NA,NA,1,2,58,0,NA,NA,"",NA,NA,NA,"12:00","",58,0,58,NA,NA,NA,NA,NA,NA,NA,NA,NA,NA,2,"MR. MARITZA CAMPOS DIAZ","DETALLADO","1, Bus",NA,"Punto movil",NA,NA,NA,NA,NA,NA,NA,NA,NA,NA,"Mapa con zona delimitada","NO",NA,NA,"Complete","-16.366670","-71.613070","",""
"976",978,NA,"2024-09-08 16:03:42","20","gran poder P.B.",15,2015,2024-09-08,2,"","",NA,"","",2,2,NA,NA,NA,NA,NA,NA,"",NA,NA,NA,NA,NA,NA,NA,"",NA,NA,NA,NA,NA,NA,NA,NA,NA,NA,NA,NA,NA,NA,NA,43,0,NA,NA,"",NA,NA,NA,"","",43,0,43,NA,NA,NA,NA,NA,NA,NA,NA,NA,NA,2,"MR. MARITZA CAMPOS DIAZ","CORTO",NA,"No","Punto movil",NA,NA,NA,NA,NA,NA,NA,NA,NA,NA,NA,NA,NA,NA,"Complete","-16.355667","-71.597326","-16.359235","-71.599729"
"977",979,NA,"2024-09-08 16:11:44","20","gran poder",16,2016,2024-09-08,1,"08:00","08:23",1,"","09:19",NA,2,68,NA,NA,NA,NA,NA,"",NA,NA,NA,NA,NA,NA,NA,"",NA,NA,NA,NA,NA,NA,NA,NA,NA,NA,NA,NA,NA,2,2,61,0,NA,NA,"",NA,NA,NA,"12:10","",61,0,61,NA,NA,NA,NA,NA,NA,NA,NA,NA,NA,2,"MR. MARITZA CAMPOS DIAZ","DETALLADO","1, Bus",NA,"Punto movil",NA,NA,NA,NA,NA,NA,NA,NA,NA,NA,"Mapa con recorrido de inicio a fin","NO",NA,NA,"Complete","-16.365660","-71.604812","-16.372705","-71.611069"
"978",980,NA,"2024-09-08 16:13:36","20","v.a.b",17,2017,2024-09-08,2,"","",NA,"","",2,2,NA,NA,NA,NA,NA,NA,"",NA,NA,NA,NA,NA,NA,NA,"",NA,NA,NA,NA,NA,NA,NA,NA,NA,NA,NA,NA,NA,NA,NA,124,8,NA,NA,"",NA,NA,NA,"","",124,8,132,NA,NA,NA,NA,NA,NA,NA,NA,NA,NA,2,"MR. MARITZA CAMPOS DIAZ","CORTO",NA,"No","Punto movil",NA,NA,NA,NA,NA,NA,NA,NA,NA,NA,NA,NA,NA,NA,"Complete","-16.351448","-71.559816","",""
"979",981,NA,"2024-09-08 16:25:40","13","flor de oro ",1,131,2024-09-08,2,"","",NA,"","",2,1,NA,NA,65,6,NA,NA,"",NA,NA,NA,NA,NA,NA,NA,"",NA,NA,NA,NA,NA,NA,NA,NA,NA,NA,NA,NA,NA,NA,NA,NA,NA,NA,NA,"",NA,NA,NA,"","",65,6,71,NA,NA,NA,NA,NA,NA,NA,NA,NA,NA,2,"MR. GENERALISIMO SAN MARTIN","CORTO",NA,"No","Punto fijo",NA,NA,NA,NA,NA,NA,NA,NA,NA,NA,NA,NA,NA,NA,"Complete","-16.392509","-71.476124","-16.392405","-71.476069"
"980",982,NA,"2024-09-08 16:31:40","13","cancha deportiva IE elohin",2,132,2024-09-08,2,"","",NA,"","",2,1,NA,NA,36,8,NA,NA,"",NA,NA,NA,NA,NA,NA,NA,"",NA,NA,NA,NA,NA,NA,NA,NA,NA,NA,NA,NA,NA,NA,NA,NA,NA,NA,NA,"",NA,NA,NA,"","",36,8,44,NA,NA,NA,NA,NA,NA,NA,NA,NA,NA,2,"MR. GENERALISIMO SAN MARTIN","CORTO",NA,"No","Punto fijo",NA,NA,NA,NA,NA,NA,NA,NA,NA,NA,NA,NA,NA,NA,"Complete","-16.397203","-71.483046","-16.397774","-71.483183"
"981",983,NA,"2024-09-08 16:38:23","13","terminal asc jeronimo",3,133,2024-09-08,2,"","",NA,"","",2,2,NA,NA,NA,NA,NA,NA,"",NA,NA,NA,NA,NA,NA,NA,"",NA,NA,NA,NA,NA,NA,NA,NA,NA,NA,NA,NA,NA,NA,NA,27,7,NA,NA,"",NA,NA,NA,"","",27,7,34,NA,NA,NA,NA,NA,NA,NA,NA,NA,NA,2,"MR. GENERALISIMO SAN MARTIN","CORTO",NA,"No","Punto movil",NA,NA,NA,NA,NA,NA,NA,NA,NA,NA,NA,NA,NA,NA,"Complete","-16.401527","-71.481908","-16.403811","-71.488125"
"982",984,NA,"2024-09-08 16:40:43","13","complejo deportivo S. M.",4,134,2024-09-08,2,"","",NA,"","",2,1,NA,NA,91,6,NA,NA,"",NA,NA,NA,NA,NA,NA,NA,"",NA,NA,NA,NA,NA,NA,NA,NA,NA,NA,NA,NA,NA,NA,NA,NA,NA,NA,NA,"",NA,NA,NA,"","",91,6,97,NA,NA,NA,NA,NA,NA,NA,NA,NA,NA,2,"MR. GENERALISIMO SAN MARTIN","CORTO",NA,"No","Punto fijo",NA,NA,NA,NA,NA,NA,NA,NA,NA,NA,NA,NA,NA,NA,"Complete","-16.388238","-71.477902","-16.388230","-71.477798"
"983",985,NA,"2024-09-08 16:45:42","13","san jeronimo zona C y D",5,135,2024-09-08,1,"08:14","08:20",2,"","08:31",NA,1,49,NA,0,0,1,1,"08:31",2,NA,NA,69,11,2,NA,"",NA,NA,NA,NA,NA,NA,NA,NA,NA,NA,NA,NA,NA,NA,NA,NA,NA,NA,NA,"",NA,NA,NA,"12:40","",69,11,80,NA,NA,NA,NA,NA,NA,NA,NA,NA,NA,2,"MR. GENERALISIMO SAN MARTIN","DETALLADO","2. Camioneta/Auto",NA,"Punto fijo",NA,"SI","Microred","Cambiamos a Punto movil","NO",NA,NA,NA,NA,NA,NA,NA,NA,NA,"Complete","-16.396542","-71.477455","-16.399668","-71.478409"
"984",986,NA,"2024-09-08 16:48:50","13","terminal de custr heroes del cenepa",6,136,2024-09-08,1,"08:05","08:12",NA,"","08:20",NA,1,57,NA,57,2,2,NA,"",NA,NA,NA,NA,NA,NA,NA,"",NA,NA,NA,NA,NA,NA,NA,NA,NA,NA,NA,NA,NA,NA,NA,NA,NA,NA,NA,"",NA,NA,NA,"13:38","",57,2,59,NA,NA,NA,NA,NA,NA,NA,NA,NA,NA,2,"MR. GENERALISIMO SAN MARTIN","DETALLADO",NA,NA,"Punto fijo",NA,"NO",NA,NA,NA,NA,NA,NA,NA,NA,NA,NA,NA,NA,"Complete","-16.393990","-71.480202","-16.394028","-71.480187"
"985",987,NA,"2024-09-08 16:50:58","13","URB. santa monica",7,137,2024-09-08,1,"08:50","08:56",2,"","09:08",NA,1,62,NA,28,3,2,NA,"",NA,NA,NA,NA,NA,NA,NA,"",NA,NA,NA,NA,NA,NA,NA,NA,NA,NA,NA,NA,NA,NA,NA,NA,NA,NA,NA,"",NA,NA,NA,"13:00","",28,3,31,NA,NA,NA,NA,NA,NA,NA,NA,NA,NA,2,"MR. GENERALISIMO SAN MARTIN","DETALLADO","2. Camioneta/Auto",NA,"Punto fijo",NA,"NO",NA,NA,NA,NA,NA,NA,NA,NA,NA,NA,NA,NA,"Complete","-16.403569","-71.486978","-16.404174","-71.488902"
"986",988,NA,"2024-09-08 16:53:16","13","cancha deportiva virgen del rosario",8,138,2024-09-08,1,"08:20","08:50",1,"","09:00",NA,2,14,NA,NA,NA,NA,NA,"",NA,NA,NA,NA,NA,NA,NA,"",NA,NA,NA,NA,NA,NA,NA,NA,NA,NA,NA,NA,NA,3,2,55,16,NA,NA,"",NA,NA,NA,"13:15","",55,16,71,NA,NA,NA,NA,NA,NA,NA,NA,NA,NA,2,"MR. GENERALISIMO SAN MARTIN","DETALLADO","1, Bus",NA,"Punto movil",NA,NA,NA,NA,NA,NA,NA,NA,NA,NA,"indicacion verbal (reportar en whats app)","NO",NA,NA,"Complete","-16.399258","-71.485107","-16.401184","-71.485367"
"987",989,NA,"2024-09-08 16:54:52","13","gradas virgen de rosario",9,139,2024-09-08,1,"08:00","08:52",2,"","09:10",NA,2,52,NA,NA,NA,NA,NA,"",NA,NA,NA,NA,NA,NA,NA,"",NA,NA,NA,NA,NA,NA,NA,NA,NA,NA,NA,NA,NA,1,2,70,13,NA,NA,"",NA,NA,NA,"13:00","",70,13,83,NA,NA,NA,NA,NA,NA,NA,NA,NA,NA,2,"MR. GENERALISIMO SAN MARTIN","DETALLADO","2. Camioneta/Auto",NA,"Punto movil",NA,NA,NA,NA,NA,NA,NA,NA,NA,NA,"Mapa con zona delimitada","NO",NA,NA,"Complete","-16.399746","-71.486151","-16.403206","-71.485736"
"988",990,NA,"2024-09-08 16:56:50","13","A.H. San miguel zona b y c",10,1310,2024-09-08,1,"08:10","08:50",1,"","09:36",NA,2,54,NA,NA,NA,NA,NA,"",NA,NA,NA,NA,NA,NA,NA,"",NA,NA,NA,NA,NA,NA,NA,NA,NA,NA,NA,NA,NA,3,2,77,13,NA,NA,"",NA,NA,NA,"12:23","",77,13,90,NA,NA,NA,NA,NA,NA,NA,NA,NA,NA,2,"MR. GENERALISIMO SAN MARTIN","DETALLADO","1, Bus",NA,"Punto movil",NA,NA,NA,NA,NA,NA,NA,NA,NA,NA,"indicacion verbal (reportar en whats app)","NO",NA,NA,"Complete","-16.384813","-71.476975","-16.400082","-71.485667"
"989",991,NA,"2024-09-08 16:58:06","13","complejo deportivo señor de huanca",11,1311,2024-09-08,2,"","",NA,"","",2,2,NA,NA,NA,NA,NA,NA,"",NA,NA,NA,NA,NA,NA,NA,"",NA,NA,NA,NA,NA,NA,NA,NA,NA,NA,NA,NA,NA,NA,NA,73,10,NA,NA,"",NA,NA,NA,"","",73,10,83,NA,NA,NA,NA,NA,NA,NA,NA,NA,NA,2,"MR. GENERALISIMO SAN MARTIN","CORTO",NA,"No","Punto movil",NA,NA,NA,NA,NA,NA,NA,NA,NA,NA,NA,NA,NA,NA,"Complete","-16.400076","-71.487274","",""
"990",992,NA,"2024-09-14 14:47:33","12","Plaza umachiri",1,121,2024-09-14,1,"07:47","08:15",2,"","08:30",NA,3,15,1,NA,NA,NA,NA,"",NA,NA,NA,NA,NA,NA,NA,"",NA,NA,NA,NA,NA,NA,NA,NA,NA,NA,NA,NA,NA,NA,NA,NA,NA,1,2,"",70,0,70,"13:05","",70,0,70,NA,NA,NA,NA,NA,NA,NA,NA,NA,NA,2,"MR. MARIANO MELGAR","DETALLADO","2. Camioneta/Auto",NA,"Puerta Puerta","Urbano",NA,NA,NA,NA,NA,NA,NA,NA,NA,NA,NA,"1. Mapa con zona delimitada","Caminar cuadra en cuadra","Complete","-16.399893","-71.506447","",""
"991",993,NA,"2024-09-14 14:50:08","12","Santa rosa de cosio",2,122,2024-09-14,1,"08:20","08:25",2,"","08:30",NA,3,42,1,NA,NA,NA,NA,"",NA,NA,NA,NA,NA,NA,NA,"",NA,NA,NA,NA,NA,NA,NA,NA,NA,NA,NA,NA,NA,NA,NA,NA,NA,1,2,"",34,2,36,"13:10","",34,2,36,NA,NA,NA,NA,NA,NA,NA,NA,NA,NA,2,"MR. MARIANO MELGAR","DETALLADO","2. Camioneta/Auto",NA,"Puerta Puerta","Urbano",NA,NA,NA,NA,NA,NA,NA,NA,NA,NA,NA,"1. Mapa con zona delimitada","Caminar cuadra en cuadra","Complete","-16.394482","-71.505266","",""
"992",994,NA,"2024-09-14 14:52:12","12","San lorenzo",3,123,2024-09-14,1,"07:57","08:24",4,"","08:25",NA,3,44,1,NA,NA,NA,NA,"",NA,NA,NA,NA,NA,NA,NA,"",NA,NA,NA,NA,NA,NA,NA,NA,NA,NA,NA,NA,NA,NA,NA,NA,NA,2,2,"",30,2,32,"13:00","",30,2,32,NA,NA,NA,NA,NA,NA,NA,NA,NA,NA,2,"MR. MARIANO MELGAR","DETALLADO","4. Caminando",NA,"Puerta Puerta","Urbano",NA,NA,NA,NA,NA,NA,NA,NA,NA,NA,NA,"2. Mapa con recorrido de inicio a fin","Caminar cuadra en cuadra","Complete","-16.402857","-71.512671","-16.402.752","-71.514.500"
"993",995,NA,"2024-09-14 14:54:27","12","Estadio revolucion",4,124,2024-09-14,1,"07:49","08:20",2,"","08:35",NA,3,52,1,NA,NA,NA,NA,"",NA,NA,NA,NA,NA,NA,NA,"",NA,NA,NA,NA,NA,NA,NA,NA,NA,NA,NA,NA,NA,NA,NA,NA,NA,1,1,"",40,6,46,"13:07","",40,6,46,NA,NA,NA,NA,NA,NA,NA,NA,NA,NA,2,"MR. MARIANO MELGAR","DETALLADO","2. Camioneta/Auto",NA,"Puerta Puerta","Urbano",NA,NA,NA,NA,NA,NA,NA,NA,NA,NA,NA,"1. Mapa con zona delimitada","Tocar puerta por puerta","Complete","-16.398596","-71.504673","-16.397.907","-71.505.614"
"994",996,NA,"2024-09-14 14:57:34","12","Mercado central",5,125,2024-09-14,1,"07:57","08:38",2,"","08:40",NA,3,12,1,NA,NA,NA,NA,"",NA,NA,NA,NA,NA,NA,NA,"",NA,NA,NA,NA,NA,NA,NA,NA,NA,NA,NA,NA,NA,NA,NA,NA,NA,1,2,"",38,3,41,"12:50","",38,3,41,NA,NA,NA,NA,NA,NA,NA,NA,NA,NA,2,"MR. MARIANO MELGAR","DETALLADO","2. Camioneta/Auto",NA,"Puerta Puerta","Urbano",NA,NA,NA,NA,NA,NA,NA,NA,NA,NA,NA,"1. Mapa con zona delimitada","Caminar cuadra en cuadra","Complete","-16.402510","-71.507854","",""
"995",997,NA,"2024-09-14 15:01:37","12","Cancha ulrichneisser",6,126,2024-09-14,1,"07:52","08:37",2,"","08:47",NA,3,39,1,NA,NA,NA,NA,"",NA,NA,NA,NA,NA,NA,NA,"",NA,NA,NA,NA,NA,NA,NA,NA,NA,NA,NA,NA,NA,NA,NA,NA,NA,1,2,"",89,11,100,"12:57","Jeringas defectuosas",89,11,100,NA,NA,NA,NA,NA,NA,NA,NA,NA,NA,2,"MR. MARIANO MELGAR","DETALLADO","2. Camioneta/Auto",NA,"Puerta Puerta","Urbano",NA,NA,NA,NA,NA,NA,NA,NA,NA,NA,NA,"1. Mapa con zona delimitada","Caminar cuadra en cuadra","Complete","-16.404494","-71.499840","",""
"996",998,NA,"2024-09-14 15:07:46","19","Cural",1,191,2024-09-14,1,"07:56","08:15",NA,"","08:48",NA,3,40,2,NA,NA,NA,NA,"",NA,NA,NA,NA,NA,NA,NA,"",NA,NA,NA,NA,NA,NA,NA,NA,NA,NA,NA,NA,NA,NA,NA,NA,NA,3,1,"",37,0,37,"13:00","",37,0,37,NA,NA,NA,NA,NA,NA,NA,NA,NA,NA,2,"MR. MARISCAL CASTILLA","DETALLADO",NA,NA,"Puerta Puerta","Periurbano",NA,NA,NA,NA,NA,NA,NA,NA,NA,NA,NA,"3. indicacion verbal (reportar en whats app)","Tocar puerta por puerta","Complete","-16.389851","-71.622176","-16.389.645","-71.622.158"
"997",999,NA,"2024-09-14 15:08:43","12","Unidad escolar",8,128,2024-09-14,1,"07:50","08:50",2,"","09:04",NA,3,68,1,NA,NA,NA,NA,"",NA,NA,NA,NA,NA,NA,NA,"",NA,NA,NA,NA,NA,NA,NA,NA,NA,NA,NA,NA,NA,NA,NA,NA,NA,1,1,"",43,0,43,"12:37","",43,0,43,NA,NA,NA,NA,NA,NA,NA,NA,NA,NA,2,"MR. MARIANO MELGAR","DETALLADO","2. Camioneta/Auto",NA,"Puerta Puerta","Urbano",NA,NA,NA,NA,NA,NA,NA,NA,NA,NA,NA,"1. Mapa con zona delimitada","Tocar puerta por puerta","Complete","-16.410115","-71.508766","-16.407.081","-71.510.867"
"998",1000,NA,"2024-09-14 15:12:08","19","Centro de Salud",2,192,2024-09-14,1,"08:00","08:00",2,"","08:00",NA,3,43,1,NA,NA,NA,NA,"",NA,NA,NA,NA,NA,NA,NA,"",NA,NA,NA,NA,NA,NA,NA,NA,NA,NA,NA,NA,NA,NA,NA,NA,NA,3,3,"punto fijo",48,0,48,"12:58","",48,0,48,NA,NA,NA,NA,NA,NA,NA,NA,NA,NA,2,"MR. MARISCAL CASTILLA","DETALLADO","2. Camioneta/Auto",NA,"Puerta Puerta","Urbano",NA,NA,NA,NA,NA,NA,NA,NA,NA,NA,NA,"3. indicacion verbal (reportar en whats app)","Otro","Complete","-16.389054","-71.569011","",""
"999",1001,NA,"2024-09-14 15:12:32","12","Estadio",9,129,2024-09-14,1,"07:50","08:52",2,"","09:01",NA,3,70,1,NA,NA,NA,NA,"",NA,NA,NA,NA,NA,NA,NA,"",NA,NA,NA,NA,NA,NA,NA,NA,NA,NA,NA,NA,NA,NA,NA,NA,NA,1,1,"",30,3,33,"13:10","",30,3,33,NA,NA,NA,NA,NA,NA,NA,NA,NA,NA,2,"MR. MARIANO MELGAR","DETALLADO","2. Camioneta/Auto",NA,"Puerta Puerta","Urbano",NA,NA,NA,NA,NA,NA,NA,NA,NA,NA,NA,"1. Mapa con zona delimitada","Tocar puerta por puerta","Complete","-16.408875","-71.507110","-16.408.265","-71.505.351"
"1000",1002,NA,"2024-09-14 15:14:40","19","cural ",3,193,2024-09-14,1,"07:58","08:15",NA,"","08:48",NA,3,80,2,NA,NA,NA,NA,"",NA,NA,NA,NA,NA,NA,NA,"",NA,NA,NA,NA,NA,NA,NA,NA,NA,NA,NA,NA,NA,NA,NA,NA,NA,3,2,"",69,0,69,"13:00","",69,0,69,NA,NA,NA,NA,NA,NA,NA,NA,NA,NA,2,"MR. MARISCAL CASTILLA","DETALLADO",NA,NA,"Puerta Puerta","Periurbano",NA,NA,NA,NA,NA,NA,NA,NA,NA,NA,NA,"3. indicacion verbal (reportar en whats app)","Caminar cuadra en cuadra","Complete","-16.386787","-71.620556","-16.383.457","-71.616.125"
"1001",1003,NA,"2024-09-14 15:19:01","19","Asociacion san Pablo y san pedro",4,194,2024-09-14,1,"07:30","08:15",NA,"","09:05",NA,3,54,2,NA,NA,NA,NA,"",NA,NA,NA,NA,NA,NA,NA,"",NA,NA,NA,NA,NA,NA,NA,NA,NA,NA,NA,NA,NA,NA,NA,NA,NA,3,2,"",40,0,40,"13:05","",40,0,40,NA,NA,NA,NA,NA,NA,NA,NA,NA,NA,2,"MR. MARISCAL CASTILLA","DETALLADO",NA,NA,"Puerta Puerta","Periurbano",NA,NA,NA,NA,NA,NA,NA,NA,NA,NA,NA,"3. indicacion verbal (reportar en whats app)","Caminar cuadra en cuadra","Complete","-16.377349","-71.631035","",""
"1002",1004,NA,"2024-09-14 15:26:38","19","El cural",5,195,2024-09-14,1,"07:30","08:35",2,"","08:44",NA,3,46,2,NA,NA,NA,NA,"",NA,NA,NA,NA,NA,NA,NA,"",NA,NA,NA,NA,NA,NA,NA,NA,NA,NA,NA,NA,NA,NA,NA,NA,NA,3,1,"",40,0,40,"13:15","",40,0,40,NA,NA,NA,NA,NA,NA,NA,NA,NA,NA,2,"MR. MARISCAL CASTILLA","DETALLADO","2. Camioneta/Auto",NA,"Puerta Puerta","Periurbano",NA,NA,NA,NA,NA,NA,NA,NA,NA,NA,NA,"3. indicacion verbal (reportar en whats app)","Tocar puerta por puerta","Complete","-16.384695","-71.623398","-16.381.716","-71.626.976"
"1003",1005,NA,"2024-09-14 15:31:32","12","Capilla santa rosa",10,1210,2024-09-14,1,"07:45","08:50",4,"","09:00",NA,3,24,1,NA,NA,NA,NA,"",NA,NA,NA,NA,NA,NA,NA,"",NA,NA,NA,NA,NA,NA,NA,NA,NA,NA,NA,NA,NA,NA,NA,NA,NA,1,1,"",40,1,41,"13:00","",40,1,41,NA,NA,NA,NA,NA,NA,NA,NA,NA,NA,2,"MR. MARIANO MELGAR","DETALLADO","4. Caminando",NA,"Puerta Puerta","Urbano",NA,NA,NA,NA,NA,NA,NA,NA,NA,NA,NA,"1. Mapa con zona delimitada","Tocar puerta por puerta","Complete","-16.408596","-71.508834","",""
"1004",1006,NA,"2024-09-14 15:33:59","19","Francisco Bolognesi",6,196,2024-09-14,1,"08:03","08:15",1,"","08:26",NA,3,25,1,NA,NA,NA,NA,"",NA,NA,NA,NA,NA,NA,NA,"",NA,NA,NA,NA,NA,NA,NA,NA,NA,NA,NA,NA,NA,NA,NA,NA,NA,3,2,"",48,2,50,"12:41","",48,2,50,NA,NA,NA,NA,NA,NA,NA,NA,NA,NA,2,"MR. MARISCAL CASTILLA","DETALLADO","1, Bus",NA,"Puerta Puerta","Urbano",NA,NA,NA,NA,NA,NA,NA,NA,NA,NA,NA,"3. indicacion verbal (reportar en whats app)","Caminar cuadra en cuadra","Complete","-16.394979","-71.572222","-16.397.315","-71.571.679"
"1005",1007,NA,"2024-09-14 15:35:52","12","Calle andia",11,1211,2024-09-14,1,"07:57","08:40",4,"","08:53",NA,3,47,1,NA,NA,NA,NA,"",NA,NA,NA,NA,NA,NA,NA,"",NA,NA,NA,NA,NA,NA,NA,NA,NA,NA,NA,NA,NA,NA,NA,NA,NA,1,2,"",78,5,83,"12:40","",78,5,83,NA,NA,NA,NA,NA,NA,NA,NA,NA,NA,2,"MR. MARIANO MELGAR","DETALLADO","4. Caminando",NA,"Puerta Puerta","Urbano",NA,NA,NA,NA,NA,NA,NA,NA,NA,NA,NA,"1. Mapa con zona delimitada","Caminar cuadra en cuadra","Complete","-16.404602","-71.514116","",""
"1006",1008,NA,"2024-09-14 15:37:59","12","Santa rosa",12,1212,2024-09-14,2,"","",NA,"","",2,3,NA,NA,NA,NA,NA,NA,"",NA,NA,NA,NA,NA,NA,NA,"",NA,NA,NA,NA,NA,NA,NA,NA,NA,NA,NA,NA,NA,NA,NA,NA,NA,NA,NA,"",36,4,40,"","",36,4,40,NA,NA,NA,NA,NA,NA,NA,NA,NA,NA,2,"MR. MARIANO MELGAR","CORTO",NA,"No","Puerta Puerta",NA,NA,NA,NA,NA,NA,NA,NA,NA,NA,NA,NA,NA,NA,"Complete","-16.406173","-71.504705","",""
"1007",1009,NA,"2024-09-14 15:39:42","19","Semi Rural Pachacutec ",7,197,2024-09-14,1,"08:12","08:18",NA,"","08:26",NA,3,62,1,NA,NA,NA,NA,"",NA,NA,NA,NA,NA,NA,NA,"",NA,NA,NA,NA,NA,NA,NA,NA,NA,NA,NA,NA,NA,NA,NA,NA,NA,3,3,"punto fijo",64,0,64,"12:30","",64,0,64,NA,NA,NA,NA,NA,NA,NA,NA,NA,NA,2,"MR. MARISCAL CASTILLA","DETALLADO",NA,NA,"Puerta Puerta","Urbano",NA,NA,NA,NA,NA,NA,NA,NA,NA,NA,NA,"3. indicacion verbal (reportar en whats app)","Otro","Complete","-16.394101","-71.571618","-16.395.353","-71.575.309"
"1008",1010,NA,"2024-09-15 08:30:15","19","",8,198,2024-09-14,1,"08:07","08:17",NA,"","08:30",NA,3,63,1,NA,NA,NA,NA,"",NA,NA,NA,NA,NA,NA,NA,"",NA,NA,NA,NA,NA,NA,NA,NA,NA,NA,NA,NA,NA,NA,NA,NA,NA,3,2,"",79,0,79,"12:42","",79,0,79,NA,NA,NA,NA,NA,NA,NA,NA,NA,NA,2,"MR. MARISCAL CASTILLA","DETALLADO",NA,NA,"Puerta Puerta","Urbano",NA,NA,NA,NA,NA,NA,NA,NA,NA,NA,NA,"3. indicacion verbal (reportar en whats app)","Caminar cuadra en cuadra","Complete","-16.394122","-71.577159","-16.394.324","-71.580.641"
"1009",1011,NA,"2024-09-15 08:33:05","19","Semi rural pachacutec",9,199,2024-09-14,1,"08:03","08:15",NA,"","08:36",NA,3,71,1,NA,NA,NA,NA,"",NA,NA,NA,NA,NA,NA,NA,"",NA,NA,NA,NA,NA,NA,NA,NA,NA,NA,NA,NA,NA,NA,NA,NA,NA,2,2,"",60,0,60,"12:50","",60,0,60,NA,NA,NA,NA,NA,NA,NA,NA,NA,NA,2,"MR. MARISCAL CASTILLA","DETALLADO",NA,NA,"Puerta Puerta","Urbano",NA,NA,NA,NA,NA,NA,NA,NA,NA,NA,NA,"2. Mapa con recorrido de inicio a fin","Caminar cuadra en cuadra","Complete","-16.392417","-71.577581","",""
"1010",1012,NA,"2024-09-15 08:36:31","19","",10,1910,2024-09-14,1,"08:03","08:15",NA,"","08:30",NA,3,30,1,NA,NA,NA,NA,"",NA,NA,NA,NA,NA,NA,NA,"",NA,NA,NA,NA,NA,NA,NA,NA,NA,NA,NA,NA,NA,NA,NA,NA,NA,2,2,"",64,0,64,"13:40","",64,0,64,NA,NA,NA,NA,NA,NA,NA,NA,NA,NA,2,"MR. MARISCAL CASTILLA","DETALLADO",NA,NA,"Puerta Puerta","Urbano",NA,NA,NA,NA,NA,NA,NA,NA,NA,NA,NA,"2. Mapa con recorrido de inicio a fin","Caminar cuadra en cuadra","Complete","-16.389474","-71.577930","-16.388.953","-71.575.572"
"1011",1013,NA,"2024-09-15 08:39:19","19","28 de julio",11,1911,2024-09-14,1,"08:03","08:13",NA,"","08:56",NA,3,34,1,NA,NA,NA,NA,"",NA,NA,NA,NA,NA,NA,NA,"",NA,NA,NA,NA,NA,NA,NA,NA,NA,NA,NA,NA,NA,NA,NA,NA,NA,3,2,"",108,0,108,"13:08","",108,0,108,NA,NA,NA,NA,NA,NA,NA,NA,NA,NA,2,"MR. MARISCAL CASTILLA","DETALLADO",NA,NA,"Puerta Puerta","Urbano",NA,NA,NA,NA,NA,NA,NA,NA,NA,NA,NA,"3. indicacion verbal (reportar en whats app)","Caminar cuadra en cuadra","Complete","-16.397371","-71.577507","-16.395.956","-71.579.060"
"1012",1014,NA,"2024-09-15 08:41:20","19","cural",12,1912,2024-09-14,2,"","",NA,"","",2,3,NA,NA,NA,NA,NA,NA,"",NA,NA,NA,NA,NA,NA,NA,"",NA,NA,NA,NA,NA,NA,NA,NA,NA,NA,NA,NA,NA,NA,NA,NA,NA,NA,NA,"",95,0,95,"","",95,0,95,NA,NA,NA,NA,NA,NA,NA,NA,NA,NA,2,"MR. MARISCAL CASTILLA","CORTO",NA,"No","Puerta Puerta",NA,NA,NA,NA,NA,NA,NA,NA,NA,NA,NA,NA,NA,NA,"Complete","-16.376828","-71.632521","",""
"1013",1015,NA,"2024-09-15 08:43:23","19","",13,1913,2024-09-14,1,"08:10","08:26",NA,"","08:40",NA,3,14,1,NA,NA,NA,NA,"",NA,NA,NA,NA,NA,NA,NA,"",NA,NA,NA,NA,NA,NA,NA,NA,NA,NA,NA,NA,NA,NA,NA,NA,NA,3,2,"",43,0,43,"12:25","",43,0,43,NA,NA,NA,NA,NA,NA,NA,NA,NA,NA,2,"MR. MARISCAL CASTILLA","DETALLADO",NA,NA,"Puerta Puerta","Urbano",NA,NA,NA,NA,NA,NA,NA,NA,NA,NA,NA,"3. indicacion verbal (reportar en whats app)","Caminar cuadra en cuadra","Complete","-16.404726","-71.575692","",""
"1014",1016,NA,"2024-09-15 14:10:48","19","Centro de salud Mariscal castilla",1,191,2024-09-15,1,"08:20","08:23",4,"","08:25",NA,3,40,1,NA,NA,NA,NA,"",NA,NA,NA,NA,NA,NA,NA,"",NA,NA,NA,NA,NA,NA,NA,NA,NA,NA,NA,NA,NA,NA,NA,NA,NA,3,3,"Punto fijo",36,0,36,"12:30","",36,0,36,NA,NA,NA,NA,NA,NA,NA,NA,NA,NA,2,"MR. MARISCAL CASTILLA","DETALLADO","4. Caminando",NA,"Puerta Puerta","Urbano",NA,NA,NA,NA,NA,NA,NA,NA,NA,NA,NA,"3. indicacion verbal (reportar en whats app)","Otro","Complete","-16.389238","-71.569125","-16.392.763","-71.567.282"
"1015",1017,NA,"2024-09-15 14:15:30","19","Las bugambilas",5,195,2024-09-15,1,"08:03","08:23",2,"","08:33",NA,3,25,1,NA,NA,NA,NA,"",NA,NA,NA,NA,NA,NA,NA,"",NA,NA,NA,NA,NA,NA,NA,NA,NA,NA,NA,NA,NA,NA,NA,NA,NA,3,2,"",40,0,40,"12:30","Megáfono se apagó a las 10:30",40,0,40,NA,NA,NA,NA,NA,NA,NA,NA,NA,NA,2,"MR. MARISCAL CASTILLA","DETALLADO","2. Camioneta/Auto",NA,"Puerta Puerta","Urbano",NA,NA,NA,NA,NA,NA,NA,NA,NA,NA,NA,"3. indicacion verbal (reportar en whats app)","Caminar cuadra en cuadra","Complete","-16.387324","-71.564498","-16.389.153","-71.565.695"
"1016",1018,NA,"2024-09-15 14:20:12","19","",10,1910,2024-09-15,1,"08:07","08:10",2,"","08:33",NA,3,58,1,NA,NA,NA,NA,"",NA,NA,NA,NA,NA,NA,NA,"",NA,NA,NA,NA,NA,NA,NA,NA,NA,NA,NA,NA,NA,NA,NA,NA,NA,2,1,"",74,0,74,"12:35","",74,0,74,NA,NA,NA,NA,NA,NA,NA,NA,NA,NA,2,"MR. MARISCAL CASTILLA","DETALLADO","2. Camioneta/Auto",NA,"Puerta Puerta","Urbano",NA,NA,NA,NA,NA,NA,NA,NA,NA,NA,NA,"2. Mapa con recorrido de inicio a fin","Tocar puerta por puerta","Complete","-16.394335","-71.579820","",""
"1017",1019,NA,"2024-09-15 14:21:32","19","",13,1913,2024-09-15,2,"","",NA,"","",2,3,NA,NA,NA,NA,NA,NA,"",NA,NA,NA,NA,NA,NA,NA,"",NA,NA,NA,NA,NA,NA,NA,NA,NA,NA,NA,NA,NA,NA,NA,NA,NA,NA,NA,"",60,0,60,"","",60,0,60,NA,NA,NA,NA,NA,NA,NA,NA,NA,NA,2,"MR. MARISCAL CASTILLA","CORTO",NA,"No","Puerta Puerta",NA,NA,NA,NA,NA,NA,NA,NA,NA,NA,NA,NA,NA,NA,"Complete","-16.393232","-71.575766","",""
"1018",1020,NA,"2024-09-15 14:23:09","19","Semirural pachacutec",15,1915,2024-09-15,2,"","",NA,"","",2,3,NA,NA,NA,NA,NA,NA,"",NA,NA,NA,NA,NA,NA,NA,"",NA,NA,NA,NA,NA,NA,NA,NA,NA,NA,NA,NA,NA,NA,NA,NA,NA,NA,NA,"",61,0,61,"","",61,0,61,NA,NA,NA,NA,NA,NA,NA,NA,NA,NA,2,"MR. MARISCAL CASTILLA","CORTO",NA,"No","Puerta Puerta",NA,NA,NA,NA,NA,NA,NA,NA,NA,NA,NA,NA,NA,NA,"Complete","-16.394452","-71.581507","",""
"1019",1021,NA,"2024-09-15 14:28:45","12","Parque umachiri",1,121,2024-09-15,1,"07:45","08:26",4,"","08:34",NA,3,15,1,NA,NA,NA,NA,"",NA,NA,NA,NA,NA,NA,NA,"",NA,NA,NA,NA,NA,NA,NA,NA,NA,NA,NA,NA,NA,NA,NA,NA,NA,1,2,"",35,1,36,"12:40","",35,1,36,NA,NA,NA,NA,NA,NA,NA,NA,NA,NA,2,"MR. MARIANO MELGAR","DETALLADO","4. Caminando",NA,"Puerta Puerta","Urbano",NA,NA,NA,NA,NA,NA,NA,NA,NA,NA,NA,"1. Mapa con zona delimitada","Caminar cuadra en cuadra","Complete","-16.400515","-71.505875","-16.401.674","-71.506.676"
"1020",1022,NA,"2024-09-15 14:31:32","12","San lorenzo",2,122,2024-09-15,1,"07:55","08:30",2,"","08:35",NA,3,42,1,NA,NA,NA,NA,"",NA,NA,NA,NA,NA,NA,NA,"",NA,NA,NA,NA,NA,NA,NA,NA,NA,NA,NA,NA,NA,NA,NA,NA,NA,2,2,"",42,3,45,"13:18","",42,3,45,NA,NA,NA,NA,NA,NA,NA,NA,NA,NA,2,"MR. MARIANO MELGAR","DETALLADO","2. Camioneta/Auto",NA,"Puerta Puerta","Urbano",NA,NA,NA,NA,NA,NA,NA,NA,NA,NA,NA,"2. Mapa con recorrido de inicio a fin","Caminar cuadra en cuadra","Complete","-16.396826","-71.508118","-16.400.056","-71.511.904"
"1021",1023,NA,"2024-09-15 14:56:51","12","Estadio revolución",4,124,2024-09-15,1,"07:40","08:00",2,"","08:10",NA,3,52,1,NA,NA,NA,NA,"",NA,NA,NA,NA,NA,NA,NA,"",NA,NA,NA,NA,NA,NA,NA,NA,NA,NA,NA,NA,NA,NA,NA,NA,NA,1,2,"",19,1,20,"13:10","",19,1,20,NA,NA,NA,NA,NA,NA,NA,NA,NA,NA,2,"MR. MARIANO MELGAR","DETALLADO","2. Camioneta/Auto",NA,"Puerta Puerta","Urbano",NA,NA,NA,NA,NA,NA,NA,NA,NA,NA,NA,"1. Mapa con zona delimitada","Caminar cuadra en cuadra","Complete","-16.397975","-71.502981","-16.397.725","-71.506.786"
"1022",1024,NA,"2024-09-15 14:58:54","12","Mercado central",5,125,2024-09-15,1,"07:50","08:18",4,"","08:36",NA,3,12,1,NA,NA,NA,NA,"",NA,NA,NA,NA,NA,NA,NA,"",NA,NA,NA,NA,NA,NA,NA,NA,NA,NA,NA,NA,NA,NA,NA,NA,NA,1,2,"",37,2,39,"12:40","",37,2,39,NA,NA,NA,NA,NA,NA,NA,NA,NA,NA,2,"MR. MARIANO MELGAR","DETALLADO","4. Caminando",NA,"Puerta Puerta","Urbano",NA,NA,NA,NA,NA,NA,NA,NA,NA,NA,NA,"1. Mapa con zona delimitada","Caminar cuadra en cuadra","Complete","-16.401891","-71.507262","-16.403.791","-71.507.835"
"1023",1025,NA,"2024-09-15 15:01:11","12","Ulrich neisser",6,1239,2024-09-15,1,"07:55","08:30",2,"","08:40",NA,3,39,1,NA,NA,NA,NA,"",NA,NA,NA,NA,NA,NA,NA,"",NA,NA,NA,NA,NA,NA,NA,NA,NA,NA,NA,NA,NA,NA,NA,NA,NA,1,2,"",48,5,53,"12:30","",48,5,53,NA,NA,NA,NA,NA,NA,NA,NA,NA,NA,2,"MR. MARIANO MELGAR","DETALLADO","2. Camioneta/Auto",NA,"Puerta Puerta","Urbano",NA,NA,NA,NA,NA,NA,NA,NA,NA,NA,NA,"1. Mapa con zona delimitada","Caminar cuadra en cuadra","Complete","-16.404967","-71.500935","-16.399.305","-71.506.417"
"1024",1026,NA,"2024-09-15 15:05:19","12","Mercado santa rosa",7,127,2024-09-15,1,"07:53","08:53",2,"","09:05",NA,3,35,1,NA,NA,NA,NA,"",NA,NA,NA,NA,NA,NA,NA,"",NA,NA,NA,NA,NA,NA,NA,NA,NA,NA,NA,NA,NA,NA,NA,NA,NA,1,2,"",75,5,80,"13:00","Hubo 2 mordeduras una a una vecina y el otro fue al mismo dueño dek perro",75,5,80,NA,NA,NA,NA,NA,NA,NA,NA,NA,NA,2,"MR. MARIANO MELGAR","DETALLADO","2. Camioneta/Auto",NA,"Puerta Puerta","Urbano",NA,NA,NA,NA,NA,NA,NA,NA,NA,NA,NA,"1. Mapa con zona delimitada","Caminar cuadra en cuadra","Complete","-16.407728","-71.503230","-16.408.663","-71.505.084"
"1025",1027,NA,"2024-09-15 15:07:04","12","Gran unidad escolar",8,128,2024-09-15,1,"07:44","08:50",2,"","08:58",NA,3,8,1,NA,NA,NA,NA,"",NA,NA,NA,NA,NA,NA,NA,"",NA,NA,NA,NA,NA,NA,NA,NA,NA,NA,NA,NA,NA,NA,NA,NA,NA,1,1,"",42,3,45,"12:30","",42,3,45,NA,NA,NA,NA,NA,NA,NA,NA,NA,NA,2,"MR. MARIANO MELGAR","DETALLADO","2. Camioneta/Auto",NA,"Puerta Puerta","Urbano",NA,NA,NA,NA,NA,NA,NA,NA,NA,NA,NA,"1. Mapa con zona delimitada","Tocar puerta por puerta","Complete","-16.409279","-71.511171","-16.406.775","-71.511.447"
"1026",1028,NA,"2024-09-15 15:09:14","12","",9,129,2024-09-15,1,"07:44","08:53",2,"","08:59",NA,3,70,1,NA,NA,NA,NA,"",NA,NA,NA,NA,NA,NA,NA,"",NA,NA,NA,NA,NA,NA,NA,NA,NA,NA,NA,NA,NA,NA,NA,NA,NA,1,1,"",38,5,43,"12:50","Mordedura de gato",38,5,43,NA,NA,NA,NA,NA,NA,NA,NA,NA,NA,2,"MR. MARIANO MELGAR","DETALLADO","2. Camioneta/Auto",NA,"Puerta Puerta","Urbano",NA,NA,NA,NA,NA,NA,NA,NA,NA,NA,NA,"1. Mapa con zona delimitada","Tocar puerta por puerta","Complete","-16.407023","-71.505682","-16.404.509","-71.508.154"
"1027",1029,NA,"2024-09-15 15:10:51","12","Capilla santa rosa",10,1210,2024-09-15,1,"07:46","08:55",2,"","09:04",NA,3,24,1,NA,NA,NA,NA,"",NA,NA,NA,NA,NA,NA,NA,"",NA,NA,NA,NA,NA,NA,NA,NA,NA,NA,NA,NA,NA,NA,NA,NA,NA,1,2,"",31,3,34,"12:53","",31,3,34,NA,NA,NA,NA,NA,NA,NA,NA,NA,NA,2,"MR. MARIANO MELGAR","DETALLADO","2. Camioneta/Auto",NA,"Puerta Puerta","Urbano",NA,NA,NA,NA,NA,NA,NA,NA,NA,NA,NA,"1. Mapa con zona delimitada","Caminar cuadra en cuadra","Complete","-16.410537","-71.508142","-16.408.698","-71.508.169"
"1028",1030,NA,"2024-09-15 15:12:02","12","Plaza umachiri",11,1211,2024-09-15,2,"","",NA,"","",2,3,NA,NA,NA,NA,NA,NA,"",NA,NA,NA,NA,NA,NA,NA,"",NA,NA,NA,NA,NA,NA,NA,NA,NA,NA,NA,NA,NA,NA,NA,NA,NA,NA,NA,"",46,4,50,"","",46,4,50,NA,NA,NA,NA,NA,NA,NA,NA,NA,NA,2,"MR. MARIANO MELGAR","CORTO",NA,"No","Puerta Puerta",NA,NA,NA,NA,NA,NA,NA,NA,NA,NA,NA,NA,NA,NA,"Complete","-16.409578","-71.511005","",""
"1029",1031,NA,"2024-09-16 17:22:36","12","Mercado Santa Rosa ",7,127,2024-09-14,1,"07:49","08:51",2,"","09:00",NA,3,35,1,NA,NA,NA,NA,"",NA,NA,NA,NA,NA,NA,NA,"",NA,NA,NA,NA,NA,NA,NA,NA,NA,NA,NA,NA,NA,NA,NA,NA,NA,1,1,"",86,4,90,"13:18","2 vacunas desechos porque el perro se movio, concientizar a las personas a que se cuiden o laven las heridas que les ocaciona sus propios mascotas ",86,4,90,NA,NA,NA,NA,NA,NA,NA,NA,NA,NA,2,"MR. MARIANO MELGAR","DETALLADO","2. Camioneta/Auto",NA,"Puerta Puerta","Urbano",NA,NA,NA,NA,NA,NA,NA,NA,NA,NA,NA,"1. Mapa con zona delimitada","Tocar puerta por puerta","Complete","-16.407345","-71.500557","-16.407.314","-71.501.137"
"1030",1032,NA,"2024-09-17 08:31:30","13","Mercado tupac amaru ",1,131,2024-09-14,2,"","",NA,"","",2,1,NA,NA,63,10,NA,NA,"",NA,NA,NA,NA,NA,NA,NA,"",NA,NA,NA,NA,NA,NA,NA,NA,NA,NA,NA,NA,NA,NA,NA,NA,NA,NA,NA,"",NA,NA,NA,"","",63,10,73,NA,NA,NA,NA,NA,NA,NA,NA,NA,NA,2,"MR. GENERALISIMO SAN MARTIN","CORTO",NA,"No","Punto fijo",NA,NA,NA,NA,NA,NA,NA,NA,NA,NA,NA,NA,NA,NA,"Complete","-16.403345","-71.490673","-16.401.983","-71.490.412"
"1031",1033,NA,"2024-09-17 08:44:39","13","Nuevo milenio ",2,132,2024-09-14,2,"","",NA,"","",2,1,NA,NA,56,10,NA,NA,"",NA,NA,NA,NA,NA,NA,NA,"",NA,NA,NA,NA,NA,NA,NA,NA,NA,NA,NA,NA,NA,NA,NA,NA,NA,NA,NA,"",NA,NA,NA,"","",56,10,66,NA,NA,NA,NA,NA,NA,NA,NA,NA,NA,2,"MR. GENERALISIMO SAN MARTIN","CORTO",NA,"No","Punto fijo",NA,NA,NA,NA,NA,NA,NA,NA,NA,NA,NA,NA,NA,NA,"Complete","-16.395222","-71.483769","",""
"1032",1034,NA,"2024-09-17 08:46:58","13","Asoc. Nuevo milenio",3,133,2024-09-14,2,"","",NA,"","",2,1,NA,NA,48,4,NA,NA,"",NA,NA,NA,NA,NA,NA,NA,"",NA,NA,NA,NA,NA,NA,NA,NA,NA,NA,NA,NA,NA,NA,NA,NA,NA,NA,NA,"",NA,NA,NA,"","Muchos perros sin dueño, perros en casa pero los dueños no querían vacunarlos ",48,4,52,NA,NA,NA,NA,NA,NA,NA,NA,NA,NA,2,"MR. GENERALISIMO SAN MARTIN","CORTO",NA,"No","Punto fijo",NA,NA,NA,NA,NA,NA,NA,NA,NA,NA,NA,NA,NA,NA,"Complete","-16.396768","-71.483928","-16.404.380","-71.489.471"
"1033",1035,NA,"2024-09-17 08:48:18","13","Cancha A.H. Los Olivos",4,134,2024-09-14,2,"","",NA,"","",2,1,NA,NA,100,0,NA,NA,"",NA,NA,NA,NA,NA,NA,NA,"",NA,NA,NA,NA,NA,NA,NA,NA,NA,NA,NA,NA,NA,NA,NA,NA,NA,NA,NA,"",NA,NA,NA,"","",100,0,100,NA,NA,NA,NA,NA,NA,NA,NA,NA,NA,2,"MR. GENERALISIMO SAN MARTIN","CORTO",NA,"No","Punto fijo",NA,NA,NA,NA,NA,NA,NA,NA,NA,NA,NA,NA,NA,NA,"Complete","-16.393726","-71.485551","",""
"1034",1036,NA,"2024-09-17 08:51:39","13","Iglesia cerro Belén ",5,135,2024-09-14,1,"07:50","08:50",6,"Ambulancia","09:15",NA,1,37,NA,24,1,2,NA,"",NA,NA,NA,NA,NA,NA,NA,"",NA,NA,NA,NA,NA,NA,NA,NA,NA,NA,NA,NA,NA,NA,NA,NA,NA,NA,NA,"",NA,NA,NA,"12:40","",24,1,25,NA,NA,NA,NA,NA,NA,NA,NA,NA,NA,2,"MR. GENERALISIMO SAN MARTIN","DETALLADO","6. Otros (Especificar)",NA,"Punto fijo",NA,"NO",NA,NA,NA,NA,NA,NA,NA,NA,NA,NA,NA,NA,"Complete","-16.397154","-71.489437","",""
"1035",1037,NA,"2024-09-17 08:53:50","13","Chaparral",6,136,2024-09-14,1,"08:55","09:02",6,"Ambulancia","09:25",NA,2,78,NA,NA,NA,NA,NA,"",NA,NA,NA,NA,NA,NA,NA,"",NA,NA,NA,NA,NA,NA,NA,NA,NA,NA,NA,NA,NA,3,2,34,6,NA,NA,"",NA,NA,NA,"12:10","",34,6,40,NA,NA,NA,NA,NA,NA,NA,NA,NA,NA,2,"MR. GENERALISIMO SAN MARTIN","DETALLADO","6. Otros (Especificar)",NA,"Punto movil",NA,NA,NA,NA,NA,NA,NA,NA,NA,NA,"indicacion verbal (reportar en whats app)","NO",NA,NA,"Complete","-16.390728","-71.481838","-16.392725","-71.484024"
"1036",1038,NA,"2024-09-17 08:56:01","13","Cancha Juan Pablo Segundo ",7,137,2024-09-14,1,"08:55","09:00",6,"Ambulancia","09:07",NA,1,29,NA,42,7,2,NA,"",NA,NA,NA,NA,NA,NA,NA,"",NA,NA,NA,NA,NA,NA,NA,NA,NA,NA,NA,NA,NA,NA,NA,NA,NA,NA,NA,"",NA,NA,NA,"13:00","",42,7,49,NA,NA,NA,NA,NA,NA,NA,NA,NA,NA,2,"MR. GENERALISIMO SAN MARTIN","DETALLADO","6. Otros (Especificar)",NA,"Punto fijo",NA,"NO",NA,NA,NA,NA,NA,NA,NA,NA,NA,NA,NA,NA,"Complete","-16.400208","-71.488894","-16.400.695","-71.488.526"
"1037",1039,NA,"2024-09-17 08:57:44","13","Complejo deportivo Pueblo Libre",8,138,2024-09-14,1,"08:30","09:30",6,"Ambulancia","09:45",NA,1,13,NA,23,7,2,NA,"",NA,NA,NA,NA,NA,NA,NA,"",NA,NA,NA,NA,NA,NA,NA,NA,NA,NA,NA,NA,NA,NA,NA,NA,NA,NA,NA,"",NA,NA,NA,"13:00","",23,7,30,NA,NA,NA,NA,NA,NA,NA,NA,NA,NA,2,"MR. GENERALISIMO SAN MARTIN","DETALLADO","6. Otros (Especificar)",NA,"Punto fijo",NA,"NO",NA,NA,NA,NA,NA,NA,NA,NA,NA,NA,NA,NA,"Complete","-16.393571","-71.493191","",""
"1038",1040,NA,"2024-09-17 08:59:36","13","Buen Pastor",9,139,2024-09-14,1,"08:00","09:00",6,"Ambulancia","09:18",NA,2,76,NA,NA,NA,NA,NA,"",NA,NA,NA,NA,NA,NA,NA,"",NA,NA,NA,NA,NA,NA,NA,NA,NA,NA,NA,NA,NA,3,2,45,7,NA,NA,"",NA,NA,NA,"12:40","",45,7,52,NA,NA,NA,NA,NA,NA,NA,NA,NA,NA,2,"MR. GENERALISIMO SAN MARTIN","DETALLADO","6. Otros (Especificar)",NA,"Punto movil",NA,NA,NA,NA,NA,NA,NA,NA,NA,NA,"indicacion verbal (reportar en whats app)","NO",NA,NA,"Complete","-16.389575","-71.486275","",""
"1039",1041,NA,"2024-09-17 09:00:45","13","San Valentin",10,1310,2024-09-14,2,"","",NA,"","",2,1,NA,NA,23,2,NA,NA,"",NA,NA,NA,NA,NA,NA,NA,"",NA,NA,NA,NA,NA,NA,NA,NA,NA,NA,NA,NA,NA,NA,NA,NA,NA,NA,NA,"",NA,NA,NA,"","",23,2,25,NA,NA,NA,NA,NA,NA,NA,NA,NA,NA,2,"MR. GENERALISIMO SAN MARTIN","CORTO",NA,"No","Punto fijo",NA,NA,NA,NA,NA,NA,NA,NA,NA,NA,NA,NA,NA,NA,"Complete","-16.392987","-71.483677","",""
"1040",1042,NA,"2024-09-17 09:25:44","13","Parque EEUU",1,131,2024-09-15,2,"","",NA,"","",2,1,NA,NA,55,13,NA,NA,"",NA,NA,NA,NA,NA,NA,NA,"",NA,NA,NA,NA,NA,NA,NA,NA,NA,NA,NA,NA,NA,NA,NA,NA,NA,NA,NA,"",NA,NA,NA,"","Muchos perros callejeros sin dueños, tenían veterinario",55,13,68,NA,NA,NA,NA,NA,NA,NA,NA,NA,NA,2,"MR. GENERALISIMO SAN MARTIN","CORTO",NA,"No","Punto fijo",NA,NA,NA,NA,NA,NA,NA,NA,NA,NA,NA,NA,NA,NA,"Complete","-16.403567","-71.494610","-16.403.956","-71.491.487"
"1041",1043,NA,"2024-09-17 09:26:52","13","Buena vista",3,133,2024-09-15,2,"","",NA,"","",2,1,NA,NA,54,15,NA,NA,"",NA,NA,NA,NA,NA,NA,NA,"",NA,NA,NA,NA,NA,NA,NA,NA,NA,NA,NA,NA,NA,NA,NA,NA,NA,NA,NA,"",NA,NA,NA,"","",54,15,69,NA,NA,NA,NA,NA,NA,NA,NA,NA,NA,2,"MR. GENERALISIMO SAN MARTIN","CORTO",NA,"No","Punto fijo",NA,NA,NA,NA,NA,NA,NA,NA,NA,NA,NA,NA,NA,NA,"Complete","-16.398051","-71.496458","",""
"1042",1044,NA,"2024-09-17 09:29:17","13","Parque 17 de agosto ",4,134,2024-09-15,1,"08:10","08:15",6,"Ambulancia","08:30",NA,1,13,NA,41,5,1,3,"11:20",2,NA,NA,28,2,2,NA,"",NA,NA,NA,NA,NA,NA,NA,NA,NA,NA,NA,NA,NA,NA,NA,NA,NA,NA,NA,"",NA,NA,NA,"12:30","",69,7,76,NA,NA,NA,NA,NA,NA,NA,NA,NA,NA,2,"MR. GENERALISIMO SAN MARTIN","DETALLADO","6. Otros (Especificar)",NA,"Punto fijo",NA,"SI","Yo mismo","Cambiamos a Punto movil","NO",NA,NA,NA,NA,NA,NA,NA,NA,NA,"Complete","-16.401768","-71.494420","-16.402.565","-71.492.897"
"1043",1045,NA,"2024-09-17 09:31:38","13","Loza Deportiva Santo Domingo ",5,135,2024-09-15,1,"07:58","08:05",6,"Ambulancia","08:10",NA,1,37,NA,53,22,2,NA,"",NA,NA,NA,NA,NA,NA,NA,"",NA,NA,NA,NA,NA,NA,NA,NA,NA,NA,NA,NA,NA,NA,NA,NA,NA,NA,NA,"",NA,NA,NA,"12:21","Me mordió un gato ",53,22,75,NA,NA,NA,NA,NA,NA,NA,NA,NA,NA,2,"MR. GENERALISIMO SAN MARTIN","DETALLADO","6. Otros (Especificar)",NA,"Punto fijo",NA,"NO",NA,NA,NA,NA,NA,NA,NA,NA,NA,NA,NA,NA,"Complete","-16.401674","-71.492603","",""
"1044",1046,NA,"2024-09-17 09:34:05","13","AH. Villa Maria de Triunfo ",6,136,2024-09-15,1,"08:02","08:09",6,"Ambulancia","08:40",NA,2,64,NA,NA,NA,NA,NA,"",NA,NA,NA,NA,NA,NA,NA,"",NA,NA,NA,NA,NA,NA,NA,NA,NA,NA,NA,NA,NA,3,2,46,1,NA,NA,"",NA,NA,NA,"12:10","Nos recogieron a las 12 por un incidente de otro equipo",46,1,47,NA,NA,NA,NA,NA,NA,NA,NA,NA,NA,2,"MR. GENERALISIMO SAN MARTIN","DETALLADO","6. Otros (Especificar)",NA,"Punto movil",NA,NA,NA,NA,NA,NA,NA,NA,NA,NA,"indicacion verbal (reportar en whats app)","NO",NA,NA,"Complete","-16.396272","-71.492578","-16.395.937","-71.492.415"
"1045",1047,NA,"2024-09-17 09:35:20","13","Maria montesori",7,137,2024-09-15,2,"","",NA,"","",2,1,NA,NA,63,7,NA,NA,"",NA,NA,NA,NA,NA,NA,NA,"",NA,NA,NA,NA,NA,NA,NA,NA,NA,NA,NA,NA,NA,NA,NA,NA,NA,NA,NA,"",NA,NA,NA,"","",63,7,70,NA,NA,NA,NA,NA,NA,NA,NA,NA,NA,2,"MR. GENERALISIMO SAN MARTIN","CORTO",NA,"No","Punto fijo",NA,NA,NA,NA,NA,NA,NA,NA,NA,NA,NA,NA,NA,NA,"Complete","-16.397082","-71.490430","",""
"1046",1048,NA,"2024-09-17 09:37:39","13","Cancha de Jose Maria Arguedas",8,138,2024-09-15,1,"08:47","08:48",6,"Ambulancia ","08:57",NA,1,18,NA,37,14,2,NA,"",NA,NA,NA,NA,NA,NA,NA,"",NA,NA,NA,NA,NA,NA,NA,NA,NA,NA,NA,NA,NA,NA,NA,NA,NA,NA,NA,"",NA,NA,NA,"12:49","",37,14,51,NA,NA,NA,NA,NA,NA,NA,NA,NA,NA,2,"MR. GENERALISIMO SAN MARTIN","DETALLADO","6. Otros (Especificar)",NA,"Punto fijo",NA,"NO",NA,NA,NA,NA,NA,NA,NA,NA,NA,NA,NA,NA,"Complete","-16.397054","-71.491259","",""
"1047",1049,NA,"2024-09-17 09:39:59","13","La rinconada",9,139,2024-09-15,1,"07:56","08:12",6,"Ambulancia","08:25",NA,1,66,NA,25,0,1,1,"09:52",2,NA,NA,75,10,2,NA,"",NA,NA,NA,NA,NA,NA,NA,NA,NA,NA,NA,NA,NA,NA,NA,NA,NA,NA,NA,"",NA,NA,NA,"12:40","",100,10,110,NA,NA,NA,NA,NA,NA,NA,NA,NA,NA,2,"MR. GENERALISIMO SAN MARTIN","DETALLADO","6. Otros (Especificar)",NA,"Punto fijo",NA,"SI","Microred","Cambiamos a Punto movil","NO",NA,NA,NA,NA,NA,NA,NA,NA,NA,"Complete","-16.399197","-71.494262","-16.397.543","-71.492.818"
"1048",1050,NA,"2024-09-17 09:41:05","13","Frontis Arequipa",10,1310,2024-09-15,2,"","",NA,"","",2,1,NA,NA,39,3,NA,NA,"",NA,NA,NA,NA,NA,NA,NA,"",NA,NA,NA,NA,NA,NA,NA,NA,NA,NA,NA,NA,NA,NA,NA,NA,NA,NA,NA,"",NA,NA,NA,"","",39,3,42,NA,NA,NA,NA,NA,NA,NA,NA,NA,NA,2,"MR. GENERALISIMO SAN MARTIN","CORTO",NA,"No","Punto fijo",NA,NA,NA,NA,NA,NA,NA,NA,NA,NA,NA,NA,NA,NA,"Complete","-16.399984","-71.496534","",""
"1049",1051,NA,"2024-09-17 09:50:50","19","Colegio Túpac Amaru",2,192,2024-09-15,1,"08:04","08:20",6,"Ambulancia","08:23",NA,3,80,1,NA,NA,NA,NA,"",NA,NA,NA,NA,NA,NA,NA,"",NA,NA,NA,NA,NA,NA,NA,NA,NA,NA,NA,NA,NA,NA,NA,NA,NA,3,2,"",74,0,74,"12:20","",74,0,74,NA,NA,NA,NA,NA,NA,NA,NA,NA,NA,2,"MR. MARISCAL CASTILLA","DETALLADO","6. Otros (Especificar)",NA,"Puerta Puerta","Urbano",NA,NA,NA,NA,NA,NA,NA,NA,NA,NA,NA,"3. indicacion verbal (reportar en whats app)","Caminar cuadra en cuadra","Complete","-16.385769","-71.568166","-16.386.660","-71.569.119"
"1050",1052,NA,"2024-09-17 09:52:43","19","Sudamericana",3,193,2024-09-15,1,"08:01","08:16",6,"Ambulancia","08:26",NA,3,54,1,NA,NA,NA,NA,"",NA,NA,NA,NA,NA,NA,NA,"",NA,NA,NA,NA,NA,NA,NA,NA,NA,NA,NA,NA,NA,NA,NA,NA,NA,3,2,"",77,3,80,"12:11","",77,3,80,NA,NA,NA,NA,NA,NA,NA,NA,NA,NA,2,"MR. MARISCAL CASTILLA","DETALLADO","6. Otros (Especificar)",NA,"Puerta Puerta","Urbano",NA,NA,NA,NA,NA,NA,NA,NA,NA,NA,NA,"3. indicacion verbal (reportar en whats app)","Caminar cuadra en cuadra","Complete","-16.385469","-71.567224","-16.389.099","-71.567.636"
"1051",1053,NA,"2024-09-17 09:54:36","19","Balle Blanco",4,194,2024-09-15,1,"08:05","08:20",6,"Ambulancia","08:50",NA,3,46,1,NA,NA,NA,NA,"",NA,NA,NA,NA,NA,NA,NA,"",NA,NA,NA,NA,NA,NA,NA,NA,NA,NA,NA,NA,NA,NA,NA,NA,NA,3,2,"",80,0,80,"12:30","",80,0,80,NA,NA,NA,NA,NA,NA,NA,NA,NA,NA,2,"MR. MARISCAL CASTILLA","DETALLADO","6. Otros (Especificar)",NA,"Puerta Puerta","Urbano",NA,NA,NA,NA,NA,NA,NA,NA,NA,NA,NA,"3. indicacion verbal (reportar en whats app)","Caminar cuadra en cuadra","Complete","-16.391854","-71.564130","-16.389.901","-71.563.345"
"1052",1054,NA,"2024-09-17 09:56:51","19","Complejo deportivo Carlos Zevallos",6,196,2024-09-15,1,"08:00","08:20",6,"Ambulancia","08:43",NA,3,43,1,NA,NA,NA,NA,"",NA,NA,NA,NA,NA,NA,NA,"",NA,NA,NA,NA,NA,NA,NA,NA,NA,NA,NA,NA,NA,NA,NA,NA,NA,3,2,"",53,0,53,"12:18","",53,0,53,NA,NA,NA,NA,NA,NA,NA,NA,NA,NA,2,"MR. MARISCAL CASTILLA","DETALLADO","6. Otros (Especificar)",NA,"Puerta Puerta","Urbano",NA,NA,NA,NA,NA,NA,NA,NA,NA,NA,NA,"3. indicacion verbal (reportar en whats app)","Caminar cuadra en cuadra","Complete","-16.392672","-71.560873","-16.392.707","-71.562.647"
"1053",1055,NA,"2024-09-17 09:59:20","19","Semirural",7,197,2024-09-15,1,"08:07","08:15",6,"Ambulancia","08:30",NA,3,63,2,NA,NA,NA,NA,"",NA,NA,NA,NA,NA,NA,NA,"",NA,NA,NA,NA,NA,NA,NA,NA,NA,NA,NA,NA,NA,NA,NA,NA,NA,3,2,"",88,0,88,"12:01","",88,0,88,NA,NA,NA,NA,NA,NA,NA,NA,NA,NA,2,"MR. MARISCAL CASTILLA","DETALLADO","6. Otros (Especificar)",NA,"Puerta Puerta","Periurbano",NA,NA,NA,NA,NA,NA,NA,NA,NA,NA,NA,"3. indicacion verbal (reportar en whats app)","Caminar cuadra en cuadra","Complete","-16.394081","-71.575403","-16.401.029","-71.576.004"
"1054",1056,NA,"2024-09-17 10:01:31","19","Semirural Pachacutec",8,198,2024-09-15,1,"08:06","08:15",6,"Ambulancia","08:40",NA,3,71,1,NA,NA,NA,NA,"",NA,NA,NA,NA,NA,NA,NA,"",NA,NA,NA,NA,NA,NA,NA,NA,NA,NA,NA,NA,NA,NA,NA,NA,NA,3,2,"",100,0,100,"12:00","",100,0,100,NA,NA,NA,NA,NA,NA,NA,NA,NA,NA,2,"MR. MARISCAL CASTILLA","DETALLADO","6. Otros (Especificar)",NA,"Puerta Puerta","Urbano",NA,NA,NA,NA,NA,NA,NA,NA,NA,NA,NA,"3. indicacion verbal (reportar en whats app)","Caminar cuadra en cuadra","Complete","-16.395604","-71.577124","-16.397.135","-71.576.685"
"1055",1057,NA,"2024-09-17 10:04:29","19","Semi rural",9,199,2024-09-15,1,"08:05","08:15",6,"Ambulancia","08:20",NA,3,30,1,NA,NA,NA,NA,"",NA,NA,NA,NA,NA,NA,NA,"",NA,NA,NA,NA,NA,NA,NA,NA,NA,NA,NA,NA,NA,NA,NA,NA,NA,2,2,"",36,0,36,"12:05","Me ubicaron el zona fija, no hubo perro pedi el cambio a Jose santos llegue 11:00 de la mañana",36,0,36,NA,NA,NA,NA,NA,NA,NA,NA,NA,NA,2,"MR. MARISCAL CASTILLA","DETALLADO","6. Otros (Especificar)",NA,"Puerta Puerta","Urbano",NA,NA,NA,NA,NA,NA,NA,NA,NA,NA,NA,"2. Mapa con recorrido de inicio a fin","Caminar cuadra en cuadra","Complete","-16.394138","-71.573055","-16.398.829","-71.567.945"
"1056",1058,NA,"2024-09-17 10:07:34","19","Semi rural",11,1911,2024-09-15,1,"08:09","08:40",6,"Ambulancia","09:04",NA,3,34,1,NA,NA,NA,NA,"",NA,NA,NA,NA,NA,NA,NA,"",NA,NA,NA,NA,NA,NA,NA,NA,NA,NA,NA,NA,NA,NA,NA,NA,NA,3,2,"",68,0,68,"12:10","Se apago el megáfono ",68,0,68,NA,NA,NA,NA,NA,NA,NA,NA,NA,NA,2,"MR. MARISCAL CASTILLA","DETALLADO","6. Otros (Especificar)",NA,"Puerta Puerta","Urbano",NA,NA,NA,NA,NA,NA,NA,NA,NA,NA,NA,"3. indicacion verbal (reportar en whats app)","Caminar cuadra en cuadra","Complete","-16.399786","-71.573284","-16.397.029","-71.574.930"
"1057",1059,NA,"2024-09-17 10:09:26","19","Jose Santos Atahualpa",12,1912,2024-09-15,1,"08:10","09:00",6,"Ambulancia","09:10",NA,3,59,1,NA,NA,NA,NA,"",NA,NA,NA,NA,NA,NA,NA,"",NA,NA,NA,NA,NA,NA,NA,NA,NA,NA,NA,NA,NA,NA,NA,NA,NA,3,2,"",83,0,83,"12:00","",83,0,83,NA,NA,NA,NA,NA,NA,NA,NA,NA,NA,2,"MR. MARISCAL CASTILLA","DETALLADO","6. Otros (Especificar)",NA,"Puerta Puerta","Urbano",NA,NA,NA,NA,NA,NA,NA,NA,NA,NA,NA,"3. indicacion verbal (reportar en whats app)","Caminar cuadra en cuadra","Complete","-16.400505","-71.568561","",""
"1058",1060,NA,"2024-09-17 10:11:35","19","Colegio Juan Santos Atahualpa",14,1914,2024-09-15,1,"08:15","08:30",6,"Ambulancia","08:40",NA,3,33,1,NA,NA,NA,NA,"",NA,NA,NA,NA,NA,NA,NA,"",NA,NA,NA,NA,NA,NA,NA,NA,NA,NA,NA,NA,NA,NA,NA,NA,NA,3,2,"",53,0,53,"12:38","Me indicaron que vaya cuadra por cuadra ",53,0,53,NA,NA,NA,NA,NA,NA,NA,NA,NA,NA,2,"MR. MARISCAL CASTILLA","DETALLADO","6. Otros (Especificar)",NA,"Puerta Puerta","Urbano",NA,NA,NA,NA,NA,NA,NA,NA,NA,NA,NA,"3. indicacion verbal (reportar en whats app)","Caminar cuadra en cuadra","Complete","-16.385107","-71.570126","-16.387.027","-71.572.714"
"1059",1061,NA,"2024-09-21 14:45:30","12","las Rocas ",1,121,2024-09-21,1,"08:00","08:30",2,"","08:37",NA,2,76,NA,NA,NA,NA,NA,"",NA,NA,NA,NA,NA,NA,NA,"",NA,NA,NA,NA,NA,NA,NA,NA,NA,NA,NA,NA,NA,3,NA,38,1,NA,NA,"",NA,NA,NA,"12:30","",38,1,39,NA,NA,NA,NA,NA,NA,NA,NA,NA,NA,2,"MR. MARIANO MELGAR","DETALLADO","2. Camioneta/Auto",NA,"Punto movil",NA,NA,NA,NA,NA,NA,NA,NA,NA,NA,"indicacion verbal (reportar en whats app)",NA,NA,NA,"Complete","-16.395076","-71.496707","",""
"1060",1062,NA,"2024-09-21 14:52:44","12","puesto de salud atalaya",2,122,2024-09-21,2,"","",NA,"","",2,1,NA,NA,36,4,NA,NA,"",NA,NA,NA,NA,NA,NA,NA,"",NA,NA,NA,NA,NA,NA,NA,NA,NA,NA,NA,NA,NA,NA,NA,NA,NA,NA,NA,"",NA,NA,NA,"","",36,4,40,NA,NA,NA,NA,NA,NA,NA,NA,NA,NA,2,"MR. MARIANO MELGAR","CORTO",NA,"No","Punto fijo",NA,NA,NA,NA,NA,NA,NA,NA,NA,NA,NA,NA,NA,NA,"Complete","-16.397657","-71.499994","-16.397109","-71.499831"
"1061",1063,NA,"2024-09-21 14:55:40","12","santo domingo",3,123,2024-09-21,2,"","",NA,"","",2,1,NA,NA,40,6,NA,NA,"",NA,NA,NA,NA,NA,NA,NA,"",NA,NA,NA,NA,NA,NA,NA,NA,NA,NA,NA,NA,NA,NA,NA,NA,NA,NA,NA,"",NA,NA,NA,"","",40,6,46,NA,NA,NA,NA,NA,NA,NA,NA,NA,NA,2,"MR. MARIANO MELGAR","CORTO",NA,"No","Punto fijo",NA,NA,NA,NA,NA,NA,NA,NA,NA,NA,NA,NA,NA,NA,"Complete","-16.398493","-71.498003","",""
"1062",1064,NA,"2024-09-21 14:57:50","12","señor de los milagros",4,124,2024-09-21,2,"","",NA,"","",2,1,NA,NA,24,1,NA,NA,"",NA,NA,NA,NA,NA,NA,NA,"",NA,NA,NA,NA,NA,NA,NA,NA,NA,NA,NA,NA,NA,NA,NA,NA,NA,NA,NA,"",NA,NA,NA,"","",24,1,25,NA,NA,NA,NA,NA,NA,NA,NA,NA,NA,2,"MR. MARIANO MELGAR","CORTO",NA,"No","Punto fijo",NA,NA,NA,NA,NA,NA,NA,NA,NA,NA,NA,NA,NA,NA,"Complete","-16.395766","-71.498377","",""
"1063",1065,NA,"2024-09-21 15:00:22","12","heroes del cenepa",5,125,2024-09-21,2,"","",NA,"","",2,1,NA,NA,60,0,NA,NA,"",NA,NA,NA,NA,NA,NA,NA,"",NA,NA,NA,NA,NA,NA,NA,NA,NA,NA,NA,NA,NA,NA,NA,NA,NA,NA,NA,"",NA,NA,NA,"","",60,0,60,NA,NA,NA,NA,NA,NA,NA,NA,NA,NA,2,"MR. MARIANO MELGAR","CORTO",NA,"No","Punto fijo",NA,NA,NA,NA,NA,NA,NA,NA,NA,NA,NA,NA,NA,NA,"Complete","-16.391405","-71.498604","-16.395210","-71.499088"
"1064",1066,NA,"2024-09-21 15:06:54","13","parque av. peru",1,131,2024-09-21,1,"08:04","08:10",6,"ambulancia","08:13",NA,3,35,1,NA,NA,NA,NA,"",NA,NA,NA,NA,NA,NA,NA,"",NA,NA,NA,NA,NA,NA,NA,NA,NA,NA,NA,NA,NA,NA,NA,NA,NA,3,2,"",70,0,70,"13:00","",70,0,70,NA,NA,NA,NA,NA,NA,NA,NA,NA,NA,2,"MR. GENERALISIMO SAN MARTIN","DETALLADO","6. Otros (Especificar)",NA,"Puerta Puerta","Urbano",NA,NA,NA,NA,NA,NA,NA,NA,NA,NA,NA,"3. indicacion verbal (reportar en whats app)","Caminar cuadra en cuadra","Complete","-16.400642","-71.500651","-16.398498","-71.499977"
"1065",1067,NA,"2024-09-21 15:10:24","13","parque maria nieves",2,132,2024-09-21,1,"08:11","08:11",6,"ambulancia","08:16",NA,3,64,1,NA,NA,NA,NA,"",NA,NA,NA,NA,NA,NA,NA,"",NA,NA,NA,NA,NA,NA,NA,NA,NA,NA,NA,NA,NA,NA,NA,NA,NA,3,3,"punto fijo",51,2,53,"12:44","",51,2,53,NA,NA,NA,NA,NA,NA,NA,NA,NA,NA,2,"MR. GENERALISIMO SAN MARTIN","DETALLADO","6. Otros (Especificar)",NA,"Puerta Puerta","Urbano",NA,NA,NA,NA,NA,NA,NA,NA,NA,NA,NA,"3. indicacion verbal (reportar en whats app)","Otro","Complete","-16.399031","-71.499180","-16.399144","-71.499784"
"1066",1068,NA,"2024-09-21 15:13:58","13","villa san felipe ",3,133,2024-09-21,1,"08:05","08:11",6,"ambulancia","08:21",NA,3,51,1,NA,NA,NA,NA,"",NA,NA,NA,NA,NA,NA,NA,"",NA,NA,NA,NA,NA,NA,NA,NA,NA,NA,NA,NA,NA,NA,NA,NA,NA,3,3,"punto fijo",50,3,53,"12:50","",50,3,53,NA,NA,NA,NA,NA,NA,NA,NA,NA,NA,2,"MR. GENERALISIMO SAN MARTIN","DETALLADO","6. Otros (Especificar)",NA,"Puerta Puerta","Urbano",NA,NA,NA,NA,NA,NA,NA,NA,NA,NA,NA,"3. indicacion verbal (reportar en whats app)","Otro","Complete","-16.405840","-71.495956","",""
"1067",1069,NA,"2024-09-21 15:18:58","13","parque las rocas",4,134,2024-09-21,1,"08:05","08:12",6,"ambulancia","08:24",NA,3,24,1,NA,NA,NA,NA,"",NA,NA,NA,NA,NA,NA,NA,"",NA,NA,NA,NA,NA,NA,NA,NA,NA,NA,NA,NA,NA,NA,NA,NA,NA,3,3,"punto fijo, punto puerta a puerta ",58,14,72,"13:00","",58,14,72,NA,NA,NA,NA,NA,NA,NA,NA,NA,NA,2,"MR. GENERALISIMO SAN MARTIN","DETALLADO","6. Otros (Especificar)",NA,"Puerta Puerta","Urbano",NA,NA,NA,NA,NA,NA,NA,NA,NA,NA,NA,"3. indicacion verbal (reportar en whats app)","Otro","Complete","-16.405166","-71.502353","-16.405615","-71.501625"
"1068",1070,NA,"2024-09-21 15:33:13","13","Centro de salud",5,135,2024-09-21,1,"07:50","08:05",6,"ambulancia","08:05",NA,3,47,1,NA,NA,NA,NA,"",NA,NA,NA,NA,NA,NA,NA,"",NA,NA,NA,NA,NA,NA,NA,NA,NA,NA,NA,NA,NA,NA,NA,NA,NA,3,3,"punto fijo centro de salud",49,5,54,"13:00","",49,5,54,NA,NA,NA,NA,NA,NA,NA,NA,NA,NA,2,"MR. GENERALISIMO SAN MARTIN","DETALLADO","6. Otros (Especificar)",NA,"Puerta Puerta","Urbano",NA,NA,NA,NA,NA,NA,NA,NA,NA,NA,NA,"3. indicacion verbal (reportar en whats app)","Otro","Complete","-16.404566","-71.497568","",""
"1069",1071,NA,"2024-09-21 16:00:50","13","parque ulrich neiser",6,136,2024-09-21,1,"08:18","08:32",6,"ambulancia","08:47",NA,3,60,2,NA,NA,NA,NA,"",NA,NA,NA,NA,NA,NA,NA,"",NA,NA,NA,NA,NA,NA,NA,NA,NA,NA,NA,NA,NA,NA,NA,NA,NA,3,3,"primero punto fijo punto puerta a puerta",26,10,36,"13:05","",26,10,36,NA,NA,NA,NA,NA,NA,NA,NA,NA,NA,2,"MR. GENERALISIMO SAN MARTIN","DETALLADO","6. Otros (Especificar)",NA,"Puerta Puerta","Periurbano",NA,NA,NA,NA,NA,NA,NA,NA,NA,NA,NA,"3. indicacion verbal (reportar en whats app)","Otro","Complete","-16.404887","-71.500319","-16.405636","-71.499225"
"1070",1072,NA,"2024-09-21 16:19:42","13","frente pnp radio patrulla",7,137,2024-09-21,1,"08:00","08:18",6,"ambulancia","08:40",NA,3,21,1,NA,NA,NA,NA,"",NA,NA,NA,NA,NA,NA,NA,"",NA,NA,NA,NA,NA,NA,NA,NA,NA,NA,NA,NA,NA,NA,NA,NA,NA,3,3,"punto fijo",47,12,59,"12:56","",47,12,59,NA,NA,NA,NA,NA,NA,NA,NA,NA,NA,2,"MR. GENERALISIMO SAN MARTIN","DETALLADO","6. Otros (Especificar)",NA,"Puerta Puerta","Urbano",NA,NA,NA,NA,NA,NA,NA,NA,NA,NA,NA,"3. indicacion verbal (reportar en whats app)","Otro","Complete","-16.405178","-71.495104","",""
"1071",1073,NA,"2024-09-21 16:22:46","13","piscina Emilio Saavedra ",8,138,2024-09-21,1,"08:10","08:32",6,"ambulancia","08:50",NA,3,68,1,NA,NA,NA,NA,"",NA,NA,NA,NA,NA,NA,NA,"",NA,NA,NA,NA,NA,NA,NA,NA,NA,NA,NA,NA,NA,NA,NA,NA,NA,3,3,"punto fijo y cuadra a cuadra ",28,0,28,"13:05","",28,0,28,NA,NA,NA,NA,NA,NA,NA,NA,NA,NA,2,"MR. GENERALISIMO SAN MARTIN","DETALLADO","6. Otros (Especificar)",NA,"Puerta Puerta","Urbano",NA,NA,NA,NA,NA,NA,NA,NA,NA,NA,NA,"3. indicacion verbal (reportar en whats app)","Otro","Complete","-16.406866","-71.501442","-16.409104","-71.505904"
"1072",1074,NA,"2024-09-21 16:24:37","13","mercado generalisimo san martin ",9,139,2024-09-21,2,"","",NA,"","",2,3,NA,NA,NA,NA,NA,NA,"",NA,NA,NA,NA,NA,NA,NA,"",NA,NA,NA,NA,NA,NA,NA,NA,NA,NA,NA,NA,NA,NA,NA,NA,NA,NA,NA,"",89,11,100,"","",89,11,100,NA,NA,NA,NA,NA,NA,NA,NA,NA,NA,2,"MR. GENERALISIMO SAN MARTIN","CORTO",NA,"No","Puerta Puerta",NA,NA,NA,NA,NA,NA,NA,NA,NA,NA,NA,NA,NA,NA,"Complete","-16.400980","-71.497665","",""
"1073",1075,NA,"2024-09-21 16:25:48","13","cruce atalaya local buena vista ",10,1310,2024-09-21,2,"","",NA,"","",2,3,NA,NA,NA,NA,NA,NA,"",NA,NA,NA,NA,NA,NA,NA,"",NA,NA,NA,NA,NA,NA,NA,NA,NA,NA,NA,NA,NA,NA,NA,NA,NA,NA,NA,"",30,4,34,"","",30,4,34,NA,NA,NA,NA,NA,NA,NA,NA,NA,NA,2,"MR. GENERALISIMO SAN MARTIN","CORTO",NA,"No","Puerta Puerta",NA,NA,NA,NA,NA,NA,NA,NA,NA,NA,NA,NA,NA,NA,"Complete","-16.394836","-71.497293","-16.397961","-71.497909"
"1074",1076,NA,"2024-09-21 16:31:03","20","alipio ponce",1,201,2024-09-21,1,"08:12","08:27",1,"","08:50",NA,3,NA,1,NA,NA,NA,NA,"",NA,NA,NA,NA,NA,NA,NA,"",NA,NA,NA,NA,NA,NA,NA,NA,NA,NA,NA,NA,NA,NA,NA,NA,NA,1,1,"",38,0,38,"13:22","",38,0,38,NA,NA,NA,NA,NA,NA,NA,NA,NA,NA,2,"MR. MARITZA CAMPOS DIAZ","DETALLADO","1, Bus",NA,"Puerta Puerta","Urbano",NA,NA,NA,NA,NA,NA,NA,NA,NA,NA,NA,"1. Mapa con zona delimitada","Tocar puerta por puerta","Complete","-16.320538","-71.566018","-16.322182","-71.563229"
"1075",1077,NA,"2024-09-21 16:36:56","20","asoc. chachani",2,202,2024-09-21,1,"08:10","08:25",2,"","08:47",NA,3,NA,NA,NA,NA,NA,NA,"",NA,NA,NA,NA,NA,NA,NA,"",NA,NA,NA,NA,NA,NA,NA,NA,NA,NA,NA,NA,NA,NA,NA,NA,NA,4,1,"",56,NA,56,"13:15","",56,NA,56,NA,NA,NA,NA,NA,NA,NA,NA,NA,NA,2,"MR. MARITZA CAMPOS DIAZ","DETALLADO","2. Camioneta/Auto",NA,"Puerta Puerta",NA,NA,NA,NA,NA,NA,NA,NA,NA,NA,NA,NA,"4. Mapa digital","Tocar puerta por puerta","Complete","-16.321692","-71.562716","-16.322190","-71.561980"
"1076",1078,NA,"2024-09-21 16:38:52","20","1 aslin",3,203,2024-09-21,1,"08:00","08:26",1,"","08:55",NA,3,NA,1,NA,NA,NA,NA,"",NA,NA,NA,NA,NA,NA,NA,"",NA,NA,NA,NA,NA,NA,NA,NA,NA,NA,NA,NA,NA,NA,NA,NA,NA,2,1,"",34,NA,34,"13:06","",34,NA,34,NA,NA,NA,NA,NA,NA,NA,NA,NA,NA,2,"MR. MARITZA CAMPOS DIAZ","DETALLADO","1, Bus",NA,"Puerta Puerta","Urbano",NA,NA,NA,NA,NA,NA,NA,NA,NA,NA,NA,"2. Mapa con recorrido de inicio a fin","Tocar puerta por puerta","Complete","-16.323463","-71.560825","",""
"1077",1079,NA,"2024-09-21 16:41:03","20","benigno ballon",4,204,2024-09-21,1,"08:14","08:26",1,"","08:44",NA,3,NA,1,NA,NA,NA,NA,"",NA,NA,NA,NA,NA,NA,NA,"",NA,NA,NA,NA,NA,NA,NA,NA,NA,NA,NA,NA,NA,NA,NA,NA,NA,4,1,"",52,3,55,"12:59","",52,3,55,NA,NA,NA,NA,NA,NA,NA,NA,NA,NA,2,"MR. MARITZA CAMPOS DIAZ","DETALLADO","1, Bus",NA,"Puerta Puerta","Urbano",NA,NA,NA,NA,NA,NA,NA,NA,NA,NA,NA,"4. Mapa digital","Tocar puerta por puerta","Complete","-16.321583","-71.555879","-16.322654","-71.553396"
"1078",1080,NA,"2024-09-21 16:42:35","20","amazonas",5,205,2024-09-21,1,"08:20","08:25",1,"","08:58",NA,3,NA,1,NA,NA,NA,NA,"",NA,NA,NA,NA,NA,NA,NA,"",NA,NA,NA,NA,NA,NA,NA,NA,NA,NA,NA,NA,NA,NA,NA,NA,NA,1,1,"",108,0,108,"13:25","",108,0,108,NA,NA,NA,NA,NA,NA,NA,NA,NA,NA,2,"MR. MARITZA CAMPOS DIAZ","DETALLADO","1, Bus",NA,"Puerta Puerta","Urbano",NA,NA,NA,NA,NA,NA,NA,NA,NA,NA,NA,"1. Mapa con zona delimitada","Tocar puerta por puerta","Complete","-16.321572","-71.552874","-16.323496","-71.552879"
"1079",1081,NA,"2024-09-21 16:44:15","20","asoc. jorge chavez",6,206,2024-09-21,1,"08:10","08:26",1,"","08:39",NA,3,NA,1,NA,NA,NA,NA,"",NA,NA,NA,NA,NA,NA,NA,"",NA,NA,NA,NA,NA,NA,NA,NA,NA,NA,NA,NA,NA,NA,NA,NA,NA,4,1,"",48,NA,48,"13:28","",48,NA,48,NA,NA,NA,NA,NA,NA,NA,NA,NA,NA,2,"MR. MARITZA CAMPOS DIAZ","DETALLADO","1, Bus",NA,"Puerta Puerta","Urbano",NA,NA,NA,NA,NA,NA,NA,NA,NA,NA,NA,"4. Mapa digital","Tocar puerta por puerta","Complete","-16.321400","-71.545460","",""
"1080",1082,NA,"2024-09-21 16:46:18","20","andres avelino caceres ",7,207,2024-09-21,1,"08:14","08:27",1,"","08:53",NA,3,NA,1,NA,NA,NA,NA,"",NA,NA,NA,NA,NA,NA,NA,"",NA,NA,NA,NA,NA,NA,NA,NA,NA,NA,NA,NA,NA,NA,NA,NA,NA,4,1,"",51,0,51,"12:50","",51,0,51,NA,NA,NA,NA,NA,NA,NA,NA,NA,NA,2,"MR. MARITZA CAMPOS DIAZ","DETALLADO","1, Bus",NA,"Puerta Puerta","Urbano",NA,NA,NA,NA,NA,NA,NA,NA,NA,NA,NA,"4. Mapa digital","Tocar puerta por puerta","Complete","-16.332595","-71.572903","",""
"1081",1083,NA,"2024-09-21 16:47:26","20","las flores",8,208,2024-09-21,1,"08:15","08:24",1,"","08:53",NA,3,NA,1,NA,NA,NA,NA,"",NA,NA,NA,NA,NA,NA,NA,"",NA,NA,NA,NA,NA,NA,NA,NA,NA,NA,NA,NA,NA,NA,NA,NA,NA,1,1,"",72,0,72,"12:50","",72,0,72,NA,NA,NA,NA,NA,NA,NA,NA,NA,NA,2,"MR. MARITZA CAMPOS DIAZ","DETALLADO","1, Bus",NA,"Puerta Puerta","Urbano",NA,NA,NA,NA,NA,NA,NA,NA,NA,NA,NA,"1. Mapa con zona delimitada","Tocar puerta por puerta","Complete","-16.328834","-71.569271","",""
"1082",1084,NA,"2024-09-21 16:48:52","20","las flores 567",9,209,2024-09-21,1,"08:10","08:27",1,"","08:47",NA,3,NA,1,NA,NA,NA,NA,"",NA,NA,NA,NA,NA,NA,NA,"",NA,NA,NA,NA,NA,NA,NA,NA,NA,NA,NA,NA,NA,NA,NA,NA,NA,2,1,"",76,0,76,"12:58","",76,0,76,NA,NA,NA,NA,NA,NA,NA,NA,NA,NA,2,"MR. MARITZA CAMPOS DIAZ","DETALLADO","1, Bus",NA,"Puerta Puerta","Urbano",NA,NA,NA,NA,NA,NA,NA,NA,NA,NA,NA,"2. Mapa con recorrido de inicio a fin","Tocar puerta por puerta","Complete","-16.351120","-71.562399","",""
"1083",1085,NA,"2024-09-21 16:50:21","20","chaves bedoya",10,2010,2024-09-21,1,"08:12","08:27",1,"","08:45",NA,3,NA,1,NA,NA,NA,NA,"",NA,NA,NA,NA,NA,NA,NA,"",NA,NA,NA,NA,NA,NA,NA,NA,NA,NA,NA,NA,NA,NA,NA,NA,NA,2,1,"",35,0,35,"12:56","",35,0,35,NA,NA,NA,NA,NA,NA,NA,NA,NA,NA,2,"MR. MARITZA CAMPOS DIAZ","DETALLADO","1, Bus",NA,"Puerta Puerta","Urbano",NA,NA,NA,NA,NA,NA,NA,NA,NA,NA,NA,"2. Mapa con recorrido de inicio a fin","Tocar puerta por puerta","Complete","-16.327277","-71.559749","",""
"1084",1086,NA,"2024-09-21 16:51:45","20","luna pizarro",11,2011,2024-09-21,1,"08:17","08:25",1,"","08:40",NA,3,NA,1,NA,NA,NA,NA,"",NA,NA,NA,NA,NA,NA,NA,"",NA,NA,NA,NA,NA,NA,NA,NA,NA,NA,NA,NA,NA,NA,NA,NA,NA,4,1,"",27,0,27,"13:03","",27,0,27,NA,NA,NA,NA,NA,NA,NA,NA,NA,NA,2,"MR. MARITZA CAMPOS DIAZ","DETALLADO","1, Bus",NA,"Puerta Puerta","Urbano",NA,NA,NA,NA,NA,NA,NA,NA,NA,NA,NA,"4. Mapa digital","Tocar puerta por puerta","Complete","-16.328026","-71.557011","",""
"1085",1087,NA,"2024-09-21 16:53:03","20","nazareno",12,2012,2024-09-21,1,"08:14","08:40",1,"","08:45",NA,3,NA,1,NA,NA,NA,NA,"",NA,NA,NA,NA,NA,NA,NA,"",NA,NA,NA,NA,NA,NA,NA,NA,NA,NA,NA,NA,NA,NA,NA,NA,NA,1,1,"",33,0,33,"13:08","",33,0,33,NA,NA,NA,NA,NA,NA,NA,NA,NA,NA,2,"MR. MARITZA CAMPOS DIAZ","DETALLADO","1, Bus",NA,"Puerta Puerta","Urbano",NA,NA,NA,NA,NA,NA,NA,NA,NA,NA,NA,"1. Mapa con zona delimitada","Tocar puerta por puerta","Complete","-16.326951","-71.547912","-16.328580","-71.548287"
"1086",1088,NA,"2024-09-21 16:54:13","20","begoya",13,2013,2024-09-21,1,"08:05","08:15",1,"","08:39",NA,3,NA,1,NA,NA,NA,NA,"",NA,NA,NA,NA,NA,NA,NA,"",NA,NA,NA,NA,NA,NA,NA,NA,NA,NA,NA,NA,NA,NA,NA,NA,NA,4,1,"",96,0,96,"13:05","",96,0,96,NA,NA,NA,NA,NA,NA,NA,NA,NA,NA,2,"MR. MARITZA CAMPOS DIAZ","DETALLADO","1, Bus",NA,"Puerta Puerta","Urbano",NA,NA,NA,NA,NA,NA,NA,NA,NA,NA,NA,"4. Mapa digital","Tocar puerta por puerta","Complete","-16.331427","-71.559029","",""
"1087",1089,NA,"2024-09-21 16:55:29","20","villa paraiso",14,2014,2024-09-21,1,"08:17","08:25",1,"","08:40",NA,3,NA,1,NA,NA,NA,NA,"",NA,NA,NA,NA,NA,NA,NA,"",NA,NA,NA,NA,NA,NA,NA,NA,NA,NA,NA,NA,NA,NA,NA,NA,NA,1,1,"",69,0,69,"13:10","",69,0,69,NA,NA,NA,NA,NA,NA,NA,NA,NA,NA,2,"MR. MARITZA CAMPOS DIAZ","DETALLADO","1, Bus",NA,"Puerta Puerta","Urbano",NA,NA,NA,NA,NA,NA,NA,NA,NA,NA,NA,"1. Mapa con zona delimitada","Tocar puerta por puerta","Complete","-16.324324","-71.551177","-16.336264","-71.554867"
"1088",1090,NA,"2024-09-23 10:10:03","12","Centro de salud mariano melgar",1,121,2024-09-22,2,"","",NA,"","",2,1,NA,NA,60,0,NA,NA,"",NA,NA,NA,NA,NA,NA,NA,"",NA,NA,NA,NA,NA,NA,NA,NA,NA,NA,NA,NA,NA,NA,NA,NA,NA,NA,NA,"",NA,NA,NA,"","",60,0,60,NA,NA,NA,NA,NA,NA,NA,NA,NA,NA,2,"MR. MARIANO MELGAR","CORTO",NA,"No","Punto fijo",NA,NA,NA,NA,NA,NA,NA,NA,NA,NA,NA,NA,NA,NA,"Complete","-16.402729","-71.511900","",""
"1089",1091,NA,"2024-09-23 10:12:12","12","2",2,122,2024-09-22,1,"07:25","07:32",4,"","07:45",NA,2,75,NA,NA,NA,NA,NA,"",NA,NA,NA,NA,NA,NA,NA,"",NA,NA,NA,NA,NA,NA,NA,NA,NA,NA,NA,NA,NA,1,2,52,8,NA,NA,"",NA,NA,NA,"12:30","",52,8,60,NA,NA,NA,NA,NA,NA,NA,NA,NA,NA,2,"MR. MARIANO MELGAR","DETALLADO","4. Caminando",NA,"Punto movil",NA,NA,NA,NA,NA,NA,NA,NA,NA,NA,"Mapa con zona delimitada","NO",NA,NA,"Complete","-16.402585","-71.511488","-16.402778","-71.503384"
"1090",1092,NA,"2024-09-23 10:13:48","12","Santa rosa",3,123,2024-09-22,2,"","",NA,"","",2,1,NA,NA,90,0,NA,NA,"",NA,NA,NA,NA,NA,NA,NA,"",NA,NA,NA,NA,NA,NA,NA,NA,NA,NA,NA,NA,NA,NA,NA,NA,NA,NA,NA,"",NA,NA,NA,"","",90,0,90,NA,NA,NA,NA,NA,NA,NA,NA,NA,NA,2,"MR. MARIANO MELGAR","CORTO",NA,"No","Punto fijo",NA,NA,NA,NA,NA,NA,NA,NA,NA,NA,NA,NA,NA,NA,"Complete","-16.407417","-71.509151","",""
"1091",1093,NA,"2024-09-23 10:17:44","20","Ciudad municipal zonas 7 - 8 - 9",1,201,2024-09-22,1,"07:51","08:09",1,"","08:33",NA,3,0,1,NA,NA,NA,NA,"",NA,NA,NA,NA,NA,NA,NA,"",NA,NA,NA,NA,NA,NA,NA,NA,NA,NA,NA,NA,NA,NA,NA,NA,NA,1,1,"",63,0,63,"12:47","",63,0,63,NA,NA,NA,NA,NA,NA,NA,NA,NA,NA,2,"MR. MARITZA CAMPOS DIAZ","DETALLADO","1, Bus",NA,"Puerta Puerta","Urbano",NA,NA,NA,NA,NA,NA,NA,NA,NA,NA,NA,"1. Mapa con zona delimitada","Tocar puerta por puerta","Complete","-16.313670","-71.589077","",""
"1092",1094,NA,"2024-09-23 10:20:36","20","Guardia republicana y jorge basadre",2,202,2024-09-22,1,"07:45","08:10",1,"","08:30",NA,3,0,2,NA,NA,NA,NA,"",NA,NA,NA,NA,NA,NA,NA,"",NA,NA,NA,NA,NA,NA,NA,NA,NA,NA,NA,NA,NA,NA,NA,NA,NA,4,1,"",60,0,60,"12:50","",60,0,60,NA,NA,NA,NA,NA,NA,NA,NA,NA,NA,2,"MR. MARITZA CAMPOS DIAZ","DETALLADO","1, Bus",NA,"Puerta Puerta","Periurbano",NA,NA,NA,NA,NA,NA,NA,NA,NA,NA,NA,"4. Mapa digital","Tocar puerta por puerta","Complete","-16.315641","-71.590446","-16.317.187","-71.592.969"
"1093",1095,NA,"2024-09-23 10:22:39","20","Monserrat",3,203,2024-09-22,1,"07:43","08:08",1,"","09:08",NA,3,NA,2,NA,NA,NA,NA,"",NA,NA,NA,NA,NA,NA,NA,"",NA,NA,NA,NA,NA,NA,NA,NA,NA,NA,NA,NA,NA,NA,NA,NA,NA,4,1,"",46,0,46,"12:05","",46,0,46,NA,NA,NA,NA,NA,NA,NA,NA,NA,NA,2,"MR. MARITZA CAMPOS DIAZ","DETALLADO","1, Bus",NA,"Puerta Puerta","Periurbano",NA,NA,NA,NA,NA,NA,NA,NA,NA,NA,NA,"4. Mapa digital","Tocar puerta por puerta","Complete","-16.312967","-71.601070","-16.314.901","-71.602.020"
"1094",1096,NA,"2024-09-23 10:25:04","20","Victor raúl hinojosa",4,204,2024-09-22,1,"07:30","08:10",1,"","08:28",NA,3,0,1,NA,NA,NA,NA,"",NA,NA,NA,NA,NA,NA,NA,"",NA,NA,NA,NA,NA,NA,NA,NA,NA,NA,NA,NA,NA,NA,NA,NA,NA,1,1,"",60,0,60,"12:35","",60,0,60,NA,NA,NA,NA,NA,NA,NA,NA,NA,NA,2,"MR. MARITZA CAMPOS DIAZ","DETALLADO","1, Bus",NA,"Puerta Puerta","Urbano",NA,NA,NA,NA,NA,NA,NA,NA,NA,NA,NA,"1. Mapa con zona delimitada","Tocar puerta por puerta","Complete","-16.321255","-71.587380","-16.325.753","-71.588.147"
"1095",1097,NA,"2024-09-23 10:26:59","20","Ciudad municipal sector 5 - 6 ",5,205,2024-09-22,1,"07:43","08:09",1,"","08:37",NA,3,0,1,NA,NA,NA,NA,"",NA,NA,NA,NA,NA,NA,NA,"",NA,NA,NA,NA,NA,NA,NA,NA,NA,NA,NA,NA,NA,NA,NA,NA,NA,4,1,"",77,0,77,"12:42","",77,0,77,NA,NA,NA,NA,NA,NA,NA,NA,NA,NA,2,"MR. MARITZA CAMPOS DIAZ","DETALLADO","1, Bus",NA,"Puerta Puerta","Urbano",NA,NA,NA,NA,NA,NA,NA,NA,NA,NA,NA,"4. Mapa digital","Tocar puerta por puerta","Complete","-16.321257","-71.589016","-16.316.471","-71.594.046"
"1096",1098,NA,"2024-09-23 10:28:38","20","Ciudad municipal zona 1 y 2",6,206,2024-09-22,1,"07:40","08:04",1,"","08:45",NA,3,0,1,NA,NA,NA,NA,"",NA,NA,NA,NA,NA,NA,NA,"",NA,NA,NA,NA,NA,NA,NA,NA,NA,NA,NA,NA,NA,NA,NA,NA,NA,4,1,"",54,0,54,"12:23","",54,0,54,NA,NA,NA,NA,NA,NA,NA,NA,NA,NA,2,"MR. MARITZA CAMPOS DIAZ","DETALLADO","1, Bus",NA,"Puerta Puerta","Urbano",NA,NA,NA,NA,NA,NA,NA,NA,NA,NA,NA,"4. Mapa digital","Tocar puerta por puerta","Complete","-16.321631","-71.594219","-16.324.863","-71.593.723"
"1097",1099,NA,"2024-09-23 10:31:19","20","Ciudad municipal zona 4",7,207,2024-09-22,1,"07:40","08:08",1,"","08:45",NA,3,0,1,NA,NA,NA,NA,"",NA,NA,NA,NA,NA,NA,NA,"",NA,NA,NA,NA,NA,NA,NA,NA,NA,NA,NA,NA,NA,NA,NA,NA,NA,1,1,"",50,0,50,"12:58","",50,0,50,NA,NA,NA,NA,NA,NA,NA,NA,NA,NA,2,"MR. MARITZA CAMPOS DIAZ","DETALLADO","1, Bus",NA,"Puerta Puerta","Urbano",NA,NA,NA,NA,NA,NA,NA,NA,NA,NA,NA,"1. Mapa con zona delimitada","Tocar puerta por puerta","Complete","-16.326116","-71.594136","",""
"1098",1100,NA,"2024-09-23 10:33:12","20","Trans oceánica nueva arequipa",8,208,2024-09-22,1,"07:43","08:09",1,"","08:55",NA,3,0,1,NA,NA,NA,NA,"",NA,NA,NA,NA,NA,NA,NA,"",NA,NA,NA,NA,NA,NA,NA,NA,NA,NA,NA,NA,NA,NA,NA,NA,NA,4,1,"",29,0,29,"12:08","",29,0,29,NA,NA,NA,NA,NA,NA,NA,NA,NA,NA,2,"MR. MARITZA CAMPOS DIAZ","DETALLADO","1, Bus",NA,"Puerta Puerta","Urbano",NA,NA,NA,NA,NA,NA,NA,NA,NA,NA,NA,"4. Mapa digital","Tocar puerta por puerta","Complete","-16.332001","-71.588404","-16.337239","-71.591479"
"1099",1101,NA,"2024-09-23 10:35:09","20","Jose luis bustamante y rivero",9,209,2024-09-22,1,"07:43","08:10",1,"","08:36",NA,3,0,2,NA,NA,NA,NA,"",NA,NA,NA,NA,NA,NA,NA,"",NA,NA,NA,NA,NA,NA,NA,NA,NA,NA,NA,NA,NA,NA,NA,NA,NA,4,1,"",60,0,60,"12:50","",60,0,60,NA,NA,NA,NA,NA,NA,NA,NA,NA,NA,2,"MR. MARITZA CAMPOS DIAZ","DETALLADO","1, Bus",NA,"Puerta Puerta","Periurbano",NA,NA,NA,NA,NA,NA,NA,NA,NA,NA,NA,"4. Mapa digital","Tocar puerta por puerta","Complete","-16.328896","-71.599230","-16.330445","-71.600500"
"1100",1102,NA,"2024-09-23 10:36:56","20","Bustamante y rivero sector 2",10,2010,2024-09-22,1,"07:40","08:09",1,"","08:32",NA,3,0,1,NA,NA,NA,NA,"",NA,NA,NA,NA,NA,NA,NA,"",NA,NA,NA,NA,NA,NA,NA,NA,NA,NA,NA,NA,NA,NA,NA,NA,NA,1,1,"",57,0,57,"12:55","",57,0,57,NA,NA,NA,NA,NA,NA,NA,NA,NA,NA,2,"MR. MARITZA CAMPOS DIAZ","DETALLADO","1, Bus",NA,"Puerta Puerta","Urbano",NA,NA,NA,NA,NA,NA,NA,NA,NA,NA,NA,"1. Mapa con zona delimitada","Tocar puerta por puerta","Complete","-16.337364","-71.592429","-16.338483","-71.592481"
"1101",1103,NA,"2024-09-23 10:39:17","20","Apipa 2",11,2011,2024-09-22,1,"07:43","08:10",1,"","08:45",NA,3,0,2,NA,NA,NA,NA,"",NA,NA,NA,NA,NA,NA,NA,"",NA,NA,NA,NA,NA,NA,NA,NA,NA,NA,NA,NA,NA,NA,NA,NA,NA,1,1,"",63,0,63,"12:35","Se nos entregaron varios frascos usados a mitad de frascos",63,0,63,NA,NA,NA,NA,NA,NA,NA,NA,NA,NA,2,"MR. MARITZA CAMPOS DIAZ","DETALLADO","1, Bus",NA,"Puerta Puerta","Periurbano",NA,NA,NA,NA,NA,NA,NA,NA,NA,NA,NA,"1. Mapa con zona delimitada","Tocar puerta por puerta","Complete","-16.321852","-71.605227","-16.327778","-71.603055"
"1102",1104,NA,"2024-09-23 10:40:59","20","Apipa I",12,2012,2024-09-22,1,"07:40","08:10",1,"","08:30",NA,3,0,2,NA,NA,NA,NA,"",NA,NA,NA,NA,NA,NA,NA,"",NA,NA,NA,NA,NA,NA,NA,NA,NA,NA,NA,NA,NA,NA,NA,NA,NA,4,1,"",63,0,63,"12:30","",63,0,63,NA,NA,NA,NA,NA,NA,NA,NA,NA,NA,2,"MR. MARITZA CAMPOS DIAZ","DETALLADO","1, Bus",NA,"Puerta Puerta","Periurbano",NA,NA,NA,NA,NA,NA,NA,NA,NA,NA,NA,"4. Mapa digital","Tocar puerta por puerta","Complete","-16.318907","-71.612803","-16.322768","-71.609359"
"1103",1105,NA,"2024-09-23 10:42:56","20","Heroes de la briña",13,2013,2024-09-22,1,"07:30","08:10",1,"","08:35",NA,3,0,1,NA,NA,NA,NA,"",NA,NA,NA,NA,NA,NA,NA,"",NA,NA,NA,NA,NA,NA,NA,NA,NA,NA,NA,NA,NA,NA,NA,NA,NA,2,1,"",38,0,38,"12:40","",38,0,38,NA,NA,NA,NA,NA,NA,NA,NA,NA,NA,2,"MR. MARITZA CAMPOS DIAZ","DETALLADO","1, Bus",NA,"Puerta Puerta","Urbano",NA,NA,NA,NA,NA,NA,NA,NA,NA,NA,NA,"2. Mapa con recorrido de inicio a fin","Tocar puerta por puerta","Complete","-16.332452","-71.594377","",""
"1104",1106,NA,"2024-09-23 10:45:01","20","AAHH. Aviación",14,2014,2024-09-22,1,"07:35","08:10",1,"","08:30",NA,3,0,1,NA,NA,NA,NA,"",NA,NA,NA,NA,NA,NA,NA,"",NA,NA,NA,NA,NA,NA,NA,NA,NA,NA,NA,NA,NA,NA,NA,NA,NA,4,1,"",40,0,40,"12:41","",40,0,40,NA,NA,NA,NA,NA,NA,NA,NA,NA,NA,2,"MR. MARITZA CAMPOS DIAZ","DETALLADO","1, Bus",NA,"Puerta Puerta","Urbano",NA,NA,NA,NA,NA,NA,NA,NA,NA,NA,NA,"4. Mapa digital","Tocar puerta por puerta","Complete","-16.331814","-71.588328","-16.321821","-71.600840"
"1105",1107,NA,"2024-09-23 10:48:38","13","Baños sauna heroes del cenepa",1,131,2024-09-22,1,"08:01","08:05",6,"Ambulancia","08:21",NA,3,68,2,NA,NA,NA,NA,"",NA,NA,NA,NA,NA,NA,NA,"",NA,NA,NA,NA,NA,NA,NA,NA,NA,NA,NA,NA,NA,NA,NA,NA,NA,3,2,"",61,0,61,"11:38","",61,0,61,NA,NA,NA,NA,NA,NA,NA,NA,NA,NA,2,"MR. GENERALISIMO SAN MARTIN","DETALLADO","6. Otros (Especificar)",NA,"Puerta Puerta","Periurbano",NA,NA,NA,NA,NA,NA,NA,NA,NA,NA,NA,"3. indicacion verbal (reportar en whats app)","Caminar cuadra en cuadra","Complete","-16.397108","-71.479376","-16.399373","-71.478210"
"1106",1108,NA,"2024-09-23 10:51:11","13","Solaris - Olivos",2,132,2024-09-22,1,"08:05","08:05",6,"Ambulancia","08:16",NA,3,64,2,NA,NA,NA,NA,"",NA,NA,NA,NA,NA,NA,NA,"",NA,NA,NA,NA,NA,NA,NA,NA,NA,NA,NA,NA,NA,NA,NA,NA,NA,3,1,"",57,2,59,"13:04","",57,2,59,NA,NA,NA,NA,NA,NA,NA,NA,NA,NA,2,"MR. GENERALISIMO SAN MARTIN","DETALLADO","6. Otros (Especificar)",NA,"Puerta Puerta","Periurbano",NA,NA,NA,NA,NA,NA,NA,NA,NA,NA,NA,"3. indicacion verbal (reportar en whats app)","Tocar puerta por puerta","Complete","-16.394816","-71.486389","-16.395564","-71.485609"
"1107",1109,NA,"2024-09-23 10:54:15","13","Centro de salud Generalísimo  Sn Martin",3,133,2024-09-22,1,"08:01","08:03",4,"","08:05",NA,3,51,1,NA,NA,NA,NA,"",NA,NA,NA,NA,NA,NA,NA,"",NA,NA,NA,NA,NA,NA,NA,NA,NA,NA,NA,NA,NA,NA,NA,NA,NA,3,3,"Punto fijo",44,9,53,"12:40","",44,9,53,NA,NA,NA,NA,NA,NA,NA,NA,NA,NA,2,"MR. GENERALISIMO SAN MARTIN","DETALLADO","4. Caminando",NA,"Puerta Puerta","Urbano",NA,NA,NA,NA,NA,NA,NA,NA,NA,NA,NA,"3. indicacion verbal (reportar en whats app)","Otro","Complete","-16.404600","-71.497582","",""
"1108",1110,NA,"2024-09-23 10:58:07","13","Cancha deportiva I.E. Elohim",4,134,2024-09-22,1,"08:00","08:05",6,"Ambulancia","08:20",NA,3,66,1,NA,NA,NA,NA,"",NA,NA,NA,NA,NA,NA,NA,"",NA,NA,NA,NA,NA,NA,NA,NA,NA,NA,NA,NA,NA,NA,NA,NA,NA,3,2,"",41,4,45,"11:54","",41,4,45,NA,NA,NA,NA,NA,NA,NA,NA,NA,NA,2,"MR. GENERALISIMO SAN MARTIN","DETALLADO","6. Otros (Especificar)",NA,"Puerta Puerta","Urbano",NA,NA,NA,NA,NA,NA,NA,NA,NA,NA,NA,"3. indicacion verbal (reportar en whats app)","Caminar cuadra en cuadra","Complete","-16.397811","-71.483114","-16.395348","-71.483246"
"1109",1111,NA,"2024-09-23 11:01:25","13","Cancha deportiva I.E. Elhiom",5,135,2024-09-22,1,"08:01","08:10",6,"Ambulancia","08:30",NA,3,60,2,NA,NA,NA,NA,"",NA,NA,NA,NA,NA,NA,NA,"",NA,NA,NA,NA,NA,NA,NA,NA,NA,NA,NA,NA,NA,NA,NA,NA,NA,3,2,"",56,6,62,"12:20","",56,6,62,NA,NA,NA,NA,NA,NA,NA,NA,NA,NA,2,"MR. GENERALISIMO SAN MARTIN","DETALLADO","6. Otros (Especificar)",NA,"Puerta Puerta","Periurbano",NA,NA,NA,NA,NA,NA,NA,NA,NA,NA,NA,"3. indicacion verbal (reportar en whats app)","Caminar cuadra en cuadra","Complete","-16.394746","-71.481106","-16.394555","-71.482143"
"1110",1112,NA,"2024-09-23 11:04:26","13","San Miguel",6,136,2024-09-22,1,"08:05","08:08",6,"Ambulancia","08:35",NA,3,47,2,NA,NA,NA,NA,"",NA,NA,NA,NA,NA,NA,NA,"",NA,NA,NA,NA,NA,NA,NA,NA,NA,NA,NA,NA,NA,NA,NA,NA,NA,3,2,"",25,1,26,"12:03","",25,1,26,NA,NA,NA,NA,NA,NA,NA,NA,NA,NA,2,"MR. GENERALISIMO SAN MARTIN","DETALLADO","6. Otros (Especificar)",NA,"Puerta Puerta","Periurbano",NA,NA,NA,NA,NA,NA,NA,NA,NA,NA,NA,"3. indicacion verbal (reportar en whats app)","Caminar cuadra en cuadra","Complete","-16.392995","-71.483539","-16.392760","-71.482104"
"1111",1113,NA,"2024-09-23 11:07:52","13","Asoc. Nuevo milenio",7,137,2024-09-22,1,"08:00","08:35",6,"Ambulancia","09:15",NA,3,24,1,NA,NA,NA,NA,"",NA,NA,NA,NA,NA,NA,NA,"",NA,NA,NA,NA,NA,NA,NA,NA,NA,NA,NA,NA,NA,NA,NA,NA,NA,3,2,"",28,7,35,"12:00","",28,7,35,NA,NA,NA,NA,NA,NA,NA,NA,NA,NA,2,"MR. GENERALISIMO SAN MARTIN","DETALLADO","6. Otros (Especificar)",NA,"Puerta Puerta","Urbano",NA,NA,NA,NA,NA,NA,NA,NA,NA,NA,NA,"3. indicacion verbal (reportar en whats app)","Caminar cuadra en cuadra","Complete","-16.391669","-71.484465","-16.395784","-71.497.124"
"1112",1114,NA,"2024-09-23 11:10:13","13","Posta Jerusalén",8,138,2024-09-22,1,"08:05","08:50",6,"Ambulancia","09:01",NA,3,35,1,NA,NA,NA,NA,"",NA,NA,NA,NA,NA,NA,NA,"",NA,NA,NA,NA,NA,NA,NA,NA,NA,NA,NA,NA,NA,NA,NA,NA,NA,3,1,"",39,3,42,"13:30","",39,3,42,NA,NA,NA,NA,NA,NA,NA,NA,NA,NA,2,"MR. GENERALISIMO SAN MARTIN","DETALLADO","6. Otros (Especificar)",NA,"Puerta Puerta","Urbano",NA,NA,NA,NA,NA,NA,NA,NA,NA,NA,NA,"3. indicacion verbal (reportar en whats app)","Tocar puerta por puerta","Complete","-16.401359","-71.488968","-16.401029","-71.489552"
"1113",1115,NA,"2024-09-23 11:12:11","13","",9,139,2024-09-22,2,"","",NA,"","",2,3,NA,NA,NA,NA,NA,NA,"",NA,NA,NA,NA,NA,NA,NA,"",NA,NA,NA,NA,NA,NA,NA,NA,NA,NA,NA,NA,NA,NA,NA,NA,NA,NA,NA,"",50,10,60,"","No nos dieron ficha para egistro  fue un punto móvil en ambulancia que pasa por 3 puntos y no se uso GPS",50,10,60,NA,NA,NA,NA,NA,NA,NA,NA,NA,NA,2,"MR. GENERALISIMO SAN MARTIN","CORTO",NA,"No","Puerta Puerta",NA,NA,NA,NA,NA,NA,NA,NA,NA,NA,NA,NA,NA,NA,"Complete","-16.397953","-71.477835","-16.399363","-71.477660"
"1114",1116,NA,"2024-09-29 08:27:28","18","Veracruz",1,181,2024-09-28,1,"08:11","08:19",1,"","08:29",NA,3,49,1,NA,NA,NA,NA,"",NA,NA,NA,NA,NA,NA,NA,"",NA,NA,NA,NA,NA,NA,NA,NA,NA,NA,NA,NA,NA,NA,NA,NA,NA,3,2,"",85,10,95,"13:25","",85,10,95,NA,NA,NA,NA,NA,NA,NA,NA,NA,NA,2,"MR. CERRO COLORADO","DETALLADO","1, Bus",NA,"Puerta Puerta","Urbano",NA,NA,NA,NA,NA,NA,NA,NA,NA,NA,NA,"3. indicacion verbal (reportar en whats app)","Caminar cuadra en cuadra","Complete","-16.370781","-71.566551","-16.374.995","-71.566.998"
"1115",1117,NA,"2024-09-29 08:30:43","18","27 de noviembre",2,182,2024-09-28,1,"08:13","08:20",1,"","08:25",NA,3,63,1,NA,NA,NA,NA,"",NA,NA,NA,NA,NA,NA,NA,"",NA,NA,NA,NA,NA,NA,NA,NA,NA,NA,NA,NA,NA,NA,NA,NA,NA,3,2,"",68,12,80,"13:00","",68,12,80,NA,NA,NA,NA,NA,NA,NA,NA,NA,NA,2,"MR. CERRO COLORADO","DETALLADO","1, Bus",NA,"Puerta Puerta","Urbano",NA,NA,NA,NA,NA,NA,NA,NA,NA,NA,NA,"3. indicacion verbal (reportar en whats app)","Caminar cuadra en cuadra","Complete","-16.374802","-71.564334","-16.375.064","-71.568.808"
"1116",1118,NA,"2024-09-29 08:34:01","18","Esq san luis ",3,183,2024-09-28,1,"08:12","08:19",1,"","08:30",NA,3,37,1,NA,NA,NA,NA,"",NA,NA,NA,NA,NA,NA,NA,"",NA,NA,NA,NA,NA,NA,NA,NA,NA,NA,NA,NA,NA,NA,NA,NA,NA,3,1,"",20,0,20,"12:45","",20,0,20,NA,NA,NA,NA,NA,NA,NA,NA,NA,NA,2,"MR. CERRO COLORADO","DETALLADO","1, Bus",NA,"Puerta Puerta","Urbano",NA,NA,NA,NA,NA,NA,NA,NA,NA,NA,NA,"3. indicacion verbal (reportar en whats app)","Tocar puerta por puerta","Complete","-16.372479","-71.563166","-16.373528","-71.561673"
"1117",1119,NA,"2024-09-29 08:36:07","18","Colegio 200 millas peruanas",4,184,2024-09-28,1,"08:15","08:20",1,"","08:30",NA,3,65,1,NA,NA,NA,NA,"",NA,NA,NA,NA,NA,NA,NA,"",NA,NA,NA,NA,NA,NA,NA,NA,NA,NA,NA,NA,NA,NA,NA,NA,NA,3,1,"",63,1,64,"13:00","",63,1,64,NA,NA,NA,NA,NA,NA,NA,NA,NA,NA,2,"MR. CERRO COLORADO","DETALLADO","1, Bus",NA,"Puerta Puerta","Urbano",NA,NA,NA,NA,NA,NA,NA,NA,NA,NA,NA,"3. indicacion verbal (reportar en whats app)","Tocar puerta por puerta","Complete","-16.374395","-71.562560","-16.378.699","-71.562.272"
"1118",1120,NA,"2024-09-29 08:38:14","18","Mercado la libertad",5,185,2024-09-28,1,"08:11","08:28",6,"Consejo","08:38",NA,3,24,1,NA,NA,NA,NA,"",NA,NA,NA,NA,NA,NA,NA,"",NA,NA,NA,NA,NA,NA,NA,NA,NA,NA,NA,NA,NA,NA,NA,NA,NA,3,1,"",46,0,46,"13:00","",46,0,46,NA,NA,NA,NA,NA,NA,NA,NA,NA,NA,2,"MR. CERRO COLORADO","DETALLADO","6. Otros (Especificar)",NA,"Puerta Puerta","Urbano",NA,NA,NA,NA,NA,NA,NA,NA,NA,NA,NA,"3. indicacion verbal (reportar en whats app)","Tocar puerta por puerta","Complete","-16.379819","-71.561214","-16.377300","-71.561826"
"1119",1121,NA,"2024-09-29 08:39:50","18","",6,186,2024-09-28,1,"08:18","08:19",1,"","08:58",NA,3,54,1,NA,NA,NA,NA,"",NA,NA,NA,NA,NA,NA,NA,"",NA,NA,NA,NA,NA,NA,NA,NA,NA,NA,NA,NA,NA,NA,NA,NA,NA,3,1,"",41,6,47,"12:58","",41,6,47,NA,NA,NA,NA,NA,NA,NA,NA,NA,NA,2,"MR. CERRO COLORADO","DETALLADO","1, Bus",NA,"Puerta Puerta","Urbano",NA,NA,NA,NA,NA,NA,NA,NA,NA,NA,NA,"3. indicacion verbal (reportar en whats app)","Tocar puerta por puerta","Complete","-16.379391","-71.554365","-16.377.058","-71.554.899"
"1120",1122,NA,"2024-09-29 08:41:50","18","Urb villa el sol",7,187,2024-09-28,1,"08:11","08:20",1,"","08:55",NA,3,79,1,NA,NA,NA,NA,"",NA,NA,NA,NA,NA,NA,NA,"",NA,NA,NA,NA,NA,NA,NA,NA,NA,NA,NA,NA,NA,NA,NA,NA,NA,3,2,"",19,4,23,"13:00","",19,4,23,NA,NA,NA,NA,NA,NA,NA,NA,NA,NA,2,"MR. CERRO COLORADO","DETALLADO","1, Bus",NA,"Puerta Puerta","Urbano",NA,NA,NA,NA,NA,NA,NA,NA,NA,NA,NA,"3. indicacion verbal (reportar en whats app)","Caminar cuadra en cuadra","Complete","-16.385061","-71.553437","-16.383.100","-71.555.197"
"1121",1123,NA,"2024-09-29 08:43:32","18","",8,188,2024-09-28,1,"08:15","08:19",1,"","08:40",NA,3,34,1,NA,NA,NA,NA,"",NA,NA,NA,NA,NA,NA,NA,"",NA,NA,NA,NA,NA,NA,NA,NA,NA,NA,NA,NA,NA,NA,NA,NA,NA,3,1,"",44,7,51,"12:36","",44,7,51,NA,NA,NA,NA,NA,NA,NA,NA,NA,NA,2,"MR. CERRO COLORADO","DETALLADO","1, Bus",NA,"Puerta Puerta","Urbano",NA,NA,NA,NA,NA,NA,NA,NA,NA,NA,NA,"3. indicacion verbal (reportar en whats app)","Tocar puerta por puerta","Complete","-16.389505","-71.552107","-16.386.860","-71.554.133"
"1122",1124,NA,"2024-09-29 08:44:54","18","Urb 12 de octubre",9,189,2024-09-28,2,"","",NA,"","",2,3,NA,NA,NA,NA,NA,NA,"",NA,NA,NA,NA,NA,NA,NA,"",NA,NA,NA,NA,NA,NA,NA,NA,NA,NA,NA,NA,NA,NA,NA,NA,NA,NA,NA,"",21,4,25,"","",21,4,25,NA,NA,NA,NA,NA,NA,NA,NA,NA,NA,2,"MR. CERRO COLORADO","CORTO",NA,"No","Puerta Puerta",NA,NA,NA,NA,NA,NA,NA,NA,NA,NA,NA,NA,NA,NA,"Complete","-16.385219","-71.555470","-16.388.824","-71.555.059"
"1123",1125,NA,"2024-09-29 08:47:20","18","Centro de salud",10,1810,2024-09-28,1,"08:25","08:25",5,"","08:25",NA,3,12,1,NA,NA,NA,NA,"",NA,NA,NA,NA,NA,NA,NA,"",NA,NA,NA,NA,NA,NA,NA,NA,NA,NA,NA,NA,NA,NA,NA,NA,NA,3,3,"Centro de salud",22,1,23,"13:00","",22,1,23,NA,NA,NA,NA,NA,NA,NA,NA,NA,NA,2,"MR. CERRO COLORADO","DETALLADO","5. Mi punto era el Centro de Salud",NA,"Puerta Puerta","Urbano",NA,NA,NA,NA,NA,NA,NA,NA,NA,NA,NA,"3. indicacion verbal (reportar en whats app)","Otro","Complete","-16.377334","-71.558473","",""
"1124",1126,NA,"2024-09-29 08:48:27","18","",11,1811,2024-09-28,2,"","",NA,"","",2,3,NA,NA,NA,NA,NA,NA,"",NA,NA,NA,NA,NA,NA,NA,"",NA,NA,NA,NA,NA,NA,NA,NA,NA,NA,NA,NA,NA,NA,NA,NA,NA,NA,NA,"",20,0,20,"","Todo fue en ambulancia",20,0,20,NA,NA,NA,NA,NA,NA,NA,NA,NA,NA,2,"MR. CERRO COLORADO","CORTO",NA,"No","Puerta Puerta",NA,NA,NA,NA,NA,NA,NA,NA,NA,NA,NA,NA,NA,NA,"Complete","-16.384268","-71.553451","",""
"1125",1127,NA,"2024-09-29 08:52:18","20","Sorana de los angeles",1,201,2024-09-28,1,"07:52","08:15",1,"","08:42",NA,3,76,2,NA,NA,NA,NA,"",NA,NA,NA,NA,NA,NA,NA,"",NA,NA,NA,NA,NA,NA,NA,NA,NA,NA,NA,NA,NA,NA,NA,NA,NA,3,2,"",67,0,67,"12:45","",67,0,67,NA,NA,NA,NA,NA,NA,NA,NA,NA,NA,2,"MR. MARITZA CAMPOS DIAZ","DETALLADO","1, Bus",NA,"Puerta Puerta","Periurbano",NA,NA,NA,NA,NA,NA,NA,NA,NA,NA,NA,"3. indicacion verbal (reportar en whats app)","Caminar cuadra en cuadra","Complete","-16.318653","-71.577503","-16.319.529","-71.582.025"
"1126",1128,NA,"2024-09-29 08:53:55","20","Garcia calderon",2,202,2024-09-28,1,"08:00","08:15",1,"","08:32",NA,3,68,1,NA,NA,NA,NA,"",NA,NA,NA,NA,NA,NA,NA,"",NA,NA,NA,NA,NA,NA,NA,NA,NA,NA,NA,NA,NA,NA,NA,NA,NA,3,2,"",57,0,57,"12:35","",57,0,57,NA,NA,NA,NA,NA,NA,NA,NA,NA,NA,2,"MR. MARITZA CAMPOS DIAZ","DETALLADO","1, Bus",NA,"Puerta Puerta","Urbano",NA,NA,NA,NA,NA,NA,NA,NA,NA,NA,NA,"3. indicacion verbal (reportar en whats app)","Caminar cuadra en cuadra","Complete","-16.324511","-71.576995","-16.322.863","-71.576.044"
"1127",1129,NA,"2024-09-29 08:55:57","20","Villa magisterial",3,203,2024-09-28,1,"07:55","08:16",3,"","08:29",NA,3,64,1,NA,NA,NA,NA,"",NA,NA,NA,NA,NA,NA,NA,"",NA,NA,NA,NA,NA,NA,NA,NA,NA,NA,NA,NA,NA,NA,NA,NA,NA,3,1,"",90,0,90,"13:02","",90,0,90,NA,NA,NA,NA,NA,NA,NA,NA,NA,NA,2,"MR. MARITZA CAMPOS DIAZ","DETALLADO","3. Transporte público",NA,"Puerta Puerta","Urbano",NA,NA,NA,NA,NA,NA,NA,NA,NA,NA,NA,"3. indicacion verbal (reportar en whats app)","Tocar puerta por puerta","Complete","-16.326702","-71.578643","-16.322.753","-71.576.040"
"1128",1130,NA,"2024-09-29 08:57:30","20","Upis el salvador",4,204,2024-09-28,1,"07:55","08:15",1,"","08:40",NA,3,59,2,NA,NA,NA,NA,"",NA,NA,NA,NA,NA,NA,NA,"",NA,NA,NA,NA,NA,NA,NA,NA,NA,NA,NA,NA,NA,NA,NA,NA,NA,1,1,"",43,0,43,"12:50","",43,0,43,NA,NA,NA,NA,NA,NA,NA,NA,NA,NA,2,"MR. MARITZA CAMPOS DIAZ","DETALLADO","1, Bus",NA,"Puerta Puerta","Periurbano",NA,NA,NA,NA,NA,NA,NA,NA,NA,NA,NA,"1. Mapa con zona delimitada","Tocar puerta por puerta","Complete","-16.320593","-71.577842","-16.331.110","-71.583.305"
"1129",1131,NA,"2024-09-29 08:59:15","20","Mercado Marista y bustamante",5,205,2024-09-28,1,"08:00","08:10",1,"","08:30",NA,3,14,2,NA,NA,NA,NA,"",NA,NA,NA,NA,NA,NA,NA,"",NA,NA,NA,NA,NA,NA,NA,NA,NA,NA,NA,NA,NA,NA,NA,NA,NA,1,1,"",37,0,37,"12:29","",37,0,37,NA,NA,NA,NA,NA,NA,NA,NA,NA,NA,2,"MR. MARITZA CAMPOS DIAZ","DETALLADO","1, Bus",NA,"Puerta Puerta","Periurbano",NA,NA,NA,NA,NA,NA,NA,NA,NA,NA,NA,"1. Mapa con zona delimitada","Tocar puerta por puerta","Complete","-16.319745","-71.582127","-16.348365","-71.609378"
"1130",1132,NA,"2024-09-29 09:01:12","20","Las canteras zona B",6,206,2024-09-28,1,"07:50","08:15",1,"","08:55",NA,3,66,1,NA,NA,NA,NA,"",NA,NA,NA,NA,NA,NA,NA,"",NA,NA,NA,NA,NA,NA,NA,NA,NA,NA,NA,NA,NA,NA,NA,NA,NA,3,1,"",70,0,70,"12:58","",70,0,70,NA,NA,NA,NA,NA,NA,NA,NA,NA,NA,2,"MR. MARITZA CAMPOS DIAZ","DETALLADO","1, Bus",NA,"Puerta Puerta","Urbano",NA,NA,NA,NA,NA,NA,NA,NA,NA,NA,NA,"3. indicacion verbal (reportar en whats app)","Tocar puerta por puerta","Complete","-16.331689","-71.579862","",""
"1131",1133,NA,"2024-09-29 09:03:18","20","Villa san juan",7,207,2024-09-28,1,"08:00","08:15",1,"","08:54",NA,3,47,1,NA,NA,NA,NA,"",NA,NA,NA,NA,NA,NA,NA,"",NA,NA,NA,NA,NA,NA,NA,NA,NA,NA,NA,NA,NA,NA,NA,NA,NA,3,2,"",60,0,60,"12:40","",60,0,60,NA,NA,NA,NA,NA,NA,NA,NA,NA,NA,2,"MR. MARITZA CAMPOS DIAZ","DETALLADO","1, Bus",NA,"Puerta Puerta","Urbano",NA,NA,NA,NA,NA,NA,NA,NA,NA,NA,NA,"3. indicacion verbal (reportar en whats app)","Caminar cuadra en cuadra","Complete","-16.334222","-71.584916","-16.334.865","-71.585.532"
"1132",1134,NA,"2024-09-29 09:05:18","20","Asoc. peruarbo ",8,208,2024-09-28,1,"07:58","08:15",1,"","09:02",NA,3,55,2,NA,NA,NA,NA,"",NA,NA,NA,NA,NA,NA,NA,"",NA,NA,NA,NA,NA,NA,NA,NA,NA,NA,NA,NA,NA,NA,NA,NA,NA,3,2,"",83,0,83,"12:42","",83,0,83,NA,NA,NA,NA,NA,NA,NA,NA,NA,NA,2,"MR. MARITZA CAMPOS DIAZ","DETALLADO","1, Bus",NA,"Puerta Puerta","Periurbano",NA,NA,NA,NA,NA,NA,NA,NA,NA,NA,NA,"3. indicacion verbal (reportar en whats app)","Caminar cuadra en cuadra","Complete","-16.341528","-71.590389","-16.346.594","-71.594.040"
"1133",1135,NA,"2024-09-29 09:06:59","20","peruarbo 3",9,209,2024-09-28,1,"08:00","08:15",1,"","09:06",NA,3,51,1,NA,NA,NA,NA,"",NA,NA,NA,NA,NA,NA,NA,"",NA,NA,NA,NA,NA,NA,NA,NA,NA,NA,NA,NA,NA,NA,NA,NA,NA,3,2,"",50,0,50,"12:25","",50,0,50,NA,NA,NA,NA,NA,NA,NA,NA,NA,NA,2,"MR. MARITZA CAMPOS DIAZ","DETALLADO","1, Bus",NA,"Puerta Puerta","Urbano",NA,NA,NA,NA,NA,NA,NA,NA,NA,NA,NA,"3. indicacion verbal (reportar en whats app)","Caminar cuadra en cuadra","Complete","-16.347299","-71.594588","-16.354.536","-71.600.531"
"1134",1136,NA,"2024-09-29 09:08:41","20","Perú 2",10,2010,2024-09-28,1,"08:00","08:15",1,"","09:13",NA,3,75,1,NA,NA,NA,NA,"",NA,NA,NA,NA,NA,NA,NA,"",NA,NA,NA,NA,NA,NA,NA,NA,NA,NA,NA,NA,NA,NA,NA,NA,NA,1,1,"",79,0,79,"12:40","",79,0,79,NA,NA,NA,NA,NA,NA,NA,NA,NA,NA,2,"MR. MARITZA CAMPOS DIAZ","DETALLADO","1, Bus",NA,"Puerta Puerta","Urbano",NA,NA,NA,NA,NA,NA,NA,NA,NA,NA,NA,"1. Mapa con zona delimitada","Tocar puerta por puerta","Complete","-16.350640","-71.604525","-16.351.329","-71.602.781"
"1135",1137,NA,"2024-09-29 09:10:10","20","Los granjeros",11,2011,2024-09-28,1,"08:00","08:50",2,"","09:15",NA,3,57,2,NA,NA,NA,NA,"",NA,NA,NA,NA,NA,NA,NA,"",NA,NA,NA,NA,NA,NA,NA,NA,NA,NA,NA,NA,NA,NA,NA,NA,NA,3,1,"",48,0,48,"12:38","",48,0,48,NA,NA,NA,NA,NA,NA,NA,NA,NA,NA,2,"MR. MARITZA CAMPOS DIAZ","DETALLADO","2. Camioneta/Auto",NA,"Puerta Puerta","Periurbano",NA,NA,NA,NA,NA,NA,NA,NA,NA,NA,NA,"3. indicacion verbal (reportar en whats app)","Tocar puerta por puerta","Complete","-16.353769","-71.607078","-16.347.363","-71.601.969"
"1136",1138,NA,"2024-09-29 09:12:04","20","Jose luis bustamante y rivero",12,2012,2024-09-28,1,"08:00","08:15",6,"Ambulancia","09:00",NA,3,35,2,NA,NA,NA,NA,"",NA,NA,NA,NA,NA,NA,NA,"",NA,NA,NA,NA,NA,NA,NA,NA,NA,NA,NA,NA,NA,NA,NA,NA,NA,3,2,"",85,0,85,"12:45","",85,0,85,NA,NA,NA,NA,NA,NA,NA,NA,NA,NA,2,"MR. MARITZA CAMPOS DIAZ","DETALLADO","6. Otros (Especificar)",NA,"Puerta Puerta","Periurbano",NA,NA,NA,NA,NA,NA,NA,NA,NA,NA,NA,"3. indicacion verbal (reportar en whats app)","Caminar cuadra en cuadra","Complete","-16.333472","-71.599781","",""
"1137",1139,NA,"2024-09-29 09:14:09","20","Jose Luis bustamante ",13,2013,2024-09-28,1,"08:05","08:15",6,"Ambulancia","09:00",NA,3,29,2,NA,NA,NA,NA,"",NA,NA,NA,NA,NA,NA,NA,"",NA,NA,NA,NA,NA,NA,NA,NA,NA,NA,NA,NA,NA,NA,NA,NA,NA,3,2,"",67,0,67,"12:20","",67,0,67,NA,NA,NA,NA,NA,NA,NA,NA,NA,NA,2,"MR. MARITZA CAMPOS DIAZ","DETALLADO","6. Otros (Especificar)",NA,"Puerta Puerta","Periurbano",NA,NA,NA,NA,NA,NA,NA,NA,NA,NA,NA,"3. indicacion verbal (reportar en whats app)","Caminar cuadra en cuadra","Complete","-16.343757","-71.605831","-16.352.084","-71.613.989"
"1138",1140,NA,"2024-09-29 09:15:47","20","Bustamante sector 12",14,2014,2024-09-28,1,"07:58","08:20",2,"","09:15",NA,3,52,2,NA,NA,NA,NA,"",NA,NA,NA,NA,NA,NA,NA,"",NA,NA,NA,NA,NA,NA,NA,NA,NA,NA,NA,NA,NA,NA,NA,NA,NA,3,2,"",67,0,67,"12:22","",67,0,67,NA,NA,NA,NA,NA,NA,NA,NA,NA,NA,2,"MR. MARITZA CAMPOS DIAZ","DETALLADO","2. Camioneta/Auto",NA,"Puerta Puerta","Periurbano",NA,NA,NA,NA,NA,NA,NA,NA,NA,NA,NA,"3. indicacion verbal (reportar en whats app)","Caminar cuadra en cuadra","Complete","-16.357725","-71.615575","-16.354.565","-71.617.937"
"1139",1141,NA,"2024-09-30 08:29:31","18","Estadio arturo diaz huertas",1,181,2024-09-29,1,"07:55","08:16",1,"","08:24",NA,3,79,1,NA,NA,NA,NA,"",NA,NA,NA,NA,NA,NA,NA,"",NA,NA,NA,NA,NA,NA,NA,NA,NA,NA,NA,NA,NA,NA,NA,NA,NA,3,2,"",75,16,91,"12:23","",75,16,91,NA,NA,NA,NA,NA,NA,NA,NA,NA,NA,2,"MR. CERRO COLORADO","DETALLADO","1, Bus",NA,"Puerta Puerta","Urbano",NA,NA,NA,NA,NA,NA,NA,NA,NA,NA,NA,"3. indicacion verbal (reportar en whats app)","Caminar cuadra en cuadra","Complete","-16.371694","-71.567172","-16.376.821","-71.569.117"
"1140",1142,NA,"2024-09-30 08:33:24","18","Complejo deportivo Av. Puno",2,182,2024-09-29,1,"08:01","08:15",1,"","08:21",NA,3,34,2,NA,NA,NA,NA,"",NA,NA,NA,NA,NA,NA,NA,"",NA,NA,NA,NA,NA,NA,NA,NA,NA,NA,NA,NA,NA,NA,NA,NA,NA,3,2,"",51,13,64,"12:40","",51,13,64,NA,NA,NA,NA,NA,NA,NA,NA,NA,NA,2,"MR. CERRO COLORADO","DETALLADO","1, Bus",NA,"Puerta Puerta","Periurbano",NA,NA,NA,NA,NA,NA,NA,NA,NA,NA,NA,"3. indicacion verbal (reportar en whats app)","Caminar cuadra en cuadra","Complete","-16.380167","-71.567994","-16.382.959","-71.568.207"
"1141",1143,NA,"2024-09-30 08:35:39","18","Jiron alfonso ugarte",3,183,2024-09-29,1,"07:55","08:10",1,"","08:15",NA,3,63,1,NA,NA,NA,NA,"",NA,NA,NA,NA,NA,NA,NA,"",NA,NA,NA,NA,NA,NA,NA,NA,NA,NA,NA,NA,NA,NA,NA,NA,NA,3,2,"",27,4,31,"12:20","",27,4,31,NA,NA,NA,NA,NA,NA,NA,NA,NA,NA,2,"MR. CERRO COLORADO","DETALLADO","1, Bus",NA,"Puerta Puerta","Urbano",NA,NA,NA,NA,NA,NA,NA,NA,NA,NA,NA,"3. indicacion verbal (reportar en whats app)","Caminar cuadra en cuadra","Complete","-16.379796","-71.570048","-16.380.133","-71.573.352"
"1142",1144,NA,"2024-09-30 08:39:37","18","primero de noviembre",4,184,2024-09-29,1,"07:51","08:02",6,"Ambulancia","08:11",NA,3,49,1,NA,NA,NA,NA,"",NA,NA,NA,NA,NA,NA,NA,"",NA,NA,NA,NA,NA,NA,NA,NA,NA,NA,NA,NA,NA,NA,NA,NA,NA,3,1,"",52,3,55,"12:40","",52,3,55,NA,NA,NA,NA,NA,NA,NA,NA,NA,NA,2,"MR. CERRO COLORADO","DETALLADO","6. Otros (Especificar)",NA,"Puerta Puerta","Urbano",NA,NA,NA,NA,NA,NA,NA,NA,NA,NA,NA,"3. indicacion verbal (reportar en whats app)","Tocar puerta por puerta","Complete","-16.384686","-71.577755","-16.385.306","-71.574.363"
"1143",1145,NA,"2024-09-30 08:41:24","18","Alto victoria",5,185,2024-09-29,1,"08:25","08:33",1,"","08:40",NA,3,65,2,NA,NA,NA,NA,"",NA,NA,NA,NA,NA,NA,NA,"",NA,NA,NA,NA,NA,NA,NA,NA,NA,NA,NA,NA,NA,NA,NA,NA,NA,3,2,"",31,3,34,"12:48","",31,3,34,NA,NA,NA,NA,NA,NA,NA,NA,NA,NA,2,"MR. CERRO COLORADO","DETALLADO","1, Bus",NA,"Puerta Puerta","Periurbano",NA,NA,NA,NA,NA,NA,NA,NA,NA,NA,NA,"3. indicacion verbal (reportar en whats app)","Caminar cuadra en cuadra","Complete","-16.386005","-71.576026","-16.386.649","-71.576.141"
"1144",1146,NA,"2024-09-30 08:43:27","18","Jiron lima con jiron callao",6,186,2024-09-29,1,"07:55","08:16",1,"","08:20",NA,3,24,1,NA,NA,NA,NA,"",NA,NA,NA,NA,NA,NA,NA,"",NA,NA,NA,NA,NA,NA,NA,NA,NA,NA,NA,NA,NA,NA,NA,NA,NA,3,2,"",67,0,67,"12:40","",67,0,67,NA,NA,NA,NA,NA,NA,NA,NA,NA,NA,2,"MR. CERRO COLORADO","DETALLADO","1, Bus",NA,"Puerta Puerta","Urbano",NA,NA,NA,NA,NA,NA,NA,NA,NA,NA,NA,"3. indicacion verbal (reportar en whats app)","Caminar cuadra en cuadra","Complete","-16.382218","-71.568890","-16.382.218","-71.568.300"
"1145",1147,NA,"2024-09-30 08:45:24","18","Morro negro",7,187,2024-09-29,1,"07:56","08:14",6,"Ambulancia","08:30",NA,3,54,2,NA,NA,NA,NA,"",NA,NA,NA,NA,NA,NA,NA,"",NA,NA,NA,NA,NA,NA,NA,NA,NA,NA,NA,NA,NA,NA,NA,NA,NA,3,2,"",39,5,44,"12:14","",39,5,44,NA,NA,NA,NA,NA,NA,NA,NA,NA,NA,2,"MR. CERRO COLORADO","DETALLADO","6. Otros (Especificar)",NA,"Puerta Puerta","Periurbano",NA,NA,NA,NA,NA,NA,NA,NA,NA,NA,NA,"3. indicacion verbal (reportar en whats app)","Caminar cuadra en cuadra","Complete","-16.385120","-71.591174","-16.385.617","-71.589.777"
"1146",1148,NA,"2024-09-30 08:47:20","18","Parque mariategui",8,188,2024-09-29,1,"07:58","08:00",4,"","08:06",NA,3,80,1,NA,NA,NA,NA,"",NA,NA,NA,NA,NA,NA,NA,"",NA,NA,NA,NA,NA,NA,NA,NA,NA,NA,NA,NA,NA,NA,NA,NA,NA,3,1,"",58,7,65,"12:15","",58,7,65,NA,NA,NA,NA,NA,NA,NA,NA,NA,NA,2,"MR. CERRO COLORADO","DETALLADO","4. Caminando",NA,"Puerta Puerta","Urbano",NA,NA,NA,NA,NA,NA,NA,NA,NA,NA,NA,"3. indicacion verbal (reportar en whats app)","Tocar puerta por puerta","Complete","-16.384275","-71.572914","-16.383.371","-71.572.768"
"1147",1149,NA,"2024-09-30 08:48:56","18","Centro de salud alto libertad",9,189,2024-09-29,2,"","",NA,"","",2,3,NA,NA,NA,NA,NA,NA,"",NA,NA,NA,NA,NA,NA,NA,"",NA,NA,NA,NA,NA,NA,NA,NA,NA,NA,NA,NA,NA,NA,NA,NA,NA,NA,NA,"",16,0,16,"","",16,0,16,NA,NA,NA,NA,NA,NA,NA,NA,NA,NA,2,"MR. CERRO COLORADO","CORTO",NA,"No","Puerta Puerta",NA,NA,NA,NA,NA,NA,NA,NA,NA,NA,NA,NA,NA,NA,"Complete","-16.384254","-71.571256","",""
"1148",1150,NA,"2024-09-30 08:50:04","18","Ambulancia",10,1810,2024-09-29,2,"","",NA,"","",2,3,NA,NA,NA,NA,NA,NA,"",NA,NA,NA,NA,NA,NA,NA,"",NA,NA,NA,NA,NA,NA,NA,NA,NA,NA,NA,NA,NA,NA,NA,NA,NA,NA,NA,"",17,1,18,"","",17,1,18,NA,NA,NA,NA,NA,NA,NA,NA,NA,NA,2,"MR. CERRO COLORADO","CORTO",NA,"No","Puerta Puerta",NA,NA,NA,NA,NA,NA,NA,NA,NA,NA,NA,NA,NA,NA,"Complete","-16.383695","-71.581969","-16.382.279","-71.570.723"
"1149",1151,NA,"2024-09-30 08:52:49","13","San francisco de asis",1,131,2024-09-29,2,"","",NA,"","",2,3,NA,NA,NA,NA,NA,NA,"",NA,NA,NA,NA,NA,NA,NA,"",NA,NA,NA,NA,NA,NA,NA,NA,NA,NA,NA,NA,NA,NA,NA,NA,NA,NA,NA,"",37,3,40,"","",37,3,40,NA,NA,NA,NA,NA,NA,NA,NA,NA,NA,2,"MR. GENERALISIMO SAN MARTIN","CORTO",NA,"No","Puerta Puerta",NA,NA,NA,NA,NA,NA,NA,NA,NA,NA,NA,NA,NA,NA,"Complete","-16.385990","-71.489749","-16.383.888","-71.489.353"
"1150",1152,NA,"2024-09-30 08:54:18","13","Pueblo libre",2,132,2024-09-29,2,"","",NA,"","",2,3,NA,NA,NA,NA,NA,NA,"",NA,NA,NA,NA,NA,NA,NA,"",NA,NA,NA,NA,NA,NA,NA,NA,NA,NA,NA,NA,NA,NA,NA,NA,NA,NA,NA,"",27,5,32,"","",27,5,32,NA,NA,NA,NA,NA,NA,NA,NA,NA,NA,2,"MR. GENERALISIMO SAN MARTIN","CORTO",NA,"No","Puerta Puerta",NA,NA,NA,NA,NA,NA,NA,NA,NA,NA,NA,NA,NA,NA,"Complete","-16.393818","-71.493214","-16.396.353","-71.489.052"
"1151",1153,NA,"2024-09-30 08:55:35","13","Mirador de p.p. j.j. jerusalen",3,133,2024-09-29,2,"","",NA,"","",2,3,NA,NA,NA,NA,NA,NA,"",NA,NA,NA,NA,NA,NA,NA,"",NA,NA,NA,NA,NA,NA,NA,NA,NA,NA,NA,NA,NA,NA,NA,NA,NA,NA,NA,"",10,2,12,"","",10,2,12,NA,NA,NA,NA,NA,NA,NA,NA,NA,NA,2,"MR. GENERALISIMO SAN MARTIN","CORTO",NA,"No","Puerta Puerta",NA,NA,NA,NA,NA,NA,NA,NA,NA,NA,NA,NA,NA,NA,"Complete","-16.389214","-71.492001","",""
"1152",1154,NA,"2024-09-30 08:56:32","13","Berlin",4,134,2024-09-29,2,"","",NA,"","",2,3,NA,NA,NA,NA,NA,NA,"",NA,NA,NA,NA,NA,NA,NA,"",NA,NA,NA,NA,NA,NA,NA,NA,NA,NA,NA,NA,NA,NA,NA,NA,NA,NA,NA,"",30,4,34,"","",30,4,34,NA,NA,NA,NA,NA,NA,NA,NA,NA,NA,2,"MR. GENERALISIMO SAN MARTIN","CORTO",NA,"No","Puerta Puerta",NA,NA,NA,NA,NA,NA,NA,NA,NA,NA,NA,NA,NA,NA,"Complete","-16.389503","-71.491979","-16.390.543","-71.492.364"
"1153",1155,NA,"2024-09-30 08:57:34","13","Los angeles",5,135,2024-09-29,2,"","",NA,"","",2,3,NA,NA,NA,NA,NA,NA,"",NA,NA,NA,NA,NA,NA,NA,"",NA,NA,NA,NA,NA,NA,NA,NA,NA,NA,NA,NA,NA,NA,NA,NA,NA,NA,NA,"",35,5,40,"","",35,5,40,NA,NA,NA,NA,NA,NA,NA,NA,NA,NA,2,"MR. GENERALISIMO SAN MARTIN","CORTO",NA,"No","Puerta Puerta",NA,NA,NA,NA,NA,NA,NA,NA,NA,NA,NA,NA,NA,NA,"Complete","-16.395031","-71.490015","-16.394.417","-71.491.128"
"1154",1156,NA,"2024-09-30 08:58:53","13","Mirador señor de los milagros",6,136,2024-09-29,2,"","",NA,"","",2,3,NA,NA,NA,NA,NA,NA,"",NA,NA,NA,NA,NA,NA,NA,"",NA,NA,NA,NA,NA,NA,NA,NA,NA,NA,NA,NA,NA,NA,NA,NA,NA,NA,NA,"",8,1,9,"","",8,1,9,NA,NA,NA,NA,NA,NA,NA,NA,NA,NA,2,"MR. GENERALISIMO SAN MARTIN","CORTO",NA,"No","Puerta Puerta",NA,NA,NA,NA,NA,NA,NA,NA,NA,NA,NA,NA,NA,NA,"Complete","-16.393187","-71.493842","",""
"1155",1157,NA,"2024-09-30 08:59:58","13","Centro de salud",7,137,2024-09-29,2,"","",NA,"","",2,3,NA,NA,NA,NA,NA,NA,"",NA,NA,NA,NA,NA,NA,NA,"",NA,NA,NA,NA,NA,NA,NA,NA,NA,NA,NA,NA,NA,NA,NA,NA,NA,NA,NA,"",21,0,21,"","",21,0,21,NA,NA,NA,NA,NA,NA,NA,NA,NA,NA,2,"MR. GENERALISIMO SAN MARTIN","CORTO",NA,"No","Puerta Puerta",NA,NA,NA,NA,NA,NA,NA,NA,NA,NA,NA,NA,NA,NA,"Complete","-16.404502","-71.497562","",""
"1156",1158,NA,"2024-09-30 09:20:48","20","Jose luis bustamante y rivero sector V",1,201,2024-09-29,1,"07:50","08:09",1,"","08:34",NA,3,76,2,NA,NA,NA,NA,"",NA,NA,NA,NA,NA,NA,NA,"",NA,NA,NA,NA,NA,NA,NA,NA,NA,NA,NA,NA,NA,NA,NA,NA,NA,3,2,"",97,0,97,"13:05","",97,0,97,NA,NA,NA,NA,NA,NA,NA,NA,NA,NA,2,"MR. MARITZA CAMPOS DIAZ","DETALLADO","1, Bus",NA,"Puerta Puerta","Periurbano",NA,NA,NA,NA,NA,NA,NA,NA,NA,NA,NA,"3. indicacion verbal (reportar en whats app)","Caminar cuadra en cuadra","Complete","-16.339442","-71.604531","-16.335.829","-71.605.540"
"1157",1159,NA,"2024-09-30 09:22:28","20","Apipa 3",2,202,2024-09-29,1,"07:50","08:09",1,"","08:58",NA,3,68,1,NA,NA,NA,NA,"",NA,NA,NA,NA,NA,NA,NA,"",NA,NA,NA,NA,NA,NA,NA,NA,NA,NA,NA,NA,NA,NA,NA,NA,NA,3,2,"",76,0,76,"12:45","",76,0,76,NA,NA,NA,NA,NA,NA,NA,NA,NA,NA,2,"MR. MARITZA CAMPOS DIAZ","DETALLADO","1, Bus",NA,"Puerta Puerta","Urbano",NA,NA,NA,NA,NA,NA,NA,NA,NA,NA,NA,"3. indicacion verbal (reportar en whats app)","Caminar cuadra en cuadra","Complete","-16.325475","-71.608177","-16.329.290","-71.607.164"
"1158",1160,NA,"2024-09-30 09:24:05","20","Apipa sector 4",3,203,2024-09-29,1,"07:53","08:09",3,"","08:56",NA,3,64,2,NA,NA,NA,NA,"",NA,NA,NA,NA,NA,NA,NA,"",NA,NA,NA,NA,NA,NA,NA,NA,NA,NA,NA,NA,NA,NA,NA,NA,NA,3,2,"",75,0,75,"13:08","",75,0,75,NA,NA,NA,NA,NA,NA,NA,NA,NA,NA,2,"MR. MARITZA CAMPOS DIAZ","DETALLADO","3. Transporte público",NA,"Puerta Puerta","Periurbano",NA,NA,NA,NA,NA,NA,NA,NA,NA,NA,NA,"3. indicacion verbal (reportar en whats app)","Caminar cuadra en cuadra","Complete","-16.324779","-71.608590","-16.331.638","-71.613.663"
"1159",1161,NA,"2024-09-30 09:25:37","20","Apipa 9",4,204,2024-09-29,1,"07:53","08:10",1,"","08:35",NA,3,59,2,NA,NA,NA,NA,"",NA,NA,NA,NA,NA,NA,NA,"",NA,NA,NA,NA,NA,NA,NA,NA,NA,NA,NA,NA,NA,NA,NA,NA,NA,3,2,"",86,0,86,"13:00","",86,0,86,NA,NA,NA,NA,NA,NA,NA,NA,NA,NA,2,"MR. MARITZA CAMPOS DIAZ","DETALLADO","1, Bus",NA,"Puerta Puerta","Periurbano",NA,NA,NA,NA,NA,NA,NA,NA,NA,NA,NA,"3. indicacion verbal (reportar en whats app)","Caminar cuadra en cuadra","Complete","-16.331084","-71.609172","-16.332.005","-71.607.901"
"1160",1162,NA,"2024-09-30 09:29:39","20","Bustamante sector VII",5,205,2024-09-29,1,"07:50","08:10",1,"","08:44",NA,3,14,2,NA,NA,NA,NA,"",NA,NA,NA,NA,NA,NA,NA,"",NA,NA,NA,NA,NA,NA,NA,NA,NA,NA,NA,NA,NA,NA,NA,NA,NA,1,1,"",38,12,50,"12:30","",38,12,50,NA,NA,NA,NA,NA,NA,NA,NA,NA,NA,2,"MR. MARITZA CAMPOS DIAZ","DETALLADO","1, Bus",NA,"Puerta Puerta","Periurbano",NA,NA,NA,NA,NA,NA,NA,NA,NA,NA,NA,"1. Mapa con zona delimitada","Tocar puerta por puerta","Complete","-16.342376","-71.608732","",""
"1161",1163,NA,"2024-09-30 09:34:43","20","",6,206,2024-09-29,1,"08:00","08:08",1,"","08:50",NA,3,66,2,NA,NA,NA,NA,"",NA,NA,NA,NA,NA,NA,NA,"",NA,NA,NA,NA,NA,NA,NA,NA,NA,NA,NA,NA,NA,NA,NA,NA,NA,3,1,"",70,0,70,"13:30","",70,0,70,NA,NA,NA,NA,NA,NA,NA,NA,NA,NA,2,"MR. MARITZA CAMPOS DIAZ","DETALLADO","1, Bus",NA,"Puerta Puerta","Periurbano",NA,NA,NA,NA,NA,NA,NA,NA,NA,NA,NA,"3. indicacion verbal (reportar en whats app)","Tocar puerta por puerta","Complete","-16.334160","-71.615969","-16.340.080","-71.620.182"
"1162",1164,NA,"2024-09-30 09:36:50","20","Apipa 12 - 13",7,207,2024-09-29,1,"07:53","08:09",1,"","08:48",NA,3,47,2,NA,NA,NA,NA,"",NA,NA,NA,NA,NA,NA,NA,"",NA,NA,NA,NA,NA,NA,NA,NA,NA,NA,NA,NA,NA,NA,NA,NA,NA,3,2,"",65,0,65,"12:20","",65,0,65,NA,NA,NA,NA,NA,NA,NA,NA,NA,NA,2,"MR. MARITZA CAMPOS DIAZ","DETALLADO","1, Bus",NA,"Puerta Puerta","Periurbano",NA,NA,NA,NA,NA,NA,NA,NA,NA,NA,NA,"3. indicacion verbal (reportar en whats app)","Caminar cuadra en cuadra","Complete","-16.336478","-71.618472","-16.336.480","-71.622.883"
"1163",1165,NA,"2024-09-30 09:38:35","20","",8,208,2024-09-29,1,"07:54","08:10",1,"","08:40",NA,3,55,2,NA,NA,NA,NA,"",NA,NA,NA,NA,NA,NA,NA,"",NA,NA,NA,NA,NA,NA,NA,NA,NA,NA,NA,NA,NA,NA,NA,NA,NA,3,2,"",135,0,135,"13:46","",135,0,135,NA,NA,NA,NA,NA,NA,NA,NA,NA,NA,2,"MR. MARITZA CAMPOS DIAZ","DETALLADO","1, Bus",NA,"Puerta Puerta","Periurbano",NA,NA,NA,NA,NA,NA,NA,NA,NA,NA,NA,"3. indicacion verbal (reportar en whats app)","Caminar cuadra en cuadra","Complete","-16.343069","-71.613155","-16.346.996","-71.613.954"
"1164",1166,NA,"2024-09-30 09:40:27","20","Bustamante sector 8",9,209,2024-09-29,1,"07:55","08:10",2,"","09:07",NA,3,51,2,NA,NA,NA,NA,"",NA,NA,NA,NA,NA,NA,NA,"",NA,NA,NA,NA,NA,NA,NA,NA,NA,NA,NA,NA,NA,NA,NA,NA,NA,3,2,"",71,0,71,"13:14","",71,0,71,NA,NA,NA,NA,NA,NA,NA,NA,NA,NA,2,"MR. MARITZA CAMPOS DIAZ","DETALLADO","2. Camioneta/Auto",NA,"Puerta Puerta","Periurbano",NA,NA,NA,NA,NA,NA,NA,NA,NA,NA,NA,"3. indicacion verbal (reportar en whats app)","Caminar cuadra en cuadra","Complete","-16.343041","-71.616347","-16.350.832","-71.618.976"
"1165",1167,NA,"2024-09-30 09:42:04","20","",10,2010,2024-09-29,1,"07:53","08:10",1,"","08:43",NA,3,75,2,NA,NA,NA,NA,"",NA,NA,NA,NA,NA,NA,NA,"",NA,NA,NA,NA,NA,NA,NA,NA,NA,NA,NA,NA,NA,NA,NA,NA,NA,3,2,"",80,0,80,"13:30","",80,0,80,NA,NA,NA,NA,NA,NA,NA,NA,NA,NA,2,"MR. MARITZA CAMPOS DIAZ","DETALLADO","1, Bus",NA,"Puerta Puerta","Periurbano",NA,NA,NA,NA,NA,NA,NA,NA,NA,NA,NA,"3. indicacion verbal (reportar en whats app)","Caminar cuadra en cuadra","Complete","-16.342241","-71.615953","-16.348.518","-71.624.350"
"1166",1168,NA,"2024-09-30 09:43:41","20","",11,2011,2024-09-29,1,"07:45","08:10",1,"","08:50",NA,3,57,2,NA,NA,NA,NA,"",NA,NA,NA,NA,NA,NA,NA,"",NA,NA,NA,NA,NA,NA,NA,NA,NA,NA,NA,NA,NA,NA,NA,NA,NA,3,2,"",88,5,93,"13:10","",88,5,93,NA,NA,NA,NA,NA,NA,NA,NA,NA,NA,2,"MR. MARITZA CAMPOS DIAZ","DETALLADO","1, Bus",NA,"Puerta Puerta","Periurbano",NA,NA,NA,NA,NA,NA,NA,NA,NA,NA,NA,"3. indicacion verbal (reportar en whats app)","Caminar cuadra en cuadra","Complete","-16.340593","-71.621426","",""
"1167",1169,NA,"2024-09-30 09:45:58","20","Bustamante 11",12,2012,2024-09-29,1,"07:55","08:10",6,"Ambulancia","09:00",NA,3,35,2,NA,NA,NA,NA,"",NA,NA,NA,NA,NA,NA,NA,"",NA,NA,NA,NA,NA,NA,NA,NA,NA,NA,NA,NA,NA,NA,NA,NA,NA,3,2,"",105,0,105,"13:14","",105,0,105,NA,NA,NA,NA,NA,NA,NA,NA,NA,NA,2,"MR. MARITZA CAMPOS DIAZ","DETALLADO","6. Otros (Especificar)",NA,"Puerta Puerta","Periurbano",NA,NA,NA,NA,NA,NA,NA,NA,NA,NA,NA,"3. indicacion verbal (reportar en whats app)","Caminar cuadra en cuadra","Complete","-16.351310","-71.623090","",""
"1168",1170,NA,"2024-09-30 09:47:19","20","Las lomas",13,2013,2024-09-29,1,"07:55","08:10",2,"","08:51",NA,3,29,2,NA,NA,NA,NA,"",NA,NA,NA,NA,NA,NA,NA,"",NA,NA,NA,NA,NA,NA,NA,NA,NA,NA,NA,NA,NA,NA,NA,NA,NA,3,2,"",42,0,42,"13:00","",42,0,42,NA,NA,NA,NA,NA,NA,NA,NA,NA,NA,2,"MR. MARITZA CAMPOS DIAZ","DETALLADO","2. Camioneta/Auto",NA,"Puerta Puerta","Periurbano",NA,NA,NA,NA,NA,NA,NA,NA,NA,NA,NA,"3. indicacion verbal (reportar en whats app)","Caminar cuadra en cuadra","Complete","-16.357871","-71.632162","-16.363.600","-71.635.249"
"1169",1171,NA,"2024-09-30 09:48:58","20","Las lomas",14,2014,2024-09-29,1,"07:35","08:10",2,"","08:39",NA,3,52,2,NA,NA,NA,NA,"",NA,NA,NA,NA,NA,NA,NA,"",NA,NA,NA,NA,NA,NA,NA,NA,NA,NA,NA,NA,NA,NA,NA,NA,NA,3,2,"",72,0,72,"13:15","",72,0,72,NA,NA,NA,NA,NA,NA,NA,NA,NA,NA,2,"MR. MARITZA CAMPOS DIAZ","DETALLADO","2. Camioneta/Auto",NA,"Puerta Puerta","Periurbano",NA,NA,NA,NA,NA,NA,NA,NA,NA,NA,NA,"3. indicacion verbal (reportar en whats app)","Caminar cuadra en cuadra","Complete","-16.361143","-71.624999","-16.342.102","-71.616.259"
"1170",1172,NA,"2024-09-30 10:02:00","20","Local social lomas",15,2015,2024-09-29,2,"","",NA,"","",2,3,NA,NA,NA,NA,NA,NA,"",NA,NA,NA,NA,NA,NA,NA,"",NA,NA,NA,NA,NA,NA,NA,NA,NA,NA,NA,NA,NA,NA,NA,NA,NA,NA,NA,"",3,0,3,"","",3,0,3,NA,NA,NA,NA,NA,NA,NA,NA,NA,NA,2,"MR. MARITZA CAMPOS DIAZ","CORTO",NA,"No","Puerta Puerta",NA,NA,NA,NA,NA,NA,NA,NA,NA,NA,NA,NA,NA,NA,"Complete","-16.363051","-71.628324","",""
"1171",1173,NA,"2024-10-23 11:28:07","9","Villa fatima",1,91,2024-10-19,1,"08:17","08:34",1,"","09:08",NA,2,65,NA,NA,NA,NA,NA,"",NA,NA,NA,NA,NA,NA,NA,"",NA,NA,NA,NA,NA,NA,NA,NA,NA,NA,NA,NA,NA,3,2,42,12,NA,NA,"",NA,NA,NA,"12:13","La mayoría ya estaban vacunados (los perritos), me dieron 3 frascos adicionales, se me acabaron las vacunas a las 11:20 me trajeron las vacunas 12:09 le llame al inspector 3 veces, a las 5 minutos que me dieron las vacunas el inspector me indico que ya tenia que movilizarme al punto de recojo. ",42,12,54,NA,NA,NA,NA,NA,NA,NA,NA,NA,NA,2,"MR. YANAHUARA","DETALLADO","1, Bus",NA,"Punto movil",NA,NA,NA,NA,NA,NA,NA,NA,NA,NA,"indicacion verbal (reportar en whats app)","NO",NA,NA,"Complete","-16.405126","-71.569647","-16.407.196","-71.568.786"
"1172",1174,NA,"2024-10-23 11:32:06","9","Villa padro - pampa de camarones ",2,92,2024-10-19,1,"08:22","08:37",1,"","09:11",NA,2,38,NA,NA,NA,NA,NA,"",NA,NA,NA,NA,NA,NA,NA,"",NA,NA,NA,NA,NA,NA,NA,NA,NA,NA,NA,NA,NA,1,2,34,3,NA,NA,"",NA,NA,NA,"12:40","",34,3,37,NA,NA,NA,NA,NA,NA,NA,NA,NA,NA,2,"MR. YANAHUARA","DETALLADO","1, Bus",NA,"Punto movil",NA,NA,NA,NA,NA,NA,NA,NA,NA,NA,"Mapa con zona delimitada","NO",NA,NA,"Complete","-16.407196","-71.565677","-16.409.593","-71.566.462"
"1173",1175,NA,"2024-10-23 11:35:15","9","Urb. Primavera ",3,93,2024-10-19,1,"08:20","08:28",1,"","08:46",NA,1,24,NA,1,0,1,3,"10:15",2,NA,NA,17,0,2,NA,"",NA,NA,NA,NA,NA,NA,NA,NA,NA,NA,NA,NA,NA,NA,NA,NA,NA,NA,NA,"",NA,NA,NA,"12:15","No hubo mucha afluencia de perros, la mayoria ya estaba vacunado de manera particular ",18,0,18,NA,NA,NA,NA,NA,NA,NA,NA,NA,NA,2,"MR. YANAHUARA","DETALLADO","1, Bus",NA,"Punto fijo",NA,"SI","Yo mismo","Cambiamos a Punto movil","NO",NA,NA,NA,NA,NA,NA,NA,NA,NA,"Complete","-16.399387","-71.550873","-16.400.013","-71.552.628"
"1174",1176,NA,"2024-10-23 11:38:23","9","Parque Urb. Víctor Andrés Belaunde ",4,94,2024-10-19,1,"08:20","08:29",1,"","08:51",NA,2,79,NA,NA,NA,NA,NA,"",NA,NA,NA,NA,NA,NA,NA,"",NA,NA,NA,NA,NA,NA,NA,NA,NA,NA,NA,NA,NA,3,2,28,0,NA,NA,"",NA,NA,NA,"12:47","La mayor parte de mascotas tanto perros y gatos estan vacunados ",28,0,28,NA,NA,NA,NA,NA,NA,NA,NA,NA,NA,2,"MR. YANAHUARA","DETALLADO","1, Bus",NA,"Punto movil",NA,NA,NA,NA,NA,NA,NA,NA,NA,NA,"indicacion verbal (reportar en whats app)","NO",NA,NA,"Complete","-16.395214","-71.553323","-16.395.568","-71.555.021"
"1175",1177,NA,"2024-10-23 11:43:30","9","Parque del avion",5,95,2024-10-19,1,"08:19","08:29",1,"","08:37",NA,1,37,NA,12,0,2,NA,"",NA,NA,NA,NA,NA,NA,NA,"",NA,NA,NA,NA,NA,NA,NA,NA,NA,NA,NA,NA,NA,NA,NA,NA,NA,NA,NA,"",NA,NA,NA,"12:18","por orden del inspector me di la vuelta a la manzana y se observo varios locales y una guarderia, ademas la mayoria de las personas que se le pregunto que se deseaba vacunar a sus perros contaban con médicos veterinarios.  ",12,0,12,NA,NA,NA,NA,NA,NA,NA,NA,NA,NA,2,"MR. YANAHUARA","DETALLADO","1, Bus",NA,"Punto fijo",NA,"NO",NA,NA,NA,NA,NA,NA,NA,NA,NA,NA,NA,NA,"Complete","-16.395594","-71.543269","-16.395.594","-71.543.268"
"1176",1178,NA,"2024-10-23 11:56:50","9","Pampitas ceballos",6,96,2024-10-19,1,"08:21","08:30",1,"","08:41",NA,1,67,NA,5,0,1,1,"10:27",2,NA,NA,7,0,1,1,"10:50",2,NA,NA,3,0,2,NA,NA,NA,NA,NA,NA,NA,NA,NA,NA,NA,NA,NA,"",NA,NA,NA,"12:15","",15,0,15,NA,NA,NA,NA,NA,NA,NA,NA,NA,NA,2,"MR. YANAHUARA","DETALLADO","1, Bus",NA,"Punto fijo",NA,"SI","Microred","Cambiamos a Punto movil","SI","Microred","Cambiamos a Punto movil","NO",NA,NA,NA,NA,NA,NA,"Complete","-16.392529","-71.546499","-16.393.182","-71.548.645"
"1177",1179,NA,"2024-10-23 11:58:55","9","Piedra santa I y II",7,97,2024-10-19,1,"08:20","08:30",1,"","08:52",NA,2,13,NA,NA,NA,NA,NA,"",NA,NA,NA,NA,NA,NA,NA,"",NA,NA,NA,NA,NA,NA,NA,NA,NA,NA,NA,NA,NA,3,1,76,5,NA,NA,"",NA,NA,NA,"13:00","",76,5,81,NA,NA,NA,NA,NA,NA,NA,NA,NA,NA,2,"MR. YANAHUARA","DETALLADO","1, Bus",NA,"Punto movil",NA,NA,NA,NA,NA,NA,NA,NA,NA,NA,"indicacion verbal (reportar en whats app)","SI",NA,NA,"Complete","-16.397279","-71.554573","",""
"1178",1180,NA,"2024-10-23 12:02:09","9","Taobada",1,91,2024-10-20,1,"08:12","08:48",1,"","09:11",NA,3,65,1,NA,NA,NA,NA,"",NA,NA,NA,NA,NA,NA,NA,"",NA,NA,NA,NA,NA,NA,NA,NA,NA,NA,NA,NA,NA,NA,NA,NA,NA,3,1,"",41,9,50,"11:14","llegamos a punto de vacunación a las 9:11 y nos recogieron a las 11:14",41,9,50,NA,NA,NA,NA,NA,NA,NA,NA,NA,NA,2,"MR. YANAHUARA","DETALLADO","1, Bus",NA,"Puerta Puerta","Urbano",NA,NA,NA,NA,NA,NA,NA,NA,NA,NA,NA,"3. indicacion verbal (reportar en whats app)","Tocar puerta por puerta","Complete","-16.401040","-71.556801","",""
"1179",1181,NA,"2024-10-23 12:03:50","9","calle chullo",2,92,2024-10-20,1,"08:30","08:55",1,"","09:12",NA,3,38,1,NA,NA,NA,NA,"",NA,NA,NA,NA,NA,NA,NA,"",NA,NA,NA,NA,NA,NA,NA,NA,NA,NA,NA,NA,NA,NA,NA,NA,NA,3,1,"",18,6,24,"11:30","",18,6,24,NA,NA,NA,NA,NA,NA,NA,NA,NA,NA,2,"MR. YANAHUARA","DETALLADO","1, Bus",NA,"Puerta Puerta","Urbano",NA,NA,NA,NA,NA,NA,NA,NA,NA,NA,NA,"3. indicacion verbal (reportar en whats app)","Tocar puerta por puerta","Complete","-16.398645","-71.553465","-16.393.199","-71.545.439"
"1180",1182,NA,"2024-10-23 12:05:52","9","magnolia",3,93,2024-10-20,1,"08:12","09:08",1,"","09:38",NA,3,37,1,NA,NA,NA,NA,"",NA,NA,NA,NA,NA,NA,NA,"",NA,NA,NA,NA,NA,NA,NA,NA,NA,NA,NA,NA,NA,NA,NA,NA,NA,3,2,"",11,0,11,"11:37","puro departamento, ni una zona verde",11,0,11,NA,NA,NA,NA,NA,NA,NA,NA,NA,NA,2,"MR. YANAHUARA","DETALLADO","1, Bus",NA,"Puerta Puerta","Urbano",NA,NA,NA,NA,NA,NA,NA,NA,NA,NA,NA,"3. indicacion verbal (reportar en whats app)","Caminar cuadra en cuadra","Complete","-16.383774","-71.536087","-16.383.812","-71.536.636"
"1181",1183,NA,"2024-10-23 12:07:57","9","Plaza yanahura ",4,94,2024-10-20,1,"08:12","09:30",4,"","09:50",NA,3,79,1,NA,NA,NA,NA,"",NA,NA,NA,NA,NA,NA,NA,"",NA,NA,NA,NA,NA,NA,NA,NA,NA,NA,NA,NA,NA,NA,NA,NA,NA,3,1,"",21,2,23,"11:55","que haya propaganda previa",21,2,23,NA,NA,NA,NA,NA,NA,NA,NA,NA,NA,2,"MR. YANAHUARA","DETALLADO","4. Caminando",NA,"Puerta Puerta","Urbano",NA,NA,NA,NA,NA,NA,NA,NA,NA,NA,NA,"3. indicacion verbal (reportar en whats app)","Tocar puerta por puerta","Complete","-16.386081","-71.542124","-16.385.749","-71.542.185"
"1182",1184,NA,"2024-10-23 12:10:20","9","Independencia ",5,95,2024-10-20,1,"08:18","08:47",1,"","09:08",NA,3,67,1,NA,NA,NA,NA,"",NA,NA,NA,NA,NA,NA,NA,"",NA,NA,NA,NA,NA,NA,NA,NA,NA,NA,NA,NA,NA,NA,NA,NA,NA,3,1,"",13,4,17,"11:25","pura zona residencial no hay muchos canes a vacunar ",13,4,17,NA,NA,NA,NA,NA,NA,NA,NA,NA,NA,2,"MR. YANAHUARA","DETALLADO","1, Bus",NA,"Puerta Puerta","Urbano",NA,NA,NA,NA,NA,NA,NA,NA,NA,NA,NA,"3. indicacion verbal (reportar en whats app)","Tocar puerta por puerta","Complete","-16.402416","-71.552333","-16.400.237","-71.552.057"
"1183",1185,NA,"2024-10-23 12:11:33","9","calle loreto",6,96,2024-10-20,2,"","",NA,"","",2,3,NA,NA,NA,NA,NA,NA,"",NA,NA,NA,NA,NA,NA,NA,"",NA,NA,NA,NA,NA,NA,NA,NA,NA,NA,NA,NA,NA,NA,NA,NA,NA,NA,NA,"",22,0,22,"","",22,0,22,NA,NA,NA,NA,NA,NA,NA,NA,NA,NA,2,"MR. YANAHUARA","CORTO",NA,"No","Puerta Puerta",NA,NA,NA,NA,NA,NA,NA,NA,NA,NA,NA,NA,NA,NA,"Complete","-16.395722","-71.544820","",""
"1184",1186,NA,"2024-11-04 11:59:59","5","",1,51,2024-11-03,1,"08:00","08:40",2,"","09:15",NA,1,63,NA,14,0,1,3,"10:05",2,NA,NA,28,0,2,NA,"",NA,NA,NA,NA,NA,NA,NA,NA,NA,NA,NA,NA,NA,NA,NA,NA,NA,NA,NA,"",NA,NA,NA,"13:02","No habia movilidad para el recojo y nos toco regresar caminando",42,0,42,NA,NA,NA,NA,NA,NA,NA,NA,NA,NA,2,"MR. SAN MARTIN SOCABAYA","DETALLADO","2. Camioneta/Auto",NA,"Punto fijo",NA,"SI","Yo mismo","Cambiamos a Punto movil","NO",NA,NA,NA,NA,NA,NA,NA,NA,NA,"Complete","-16.435482","-71.535701","-16.438.983","-71.534.033"
"1185",1187,NA,"2024-11-04 12:03:05","5","calle mollendo",2,52,2024-11-03,1,"08:19","09:09",6,"Caminando","09:19",NA,1,65,NA,1,0,1,3,"09:19",2,NA,NA,87,9,2,NA,"",NA,NA,NA,NA,NA,NA,NA,NA,NA,NA,NA,NA,NA,NA,NA,NA,NA,NA,NA,"",NA,NA,NA,"13:00","No me dieron punto fijo",88,9,97,NA,NA,NA,NA,NA,NA,NA,NA,NA,NA,2,"MR. SAN MARTIN SOCABAYA","DETALLADO","6. Otros (Especificar)",NA,"Punto fijo",NA,"SI","Yo mismo","Cambiamos a Punto movil","NO",NA,NA,NA,NA,NA,NA,NA,NA,NA,"Complete","-16.441712","-71.533193","-16.441.891","-71.533.556"
"1186",1188,NA,"2024-11-04 12:06:11","5","Villa Olimpia",3,53,2024-11-03,1,"08:30","08:41",4,"","08:50",NA,1,56,NA,112,4,2,NA,"",NA,NA,NA,NA,NA,NA,NA,"",NA,NA,NA,NA,NA,NA,NA,NA,NA,NA,NA,NA,NA,NA,NA,NA,NA,NA,NA,"",NA,NA,NA,"13:10","",112,4,116,NA,NA,NA,NA,NA,NA,NA,NA,NA,NA,2,"MR. SAN MARTIN SOCABAYA","DETALLADO","4. Caminando",NA,"Punto fijo",NA,"NO",NA,NA,NA,NA,NA,NA,NA,NA,NA,NA,NA,NA,"Complete","-16.442980","-71.531692","-16.444.013","-71.532.420"
"1187",1189,NA,"2024-11-04 12:08:47","5","Puesto de salud Salaverry",4,54,2024-11-03,2,"","",NA,"","",2,2,NA,NA,NA,NA,NA,NA,"",NA,NA,NA,NA,NA,NA,NA,"",NA,NA,NA,NA,NA,NA,NA,NA,NA,NA,NA,NA,NA,NA,NA,13,0,NA,NA,"",NA,NA,NA,"","",13,0,13,NA,NA,NA,NA,NA,NA,NA,NA,NA,NA,2,"MR. SAN MARTIN SOCABAYA","CORTO",NA,"No","Punto movil",NA,NA,NA,NA,NA,NA,NA,NA,NA,NA,NA,NA,NA,NA,"Complete","-16.434956","-71.536405","",""
"1188",1190,NA,"2024-11-04 12:10:33","5","Centro de salud san martin de socabaya",5,55,2024-11-03,2,"","",NA,"","",2,2,NA,NA,NA,NA,NA,NA,"",NA,NA,NA,NA,NA,NA,NA,"",NA,NA,NA,NA,NA,NA,NA,NA,NA,NA,NA,NA,NA,NA,NA,4,0,NA,NA,"",NA,NA,NA,"","",4,0,4,NA,NA,NA,NA,NA,NA,NA,NA,NA,NA,2,"MR. SAN MARTIN SOCABAYA","CORTO",NA,"No","Punto movil",NA,NA,NA,NA,NA,NA,NA,NA,NA,NA,NA,NA,NA,NA,"Complete","-16.439218","-71.529790","",""
"1189",1191,NA,"2024-11-04 12:12:35","5","Salaverry",6,56,2024-11-03,2,"","",NA,"","",2,2,NA,NA,NA,NA,NA,NA,"",NA,NA,NA,NA,NA,NA,NA,"",NA,NA,NA,NA,NA,NA,NA,NA,NA,NA,NA,NA,NA,NA,NA,60,7,NA,NA,"",NA,NA,NA,"","Se necesita hacer propaganda auspiciando la vacunación una semana antes",60,7,67,NA,NA,NA,NA,NA,NA,NA,NA,NA,NA,2,"MR. SAN MARTIN SOCABAYA","CORTO",NA,"No","Punto movil",NA,NA,NA,NA,NA,NA,NA,NA,NA,NA,NA,NA,NA,NA,"Complete","-16.435576","-71.536480","",""
"1190",1192,NA,"2024-11-04 12:13:44","5","Parque san martin ",7,57,2024-11-03,2,"","",NA,"","",2,2,NA,NA,NA,NA,NA,NA,"",NA,NA,NA,NA,NA,NA,NA,"",NA,NA,NA,NA,NA,NA,NA,NA,NA,NA,NA,NA,NA,NA,NA,33,0,NA,NA,"",NA,NA,NA,"","",33,0,33,NA,NA,NA,NA,NA,NA,NA,NA,NA,NA,2,"MR. SAN MARTIN SOCABAYA","CORTO",NA,"No","Punto movil",NA,NA,NA,NA,NA,NA,NA,NA,NA,NA,NA,NA,NA,NA,"Complete","-16.439402","-71.530922","",""
"1191",1193,NA,"2024-11-04 12:15:01","5","Centro de salud salaverry",8,58,2024-11-03,2,"","",NA,"","",2,2,NA,NA,NA,NA,NA,NA,"",NA,NA,NA,NA,NA,NA,NA,"",NA,NA,NA,NA,NA,NA,NA,NA,NA,NA,NA,NA,NA,NA,NA,70,10,NA,NA,"",NA,NA,NA,"","",70,10,80,NA,NA,NA,NA,NA,NA,NA,NA,NA,NA,2,"MR. SAN MARTIN SOCABAYA","CORTO",NA,"No","Punto movil",NA,NA,NA,NA,NA,NA,NA,NA,NA,NA,NA,NA,NA,NA,"Complete","-16.433166","-71.538584","",""
"1192",1194,NA,"2024-11-04 12:16:08","5","",9,59,2024-11-03,2,"","",NA,"","",2,2,NA,NA,NA,NA,NA,NA,"",NA,NA,NA,NA,NA,NA,NA,"",NA,NA,NA,NA,NA,NA,NA,NA,NA,NA,NA,NA,NA,NA,NA,50,0,NA,NA,"",NA,NA,NA,"","",50,0,50,NA,NA,NA,NA,NA,NA,NA,NA,NA,NA,2,"MR. SAN MARTIN SOCABAYA","CORTO",NA,"No","Punto movil",NA,NA,NA,NA,NA,NA,NA,NA,NA,NA,NA,NA,NA,NA,"Complete","-16.437593","-71.532996","",""
"1193",1195,NA,"2024-11-04 12:27:35","5","Grifo san fernando",10,510,2024-11-03,2,"","",NA,"","",2,2,NA,NA,NA,NA,NA,NA,"",NA,NA,NA,NA,NA,NA,NA,"",NA,NA,NA,NA,NA,NA,NA,NA,NA,NA,NA,NA,NA,NA,NA,30,0,NA,NA,"",NA,NA,NA,"","",30,0,30,NA,NA,NA,NA,NA,NA,NA,NA,NA,NA,2,"MR. SAN MARTIN SOCABAYA","CORTO",NA,"No","Punto movil",NA,NA,NA,NA,NA,NA,NA,NA,NA,NA,NA,NA,NA,NA,"Complete","-16.442029","-71.528762","",""
"1194",1196,NA,"2024-11-24 10:48:32","10","Beethoven",1,101,2024-11-09,1,"08:25","08:35",1,"","08:37",NA,1,NA,NA,41,5,2,NA,"",NA,NA,NA,NA,NA,NA,NA,"",NA,NA,NA,NA,NA,NA,NA,NA,NA,NA,NA,NA,NA,NA,NA,NA,NA,NA,NA,"",NA,NA,NA,"13:22","",41,5,46,NA,NA,NA,NA,NA,NA,NA,NA,NA,NA,2,"MR. ALTO SELVA ALEGRE","DETALLADO","1, Bus",NA,"Punto fijo",NA,"NO",NA,NA,NA,NA,NA,NA,NA,NA,NA,NA,NA,NA,"Complete","-16.364203","-71.522249","",""
"1195",1197,NA,"2024-11-24 10:52:25","10","Villa Asunción paradero 7A ",2,102,2024-11-09,1,"08:00","08:10",1,"","08:20",NA,1,NA,NA,30,4,2,NA,"",NA,NA,NA,NA,NA,NA,NA,"",NA,NA,NA,NA,NA,NA,NA,NA,NA,NA,NA,NA,NA,NA,NA,NA,NA,NA,NA,"",NA,NA,NA,"14:14","",30,4,34,NA,NA,NA,NA,NA,NA,NA,NA,NA,NA,2,"MR. ALTO SELVA ALEGRE","DETALLADO","1, Bus",NA,"Punto fijo",NA,"NO",NA,NA,NA,NA,NA,NA,NA,NA,NA,NA,NA,NA,"Complete","-16.361581","-71.516046","",""
"1196",1198,NA,"2024-11-24 10:57:35","10","San juan de Bautista ",3,103,2024-11-09,1,"08:00","08:45",1,"","08:50",NA,1,NA,NA,0,0,1,3,"08:50",2,NA,NA,45,7,2,NA,"",NA,NA,NA,NA,NA,NA,NA,NA,NA,NA,NA,NA,NA,NA,NA,NA,NA,NA,NA,"",NA,NA,NA,"14:10","",45,7,52,NA,NA,NA,NA,NA,NA,NA,NA,NA,NA,2,"MR. ALTO SELVA ALEGRE","DETALLADO","1, Bus",NA,"Punto fijo",NA,"SI","Yo mismo","Cambiamos a Punto movil","NO",NA,NA,NA,NA,NA,NA,NA,NA,NA,"Complete","-16.368780","-71.519169","-16.367.502","-71.518.719"
"1197",1199,NA,"2024-11-24 11:02:07","10","parque lealtad democrática",4,104,2024-11-09,1,"08:30","08:40",1,"","09:10",NA,1,NA,NA,60,0,2,NA,"",NA,NA,NA,NA,NA,NA,NA,"",NA,NA,NA,NA,NA,NA,NA,NA,NA,NA,NA,NA,NA,NA,NA,NA,NA,NA,NA,"",NA,NA,NA,"14:37","",60,0,60,NA,NA,NA,NA,NA,NA,NA,NA,NA,NA,2,"MR. ALTO SELVA ALEGRE","DETALLADO","1, Bus",NA,"Punto fijo",NA,"NO",NA,NA,NA,NA,NA,NA,NA,NA,NA,NA,NA,NA,"Complete","-16.366718","-71.516210","-16.366.653","-71.515.250"
"1198",1200,NA,"2024-11-24 11:07:54","10","grifo chachas",5,105,2024-11-09,1,"08:25","08:50",1,"","09:00",NA,1,NA,NA,31,1,2,NA,"",NA,NA,NA,NA,NA,NA,NA,"",NA,NA,NA,NA,NA,NA,NA,NA,NA,NA,NA,NA,NA,NA,NA,NA,NA,NA,NA,"",NA,NA,NA,"14:00","",31,1,32,NA,NA,NA,NA,NA,NA,NA,NA,NA,NA,2,"MR. ALTO SELVA ALEGRE","DETALLADO","1, Bus",NA,"Punto fijo",NA,"NO",NA,NA,NA,NA,NA,NA,NA,NA,NA,NA,NA,NA,"Complete","-16.364396","-71.515228","-16.365.163","-71.515.096"
"1199",1201,NA,"2024-11-24 11:23:09","10","gran chaparral",6,106,2024-11-09,1,"08:30","08:40",1,"","08:50",NA,2,21,NA,NA,NA,NA,NA,"",NA,NA,NA,NA,NA,NA,NA,"",NA,NA,NA,NA,NA,NA,NA,NA,NA,NA,NA,NA,NA,3,2,37,2,NA,NA,"",NA,NA,NA,"13:20","",37,2,39,NA,NA,NA,NA,NA,NA,NA,NA,NA,NA,2,"MR. ALTO SELVA ALEGRE","DETALLADO","1, Bus",NA,"Punto movil",NA,NA,NA,NA,NA,NA,NA,NA,NA,NA,"indicacion verbal (reportar en whats app)","NO",NA,NA,"Complete","-16.365535","-71.514609","",""
"1200",1202,NA,"2024-11-24 11:34:12","10","mercado punto A",8,108,2024-11-09,1,"08:20","08:30",1,"","09:00",NA,2,60,NA,NA,NA,NA,NA,"",NA,NA,NA,NA,NA,NA,NA,"",NA,NA,NA,NA,NA,NA,NA,NA,NA,NA,NA,NA,NA,3,2,38,0,NA,NA,"",NA,NA,NA,"13:40","",38,0,38,NA,NA,NA,NA,NA,NA,NA,NA,NA,NA,2,"MR. ALTO SELVA ALEGRE","DETALLADO","1, Bus",NA,"Punto movil",NA,NA,NA,NA,NA,NA,NA,NA,NA,NA,"indicacion verbal (reportar en whats app)","NO",NA,NA,"Complete","-16.359294","-71.510004","",""
"1201",1203,NA,"2024-11-24 11:41:31","10","terminal villa mirador ",7,107,2024-11-09,1,"08:20","08:30",1,"","09:00",NA,1,NA,NA,0,0,1,3,"09:00",1,39,2,NA,NA,2,NA,"",NA,NA,NA,NA,NA,NA,NA,NA,NA,NA,NA,NA,NA,NA,NA,NA,NA,NA,NA,"",NA,NA,NA,"13:30","",39,2,41,NA,NA,NA,NA,NA,NA,NA,NA,NA,NA,2,"MR. ALTO SELVA ALEGRE","DETALLADO","1, Bus",NA,"Punto fijo",NA,"SI","Yo mismo","Cambiamos a Punto fijo","NO",NA,NA,NA,NA,NA,NA,NA,NA,NA,"Complete","-16.360134","-71.509331","",""
"1202",1204,NA,"2024-11-24 12:00:44","10","1ro de enero ",9,109,2024-11-09,1,"08:20","08:40",1,"","08:50",NA,2,44,NA,NA,NA,NA,NA,"",NA,NA,NA,NA,NA,NA,NA,"",NA,NA,NA,NA,NA,NA,NA,NA,NA,NA,NA,NA,NA,3,2,64,10,NA,NA,"",NA,NA,NA,"14:25","",64,10,74,NA,NA,NA,NA,NA,NA,NA,NA,NA,NA,2,"MR. ALTO SELVA ALEGRE","DETALLADO","1, Bus",NA,"Punto movil",NA,NA,NA,NA,NA,NA,NA,NA,NA,NA,"indicacion verbal (reportar en whats app)","NO",NA,NA,"Complete","-16.368172","-71.520555","-16.372.450","-71.526.397"
"1203",1205,NA,"2024-11-24 12:05:31","10","campeones del 81",10,1010,2024-11-09,1,"08:25","08:30",1,"","08:40",NA,1,NA,NA,0,7,1,3,"11:30",1,35,0,NA,NA,1,1,"12:15",2,NA,NA,38,0,2,NA,NA,NA,NA,NA,NA,NA,NA,NA,NA,NA,NA,NA,"",NA,NA,NA,"13:40","",73,7,80,NA,NA,NA,NA,NA,NA,NA,NA,NA,NA,2,"MR. ALTO SELVA ALEGRE","DETALLADO","1, Bus",NA,"Punto fijo",NA,"SI","Yo mismo","Cambiamos a Punto fijo","SI","Microred","Cambiamos a Punto movil","NO",NA,NA,NA,NA,NA,NA,"Complete","-16.369558","-71.527750","",""
"1204",1206,NA,"2024-11-24 12:07:09","10","pampa chica",11,1011,2024-11-09,1,"08:20","08:40",1,"","08:55",NA,1,NA,NA,39,2,2,NA,"",NA,NA,NA,NA,NA,NA,NA,"",NA,NA,NA,NA,NA,NA,NA,NA,NA,NA,NA,NA,NA,NA,NA,NA,NA,NA,NA,"",NA,NA,NA,"13:40","",39,2,41,NA,NA,NA,NA,NA,NA,NA,NA,NA,NA,2,"MR. ALTO SELVA ALEGRE","DETALLADO","1, Bus",NA,"Punto fijo",NA,"NO",NA,NA,NA,NA,NA,NA,NA,NA,NA,NA,NA,NA,"Complete","-16.370866","-71.529958","-16.369.591","-71.529.654"
"1205",1207,NA,"2024-11-24 12:10:00","10","los eucaliptos ",12,1012,2024-11-09,1,"08:27","08:36",1,"","08:58",NA,1,NA,NA,40,0,2,NA,"",NA,NA,NA,NA,NA,NA,NA,"",NA,NA,NA,NA,NA,NA,NA,NA,NA,NA,NA,NA,NA,NA,NA,NA,NA,NA,NA,"",NA,NA,NA,"13:02","",40,0,40,NA,NA,NA,NA,NA,NA,NA,NA,NA,NA,2,"MR. ALTO SELVA ALEGRE","DETALLADO","1, Bus",NA,"Punto fijo",NA,"NO",NA,NA,NA,NA,NA,NA,NA,NA,NA,NA,NA,NA,"Complete","-16.364746","-71.516684","",""
"1206",1208,NA,"2024-11-24 12:12:18","10","parque la familia ",13,1013,2024-11-09,1,"07:30","07:45",1,"","08:00",NA,1,NA,NA,70,8,2,NA,"",NA,NA,NA,NA,NA,NA,NA,"",NA,NA,NA,NA,NA,NA,NA,NA,NA,NA,NA,NA,NA,NA,NA,NA,NA,NA,NA,"",NA,NA,NA,"14:00","",70,8,78,NA,NA,NA,NA,NA,NA,NA,NA,NA,NA,2,"MR. ALTO SELVA ALEGRE","DETALLADO","1, Bus",NA,"Punto fijo",NA,"NO",NA,NA,NA,NA,NA,NA,NA,NA,NA,NA,NA,NA,"Complete","-16.365717","-71.519306","-16.366.525","-71.520.466"
"1207",1209,NA,"2024-11-24 12:15:13","10","kolpen",14,1014,2024-11-09,1,"08:20","08:39",1,"","09:02",NA,2,NA,NA,NA,NA,NA,NA,"",NA,NA,NA,NA,NA,NA,NA,"",NA,NA,NA,NA,NA,NA,NA,NA,NA,NA,NA,NA,NA,1,2,20,2,NA,NA,"",NA,NA,NA,"13:50","",20,2,22,NA,NA,NA,NA,NA,NA,NA,NA,NA,NA,2,"MR. ALTO SELVA ALEGRE","DETALLADO","1, Bus",NA,"Punto movil",NA,NA,NA,NA,NA,NA,NA,NA,NA,NA,"Mapa con zona delimitada","NO",NA,NA,"Complete","-16.362585","-71.519662","",""
"1208",1210,NA,"2024-11-24 12:16:58","10","P.S. Independencia ",15,1015,2024-11-09,2,"","",NA,"","",2,1,NA,NA,26,0,NA,NA,"",NA,NA,NA,NA,NA,NA,NA,"",NA,NA,NA,NA,NA,NA,NA,NA,NA,NA,NA,NA,NA,NA,NA,NA,NA,NA,NA,"",NA,NA,NA,"","",26,0,26,NA,NA,NA,NA,NA,NA,NA,NA,NA,NA,2,"MR. ALTO SELVA ALEGRE","CORTO",NA,"No","Punto fijo",NA,NA,NA,NA,NA,NA,NA,NA,NA,NA,NA,NA,NA,NA,"Complete","-16.366767","-71.524972","",""
"1209",1211,NA,"2024-11-24 12:20:39","10","Independencia Zona B",16,1016,2024-11-09,1,"08:00","08:30",1,"","08:40",NA,2,68,NA,NA,NA,NA,NA,"",NA,NA,NA,NA,NA,NA,NA,"",NA,NA,NA,NA,NA,NA,NA,NA,NA,NA,NA,NA,NA,3,2,70,0,NA,NA,"",NA,NA,NA,"13:50","",70,0,70,NA,NA,NA,NA,NA,NA,NA,NA,NA,NA,2,"MR. ALTO SELVA ALEGRE","DETALLADO","1, Bus",NA,"Punto movil",NA,NA,NA,NA,NA,NA,NA,NA,NA,NA,"indicacion verbal (reportar en whats app)","NO",NA,NA,"Complete","-16.365173","-71.516363","-16.369.002","-71.521.113"
"1210",1212,NA,"2024-11-24 12:27:32","10","parque temático ",17,1017,2024-11-09,1,"08:00","08:30",1,"","09:05",NA,2,56,NA,NA,NA,NA,NA,"",NA,NA,NA,NA,NA,NA,NA,"",NA,NA,NA,NA,NA,NA,NA,NA,NA,NA,NA,NA,NA,3,2,102,20,NA,NA,"",NA,NA,NA,"12:30","",102,20,122,NA,NA,NA,NA,NA,NA,NA,NA,NA,NA,2,"MR. ALTO SELVA ALEGRE","DETALLADO","1, Bus",NA,"Punto movil",NA,NA,NA,NA,NA,NA,NA,NA,NA,NA,"indicacion verbal (reportar en whats app)","NO",NA,NA,"Complete","-16.368434","-71.523662","-16.369.083","-71.523.067"
"1211",1213,NA,"2024-11-24 12:36:19","3","parque de la madre",1,31,2024-11-09,1,"07:20","08:30",1,"","09:15",NA,2,13,NA,NA,NA,NA,NA,"",NA,NA,NA,NA,NA,NA,NA,"",NA,NA,NA,NA,NA,NA,NA,NA,NA,NA,NA,NA,NA,1,2,31,4,NA,NA,"",NA,NA,NA,"12:20","",31,4,35,NA,NA,NA,NA,NA,NA,NA,NA,NA,NA,2,"MR. CIUDAD DE DIOS","DETALLADO","1, Bus",NA,"Punto movil",NA,NA,NA,NA,NA,NA,NA,NA,NA,NA,"Mapa con zona delimitada","NO",NA,NA,"Complete","-16.316350","-71.602701","",""
"1212",1214,NA,"2024-11-24 12:39:31","3","parque de la madre",2,32,2024-11-09,1,"07:20","08:30",1,"","08:45",NA,2,59,NA,NA,NA,NA,NA,"",NA,NA,NA,NA,NA,NA,NA,"",NA,NA,NA,NA,NA,NA,NA,NA,NA,NA,NA,NA,NA,1,2,57,10,NA,NA,"",NA,NA,NA,"12:20","",57,10,67,NA,NA,NA,NA,NA,NA,NA,NA,NA,NA,2,"MR. CIUDAD DE DIOS","DETALLADO","1, Bus",NA,"Punto movil",NA,NA,NA,NA,NA,NA,NA,NA,NA,NA,"Mapa con zona delimitada","NO",NA,NA,"Complete","-16.314287","-71.602992","",""
"1213",1215,NA,"2024-11-24 12:41:11","3","parque nuevo camioneros",3,33,2024-11-09,1,"07:15","08:30",1,"","08:48",NA,2,42,NA,NA,NA,NA,NA,"",NA,NA,NA,NA,NA,NA,NA,"",NA,NA,NA,NA,NA,NA,NA,NA,NA,NA,NA,NA,NA,1,2,65,20,NA,NA,"",NA,NA,NA,"12:24","",65,20,85,NA,NA,NA,NA,NA,NA,NA,NA,NA,NA,2,"MR. CIUDAD DE DIOS","DETALLADO","1, Bus",NA,"Punto movil",NA,NA,NA,NA,NA,NA,NA,NA,NA,NA,"Mapa con zona delimitada","NO",NA,NA,"Complete","-16.313532","-71.605068","",""
"1214",1216,NA,"2024-11-24 12:45:50","3","parque nuevo empleados arriba",4,34,2024-11-09,1,"07:15","08:30",1,"","09:19",NA,2,65,NA,NA,NA,NA,NA,"",NA,NA,NA,NA,NA,NA,NA,"",NA,NA,NA,NA,NA,NA,NA,NA,NA,NA,NA,NA,NA,2,1,45,0,NA,NA,"",NA,NA,NA,"12:49","",45,0,45,NA,NA,NA,NA,NA,NA,NA,NA,NA,NA,2,"MR. CIUDAD DE DIOS","DETALLADO","1, Bus",NA,"Punto movil",NA,NA,NA,NA,NA,NA,NA,NA,NA,NA,"Mapa con recorrido de inicio a fin","SI",NA,NA,"Complete","-16.312343","-71.605297","",""
"1215",1217,NA,"2024-11-24 12:56:01","3","limite con Monserrat",5,35,2024-11-09,1,"07:15","08:30",1,"","08:40",NA,2,24,NA,NA,NA,NA,NA,"",NA,NA,NA,NA,NA,NA,NA,"",NA,NA,NA,NA,NA,NA,NA,NA,NA,NA,NA,NA,NA,2,2,59,8,NA,NA,"",NA,NA,NA,"12:14","",59,8,67,NA,NA,NA,NA,NA,NA,NA,NA,NA,NA,2,"MR. CIUDAD DE DIOS","DETALLADO","1, Bus",NA,"Punto movil",NA,NA,NA,NA,NA,NA,NA,NA,NA,NA,"Mapa con recorrido de inicio a fin","NO",NA,NA,"Complete","-16.313187","-71.604771","",""
"1216",1218,NA,"2024-11-24 13:00:40","3","nueva juventud",6,36,2024-11-09,2,"","",NA,"","",2,1,NA,NA,37,4,NA,NA,"",NA,NA,NA,NA,NA,NA,NA,"",NA,NA,NA,NA,NA,NA,NA,NA,NA,NA,NA,NA,NA,NA,NA,NA,NA,NA,NA,"",NA,NA,NA,"","",37,4,41,NA,NA,NA,NA,NA,NA,NA,NA,NA,NA,2,"MR. CIUDAD DE DIOS","CORTO",NA,"No","Punto fijo",NA,NA,NA,NA,NA,NA,NA,NA,NA,NA,NA,NA,NA,NA,"Complete","-16.310571","-71.603342","",""
"1217",1219,NA,"2024-11-24 13:13:14","3","chaparral upis los milagros 2",7,37,2024-11-09,2,"","",NA,"","",2,2,NA,NA,NA,NA,NA,NA,"",NA,NA,NA,NA,NA,NA,NA,"",NA,NA,NA,NA,NA,NA,NA,NA,NA,NA,NA,NA,NA,NA,NA,58,14,NA,NA,"",NA,NA,NA,"","",58,14,72,NA,NA,NA,NA,NA,NA,NA,NA,NA,NA,2,"MR. CIUDAD DE DIOS","CORTO",NA,"No","Punto movil",NA,NA,NA,NA,NA,NA,NA,NA,NA,NA,NA,NA,NA,NA,"Complete","-16.309203","-71.608146","",""
"1218",1220,NA,"2024-11-24 13:16:27","3","",8,38,2024-11-09,2,"","",NA,"","",2,2,NA,NA,NA,NA,NA,NA,"",NA,NA,NA,NA,NA,NA,NA,"",NA,NA,NA,NA,NA,NA,NA,NA,NA,NA,NA,NA,NA,NA,NA,94,12,NA,NA,"",NA,NA,NA,"","",94,12,106,NA,NA,NA,NA,NA,NA,NA,NA,NA,NA,2,"MR. CIUDAD DE DIOS","CORTO",NA,"No","Punto movil",NA,NA,NA,NA,NA,NA,NA,NA,NA,NA,NA,NA,NA,NA,"Complete","-16.311663","-71.607693","",""
"1219",1221,NA,"2024-11-24 13:18:25","3","camioneros obreros",9,39,2024-11-09,2,"","",NA,"","",2,1,NA,NA,55,10,NA,NA,"",NA,NA,NA,NA,NA,NA,NA,"",NA,NA,NA,NA,NA,NA,NA,NA,NA,NA,NA,NA,NA,NA,NA,NA,NA,NA,NA,"",NA,NA,NA,"","",55,10,65,NA,NA,NA,NA,NA,NA,NA,NA,NA,NA,2,"MR. CIUDAD DE DIOS","CORTO",NA,"No","Punto fijo",NA,NA,NA,NA,NA,NA,NA,NA,NA,NA,NA,NA,NA,NA,"Complete","-16.311563","-71.607537","",""
"1220",1222,NA,"2024-11-24 13:19:38","3","hijos de ciudad de dios",10,310,2024-11-09,2,"","",NA,"","",2,1,NA,NA,30,6,NA,NA,"",NA,NA,NA,NA,NA,NA,NA,"",NA,NA,NA,NA,NA,NA,NA,NA,NA,NA,NA,NA,NA,NA,NA,NA,NA,NA,NA,"",NA,NA,NA,"","",30,6,36,NA,NA,NA,NA,NA,NA,NA,NA,NA,NA,2,"MR. CIUDAD DE DIOS","CORTO",NA,"No","Punto fijo",NA,NA,NA,NA,NA,NA,NA,NA,NA,NA,NA,NA,NA,NA,"Complete","-16.306696","-71.606933","",""
"1221",1223,NA,"2024-11-24 13:22:22","3","hijos de ciudad de dios izquierda ",11,311,2024-11-09,2,"","",NA,"","",2,1,NA,NA,28,5,NA,NA,"",NA,NA,NA,NA,NA,NA,NA,"",NA,NA,NA,NA,NA,NA,NA,NA,NA,NA,NA,NA,NA,NA,NA,NA,NA,NA,NA,"",NA,NA,NA,"","",28,5,33,NA,NA,NA,NA,NA,NA,NA,NA,NA,NA,2,"MR. CIUDAD DE DIOS","CORTO",NA,"No","Punto fijo",NA,NA,NA,NA,NA,NA,NA,NA,NA,NA,NA,NA,NA,NA,"Complete","-16.306692","-71.612227","",""
"1222",1224,NA,"2024-11-24 13:24:29","3","cristo blanco",12,312,2024-11-09,2,"","",NA,"","",2,1,NA,NA,47,6,NA,NA,"",NA,NA,NA,NA,NA,NA,NA,"",NA,NA,NA,NA,NA,NA,NA,NA,NA,NA,NA,NA,NA,NA,NA,NA,NA,NA,NA,"",NA,NA,NA,"","",47,6,53,NA,NA,NA,NA,NA,NA,NA,NA,NA,NA,2,"MR. CIUDAD DE DIOS","CORTO",NA,"No","Punto fijo",NA,NA,NA,NA,NA,NA,NA,NA,NA,NA,NA,NA,NA,NA,"Complete","-16.307194","-71.612609","",""
"1223",1225,NA,"2024-11-24 13:25:51","3","puente peatonal torrentera 8",13,313,2024-11-09,2,"","",NA,"","",2,1,NA,NA,69,11,NA,NA,"",NA,NA,NA,NA,NA,NA,NA,"",NA,NA,NA,NA,NA,NA,NA,NA,NA,NA,NA,NA,NA,NA,NA,NA,NA,NA,NA,"",NA,NA,NA,"","",69,11,80,NA,NA,NA,NA,NA,NA,NA,NA,NA,NA,2,"MR. CIUDAD DE DIOS","CORTO",NA,"No","Punto fijo",NA,NA,NA,NA,NA,NA,NA,NA,NA,NA,NA,NA,NA,NA,"Complete","-16.301700","-71.614860","",""
"1224",1226,NA,"2024-11-24 13:27:05","3","comite 23 comite 15",14,314,2024-11-09,2,"","",NA,"","",2,2,NA,NA,NA,NA,NA,NA,"",NA,NA,NA,NA,NA,NA,NA,"",NA,NA,NA,NA,NA,NA,NA,NA,NA,NA,NA,NA,NA,NA,NA,60,8,NA,NA,"",NA,NA,NA,"","",60,8,68,NA,NA,NA,NA,NA,NA,NA,NA,NA,NA,2,"MR. CIUDAD DE DIOS","CORTO",NA,"No","Punto movil",NA,NA,NA,NA,NA,NA,NA,NA,NA,NA,NA,NA,NA,NA,"Complete","-16.302786","-71.619449","",""
"1225",1227,NA,"2024-11-24 13:28:13","3","san bernardo ",15,315,2024-11-09,2,"","",NA,"","",2,1,NA,NA,72,16,NA,NA,"",NA,NA,NA,NA,NA,NA,NA,"",NA,NA,NA,NA,NA,NA,NA,NA,NA,NA,NA,NA,NA,NA,NA,NA,NA,NA,NA,"",NA,NA,NA,"","",72,16,88,NA,NA,NA,NA,NA,NA,NA,NA,NA,NA,2,"MR. CIUDAD DE DIOS","CORTO",NA,"No","Punto fijo",NA,NA,NA,NA,NA,NA,NA,NA,NA,NA,NA,NA,NA,NA,"Complete","-16.298050","-71.623866","",""
"1226",1228,NA,"2024-11-24 13:29:52","3","estadio ciudad de dios",16,316,2024-11-09,1,"07:30","08:30",1,"","09:00",NA,2,37,NA,NA,NA,NA,NA,"",NA,NA,NA,NA,NA,NA,NA,"",NA,NA,NA,NA,NA,NA,NA,NA,NA,NA,NA,NA,NA,2,2,54,6,NA,NA,"",NA,NA,NA,"12:40","",54,6,60,NA,NA,NA,NA,NA,NA,NA,NA,NA,NA,2,"MR. CIUDAD DE DIOS","DETALLADO","1, Bus",NA,"Punto movil",NA,NA,NA,NA,NA,NA,NA,NA,NA,NA,"Mapa con recorrido de inicio a fin","NO",NA,NA,"Complete","-16.294717","-71.623980","",""
"1227",1229,NA,"2024-11-24 13:38:54","6","pedro pedias  san seco Zarumilla ",1,61,2024-11-09,1,"08:20","09:15",5,"","09:23",NA,1,NA,NA,59,1,2,NA,"",NA,NA,NA,NA,NA,NA,NA,"",NA,NA,NA,NA,NA,NA,NA,NA,NA,NA,NA,NA,NA,NA,NA,NA,NA,NA,NA,"",NA,NA,NA,"14:00","",59,59,118,NA,NA,NA,NA,NA,NA,NA,NA,NA,NA,2,"MR. JAVIER LLOSA- HUNTER","DETALLADO","5. Mi punto era el Centro de Salud",NA,"Punto fijo",NA,"NO",NA,NA,NA,NA,NA,NA,NA,NA,NA,NA,NA,NA,"Complete","-16.449419","-71.556620","",""
"1228",1230,NA,"2024-11-24 14:13:22","MR. JAVIER LLOSA- HUNTER","paradero 25",2,32,2024-11-09,2,"","",NA,"","",2,2,NA,NA,NA,NA,NA,NA,"",NA,NA,NA,NA,NA,NA,NA,"",NA,NA,NA,NA,NA,NA,NA,NA,NA,NA,NA,NA,NA,NA,NA,51,13,NA,NA,"",NA,NA,NA,"","",51,13,64,NA,NA,NA,NA,NA,NA,NA,NA,NA,NA,2,"MR. CIUDAD DE DIOS","CORTO",NA,"No","Punto movil",NA,NA,NA,NA,NA,NA,NA,NA,NA,NA,NA,NA,NA,NA,"Complete","-16.449269","-71.552795","",""
"1229",1231,NA,"2024-11-24 14:29:14","6","javier llosa garcia",3,63,2024-11-09,2,"","",NA,"","",2,2,NA,NA,NA,NA,NA,NA,"",NA,NA,NA,NA,NA,NA,NA,"",NA,NA,NA,NA,NA,NA,NA,NA,NA,NA,NA,NA,NA,NA,NA,21,0,NA,NA,"",NA,NA,NA,"","",21,0,21,NA,NA,NA,NA,NA,NA,NA,NA,NA,NA,2,"MR. JAVIER LLOSA- HUNTER","CORTO",NA,"No","Punto movil",NA,NA,NA,NA,NA,NA,NA,NA,NA,NA,NA,NA,NA,NA,"Complete","-16.445440","-71.554608","",""
"1230",1232,NA,"2024-11-24 14:35:39","6","fría san Martín de Porres ",4,64,2024-11-09,2,"","",NA,"","",2,2,NA,NA,NA,NA,NA,NA,"",NA,NA,NA,NA,NA,NA,NA,"",NA,NA,NA,NA,NA,NA,NA,NA,NA,NA,NA,NA,NA,NA,NA,40,0,NA,NA,"",NA,NA,NA,"","",40,0,40,NA,NA,NA,NA,NA,NA,NA,NA,NA,NA,2,"MR. JAVIER LLOSA- HUNTER","CORTO",NA,"No","Punto movil",NA,NA,NA,NA,NA,NA,NA,NA,NA,NA,NA,NA,NA,NA,"Complete","-16.447114","-71.555132","",""
"1231",1233,NA,"2024-11-24 14:41:00","6","buena vista m. bastidas",5,65,2024-11-09,2,"","",NA,"","",2,2,NA,NA,NA,NA,NA,NA,"",NA,NA,NA,NA,NA,NA,NA,"",NA,NA,NA,NA,NA,NA,NA,NA,NA,NA,NA,NA,NA,NA,NA,22,0,NA,NA,"",NA,NA,NA,"","",22,0,22,NA,NA,NA,NA,NA,NA,NA,NA,NA,NA,2,"MR. JAVIER LLOSA- HUNTER","CORTO",NA,"No","Punto movil",NA,NA,NA,NA,NA,NA,NA,NA,NA,NA,NA,NA,NA,NA,"Complete","-16.444975","-71.557805","",""
"1232",1234,NA,"2024-11-24 14:43:26","6","calle jose santos chocano",6,66,2024-11-09,2,"","",NA,"","",2,2,NA,NA,NA,NA,NA,NA,"",NA,NA,NA,NA,NA,NA,NA,"",NA,NA,NA,NA,NA,NA,NA,NA,NA,NA,NA,NA,NA,NA,NA,31,0,NA,NA,"",NA,NA,NA,"","",31,0,31,NA,NA,NA,NA,NA,NA,NA,NA,NA,NA,2,"MR. JAVIER LLOSA- HUNTER","CORTO",NA,"No","Punto movil",NA,NA,NA,NA,NA,NA,NA,NA,NA,NA,NA,NA,NA,NA,"Complete","-16.439819","-71.561549","",""
"1233",1235,NA,"2024-11-24 15:13:38","6","estadio juventud unida ",7,67,2024-11-09,1,"08:20","09:18",2,"","09:22",NA,1,NA,NA,57,3,2,NA,"",NA,NA,NA,NA,NA,NA,NA,"",NA,NA,NA,NA,NA,NA,NA,NA,NA,NA,NA,NA,NA,NA,NA,NA,NA,NA,NA,"",NA,NA,NA,"14:44","",57,3,60,NA,NA,NA,NA,NA,NA,NA,NA,NA,NA,2,"MR. JAVIER LLOSA- HUNTER","DETALLADO","2. Camioneta/Auto",NA,"Punto fijo",NA,"NO",NA,NA,NA,NA,NA,NA,NA,NA,NA,NA,NA,NA,"Complete","-16.442873","-71.560337","-16.442015","-71.558720"
"1234",1236,NA,"2024-11-24 15:16:29","6","metro hunter",8,68,2024-11-09,2,"","",NA,"","",2,2,NA,NA,NA,NA,NA,NA,"",NA,NA,NA,NA,NA,NA,NA,"",NA,NA,NA,NA,NA,NA,NA,NA,NA,NA,NA,NA,NA,NA,NA,15,1,NA,NA,"",NA,NA,NA,"","",15,1,16,NA,NA,NA,NA,NA,NA,NA,NA,NA,NA,2,"MR. JAVIER LLOSA- HUNTER","CORTO",NA,"No","Punto movil",NA,NA,NA,NA,NA,NA,NA,NA,NA,NA,NA,NA,NA,NA,"Complete","-16.437948","-71.561114","-16.441.827","-71.559.921"
"1235",1237,NA,"2024-11-24 15:39:21","6","ovalo de Hunter",9,69,2024-11-09,2,"","",NA,"","",2,2,NA,NA,NA,NA,NA,NA,"",NA,NA,NA,NA,NA,NA,NA,"",NA,NA,NA,NA,NA,NA,NA,NA,NA,NA,NA,NA,NA,NA,NA,61,4,NA,NA,"",NA,NA,NA,"","",61,4,65,NA,NA,NA,NA,NA,NA,NA,NA,NA,NA,2,"MR. JAVIER LLOSA- HUNTER","CORTO",NA,"No","Punto movil",NA,NA,NA,NA,NA,NA,NA,NA,NA,NA,NA,NA,NA,NA,"Complete","-16.440351","-71.558972","",""
"1236",1238,NA,"2024-11-24 15:41:27","6","Av. Brasil",11,611,2024-11-09,2,"","",NA,"","",2,2,NA,NA,NA,NA,NA,NA,"",NA,NA,NA,NA,NA,NA,NA,"",NA,NA,NA,NA,NA,NA,NA,NA,NA,NA,NA,NA,NA,NA,NA,20,1,NA,NA,"",NA,NA,NA,"","",20,1,21,NA,NA,NA,NA,NA,NA,NA,NA,NA,NA,2,"MR. JAVIER LLOSA- HUNTER","CORTO",NA,"No","Punto movil",NA,NA,NA,NA,NA,NA,NA,NA,NA,NA,NA,NA,NA,NA,"Complete","-16.443481","-71.556097","-16.443.207","-71.557.625"
"1237",1239,NA,"2024-11-24 15:46:42","6","comisaria Hunter",12,612,2024-11-09,2,"","",NA,"","",2,2,NA,NA,NA,NA,NA,NA,"",NA,NA,NA,NA,NA,NA,NA,"",NA,NA,NA,NA,NA,NA,NA,NA,NA,NA,NA,NA,NA,NA,NA,44,0,NA,NA,"",NA,NA,NA,"","",44,0,44,NA,NA,NA,NA,NA,NA,NA,NA,NA,NA,2,"MR. JAVIER LLOSA- HUNTER","CORTO",NA,"No","Punto movil",NA,NA,NA,NA,NA,NA,NA,NA,NA,NA,NA,NA,NA,NA,"Complete","-16.441338","-71.554946","",""
"1238",1240,NA,"2024-11-24 15:49:21","6","Egipto con acapulco ",13,613,2024-11-09,1,"08:40","09:00",2,"","09:07",NA,2,64,NA,NA,NA,NA,NA,"",NA,NA,NA,NA,NA,NA,NA,"",NA,NA,NA,NA,NA,NA,NA,NA,NA,NA,NA,NA,NA,3,2,54,6,NA,NA,"",NA,NA,NA,"13:03","",54,6,60,NA,NA,NA,NA,NA,NA,NA,NA,NA,NA,2,"MR. JAVIER LLOSA- HUNTER","DETALLADO","2. Camioneta/Auto",NA,"Punto movil",NA,NA,NA,NA,NA,NA,NA,NA,NA,NA,"indicacion verbal (reportar en whats app)","NO",NA,NA,"Complete","-16.445090","-71.552792","-16.443.491","-71.552.178"
"1239",1241,NA,"2024-11-24 15:54:11","6","villa cordina",14,614,2024-11-09,2,"","",NA,"","",NA,2,NA,NA,NA,NA,NA,NA,"",NA,NA,NA,NA,NA,NA,NA,"",NA,NA,NA,NA,NA,NA,NA,NA,NA,NA,NA,NA,NA,NA,NA,51,3,NA,NA,"",NA,NA,NA,"","",51,3,54,NA,NA,NA,NA,NA,NA,NA,NA,NA,NA,2,"MR. JAVIER LLOSA- HUNTER","CORTO",NA,NA,"Punto movil",NA,NA,NA,NA,NA,NA,NA,NA,NA,NA,NA,NA,NA,NA,"Complete","-16.437815","-71.542508","",""
"1240",1242,NA,"2024-11-24 15:57:45","6","pueblo tradicional chilpinilla",15,615,2024-11-09,1,"08:20","08:30",2,"","09:00",NA,2,78,NA,NA,NA,NA,NA,"",NA,NA,NA,NA,NA,NA,NA,"",NA,NA,NA,NA,NA,NA,NA,NA,NA,NA,NA,NA,NA,3,2,64,8,NA,NA,"",NA,NA,NA,"12:30","",64,8,72,NA,NA,NA,NA,NA,NA,NA,NA,NA,NA,2,"MR. JAVIER LLOSA- HUNTER","DETALLADO","2. Camioneta/Auto",NA,"Punto movil",NA,NA,NA,NA,NA,NA,NA,NA,NA,NA,"indicacion verbal (reportar en whats app)","NO",NA,NA,"Complete","-16.438179","-71.550062","",""
"1241",1243,NA,"2024-11-24 15:59:45","6","parque Francia",16,616,2024-11-09,1,"08:00","08:10",4,"","08:25",NA,2,76,NA,NA,NA,NA,NA,"",NA,NA,NA,NA,NA,NA,NA,"",NA,NA,NA,NA,NA,NA,NA,NA,NA,NA,NA,NA,NA,3,2,72,0,NA,NA,"",NA,NA,NA,"13:05","",72,0,72,NA,NA,NA,NA,NA,NA,NA,NA,NA,NA,2,"MR. JAVIER LLOSA- HUNTER","DETALLADO","4. Caminando",NA,"Punto movil",NA,NA,NA,NA,NA,NA,NA,NA,NA,NA,"indicacion verbal (reportar en whats app)","NO",NA,NA,"Complete","-16.439041","-71.557155","-16.438709","-71.553536"
"1242",1244,NA,"2024-11-24 16:02:07","6","capilla de chilpinilla",17,617,2024-11-09,1,"08:12","08:20",4,"","08:23",NA,2,35,NA,NA,NA,NA,NA,"",NA,NA,NA,NA,NA,NA,NA,"",NA,NA,NA,NA,NA,NA,NA,NA,NA,NA,NA,NA,NA,3,2,42,1,NA,NA,"",NA,NA,NA,"13:10","",42,1,43,NA,NA,NA,NA,NA,NA,NA,NA,NA,NA,2,"MR. JAVIER LLOSA- HUNTER","DETALLADO","4. Caminando",NA,"Punto movil",NA,NA,NA,NA,NA,NA,NA,NA,NA,NA,"indicacion verbal (reportar en whats app)","NO",NA,NA,"Complete","-16.438765","-71.549605","",""
"1243",1245,NA,"2024-11-24 16:04:09","6","villa Sevilla ",18,618,2024-11-09,1,"08:00","08:10",4,"","08:35",NA,2,51,NA,NA,NA,NA,NA,"",NA,NA,NA,NA,NA,NA,NA,"",NA,NA,NA,NA,NA,NA,NA,NA,NA,NA,NA,NA,NA,3,2,74,11,NA,NA,"",NA,NA,NA,"13:20","",74,11,85,NA,NA,NA,NA,NA,NA,NA,NA,NA,NA,2,"MR. JAVIER LLOSA- HUNTER","DETALLADO","4. Caminando",NA,"Punto movil",NA,NA,NA,NA,NA,NA,NA,NA,NA,NA,"indicacion verbal (reportar en whats app)","NO",NA,NA,"Complete","-16.440004","-71.546555","",""
"1244",1246,NA,"2024-11-25 10:52:50","5","Corazon de Jesus",1,51,2024-11-09,1,"08:25","08:30",2,"","08:38",NA,1,NA,NA,53,7,2,NA,"",NA,NA,NA,NA,NA,NA,NA,"",NA,NA,NA,NA,NA,NA,NA,NA,NA,NA,NA,NA,NA,NA,NA,NA,NA,NA,NA,"",NA,NA,NA,"08:38","",53,7,60,NA,NA,NA,NA,NA,NA,NA,NA,NA,NA,2,"MR. SAN MARTIN SOCABAYA","DETALLADO","2. Camioneta/Auto",NA,"Punto fijo",NA,"NO",NA,NA,NA,NA,NA,NA,NA,NA,NA,NA,NA,NA,"Complete","-16.445584","-71.522241","",""
"1245",1247,NA,"2024-11-25 10:56:10","5","Grifo Milagritos",2,52,2024-11-09,2,"","",NA,"","",2,2,NA,NA,NA,NA,NA,NA,"",NA,NA,NA,NA,NA,NA,NA,"",NA,NA,NA,NA,NA,NA,NA,NA,NA,NA,NA,NA,NA,NA,NA,20,0,NA,NA,"",NA,NA,NA,"","",20,0,20,NA,NA,NA,NA,NA,NA,NA,NA,NA,NA,2,"MR. SAN MARTIN SOCABAYA","CORTO",NA,"No","Punto movil",NA,NA,NA,NA,NA,NA,NA,NA,NA,NA,NA,NA,NA,NA,"Complete","-16.452451","-71.530992","",""
"1246",1248,NA,"2024-11-25 10:58:13","5","parque la paloma",4,54,2024-11-09,2,"","",NA,"","",2,2,NA,NA,NA,NA,NA,NA,"",NA,NA,NA,NA,NA,NA,NA,"",NA,NA,NA,NA,NA,NA,NA,NA,NA,NA,NA,NA,NA,NA,NA,42,5,NA,NA,"",NA,NA,NA,"","",42,5,47,NA,NA,NA,NA,NA,NA,NA,NA,NA,NA,2,"MR. SAN MARTIN SOCABAYA","CORTO",NA,"No","Punto movil",NA,NA,NA,NA,NA,NA,NA,NA,NA,NA,NA,NA,NA,NA,"Complete","-16.454380","-71.530016","",""
"1247",1249,NA,"2024-11-25 10:59:59","5","villa el golf",5,55,2024-11-09,2,"","",NA,"","",2,2,NA,NA,NA,NA,NA,NA,"",NA,NA,NA,NA,NA,NA,NA,"",NA,NA,NA,NA,NA,NA,NA,NA,NA,NA,NA,NA,NA,NA,NA,76,8,NA,NA,"",NA,NA,NA,"","",76,8,84,NA,NA,NA,NA,NA,NA,NA,NA,NA,NA,2,"MR. SAN MARTIN SOCABAYA","CORTO",NA,"No","Punto movil",NA,NA,NA,NA,NA,NA,NA,NA,NA,NA,NA,NA,NA,NA,"Complete","-16.451071","-71.526136","",""
"1248",1250,NA,"2024-11-25 11:08:01","5","urb. jesus Nazareno",6,56,2024-11-09,2,"","",NA,"","",2,2,NA,NA,NA,NA,NA,NA,"",NA,NA,NA,NA,NA,NA,NA,"",NA,NA,NA,NA,NA,NA,NA,NA,NA,NA,NA,NA,NA,NA,NA,42,13,NA,NA,"",NA,NA,NA,"","",42,13,55,NA,NA,NA,NA,NA,NA,NA,NA,NA,NA,2,"MR. SAN MARTIN SOCABAYA","CORTO",NA,"No","Punto movil",NA,NA,NA,NA,NA,NA,NA,NA,NA,NA,NA,NA,NA,NA,"Complete","-16.447976","-71.520999","",""
"1249",1251,NA,"2024-11-25 11:15:28","5","complejo deportivo juan",7,57,2024-11-09,1,"08:40","08:50",1,"","09:11",NA,1,43,NA,38,0,2,NA,"",NA,NA,NA,NA,NA,NA,NA,"",NA,NA,NA,NA,NA,NA,NA,NA,NA,NA,NA,NA,NA,NA,NA,NA,NA,NA,NA,"",NA,NA,NA,"13:10","",38,0,38,NA,NA,NA,NA,NA,NA,NA,NA,NA,NA,2,"MR. SAN MARTIN SOCABAYA","DETALLADO","1, Bus",NA,"Punto fijo",NA,"NO",NA,NA,NA,NA,NA,NA,NA,NA,NA,NA,NA,NA,"Complete","-16.449723","-71.527266","",""
"1250",1252,NA,"2024-11-25 11:20:38","5","4 de octubre parque alianza",8,58,2024-11-09,2,"","",NA,"","",2,2,NA,NA,NA,NA,NA,NA,"",NA,NA,NA,NA,NA,NA,NA,"",NA,NA,NA,NA,NA,NA,NA,NA,NA,NA,NA,NA,NA,NA,NA,22,4,NA,NA,"",NA,NA,NA,"","",22,4,26,NA,NA,NA,NA,NA,NA,NA,NA,NA,NA,2,"MR. SAN MARTIN SOCABAYA","CORTO",NA,"No","Punto movil",NA,NA,NA,NA,NA,NA,NA,NA,NA,NA,NA,NA,NA,NA,"Complete","-16.445400","-71.524016","",""
"1251",1253,NA,"2024-11-25 11:22:01","5","4 de octubre",9,59,2024-11-09,2,"","",NA,"","",2,2,NA,NA,NA,NA,NA,NA,"",NA,NA,NA,NA,NA,NA,NA,"",NA,NA,NA,NA,NA,NA,NA,NA,NA,NA,NA,NA,NA,NA,NA,10,1,NA,NA,"",NA,NA,NA,"","",10,1,11,NA,NA,NA,NA,NA,NA,NA,NA,NA,NA,2,"MR. SAN MARTIN SOCABAYA","CORTO",NA,"No","Punto movil",NA,NA,NA,NA,NA,NA,NA,NA,NA,NA,NA,NA,NA,NA,"Complete","-16.449022","-71.526611","",""
"1252",1254,NA,"2024-11-25 11:25:39","5","4 de octubre",10,510,2024-11-09,1,"08:20","08:30",1,"","08:50",NA,1,18,NA,27,6,2,NA,"",NA,NA,NA,NA,NA,NA,NA,"",NA,NA,NA,NA,NA,NA,NA,NA,NA,NA,NA,NA,NA,NA,NA,NA,NA,NA,NA,"",NA,NA,NA,"13:00","",27,6,33,NA,NA,NA,NA,NA,NA,NA,NA,NA,NA,2,"MR. SAN MARTIN SOCABAYA","DETALLADO","1, Bus",NA,"Punto fijo",NA,"NO",NA,NA,NA,NA,NA,NA,NA,NA,NA,NA,NA,NA,"Complete","-16.447419","-71.527387","",""
"1253",1255,NA,"2024-11-25 11:28:55","5","4 de octubre",11,511,2024-11-09,2,"","",NA,"","",2,2,NA,NA,NA,NA,NA,NA,"",NA,NA,NA,NA,NA,NA,NA,"",NA,NA,NA,NA,NA,NA,NA,NA,NA,NA,NA,NA,NA,NA,NA,30,12,NA,NA,"",NA,NA,NA,"","",30,12,42,NA,NA,NA,NA,NA,NA,NA,NA,NA,NA,2,"MR. SAN MARTIN SOCABAYA","CORTO",NA,"No","Punto movil",NA,NA,NA,NA,NA,NA,NA,NA,NA,NA,NA,NA,NA,NA,"Complete","-16.448506","-71.528631","",""
"1254",1256,NA,"2024-11-25 11:31:13","5","P.S. lara",12,512,2024-11-09,2,"","",NA,"","",2,2,NA,NA,NA,NA,NA,NA,"",NA,NA,NA,NA,NA,NA,NA,"",NA,NA,NA,NA,NA,NA,NA,NA,NA,NA,NA,NA,NA,NA,NA,39,6,NA,NA,"",NA,NA,NA,"","",39,6,45,NA,NA,NA,NA,NA,NA,NA,NA,NA,NA,2,"MR. SAN MARTIN SOCABAYA","CORTO",NA,"No","Punto movil",NA,NA,NA,NA,NA,NA,NA,NA,NA,NA,NA,NA,NA,NA,"Complete","-16.453676","-71.528443","",""
"1255",1257,NA,"2024-11-25 11:32:24","5","parque tupac amaru",13,513,2024-11-09,2,"","",NA,"","",2,2,NA,NA,NA,NA,NA,NA,"",NA,NA,NA,NA,NA,NA,NA,"",NA,NA,NA,NA,NA,NA,NA,NA,NA,NA,NA,NA,NA,NA,NA,29,1,NA,NA,"",NA,NA,NA,"","",29,1,30,NA,NA,NA,NA,NA,NA,NA,NA,NA,NA,2,"MR. SAN MARTIN SOCABAYA","CORTO",NA,"No","Punto movil",NA,NA,NA,NA,NA,NA,NA,NA,NA,NA,NA,NA,NA,NA,"Complete","-16.449633","-71.528811","",""
"1256",1258,NA,"2024-11-25 11:33:44","5","trebol santa clara",14,514,2024-11-09,2,"","",NA,"","",2,2,NA,NA,NA,NA,NA,NA,"",NA,NA,NA,NA,NA,NA,NA,"",NA,NA,NA,NA,NA,NA,NA,NA,NA,NA,NA,NA,NA,NA,NA,36,4,NA,NA,"",NA,NA,NA,"","",36,4,40,NA,NA,NA,NA,NA,NA,NA,NA,NA,NA,2,"MR. SAN MARTIN SOCABAYA","CORTO",NA,"No","Punto movil",NA,NA,NA,NA,NA,NA,NA,NA,NA,NA,NA,NA,NA,NA,"Complete","-16.445195","-71.527098","",""
"1257",1259,NA,"2024-11-25 11:34:43","5","Jesus Nazareno",15,515,2024-11-09,2,"","",NA,"","",2,2,NA,NA,NA,NA,NA,NA,"",NA,NA,NA,NA,NA,NA,NA,"",NA,NA,NA,NA,NA,NA,NA,NA,NA,NA,NA,NA,NA,NA,NA,59,3,NA,NA,"",NA,NA,NA,"","",59,3,62,NA,NA,NA,NA,NA,NA,NA,NA,NA,NA,2,"MR. SAN MARTIN SOCABAYA","CORTO",NA,"No","Punto movil",NA,NA,NA,NA,NA,NA,NA,NA,NA,NA,NA,NA,NA,NA,"Complete","-16.446681","-71.519275","",""
"1258",1260,NA,"2024-11-25 11:36:25","5","parque chavez castillo",17,517,2024-11-09,2,"","",NA,"","",2,2,NA,NA,NA,NA,NA,NA,"",NA,NA,NA,NA,NA,NA,NA,"",NA,NA,NA,NA,NA,NA,NA,NA,NA,NA,NA,NA,NA,NA,NA,77,7,NA,NA,"",NA,NA,NA,"","",77,7,84,NA,NA,NA,NA,NA,NA,NA,NA,NA,NA,2,"MR. SAN MARTIN SOCABAYA","CORTO",NA,"No","Punto movil",NA,NA,NA,NA,NA,NA,NA,NA,NA,NA,NA,NA,NA,NA,"Complete","-16.444082","-71.523342","",""
"1259",1261,NA,"2024-11-25 11:52:29","10","parque san Lazaro balcones de chilina ",1,101,2024-11-10,1,"08:20","08:40",2,"","08:45",NA,2,NA,NA,NA,NA,NA,NA,"",NA,NA,NA,NA,NA,NA,NA,"",NA,NA,NA,NA,NA,NA,NA,NA,NA,NA,NA,NA,NA,2,1,84,13,NA,NA,"",NA,NA,NA,"13:43","",84,13,97,NA,NA,NA,NA,NA,NA,NA,NA,NA,NA,2,"MR. ALTO SELVA ALEGRE","DETALLADO","2. Camioneta/Auto",NA,"Punto movil",NA,NA,NA,NA,NA,NA,NA,NA,NA,NA,"Mapa con recorrido de inicio a fin","SI",NA,NA,"Complete","-16.364554","-71.528633","-16.366.107","-71.530.652"
"1260",1262,NA,"2024-11-25 11:59:29","10","villa confraternidad ",2,102,2024-11-10,1,"08:20","09:30",2,"","09:37",NA,2,NA,NA,NA,NA,NA,NA,"",NA,NA,NA,NA,NA,NA,NA,"",NA,NA,NA,NA,NA,NA,NA,NA,NA,NA,NA,NA,NA,3,2,43,2,NA,NA,"",NA,NA,NA,"13:19","",43,2,45,NA,NA,NA,NA,NA,NA,NA,NA,NA,NA,2,"MR. ALTO SELVA ALEGRE","DETALLADO","2. Camioneta/Auto",NA,"Punto movil",NA,NA,NA,NA,NA,NA,NA,NA,NA,NA,"indicacion verbal (reportar en whats app)","NO",NA,NA,"Complete","-16.358267","-71.524726","",""
"1261",1263,NA,"2024-11-25 12:01:36","10","ampliación villa ecológica ",3,103,2024-11-10,1,"07:30","08:58",2,"","09:10",NA,2,NA,NA,NA,NA,NA,NA,"",NA,NA,NA,NA,NA,NA,NA,"",NA,NA,NA,NA,NA,NA,NA,NA,NA,NA,NA,NA,NA,NA,2,57,11,NA,NA,"",NA,NA,NA,"13:45","",57,11,68,NA,NA,NA,NA,NA,NA,NA,NA,NA,NA,2,"MR. ALTO SELVA ALEGRE","DETALLADO","2. Camioneta/Auto",NA,"Punto movil",NA,NA,NA,NA,NA,NA,NA,NA,NA,NA,NA,"NO",NA,NA,"Complete","-16.349485","-71.517703","",""
"1262",1264,NA,"2024-11-25 12:03:43","10","cancha de toros",4,104,2024-11-10,1,"08:30","08:34",2,"","09:00",NA,2,NA,NA,NA,NA,NA,NA,"",NA,NA,NA,NA,NA,NA,NA,"",NA,NA,NA,NA,NA,NA,NA,NA,NA,NA,NA,NA,NA,3,2,62,13,NA,NA,"",NA,NA,NA,"13:02","",62,13,75,NA,NA,NA,NA,NA,NA,NA,NA,NA,NA,2,"MR. ALTO SELVA ALEGRE","DETALLADO","2. Camioneta/Auto",NA,"Punto movil",NA,NA,NA,NA,NA,NA,NA,NA,NA,NA,"indicacion verbal (reportar en whats app)","NO",NA,NA,"Complete","-16.354262","-71.522810","",""
"1263",1265,NA,"2024-11-25 12:06:34","10","mirador Z-33",5,105,2024-11-10,1,"08:00","08:20",6,"patrulla","08:35",NA,2,NA,NA,NA,NA,NA,NA,"",NA,NA,NA,NA,NA,NA,NA,"",NA,NA,NA,NA,NA,NA,NA,NA,NA,NA,NA,NA,NA,NA,2,63,9,NA,NA,"",NA,NA,NA,"13:57","",63,9,72,NA,NA,NA,NA,NA,NA,NA,NA,NA,NA,2,"MR. ALTO SELVA ALEGRE","DETALLADO","6. Otros (Especificar)",NA,"Punto movil",NA,NA,NA,NA,NA,NA,NA,NA,NA,NA,NA,"NO",NA,NA,"Complete","-16.356960","-71.514949","",""
"1264",1266,NA,"2024-11-25 12:09:21","10","loza deportiva las canteras ",6,106,2024-11-10,1,"08:30","09:30",2,"","09:40",NA,2,68,NA,NA,NA,NA,NA,"",NA,NA,NA,NA,NA,NA,NA,"",NA,NA,NA,NA,NA,NA,NA,NA,NA,NA,NA,NA,NA,3,2,46,14,NA,NA,"",NA,NA,NA,"13:26","",46,14,60,NA,NA,NA,NA,NA,NA,NA,NA,NA,NA,2,"MR. ALTO SELVA ALEGRE","DETALLADO","2. Camioneta/Auto",NA,"Punto movil",NA,NA,NA,NA,NA,NA,NA,NA,NA,NA,"indicacion verbal (reportar en whats app)","NO",NA,NA,"Complete","-16.343494","-71.526917","",""
"1265",1267,NA,"2024-11-25 12:10:57","10","Av. san miguel",7,107,2024-11-10,1,"08:50","09:32",2,"","10:02",NA,2,60,NA,NA,NA,NA,NA,"",NA,NA,NA,NA,NA,NA,NA,"",NA,NA,NA,NA,NA,NA,NA,NA,NA,NA,NA,NA,NA,3,2,78,8,NA,NA,"",NA,NA,NA,"13:55","",78,8,86,NA,NA,NA,NA,NA,NA,NA,NA,NA,NA,2,"MR. ALTO SELVA ALEGRE","DETALLADO","2. Camioneta/Auto",NA,"Punto movil",NA,NA,NA,NA,NA,NA,NA,NA,NA,NA,"indicacion verbal (reportar en whats app)","NO",NA,NA,"Complete","-16.344827","-71.513991","-16.347.390","-71.515.071"
"1266",1268,NA,"2024-11-25 12:13:30","10","local asunción Huarangal ",8,108,2024-11-10,1,"08:00","08:20",2,"","08:35",NA,2,NA,NA,NA,NA,NA,NA,"",NA,NA,NA,NA,NA,NA,NA,"",NA,NA,NA,NA,NA,NA,NA,NA,NA,NA,NA,NA,NA,3,2,49,1,NA,NA,"",NA,NA,NA,"14:00","",49,1,50,NA,NA,NA,NA,NA,NA,NA,NA,NA,NA,2,"MR. ALTO SELVA ALEGRE","DETALLADO","2. Camioneta/Auto",NA,"Punto movil",NA,NA,NA,NA,NA,NA,NA,NA,NA,NA,"indicacion verbal (reportar en whats app)","NO",NA,NA,"Complete","-16.354788","-71.512081","",""
"1267",1269,NA,"2024-11-25 12:15:28","10","P.S. independencia ",9,109,2024-11-10,2,"","",NA,"","",2,1,NA,NA,30,0,NA,NA,"",NA,NA,NA,NA,NA,NA,NA,"",NA,NA,NA,NA,NA,NA,NA,NA,NA,NA,NA,NA,NA,NA,NA,NA,NA,NA,NA,"",NA,NA,NA,"","",30,0,30,NA,NA,NA,NA,NA,NA,NA,NA,NA,NA,2,"MR. ALTO SELVA ALEGRE","CORTO",NA,"No","Punto fijo",NA,NA,NA,NA,NA,NA,NA,NA,NA,NA,NA,NA,NA,NA,"Complete","-16.366803","-71.524998","",""
"1268",1270,NA,"2024-11-25 12:19:24","10","av. nuevo amanecer ",10,1010,2024-11-10,1,"08:05","09:30",2,"","09:40",NA,2,56,NA,NA,NA,NA,NA,"",NA,NA,NA,NA,NA,NA,NA,"",NA,NA,NA,NA,NA,NA,NA,NA,NA,NA,NA,NA,NA,3,2,81,10,NA,NA,"",NA,NA,NA,"13:50","",81,10,91,NA,NA,NA,NA,NA,NA,NA,NA,NA,NA,2,"MR. ALTO SELVA ALEGRE","DETALLADO","2. Camioneta/Auto",NA,"Punto movil",NA,NA,NA,NA,NA,NA,NA,NA,NA,NA,"indicacion verbal (reportar en whats app)","NO",NA,NA,"Complete","-16.335555","-71.511749","-16.337.447","-71.513.213"
"1269",1271,NA,"2024-11-25 12:22:35","10","tiendas mass",11,1011,2024-11-10,1,"08:05","08:30",2,"","08:50",NA,2,21,NA,NA,NA,NA,NA,"",NA,NA,NA,NA,NA,NA,NA,"",NA,NA,NA,NA,NA,NA,NA,NA,NA,NA,NA,NA,NA,3,2,79,1,NA,NA,"",NA,NA,NA,"13:00","",79,1,80,NA,NA,NA,NA,NA,NA,NA,NA,NA,NA,2,"MR. ALTO SELVA ALEGRE","DETALLADO","2. Camioneta/Auto",NA,"Punto movil",NA,NA,NA,NA,NA,NA,NA,NA,NA,NA,"indicacion verbal (reportar en whats app)","NO",NA,NA,"Complete","-16.360271","-71.525736","",""
"1270",1272,NA,"2024-11-25 12:24:25","10","asociación apsil",12,1012,2024-11-10,1,"08:15","08:40",2,"","08:50",NA,2,NA,NA,NA,NA,NA,NA,"",NA,NA,NA,NA,NA,NA,NA,"",NA,NA,NA,NA,NA,NA,NA,NA,NA,NA,NA,NA,NA,1,2,54,2,NA,NA,"",NA,NA,NA,"13:35","",54,2,56,NA,NA,NA,NA,NA,NA,NA,NA,NA,NA,2,"MR. ALTO SELVA ALEGRE","DETALLADO","2. Camioneta/Auto",NA,"Punto movil",NA,NA,NA,NA,NA,NA,NA,NA,NA,NA,"Mapa con zona delimitada","NO",NA,NA,"Complete","-16.353243","-71.511328","-16.352.581","-71.508.844"
"1271",1273,NA,"2024-11-25 12:26:38","10","cuna mas villa ecológica ",13,1013,2024-11-10,1,"07:45","08:00",2,"","08:15",NA,2,NA,NA,NA,NA,NA,NA,"",NA,NA,NA,NA,NA,NA,NA,"",NA,NA,NA,NA,NA,NA,NA,NA,NA,NA,NA,NA,NA,1,2,56,10,NA,NA,"",NA,NA,NA,"14:00","",56,10,66,NA,NA,NA,NA,NA,NA,NA,NA,NA,NA,2,"MR. ALTO SELVA ALEGRE","DETALLADO","2. Camioneta/Auto",NA,"Punto movil",NA,NA,NA,NA,NA,NA,NA,NA,NA,NA,"Mapa con zona delimitada","NO",NA,NA,"Complete","-16.347544","-71.522280","",""
"1272",1274,NA,"2024-11-25 12:28:46","10","san luis Gonzaga D",14,1014,2024-11-10,2,"","",NA,"","",2,2,NA,NA,NA,NA,NA,NA,"",NA,NA,NA,NA,NA,NA,NA,"",NA,NA,NA,NA,NA,NA,NA,NA,NA,NA,NA,NA,NA,NA,NA,80,0,NA,NA,"",NA,NA,NA,"","",80,0,80,NA,NA,NA,NA,NA,NA,NA,NA,NA,NA,2,"MR. ALTO SELVA ALEGRE","CORTO",NA,"No","Punto movil",NA,NA,NA,NA,NA,NA,NA,NA,NA,NA,NA,NA,NA,NA,"Complete","-16.344971","-71.510664","-16.345.445","-71.512.732"
"1273",1275,NA,"2024-11-25 12:31:16","10","espalda parque tematico",15,1015,2024-11-10,2,"","",NA,"","",2,2,NA,NA,NA,NA,NA,NA,"",NA,NA,NA,NA,NA,NA,NA,"",NA,NA,NA,NA,NA,NA,NA,NA,NA,NA,NA,NA,NA,NA,NA,181,19,NA,NA,"",NA,NA,NA,"","",181,19,200,NA,NA,NA,NA,NA,NA,NA,NA,NA,NA,2,"MR. ALTO SELVA ALEGRE","CORTO",NA,"No","Punto movil",NA,NA,NA,NA,NA,NA,NA,NA,NA,NA,NA,NA,NA,NA,"Complete","-16.369063","-71.524604","-16.370.891","-71.526.073"
"1274",1276,NA,"2024-11-25 12:33:09","10","alto Huarangal ",16,1016,2024-11-10,1,"07:00","08:00",3,"","08:15",NA,2,NA,NA,NA,NA,NA,NA,"",NA,NA,NA,NA,NA,NA,NA,"",NA,NA,NA,NA,NA,NA,NA,NA,NA,NA,NA,NA,NA,3,1,140,NA,NA,NA,"",NA,NA,NA,"13:18","",140,NA,140,NA,NA,NA,NA,NA,NA,NA,NA,NA,NA,2,"MR. ALTO SELVA ALEGRE","DETALLADO","3. Transporte público",NA,"Punto movil",NA,NA,NA,NA,NA,NA,NA,NA,NA,NA,"indicacion verbal (reportar en whats app)","SI",NA,NA,"Complete","-16.357621","-71.516010","",""
"1275",1277,NA,"2024-11-25 12:39:27","17","plaza mollebaya",1,171,2024-11-10,2,"","",NA,"","",2,1,NA,NA,84,0,NA,NA,"",NA,NA,NA,NA,NA,NA,NA,"",NA,NA,NA,NA,NA,NA,NA,NA,NA,NA,NA,NA,NA,NA,NA,NA,NA,NA,NA,"",NA,NA,NA,"","",84,0,84,NA,NA,NA,NA,NA,NA,NA,NA,NA,NA,2,"MR. CHARACATO","CORTO",NA,"No","Punto fijo",NA,NA,NA,NA,NA,NA,NA,NA,NA,NA,NA,NA,NA,NA,"Complete","-16.487379","-71.466669","",""
"1276",1278,NA,"2024-11-25 12:40:36","17","plaza santa ana",2,172,2024-11-10,2,"","",NA,"","",2,2,NA,NA,NA,NA,NA,NA,"",NA,NA,NA,NA,NA,NA,NA,"",NA,NA,NA,NA,NA,NA,NA,NA,NA,NA,NA,NA,NA,NA,NA,57,3,NA,NA,"",NA,NA,NA,"","",57,3,60,NA,NA,NA,NA,NA,NA,NA,NA,NA,NA,2,"MR. CHARACATO","CORTO",NA,"No","Punto movil",NA,NA,NA,NA,NA,NA,NA,NA,NA,NA,NA,NA,NA,NA,"Complete","-16.487376","-71.475447","",""
"1277",1279,NA,"2024-11-25 12:43:38","17","ahasa 3 loza",3,173,2024-11-10,1,"07:35","08:00",6,"ambulancia","08:45",NA,2,80,NA,NA,NA,NA,NA,"",NA,NA,NA,NA,NA,NA,NA,"",NA,NA,NA,NA,NA,NA,NA,NA,NA,NA,NA,NA,NA,3,2,53,0,NA,NA,"",NA,NA,NA,"12:30","",53,0,53,NA,NA,NA,NA,NA,NA,NA,NA,NA,NA,2,"MR. CHARACATO","DETALLADO","6. Otros (Especificar)",NA,"Punto movil",NA,NA,NA,NA,NA,NA,NA,NA,NA,NA,"indicacion verbal (reportar en whats app)","NO",NA,NA,"Complete","-16.493937","-71.455830","",""
"1278",1280,NA,"2024-11-25 12:48:21","17","ahasa 2 capilla virgen",4,174,2024-11-10,1,"07:50","07:55",6,"ambulancia","08:32",NA,1,59,NA,87,0,2,NA,"",NA,NA,NA,NA,NA,NA,NA,"",NA,NA,NA,NA,NA,NA,NA,NA,NA,NA,NA,NA,NA,NA,NA,NA,NA,NA,NA,"",NA,NA,NA,"12:25","",87,0,87,NA,NA,NA,NA,NA,NA,NA,NA,NA,NA,2,"MR. CHARACATO","DETALLADO","6. Otros (Especificar)",NA,"Punto fijo",NA,"NO",NA,NA,NA,NA,NA,NA,NA,NA,NA,NA,NA,NA,"Complete","-16.487622","-71.489602","",""
"1279",1281,NA,"2024-11-25 12:50:34","17","ahasa 3 loza deportiva",5,175,2024-11-10,2,"","",NA,"","",2,2,NA,NA,NA,NA,NA,NA,"",NA,NA,NA,NA,NA,NA,NA,"",NA,NA,NA,NA,NA,NA,NA,NA,NA,NA,NA,NA,NA,NA,NA,85,5,NA,NA,"",NA,NA,NA,"","",85,5,90,NA,NA,NA,NA,NA,NA,NA,NA,NA,NA,2,"MR. CHARACATO","CORTO",NA,"No","Punto movil",NA,NA,NA,NA,NA,NA,NA,NA,NA,NA,NA,NA,NA,NA,"Complete","-16.489841","-71.491192","",""
"1280",1282,NA,"2024-11-25 12:51:39","17","san isidro ",8,178,2024-11-10,2,"","",NA,"","",2,1,NA,NA,120,3,NA,NA,"",NA,NA,NA,NA,NA,NA,NA,"",NA,NA,NA,NA,NA,NA,NA,NA,NA,NA,NA,NA,NA,NA,NA,NA,NA,NA,NA,"",NA,NA,NA,"","",120,3,123,NA,NA,NA,NA,NA,NA,NA,NA,NA,NA,2,"MR. CHARACATO","CORTO",NA,"No","Punto fijo",NA,NA,NA,NA,NA,NA,NA,NA,NA,NA,NA,NA,NA,NA,"Complete","-16.496446","-71.499914","",""
"1281",1283,NA,"2024-11-25 12:52:50","17","pampas pajonal alto mirador",9,179,2024-11-10,2,"","",NA,"","",2,2,NA,NA,NA,NA,NA,NA,"",NA,NA,NA,NA,NA,NA,NA,"",NA,NA,NA,NA,NA,NA,NA,NA,NA,NA,NA,NA,NA,NA,NA,68,0,NA,NA,"",NA,NA,NA,"","",68,0,68,NA,NA,NA,NA,NA,NA,NA,NA,NA,NA,2,"MR. CHARACATO","CORTO",NA,"No","Punto movil",NA,NA,NA,NA,NA,NA,NA,NA,NA,NA,NA,NA,NA,NA,"Complete","-16.514731","-71.485823","",""
"1282",1284,NA,"2024-11-25 12:54:36","17","pampa pajonal bajo",10,1710,2024-11-10,1,"08:13","08:25",2,"","08:42",NA,2,65,NA,NA,NA,NA,NA,"",NA,NA,NA,NA,NA,NA,NA,"",NA,NA,NA,NA,NA,NA,NA,NA,NA,NA,NA,NA,NA,3,2,100,0,NA,NA,"",NA,NA,NA,"12:48","",100,0,100,NA,NA,NA,NA,NA,NA,NA,NA,NA,NA,2,"MR. CHARACATO","DETALLADO","2. Camioneta/Auto",NA,"Punto movil",NA,NA,NA,NA,NA,NA,NA,NA,NA,NA,"indicacion verbal (reportar en whats app)","NO",NA,NA,"Complete","-16.515763","-71.495706","-16.513.602","-71.494.032"
"1283",1285,NA,"2024-11-25 12:56:45","17","santa catalina",11,1711,2024-11-10,2,"","",NA,"","",2,2,NA,NA,NA,NA,NA,NA,"",NA,NA,NA,NA,NA,NA,NA,"",NA,NA,NA,NA,NA,NA,NA,NA,NA,NA,NA,NA,NA,NA,NA,94,10,NA,NA,"",NA,NA,NA,"","",94,10,104,NA,NA,NA,NA,NA,NA,NA,NA,NA,NA,2,"MR. CHARACATO","CORTO",NA,"No","Punto movil",NA,NA,NA,NA,NA,NA,NA,NA,NA,NA,NA,NA,NA,NA,"Complete","-16.494834","-71.498051","",""
"1284",1286,NA,"2024-11-25 12:58:42","17","virgen de chapi",12,1712,2024-11-10,2,"","",NA,"","",2,2,NA,NA,NA,NA,NA,NA,"",NA,NA,NA,NA,NA,NA,NA,"",NA,NA,NA,NA,NA,NA,NA,NA,NA,NA,NA,NA,NA,NA,NA,112,0,NA,NA,"",NA,NA,NA,"","",112,0,112,NA,NA,NA,NA,NA,NA,NA,NA,NA,NA,2,"MR. CHARACATO","CORTO",NA,"No","Punto movil",NA,NA,NA,NA,NA,NA,NA,NA,NA,NA,NA,NA,NA,NA,"Complete","-16.493328","-71.501182","",""
"1285",1287,NA,"2024-11-25 13:03:03","17","Pampas pajonal",14,1714,2024-11-10,1,"08:13","08:30",2,"","08:55",NA,2,42,NA,NA,NA,NA,NA,"",NA,NA,NA,NA,NA,NA,NA,"",NA,NA,NA,NA,NA,NA,NA,NA,NA,NA,NA,NA,NA,3,1,74,11,NA,NA,"",NA,NA,NA,"12:42","",74,11,85,NA,NA,NA,NA,NA,NA,NA,NA,NA,NA,2,"MR. CHARACATO","DETALLADO","2. Camioneta/Auto",NA,"Punto movil",NA,NA,NA,NA,NA,NA,NA,NA,NA,NA,"indicacion verbal (reportar en whats app)","SI",NA,NA,"Complete","-16.509547","-71.494313","-16.515.591","-71.490.409"
"1286",1288,NA,"2024-11-25 13:07:07","17","cooperativa virgen de chapi sr de los milagros ",15,1715,2024-11-10,1,"08:15","09:00",2,"","09:15",NA,2,13,NA,NA,NA,NA,NA,"",NA,NA,NA,NA,NA,NA,NA,"",NA,NA,NA,NA,NA,NA,NA,NA,NA,NA,NA,NA,NA,1,2,40,0,NA,NA,"",NA,NA,NA,"12:40","",40,0,40,NA,NA,NA,NA,NA,NA,NA,NA,NA,NA,2,"MR. CHARACATO","DETALLADO","2. Camioneta/Auto",NA,"Punto movil",NA,NA,NA,NA,NA,NA,NA,NA,NA,NA,"Mapa con zona delimitada","NO",NA,NA,"Complete","-16.496848","-71.519941","-16.494.594","-71.517.026"
"1287",1289,NA,"2024-11-25 13:14:28","6","triangulo ampliacion ",1,61,2024-11-10,2,"","",NA,"","",2,2,NA,NA,NA,NA,NA,NA,"",NA,NA,NA,NA,NA,NA,NA,"",NA,NA,NA,NA,NA,NA,NA,NA,NA,NA,NA,NA,NA,NA,NA,85,0,NA,NA,"",NA,NA,NA,"","",85,0,85,NA,NA,NA,NA,NA,NA,NA,NA,NA,NA,2,"MR. JAVIER LLOSA- HUNTER","CORTO",NA,"No","Punto movil",NA,NA,NA,NA,NA,NA,NA,NA,NA,NA,NA,NA,NA,NA,"Complete","-16.450400","-71.557028","",""
"1288",1290,NA,"2024-11-25 13:16:09","6","estadio 2 de junio",2,62,2024-11-10,2,"","",NA,"","",2,2,NA,NA,NA,NA,NA,NA,"",NA,NA,NA,NA,NA,NA,NA,"",NA,NA,NA,NA,NA,NA,NA,NA,NA,NA,NA,NA,NA,NA,NA,13,0,NA,NA,"",NA,NA,NA,"","",13,0,13,NA,NA,NA,NA,NA,NA,NA,NA,NA,NA,2,"MR. JAVIER LLOSA- HUNTER","CORTO",NA,"No","Punto movil",NA,NA,NA,NA,NA,NA,NA,NA,NA,NA,NA,NA,NA,NA,"Complete","-16.452516","-71.557684","",""
"1289",1291,NA,"2024-11-25 13:17:13","6","13 de agosto",3,63,2024-11-10,2,"","",NA,"","",2,2,NA,NA,NA,NA,NA,NA,"",NA,NA,NA,NA,NA,NA,NA,"",NA,NA,NA,NA,NA,NA,NA,NA,NA,NA,NA,NA,NA,NA,NA,57,2,NA,NA,"",NA,NA,NA,"","",57,2,59,NA,NA,NA,NA,NA,NA,NA,NA,NA,NA,2,"MR. JAVIER LLOSA- HUNTER","CORTO",NA,"No","Punto movil",NA,NA,NA,NA,NA,NA,NA,NA,NA,NA,NA,NA,NA,NA,"Complete","-16.454296","-71.558314","",""
"1290",1292,NA,"2024-11-25 13:18:17","6","C.S. pampas del cusco",4,64,2024-11-10,2,"","",NA,"","",2,2,NA,NA,NA,NA,NA,NA,"",NA,NA,NA,NA,NA,NA,NA,"",NA,NA,NA,NA,NA,NA,NA,NA,NA,NA,NA,NA,NA,NA,NA,35,0,NA,NA,"",NA,NA,NA,"","",35,0,35,NA,NA,NA,NA,NA,NA,NA,NA,NA,NA,2,"MR. JAVIER LLOSA- HUNTER","CORTO",NA,"No","Punto movil",NA,NA,NA,NA,NA,NA,NA,NA,NA,NA,NA,NA,NA,NA,"Complete","-16.447563","-71.562787","",""
"1291",1293,NA,"2024-11-25 13:19:22","6","Av. ollamtaytambo",5,65,2024-11-10,2,"","",NA,"","",2,2,NA,NA,NA,NA,NA,NA,"",NA,NA,NA,NA,NA,NA,NA,"",NA,NA,NA,NA,NA,NA,NA,NA,NA,NA,NA,NA,NA,NA,NA,20,6,NA,NA,"",NA,NA,NA,"","",20,6,26,NA,NA,NA,NA,NA,NA,NA,NA,NA,NA,2,"MR. JAVIER LLOSA- HUNTER","CORTO",NA,"No","Punto movil",NA,NA,NA,NA,NA,NA,NA,NA,NA,NA,NA,NA,NA,NA,"Complete","-16.447420","-71.559629","",""
"1292",1294,NA,"2024-11-25 13:20:50","6","comite 1",6,66,2024-11-10,1,"08:36","08:44",2,"","08:57",NA,2,NA,NA,NA,NA,NA,NA,"",NA,NA,NA,NA,NA,NA,NA,"",NA,NA,NA,NA,NA,NA,NA,NA,NA,NA,NA,NA,NA,1,1,46,2,NA,NA,"",NA,NA,NA,"13:55","",46,2,48,NA,NA,NA,NA,NA,NA,NA,NA,NA,NA,2,"MR. JAVIER LLOSA- HUNTER","DETALLADO","2. Camioneta/Auto",NA,"Punto movil",NA,NA,NA,NA,NA,NA,NA,NA,NA,NA,"Mapa con zona delimitada","SI",NA,NA,"Complete","-16.447713","-71.562561","-16.448.547","-71.560.468"
"1293",1295,NA,"2024-11-25 13:22:29","6","santa maria loma verde",7,67,2024-11-10,1,"08:39","09:11",2,"","09:17",NA,2,35,NA,NA,NA,NA,NA,"",NA,NA,NA,NA,NA,NA,NA,"",NA,NA,NA,NA,NA,NA,NA,NA,NA,NA,NA,NA,NA,2,2,19,3,NA,NA,"",NA,NA,NA,"12:55","",19,3,22,NA,NA,NA,NA,NA,NA,NA,NA,NA,NA,2,"MR. JAVIER LLOSA- HUNTER","DETALLADO","2. Camioneta/Auto",NA,"Punto movil",NA,NA,NA,NA,NA,NA,NA,NA,NA,NA,"Mapa con recorrido de inicio a fin","NO",NA,NA,"Complete","-16.446978","-71.562390","",""
"1294",1296,NA,"2024-11-25 13:23:59","6","huayrondo y costa verde",8,68,2024-11-10,2,"","",NA,"","",2,2,NA,NA,NA,NA,NA,NA,"",NA,NA,NA,NA,NA,NA,NA,"",NA,NA,NA,NA,NA,NA,NA,NA,NA,NA,NA,NA,NA,NA,NA,57,0,NA,NA,"",NA,NA,NA,"","",57,0,57,NA,NA,NA,NA,NA,NA,NA,NA,NA,NA,2,"MR. JAVIER LLOSA- HUNTER","CORTO",NA,"No","Punto movil",NA,NA,NA,NA,NA,NA,NA,NA,NA,NA,NA,NA,NA,NA,"Complete","-16.460102","-71.582618","",""
"1295",1297,NA,"2024-11-25 13:26:54","6","ampliación caminos del inca",9,69,2024-11-10,1,"08:14","08:25",4,"","08:30",NA,2,79,NA,NA,NA,NA,NA,"",NA,NA,NA,NA,NA,NA,NA,"",NA,NA,NA,NA,NA,NA,NA,NA,NA,NA,NA,NA,NA,3,2,67,0,NA,NA,"",NA,NA,NA,"13:03","",67,0,67,NA,NA,NA,NA,NA,NA,NA,NA,NA,NA,2,"MR. JAVIER LLOSA- HUNTER","DETALLADO","4. Caminando",NA,"Punto movil",NA,NA,NA,NA,NA,NA,NA,NA,NA,NA,"indicacion verbal (reportar en whats app)","NO",NA,NA,"Complete","-16.435960","-71.562259","",""
"1296",1298,NA,"2024-11-25 13:27:50","6","tingo grande",10,610,2024-11-10,2,"","",NA,"","",2,2,NA,NA,NA,NA,NA,NA,"",NA,NA,NA,NA,NA,NA,NA,"",NA,NA,NA,NA,NA,NA,NA,NA,NA,NA,NA,NA,NA,NA,NA,39,3,NA,NA,"",NA,NA,NA,"","",39,3,42,NA,NA,NA,NA,NA,NA,NA,NA,NA,NA,2,"MR. JAVIER LLOSA- HUNTER","CORTO",NA,"No","Punto movil",NA,NA,NA,NA,NA,NA,NA,NA,NA,NA,NA,NA,NA,NA,"Complete","-16.458641","-71.575094","-16.456.619","-71.576.180"
"1297",1299,NA,"2024-11-25 13:29:26","6","upis la merced",11,611,2024-11-10,1,"08:30","08:40",2,"","08:47",NA,2,NA,NA,NA,NA,NA,NA,"",NA,NA,NA,NA,NA,NA,NA,"",NA,NA,NA,NA,NA,NA,NA,NA,NA,NA,NA,NA,NA,3,1,40,0,NA,NA,"",NA,NA,NA,"12:50","",40,0,40,NA,NA,NA,NA,NA,NA,NA,NA,NA,NA,2,"MR. JAVIER LLOSA- HUNTER","DETALLADO","2. Camioneta/Auto",NA,"Punto movil",NA,NA,NA,NA,NA,NA,NA,NA,NA,NA,"indicacion verbal (reportar en whats app)","SI",NA,NA,"Complete","-16.449822","-71.557027","-16.449.716","-71.560.777"
"1298",1300,NA,"2024-11-25 13:30:30","6","exparadero 13 de agosto ",12,612,2024-11-10,2,"","",NA,"","",2,2,NA,NA,NA,NA,NA,NA,"",NA,NA,NA,NA,NA,NA,NA,"",NA,NA,NA,NA,NA,NA,NA,NA,NA,NA,NA,NA,NA,NA,NA,39,1,NA,NA,"",NA,NA,NA,"","",39,1,40,NA,NA,NA,NA,NA,NA,NA,NA,NA,NA,2,"MR. JAVIER LLOSA- HUNTER","CORTO",NA,"No","Punto movil",NA,NA,NA,NA,NA,NA,NA,NA,NA,NA,NA,NA,NA,NA,"Complete","-16.450871","-71.559635","-16.453.701","-71.556.548"
"1299",1301,NA,"2024-11-25 13:31:16","6","la merced",13,613,2024-11-10,2,"","",NA,"","",2,2,NA,NA,NA,NA,NA,NA,"",NA,NA,NA,NA,NA,NA,NA,"",NA,NA,NA,NA,NA,NA,NA,NA,NA,NA,NA,NA,NA,NA,NA,34,2,NA,NA,"",NA,NA,NA,"","",34,2,36,NA,NA,NA,NA,NA,NA,NA,NA,NA,NA,2,"MR. JAVIER LLOSA- HUNTER","CORTO",NA,"No","Punto movil",NA,NA,NA,NA,NA,NA,NA,NA,NA,NA,NA,NA,NA,NA,"Complete","-16.447887","-71.563191","-16.449.283","-71.559.505"
"1300",1302,NA,"2024-11-25 14:19:04","6","estadio pampas del cusco",14,614,2024-11-10,2,"","",NA,"","",2,2,NA,NA,NA,NA,NA,NA,"",NA,NA,NA,NA,NA,NA,NA,"",NA,NA,NA,NA,NA,NA,NA,NA,NA,NA,NA,NA,NA,NA,NA,41,10,NA,NA,"",NA,NA,NA,"","",41,10,51,NA,NA,NA,NA,NA,NA,NA,NA,NA,NA,2,"MR. JAVIER LLOSA- HUNTER","CORTO",NA,"No","Punto movil",NA,NA,NA,NA,NA,NA,NA,NA,NA,NA,NA,NA,NA,NA,"Complete","-16.446458","-71.563964","",""
"1301",1303,NA,"2024-11-25 14:21:34","6","av. paisajista, 28 de julio y balcones",15,615,2024-11-10,1,"08:18","08:28",4,"","08:34",NA,2,78,NA,NA,NA,NA,NA,"",NA,NA,NA,NA,NA,NA,NA,"",NA,NA,NA,NA,NA,NA,NA,NA,NA,NA,NA,NA,NA,3,2,50,0,NA,NA,"",NA,NA,NA,"13:05","",50,0,50,NA,NA,NA,NA,NA,NA,NA,NA,NA,NA,2,"MR. JAVIER LLOSA- HUNTER","DETALLADO","4. Caminando",NA,"Punto movil",NA,NA,NA,NA,NA,NA,NA,NA,NA,NA,"indicacion verbal (reportar en whats app)","NO",NA,NA,"Complete","-16.435651","-71.564487","-16.434.519","-71.565.502"
"1302",1304,NA,"2024-11-25 14:23:37","6","morro de arica y la parada",16,616,2024-11-10,1,"07:40","07:48",4,"","07:55",NA,2,51,NA,NA,NA,NA,NA,"",NA,NA,NA,NA,NA,NA,NA,"",NA,NA,NA,NA,NA,NA,NA,NA,NA,NA,NA,NA,NA,3,1,58,11,NA,NA,"",NA,NA,NA,"13:00","",58,11,69,NA,NA,NA,NA,NA,NA,NA,NA,NA,NA,2,"MR. JAVIER LLOSA- HUNTER","DETALLADO","4. Caminando",NA,"Punto movil",NA,NA,NA,NA,NA,NA,NA,NA,NA,NA,"indicacion verbal (reportar en whats app)","SI",NA,NA,"Complete","-16.434327","-71.564315","-16.433.679","-71.564.420"
"1303",1305,NA,"2024-11-25 14:24:35","6","villa hermosa ",17,617,2024-11-10,2,"","",NA,"","",2,2,NA,NA,NA,NA,NA,NA,"",NA,NA,NA,NA,NA,NA,NA,"",NA,NA,NA,NA,NA,NA,NA,NA,NA,NA,NA,NA,NA,NA,NA,97,6,NA,NA,"",NA,NA,NA,"","",97,6,103,NA,NA,NA,NA,NA,NA,NA,NA,NA,NA,2,"MR. JAVIER LLOSA- HUNTER","CORTO",NA,"No","Punto movil",NA,NA,NA,NA,NA,NA,NA,NA,NA,NA,NA,NA,NA,NA,"Complete","-16.423306","-71.555643","",""
"1304",1306,NA,"2024-11-25 14:26:08","6","ovalo hunter",18,618,2024-11-10,2,"","",NA,"","",2,1,NA,NA,105,7,NA,NA,"",NA,NA,NA,NA,NA,NA,NA,"",NA,NA,NA,NA,NA,NA,NA,NA,NA,NA,NA,NA,NA,NA,NA,NA,NA,NA,NA,"",NA,NA,NA,"","",105,7,112,NA,NA,NA,NA,NA,NA,NA,NA,NA,NA,2,"MR. JAVIER LLOSA- HUNTER","CORTO",NA,"No","Punto fijo",NA,NA,NA,NA,NA,NA,NA,NA,NA,NA,NA,NA,NA,NA,"Complete","-16.440309","-71.559013","",""
"1305",1307,NA,"2024-11-25 14:29:41","6","urb. tradicional vista alegre",19,619,2024-11-10,1,"07:36","07:40",4,"","07:42",NA,2,55,NA,NA,NA,NA,NA,"",NA,NA,NA,NA,NA,NA,NA,"",NA,NA,NA,NA,NA,NA,NA,NA,NA,NA,NA,NA,NA,3,2,61,0,NA,NA,"",NA,NA,NA,"13:00","",61,0,61,NA,NA,NA,NA,NA,NA,NA,NA,NA,NA,2,"MR. JAVIER LLOSA- HUNTER","DETALLADO","4. Caminando",NA,"Punto movil",NA,NA,NA,NA,NA,NA,NA,NA,NA,NA,"indicacion verbal (reportar en whats app)","NO",NA,NA,"Complete","-16.435579","-71.562828","-16.435.251","-71.563.965"
"1306",1308,NA,"2024-11-25 14:40:13","6","C.S. upis Paisajista ",1,61,2024-11-16,1,"08:16","08:44",5,"","08:44",NA,1,59,NA,1,0,1,1,"09:12",2,NA,NA,40,5,2,NA,"",NA,NA,NA,NA,NA,NA,NA,NA,NA,NA,NA,NA,NA,NA,NA,NA,NA,NA,NA,"",NA,NA,NA,"13:30","",41,5,46,NA,NA,NA,NA,NA,NA,NA,NA,NA,NA,2,"MR. JAVIER LLOSA- HUNTER","DETALLADO","5. Mi punto era el Centro de Salud",NA,"Punto fijo",NA,"SI","Microred","Cambiamos a Punto movil","NO",NA,NA,NA,NA,NA,NA,NA,NA,NA,"Complete","-16.461648","-71.555352","-16.462.431","-71.556.630"
"1307",1309,NA,"2024-11-25 14:43:24","6","upis paisajista mz J",2,62,2024-11-16,1,"08:30","09:10",4,"","09:14",NA,2,66,NA,NA,NA,NA,NA,"",NA,NA,NA,NA,NA,NA,NA,"",NA,NA,NA,NA,NA,NA,NA,NA,NA,NA,NA,NA,NA,3,2,41,6,NA,NA,"",NA,NA,NA,"13:15","",41,6,47,NA,NA,NA,NA,NA,NA,NA,NA,NA,NA,2,"MR. JAVIER LLOSA- HUNTER","DETALLADO","4. Caminando",NA,"Punto movil",NA,NA,NA,NA,NA,NA,NA,NA,NA,NA,"indicacion verbal (reportar en whats app)","NO",NA,NA,"Complete","-16.459114","-71.556130","-16.460.136","-71.555.603"
"1308",1310,NA,"2024-11-25 14:44:31","6","dean valdivia",3,63,2024-11-16,2,"","",NA,"","",2,2,NA,NA,NA,NA,NA,NA,"",NA,NA,NA,NA,NA,NA,NA,"",NA,NA,NA,NA,NA,NA,NA,NA,NA,NA,NA,NA,NA,NA,NA,56,9,NA,NA,"",NA,NA,NA,"","",56,9,65,NA,NA,NA,NA,NA,NA,NA,NA,NA,NA,2,"MR. JAVIER LLOSA- HUNTER","CORTO",NA,"No","Punto movil",NA,NA,NA,NA,NA,NA,NA,NA,NA,NA,NA,NA,NA,NA,"Complete","-16.453997","-71.555982","",""
"1309",1311,NA,"2024-11-25 15:04:33","6","campiña ecologica ",4,64,2024-11-16,1,"08:24","09:30",2,"","09:40",NA,2,35,NA,NA,NA,NA,NA,"",NA,NA,NA,NA,NA,NA,NA,"",NA,NA,NA,NA,NA,NA,NA,NA,NA,NA,NA,NA,NA,3,2,42,0,NA,NA,"",NA,NA,NA,"13:05","",42,0,42,NA,NA,NA,NA,NA,NA,NA,NA,NA,NA,2,"MR. JAVIER LLOSA- HUNTER","DETALLADO","2. Camioneta/Auto",NA,"Punto movil",NA,NA,NA,NA,NA,NA,NA,NA,NA,NA,"indicacion verbal (reportar en whats app)","NO",NA,NA,"Complete","-16.455709","-71.559698","-16.457.828","-71.556.423"
"1310",1312,NA,"2024-11-25 15:06:55","6","loza deportiva huasacache ",5,65,2024-11-16,1,"08:10","09:27",2,"","09:35",NA,2,57,NA,NA,NA,NA,NA,"",NA,NA,NA,NA,NA,NA,NA,"",NA,NA,NA,NA,NA,NA,NA,NA,NA,NA,NA,NA,NA,3,2,44,0,NA,NA,"",NA,NA,NA,"13:11","",44,0,44,NA,NA,NA,NA,NA,NA,NA,NA,NA,NA,2,"MR. JAVIER LLOSA- HUNTER","DETALLADO","2. Camioneta/Auto",NA,"Punto movil",NA,NA,NA,NA,NA,NA,NA,NA,NA,NA,"indicacion verbal (reportar en whats app)","NO",NA,NA,"Complete","-16.452059","-71.562515","-16.455.300","-71.561.885"
"1311",1313,NA,"2024-11-25 15:09:09","6","buen panorama",6,66,2024-11-16,1,"08:30","09:30",2,"","09:50",NA,2,24,NA,NA,NA,NA,NA,"",NA,NA,NA,NA,NA,NA,NA,"",NA,NA,NA,NA,NA,NA,NA,NA,NA,NA,NA,NA,NA,1,2,29,1,NA,NA,"",NA,NA,NA,"13:30","",29,1,30,NA,NA,NA,NA,NA,NA,NA,NA,NA,NA,2,"MR. JAVIER LLOSA- HUNTER","DETALLADO","2. Camioneta/Auto",NA,"Punto movil",NA,NA,NA,NA,NA,NA,NA,NA,NA,NA,"Mapa con zona delimitada","NO",NA,NA,"Complete","-16.453290","-71.560392","-16.453.568","-71.561.634"
"1312",1314,NA,"2024-11-25 15:11:20","6","Av. Velazco con Av. dean valdivia ",7,67,2024-11-16,2,"","",NA,"","",2,2,NA,NA,NA,NA,NA,NA,"",NA,NA,NA,NA,NA,NA,NA,"",NA,NA,NA,NA,NA,NA,NA,NA,NA,NA,NA,NA,NA,NA,NA,19,2,NA,NA,"",NA,NA,NA,"","",19,2,21,NA,NA,NA,NA,NA,NA,NA,NA,NA,NA,2,"MR. JAVIER LLOSA- HUNTER","CORTO",NA,"No","Punto movil",NA,NA,NA,NA,NA,NA,NA,NA,NA,NA,NA,NA,NA,NA,"Complete","-16.437468","-71.541768","-16.451.485","-71.553.031"
"1313",1315,NA,"2024-11-25 15:12:23","6","alto alianza ",8,68,2024-11-16,2,"","",NA,"","",2,2,NA,NA,NA,NA,NA,NA,"",NA,NA,NA,NA,NA,NA,NA,"",NA,NA,NA,NA,NA,NA,NA,NA,NA,NA,NA,NA,NA,NA,NA,97,4,NA,NA,"",NA,NA,NA,"","",97,4,101,NA,NA,NA,NA,NA,NA,NA,NA,NA,NA,2,"MR. JAVIER LLOSA- HUNTER","CORTO",NA,"No","Punto movil",NA,NA,NA,NA,NA,NA,NA,NA,NA,NA,NA,NA,NA,NA,"Complete","-16.455199","-71.552945","",""
"1314",1316,NA,"2024-11-25 15:13:54","6","cooperativa el carmen",9,69,2024-11-16,2,"","",NA,"","",2,2,NA,NA,NA,NA,NA,NA,"",NA,NA,NA,NA,NA,NA,NA,"",NA,NA,NA,NA,NA,NA,NA,NA,NA,NA,NA,NA,NA,NA,NA,45,5,NA,NA,"",NA,NA,NA,"","",45,5,50,NA,NA,NA,NA,NA,NA,NA,NA,NA,NA,2,"MR. JAVIER LLOSA- HUNTER","CORTO",NA,"No","Punto movil",NA,NA,NA,NA,NA,NA,NA,NA,NA,NA,NA,NA,NA,NA,"Complete","-16.445587","-71.548272","",""
"1315",1317,NA,"2024-11-25 15:14:57","6","parque cenepa",10,610,2024-11-16,2,"","",NA,"","",2,2,NA,NA,NA,NA,NA,NA,"",NA,NA,NA,NA,NA,NA,NA,"",NA,NA,NA,NA,NA,NA,NA,NA,NA,NA,NA,NA,NA,NA,NA,44,1,NA,NA,"",NA,NA,NA,"","",44,1,45,NA,NA,NA,NA,NA,NA,NA,NA,NA,NA,2,"MR. JAVIER LLOSA- HUNTER","CORTO",NA,"No","Punto movil",NA,NA,NA,NA,NA,NA,NA,NA,NA,NA,NA,NA,NA,NA,"Complete","-16.450918","-71.551951","",""
"1316",1318,NA,"2024-11-25 15:16:16","6","ovalo hunter",11,611,2024-11-16,2,"","",NA,"","",2,1,NA,NA,48,0,NA,NA,"",NA,NA,NA,NA,NA,NA,NA,"",NA,NA,NA,NA,NA,NA,NA,NA,NA,NA,NA,NA,NA,NA,NA,NA,NA,NA,NA,"",NA,NA,NA,"","",48,0,48,NA,NA,NA,NA,NA,NA,NA,NA,NA,NA,2,"MR. JAVIER LLOSA- HUNTER","CORTO",NA,"No","Punto fijo",NA,NA,NA,NA,NA,NA,NA,NA,NA,NA,NA,NA,NA,NA,"Complete","-16.440341","-71.558964","",""
"1317",1319,NA,"2024-11-25 15:18:07","6","augusto freyre",12,612,2024-11-16,2,"","",NA,"","",2,2,NA,NA,NA,NA,NA,NA,"",NA,NA,NA,NA,NA,NA,NA,"",NA,NA,NA,NA,NA,NA,NA,NA,NA,NA,NA,NA,NA,NA,NA,64,6,NA,NA,"",NA,NA,NA,"","",64,6,70,NA,NA,NA,NA,NA,NA,NA,NA,NA,NA,2,"MR. JAVIER LLOSA- HUNTER","CORTO",NA,"No","Punto movil",NA,NA,NA,NA,NA,NA,NA,NA,NA,NA,NA,NA,NA,NA,"Complete","-16.452735","-71.550416","",""
"1318",1320,NA,"2024-11-25 15:19:57","6","Daniel Alcides Carrión ",13,613,2024-11-16,2,"","",NA,"","",2,1,NA,NA,124,2,NA,NA,"",NA,NA,NA,NA,NA,NA,NA,"",NA,NA,NA,NA,NA,NA,NA,NA,NA,NA,NA,NA,NA,NA,NA,NA,NA,NA,NA,"",NA,NA,NA,"","",124,2,126,NA,NA,NA,NA,NA,NA,NA,NA,NA,NA,2,"MR. JAVIER LLOSA- HUNTER","CORTO",NA,"No","Punto fijo",NA,NA,NA,NA,NA,NA,NA,NA,NA,NA,NA,NA,NA,NA,"Complete","-16.448810","-71.550346","",""
"1319",1321,NA,"2024-11-25 15:21:14","6","P.S. alto alianza",14,614,2024-11-16,2,"","",NA,"","",2,1,NA,NA,104,0,NA,NA,"",NA,NA,NA,NA,NA,NA,NA,"",NA,NA,NA,NA,NA,NA,NA,NA,NA,NA,NA,NA,NA,NA,NA,NA,NA,NA,NA,"",NA,NA,NA,"","",104,0,104,NA,NA,NA,NA,NA,NA,NA,NA,NA,NA,2,"MR. JAVIER LLOSA- HUNTER","CORTO",NA,"No","Punto fijo",NA,NA,NA,NA,NA,NA,NA,NA,NA,NA,NA,NA,NA,NA,"Complete","-16.455362","-71.552776","",""
"1320",1322,NA,"2024-11-25 15:22:23","6","los Molles",15,615,2024-11-16,2,"","",NA,"","",2,2,NA,NA,NA,NA,NA,NA,"",NA,NA,NA,NA,NA,NA,NA,"",NA,NA,NA,NA,NA,NA,NA,NA,NA,NA,NA,NA,NA,NA,NA,19,4,NA,NA,"",NA,NA,NA,"","",19,4,23,NA,NA,NA,NA,NA,NA,NA,NA,NA,NA,2,"MR. JAVIER LLOSA- HUNTER","CORTO",NA,"No","Punto movil",NA,NA,NA,NA,NA,NA,NA,NA,NA,NA,NA,NA,NA,NA,"Complete","-16.442289","-71.547677","-16.447.542","-71.548.757"
"1321",1323,NA,"2024-11-25 15:23:24","6","santa monica",16,616,2024-11-16,2,"","",NA,"","",2,2,NA,NA,NA,NA,NA,NA,"",NA,NA,NA,NA,NA,NA,NA,"",NA,NA,NA,NA,NA,NA,NA,NA,NA,NA,NA,NA,NA,NA,NA,73,7,NA,NA,"",NA,NA,NA,"","",73,7,80,NA,NA,NA,NA,NA,NA,NA,NA,NA,NA,2,"MR. JAVIER LLOSA- HUNTER","CORTO",NA,"No","Punto movil",NA,NA,NA,NA,NA,NA,NA,NA,NA,NA,NA,NA,NA,NA,"Complete","-16.451822","-71.550451","",""
"1322",1324,NA,"2024-11-25 15:24:45","6","av. mistiano",17,617,2024-11-16,2,"","",NA,"","",2,2,NA,NA,NA,NA,NA,NA,"",NA,NA,NA,NA,NA,NA,NA,"",NA,NA,NA,NA,NA,NA,NA,NA,NA,NA,NA,NA,NA,NA,NA,30,0,NA,NA,"",NA,NA,NA,"","",30,0,30,NA,NA,NA,NA,NA,NA,NA,NA,NA,NA,2,"MR. JAVIER LLOSA- HUNTER","CORTO",NA,"No","Punto movil",NA,NA,NA,NA,NA,NA,NA,NA,NA,NA,NA,NA,NA,NA,"Complete","-16.448124","-71.539316","-16.450.708","-71.551.328"
"1323",1325,NA,"2024-11-25 15:25:47","6","arias aragues",18,618,2024-11-16,2,"","",NA,"","",2,2,NA,NA,NA,NA,NA,NA,"",NA,NA,NA,NA,NA,NA,NA,"",NA,NA,NA,NA,NA,NA,NA,NA,NA,NA,NA,NA,NA,NA,NA,41,3,NA,NA,"",NA,NA,NA,"","",41,3,44,NA,NA,NA,NA,NA,NA,NA,NA,NA,NA,2,"MR. JAVIER LLOSA- HUNTER","CORTO",NA,"No","Punto movil",NA,NA,NA,NA,NA,NA,NA,NA,NA,NA,NA,NA,NA,NA,"Complete","-16.457469","-71.556118","",""
"1324",1326,NA,"2024-11-25 15:28:09","6","av. paisajista ",19,619,2024-11-16,1,"08:24","09:00",4,"","09:05",NA,2,54,NA,NA,NA,NA,NA,"",NA,NA,NA,NA,NA,NA,NA,"",NA,NA,NA,NA,NA,NA,NA,NA,NA,NA,NA,NA,NA,3,1,43,1,NA,NA,"",NA,NA,NA,"13:06","",43,1,44,NA,NA,NA,NA,NA,NA,NA,NA,NA,NA,2,"MR. JAVIER LLOSA- HUNTER","DETALLADO","4. Caminando",NA,"Punto movil",NA,NA,NA,NA,NA,NA,NA,NA,NA,NA,"indicacion verbal (reportar en whats app)","SI",NA,NA,"Complete","-16.462394","-71.554275","-16.461.469","-71.556.391"
"1325",1327,NA,"2024-11-25 15:33:28","6","upis paisajista mz X",21,621,2024-11-16,2,"","",NA,"","",2,2,NA,NA,NA,NA,NA,NA,"",NA,NA,NA,NA,NA,NA,NA,"",NA,NA,NA,NA,NA,NA,NA,NA,NA,NA,NA,NA,NA,NA,NA,31,4,NA,NA,"",NA,NA,NA,"","",31,4,35,NA,NA,NA,NA,NA,NA,NA,NA,NA,NA,2,"MR. JAVIER LLOSA- HUNTER","CORTO",NA,"No","Punto movil",NA,NA,NA,NA,NA,NA,NA,NA,NA,NA,NA,NA,NA,NA,"Complete","-16.460621","-71.554000","-16.459.189","-71.552.614"
"1326",1328,NA,"2024-11-25 15:42:13","6","estadio upis hunter",20,620,2024-11-16,1,"08:13","09:03",4,"","09:08",NA,1,42,NA,39,4,2,NA,"",NA,NA,NA,NA,NA,NA,NA,"",NA,NA,NA,NA,NA,NA,NA,NA,NA,NA,NA,NA,NA,NA,NA,NA,NA,NA,NA,"",NA,NA,NA,"13:25","",39,4,43,NA,NA,NA,NA,NA,NA,NA,NA,NA,NA,2,"MR. JAVIER LLOSA- HUNTER","DETALLADO","4. Caminando",NA,"Punto fijo",NA,"NO",NA,NA,NA,NA,NA,NA,NA,NA,NA,NA,NA,NA,"Complete","-16.459111","-71.554747","",""
"1327",1329,NA,"2024-11-25 15:44:46","5","juan david sifuentes",1,51,2024-11-16,2,"","",NA,"","",2,2,NA,NA,NA,NA,NA,NA,"",NA,NA,NA,NA,NA,NA,NA,"",NA,NA,NA,NA,NA,NA,NA,NA,NA,NA,NA,NA,NA,NA,NA,107,10,NA,NA,"",NA,NA,NA,"","",107,10,117,NA,NA,NA,NA,NA,NA,NA,NA,NA,NA,2,"MR. SAN MARTIN SOCABAYA","CORTO",NA,"No","Punto movil",NA,NA,NA,NA,NA,NA,NA,NA,NA,NA,NA,NA,NA,NA,"Complete","-16.461664","-71.524415","",""
"1328",1330,NA,"2024-11-25 15:45:44","5","lara",2,52,2024-11-16,2,"","",NA,"","",2,2,NA,NA,NA,NA,NA,NA,"",NA,NA,NA,NA,NA,NA,NA,"",NA,NA,NA,NA,NA,NA,NA,NA,NA,NA,NA,NA,NA,NA,NA,42,3,NA,NA,"",NA,NA,NA,"","",42,3,45,NA,NA,NA,NA,NA,NA,NA,NA,NA,NA,2,"MR. SAN MARTIN SOCABAYA","CORTO",NA,"No","Punto movil",NA,NA,NA,NA,NA,NA,NA,NA,NA,NA,NA,NA,NA,NA,"Complete","-16.452800","-71.530799","",""
"1329",1331,NA,"2024-11-25 15:47:03","5","parque colibri",3,53,2024-11-16,2,"","",NA,"","",2,1,NA,NA,65,15,NA,NA,"",NA,NA,NA,NA,NA,NA,NA,"",NA,NA,NA,NA,NA,NA,NA,NA,NA,NA,NA,NA,NA,NA,NA,NA,NA,NA,NA,"",NA,NA,NA,"","",65,15,80,NA,NA,NA,NA,NA,NA,NA,NA,NA,NA,2,"MR. SAN MARTIN SOCABAYA","CORTO",NA,"No","Punto fijo",NA,NA,NA,NA,NA,NA,NA,NA,NA,NA,NA,NA,NA,NA,"Complete","-16.460555","-71.525660","",""
"1330",1332,NA,"2024-11-25 15:48:02","5","golf",4,54,2024-11-16,2,"","",NA,"","",2,2,NA,NA,NA,NA,NA,NA,"",NA,NA,NA,NA,NA,NA,NA,"",NA,NA,NA,NA,NA,NA,NA,NA,NA,NA,NA,NA,NA,NA,NA,52,7,NA,NA,"",NA,NA,NA,"","",52,7,59,NA,NA,NA,NA,NA,NA,NA,NA,NA,NA,2,"MR. SAN MARTIN SOCABAYA","CORTO",NA,"No","Punto movil",NA,NA,NA,NA,NA,NA,NA,NA,NA,NA,NA,NA,NA,NA,"Complete","-16.448469","-71.519801","-16.453255","-71.526996"
"1331",1333,NA,"2024-11-25 15:48:58","5","residencial ",5,55,2024-11-16,2,"","",NA,"","",2,2,NA,NA,NA,NA,NA,NA,"",NA,NA,NA,NA,NA,NA,NA,"",NA,NA,NA,NA,NA,NA,NA,NA,NA,NA,NA,NA,NA,NA,NA,45,4,NA,NA,"",NA,NA,NA,"","",45,4,49,NA,NA,NA,NA,NA,NA,NA,NA,NA,NA,2,"MR. SAN MARTIN SOCABAYA","CORTO",NA,"No","Punto movil",NA,NA,NA,NA,NA,NA,NA,NA,NA,NA,NA,NA,NA,NA,"Complete","-16.450374","-71.522424","",""
"1332",1334,NA,"2024-11-25 15:49:52","6","las peñas",6,66,2024-11-16,2,"","",NA,"","",2,1,NA,NA,50,0,NA,NA,"",NA,NA,NA,NA,NA,NA,NA,"",NA,NA,NA,NA,NA,NA,NA,NA,NA,NA,NA,NA,NA,NA,NA,NA,NA,NA,NA,"",NA,NA,NA,"","",50,0,50,NA,NA,NA,NA,NA,NA,NA,NA,NA,NA,2,"MR. JAVIER LLOSA- HUNTER","CORTO",NA,"No","Punto fijo",NA,NA,NA,NA,NA,NA,NA,NA,NA,NA,NA,NA,NA,NA,"Complete","-16.459949","-71.547565","",""
"1333",1335,NA,"2024-11-25 15:50:45","5","los molles",7,57,2024-11-16,2,"","",NA,"","",2,1,NA,NA,27,0,NA,NA,"",NA,NA,NA,NA,NA,NA,NA,"",NA,NA,NA,NA,NA,NA,NA,NA,NA,NA,NA,NA,NA,NA,NA,NA,NA,NA,NA,"",NA,NA,NA,"","",27,0,27,NA,NA,NA,NA,NA,NA,NA,NA,NA,NA,2,"MR. SAN MARTIN SOCABAYA","CORTO",NA,"No","Punto fijo",NA,NA,NA,NA,NA,NA,NA,NA,NA,NA,NA,NA,NA,NA,"Complete","-16.451772","-71.528016","",""
"1334",1336,NA,"2024-11-25 15:57:27","3","apiar local social derecha",1,31,2024-11-16,1,"07:35","08:37",1,"","09:00",NA,2,56,NA,NA,NA,NA,NA,"",NA,NA,NA,NA,NA,NA,NA,"",NA,NA,NA,NA,NA,NA,NA,NA,NA,NA,NA,NA,NA,2,2,102,18,NA,NA,"",NA,NA,NA,"12:36","",102,18,120,NA,NA,NA,NA,NA,NA,NA,NA,NA,NA,2,"MR. CIUDAD DE DIOS","DETALLADO","1, Bus",NA,"Punto movil",NA,NA,NA,NA,NA,NA,NA,NA,NA,NA,"Mapa con recorrido de inicio a fin","NO",NA,NA,"Complete","-16.319878","-71.607185","",""
"1335",1337,NA,"2024-11-25 16:02:03","3","apiar",2,32,2024-11-16,1,"07:25","08:40",1,"","08:55",NA,2,30,NA,NA,NA,NA,NA,"",NA,NA,NA,NA,NA,NA,NA,"",NA,NA,NA,NA,NA,NA,NA,NA,NA,NA,NA,NA,NA,2,2,42,6,NA,NA,"",NA,NA,NA,"12:30","",42,6,48,NA,NA,NA,NA,NA,NA,NA,NA,NA,NA,2,"MR. CIUDAD DE DIOS","DETALLADO","1, Bus",NA,"Punto movil",NA,NA,NA,NA,NA,NA,NA,NA,NA,NA,"Mapa con recorrido de inicio a fin","NO",NA,NA,"Complete","-16.315493","-71.609614","",""
"1336",1338,NA,"2024-11-25 16:04:04","3","estrella",3,33,2024-11-16,1,"07:35","08:37",1,"","09:02",NA,2,60,NA,NA,NA,NA,NA,"",NA,NA,NA,NA,NA,NA,NA,"",NA,NA,NA,NA,NA,NA,NA,NA,NA,NA,NA,NA,NA,1,2,32,12,NA,NA,"",NA,NA,NA,"12:25","",32,12,44,NA,NA,NA,NA,NA,NA,NA,NA,NA,NA,2,"MR. CIUDAD DE DIOS","DETALLADO","1, Bus",NA,"Punto movil",NA,NA,NA,NA,NA,NA,NA,NA,NA,NA,"Mapa con zona delimitada","NO",NA,NA,"Complete","-16.320341","-71.606738","",""
"1337",1339,NA,"2024-11-25 16:07:38","3","mercado santa elisa",4,34,2024-11-16,2,"","",NA,"","",2,1,NA,NA,78,7,NA,NA,"",NA,NA,NA,NA,NA,NA,NA,"",NA,NA,NA,NA,NA,NA,NA,NA,NA,NA,NA,NA,NA,NA,NA,NA,NA,NA,NA,"",NA,NA,NA,"","",78,7,85,NA,NA,NA,NA,NA,NA,NA,NA,NA,NA,2,"MR. CIUDAD DE DIOS","CORTO",NA,"No","Punto fijo",NA,NA,NA,NA,NA,NA,NA,NA,NA,NA,NA,NA,NA,NA,"Complete","-16.309790","-71.613671","",""
"1338",1340,NA,"2024-11-25 16:11:22","3","deportivo central hacia abajo",5,35,2024-11-16,1,"07:38","08:37",1,"","08:55",NA,2,25,NA,NA,NA,NA,NA,"",NA,NA,NA,NA,NA,NA,NA,"",NA,NA,NA,NA,NA,NA,NA,NA,NA,NA,NA,NA,NA,2,2,81,6,NA,NA,"",NA,NA,NA,"12:35","",81,6,87,NA,NA,NA,NA,NA,NA,NA,NA,NA,NA,2,"MR. CIUDAD DE DIOS","DETALLADO","1, Bus",NA,"Punto movil",NA,NA,NA,NA,NA,NA,NA,NA,NA,NA,"Mapa con recorrido de inicio a fin","NO",NA,NA,"Complete","-16.311278","-71.616689","",""
"1339",1341,NA,"2024-11-25 16:13:12","3","comite 12",6,36,2024-11-16,2,"","",NA,"","",2,1,NA,NA,43,6,NA,NA,"",NA,NA,NA,NA,NA,NA,NA,"",NA,NA,NA,NA,NA,NA,NA,NA,NA,NA,NA,NA,NA,NA,NA,NA,NA,NA,NA,"",NA,NA,NA,"","",43,6,49,NA,NA,NA,NA,NA,NA,NA,NA,NA,NA,2,"MR. CIUDAD DE DIOS","CORTO",NA,"No","Punto fijo",NA,NA,NA,NA,NA,NA,NA,NA,NA,NA,NA,NA,NA,NA,"Complete","-16.307890","-71.615671","",""
"1340",1342,NA,"2024-11-25 16:16:27","3","villa cristo",7,37,2024-11-16,1,"07:39","08:35",1,"","08:40",NA,2,78,NA,NA,NA,NA,NA,"",NA,NA,NA,NA,NA,NA,NA,"",NA,NA,NA,NA,NA,NA,NA,NA,NA,NA,NA,NA,NA,2,2,44,10,NA,NA,"",NA,NA,NA,"12:20","",44,10,54,NA,NA,NA,NA,NA,NA,NA,NA,NA,NA,2,"MR. CIUDAD DE DIOS","DETALLADO","1, Bus",NA,"Punto movil",NA,NA,NA,NA,NA,NA,NA,NA,NA,NA,"Mapa con recorrido de inicio a fin","NO",NA,NA,"Complete","-16.309704","-71.621218","",""
"1341",1343,NA,"2024-11-25 16:17:49","3","C.S. ciudad de dios",8,38,2024-11-16,2,"","",NA,"","",2,1,NA,NA,50,17,NA,NA,"",NA,NA,NA,NA,NA,NA,NA,"",NA,NA,NA,NA,NA,NA,NA,NA,NA,NA,NA,NA,NA,NA,NA,NA,NA,NA,NA,"",NA,NA,NA,"","",50,17,67,NA,NA,NA,NA,NA,NA,NA,NA,NA,NA,2,"MR. CIUDAD DE DIOS","CORTO",NA,"No","Punto fijo",NA,NA,NA,NA,NA,NA,NA,NA,NA,NA,NA,NA,NA,NA,"Complete","-16.305270","-71.619716","",""
"1342",1344,NA,"2024-11-25 16:20:11","3","km 28 posta abajo",9,39,2024-11-16,2,"","",NA,"","",2,2,NA,NA,NA,NA,NA,NA,"",NA,NA,NA,NA,NA,NA,NA,"",NA,NA,NA,NA,NA,NA,NA,NA,NA,NA,NA,NA,NA,NA,NA,66,19,NA,NA,"",NA,NA,NA,"","",66,19,85,NA,NA,NA,NA,NA,NA,NA,NA,NA,NA,2,"MR. CIUDAD DE DIOS","CORTO",NA,"No","Punto movil",NA,NA,NA,NA,NA,NA,NA,NA,NA,NA,NA,NA,NA,NA,"Complete","-16.308940","-71.622159","",""
"1343",1345,NA,"2024-11-25 16:22:45","3","municipalidad yura ",10,310,2024-11-16,2,"","",NA,"","",2,2,NA,NA,NA,NA,NA,NA,"",NA,NA,NA,NA,NA,NA,NA,"",NA,NA,NA,NA,NA,NA,NA,NA,NA,NA,NA,NA,NA,NA,NA,11,0,NA,NA,"",NA,NA,NA,"","",11,0,11,NA,NA,NA,NA,NA,NA,NA,NA,NA,NA,2,"MR. CIUDAD DE DIOS","CORTO",NA,"No","Punto movil",NA,NA,NA,NA,NA,NA,NA,NA,NA,NA,NA,NA,NA,NA,"Complete","-16.300223","-71.622653","",""
"1344",1346,NA,"2024-11-25 16:24:54","3","cmt 22 mercado, comisaria ",11,311,2024-11-16,2,"","",NA,"","",2,2,NA,NA,NA,NA,NA,NA,"",NA,NA,NA,NA,NA,NA,NA,"",NA,NA,NA,NA,NA,NA,NA,NA,NA,NA,NA,NA,NA,NA,NA,78,7,NA,NA,"",NA,NA,NA,"","",78,7,85,NA,NA,NA,NA,NA,NA,NA,NA,NA,NA,2,"MR. CIUDAD DE DIOS","CORTO",NA,"No","Punto movil",NA,NA,NA,NA,NA,NA,NA,NA,NA,NA,NA,NA,NA,NA,"Complete","-16.299978","-71.623032","",""
"1345",1347,NA,"2024-11-25 16:27:48","3","cmt 36",12,312,2024-11-16,2,"","",NA,"","",2,2,NA,NA,NA,NA,NA,NA,"",NA,NA,NA,NA,NA,NA,NA,"",NA,NA,NA,NA,NA,NA,NA,NA,NA,NA,NA,NA,NA,NA,NA,60,5,NA,NA,"",NA,NA,NA,"","",60,5,65,NA,NA,NA,NA,NA,NA,NA,NA,NA,NA,2,"MR. CIUDAD DE DIOS","CORTO",NA,"No","Punto movil",NA,NA,NA,NA,NA,NA,NA,NA,NA,NA,NA,NA,NA,NA,"Complete","-16.296571","-71.627619","",""
"1346",1348,NA,"2024-11-25 16:31:26","3","milagros margen izquierda",13,313,2024-11-16,2,"","",NA,"","",2,2,NA,NA,NA,NA,NA,NA,"",NA,NA,NA,NA,NA,NA,NA,"",NA,NA,NA,NA,NA,NA,NA,NA,NA,NA,NA,NA,NA,NA,NA,48,4,NA,NA,"",NA,NA,NA,"","",48,4,52,NA,NA,NA,NA,NA,NA,NA,NA,NA,NA,2,"MR. CIUDAD DE DIOS","CORTO",NA,"No","Punto movil",NA,NA,NA,NA,NA,NA,NA,NA,NA,NA,NA,NA,NA,NA,"Complete","-16.295600","-71.634333","-16.296.053","-71.631.802"
"1347",1349,NA,"2024-11-25 16:34:05","3","villa quiñones",14,314,2024-11-16,2,"","",NA,"","",2,2,NA,NA,NA,NA,NA,NA,"",NA,NA,NA,NA,NA,NA,NA,"",NA,NA,NA,NA,NA,NA,NA,NA,NA,NA,NA,NA,NA,NA,NA,45,5,NA,NA,"",NA,NA,NA,"","",45,5,50,NA,NA,NA,NA,NA,NA,NA,NA,NA,NA,2,"MR. CIUDAD DE DIOS","CORTO",NA,"No","Punto movil",NA,NA,NA,NA,NA,NA,NA,NA,NA,NA,NA,NA,NA,NA,"Complete","-16.311890","-71.620483","",""
"1348",1350,NA,"2024-11-25 16:39:18","3","altiplano industrial",15,315,2024-11-16,2,"","",NA,"","",2,2,NA,NA,NA,NA,NA,NA,"",NA,NA,NA,NA,NA,NA,NA,"",NA,NA,NA,NA,NA,NA,NA,NA,NA,NA,NA,NA,NA,NA,NA,60,10,NA,NA,"",NA,NA,NA,"","",60,10,70,NA,NA,NA,NA,NA,NA,NA,NA,NA,NA,2,"MR. CIUDAD DE DIOS","CORTO",NA,"No","Punto movil",NA,NA,NA,NA,NA,NA,NA,NA,NA,NA,NA,NA,NA,NA,"Complete","-16.300629","-71.629591","",""
"1349",1351,NA,"2024-11-25 16:43:09","3","salamanca",16,316,2024-11-16,1,"07:40","08:37",1,"","08:58",NA,2,55,NA,NA,NA,NA,NA,"",NA,NA,NA,NA,NA,NA,NA,"",NA,NA,NA,NA,NA,NA,NA,NA,NA,NA,NA,NA,NA,2,2,82,0,NA,NA,"",NA,NA,NA,"13:18","",82,0,82,NA,NA,NA,NA,NA,NA,NA,NA,NA,NA,2,"MR. CIUDAD DE DIOS","DETALLADO","1, Bus",NA,"Punto movil",NA,NA,NA,NA,NA,NA,NA,NA,NA,NA,"Mapa con recorrido de inicio a fin","NO",NA,NA,"Complete","-16.297814","-71.631799","",""
"1350",1352,NA,"2024-11-28 12:51:11","5","Sauces",3,53,2024-11-09,2,"","",NA,"","",2,2,NA,NA,NA,NA,NA,NA,"",NA,NA,NA,NA,NA,NA,NA,"",NA,NA,NA,NA,NA,NA,NA,NA,NA,NA,NA,NA,NA,NA,NA,20,0,NA,NA,"",NA,NA,NA,"","",20,0,20,NA,NA,NA,NA,NA,NA,NA,NA,NA,NA,2,"MR. SAN MARTIN SOCABAYA","CORTO",NA,"No","Punto movil",NA,NA,NA,NA,NA,NA,NA,NA,NA,NA,NA,NA,NA,NA,"Complete","-16.456013","-71.514197","",""
"1351",1353,NA,"2024-11-28 12:52:31","5","",16,516,2024-11-09,2,"","",NA,"","",2,2,NA,NA,NA,NA,NA,NA,"",NA,NA,NA,NA,NA,NA,NA,"",NA,NA,NA,NA,NA,NA,NA,NA,NA,NA,NA,NA,NA,NA,NA,104,3,NA,NA,"",NA,NA,NA,"","",104,3,107,NA,NA,NA,NA,NA,NA,NA,NA,NA,NA,2,"MR. SAN MARTIN SOCABAYA","CORTO",NA,"No","Punto movil",NA,NA,NA,NA,NA,NA,NA,NA,NA,NA,NA,NA,NA,NA,"Complete","-16.453306","-71.527056","",""
"1352",1354,NA,"2024-12-05 12:53:55","8","pampas nuevas ",1,81,2024-11-09,1,"08:30","09:15",1,"","09:42",NA,1,17,NA,22,0,2,NA,"",NA,NA,NA,NA,NA,NA,NA,"",NA,NA,NA,NA,NA,NA,NA,NA,NA,NA,NA,NA,NA,NA,NA,NA,NA,NA,NA,"",NA,NA,NA,"13:08","",22,0,22,NA,NA,NA,NA,NA,NA,NA,NA,NA,NA,2,"MR. TIABAYA","DETALLADO","1, Bus",NA,"Punto fijo",NA,"NO",NA,NA,NA,NA,NA,NA,NA,NA,NA,NA,NA,NA,"Complete","-16.432327","-71.600217","",""
"1353",1355,NA,"2024-12-05 12:56:47","8","plaza san jose",2,82,2024-11-09,1,"09:01","10:03",1,"","10:23",NA,1,74,NA,30,3,2,NA,"",NA,NA,NA,NA,NA,NA,NA,"",NA,NA,NA,NA,NA,NA,NA,NA,NA,NA,NA,NA,NA,NA,NA,NA,NA,NA,NA,"",NA,NA,NA,"13:04","",30,3,33,NA,NA,NA,NA,NA,NA,NA,NA,NA,NA,2,"MR. TIABAYA","DETALLADO","1, Bus",NA,"Punto fijo",NA,"NO",NA,NA,NA,NA,NA,NA,NA,NA,NA,NA,NA,NA,"Complete","-16.438311","-71.597534","",""
"1354",1356,NA,"2024-12-05 12:57:47","8","alto san jose",3,83,2024-11-09,2,"","",NA,"","",2,1,NA,NA,27,0,NA,NA,"",NA,NA,NA,NA,NA,NA,NA,"",NA,NA,NA,NA,NA,NA,NA,NA,NA,NA,NA,NA,NA,NA,NA,NA,NA,NA,NA,"",NA,NA,NA,"","",27,0,27,NA,NA,NA,NA,NA,NA,NA,NA,NA,NA,2,"MR. TIABAYA","CORTO",NA,"No","Punto fijo",NA,NA,NA,NA,NA,NA,NA,NA,NA,NA,NA,NA,NA,NA,"Complete","-16.439967","-71.597979","",""
"1355",1357,NA,"2024-12-05 13:01:41","8","paradero santa teresa",4,84,2024-11-09,1,"08:10","09:05",1,"","10:18",NA,1,NA,NA,0,0,1,1,"10:19",2,NA,NA,48,6,2,NA,"",NA,NA,NA,NA,NA,NA,NA,NA,NA,NA,NA,NA,NA,NA,NA,NA,NA,NA,NA,"",NA,NA,NA,"13:18","",48,6,54,NA,NA,NA,NA,NA,NA,NA,NA,NA,NA,2,"MR. TIABAYA","DETALLADO","1, Bus",NA,"Punto fijo",NA,"SI","Microred","Cambiamos a Punto movil","NO",NA,NA,NA,NA,NA,NA,NA,NA,NA,"Complete","-16.442151","-71.593213","",""
"1356",1358,NA,"2024-12-05 13:03:37","8","complejo patasahua",5,85,2024-11-09,1,"08:05","09:00",1,"","10:13",NA,1,50,NA,30,0,2,NA,"",NA,NA,NA,NA,NA,NA,NA,"",NA,NA,NA,NA,NA,NA,NA,NA,NA,NA,NA,NA,NA,NA,NA,NA,NA,NA,NA,"",NA,NA,NA,"13:19","",30,0,30,NA,NA,NA,NA,NA,NA,NA,NA,NA,NA,2,"MR. TIABAYA","DETALLADO","1, Bus",NA,"Punto fijo",NA,"NO",NA,NA,NA,NA,NA,NA,NA,NA,NA,NA,NA,NA,"Complete","-16.441931","-71.603743","",""
"1357",1359,NA,"2024-12-05 13:07:45","8","local social santa rita",6,86,2024-11-09,1,"08:45","09:08",1,"","09:20",NA,1,20,NA,71,1,2,NA,"",NA,NA,NA,NA,NA,NA,NA,"",NA,NA,NA,NA,NA,NA,NA,NA,NA,NA,NA,NA,NA,NA,NA,NA,NA,NA,NA,"",NA,NA,NA,"13:00","",71,1,72,NA,NA,NA,NA,NA,NA,NA,NA,NA,NA,2,"MR. TIABAYA","DETALLADO","1, Bus",NA,"Punto fijo",NA,"NO",NA,NA,NA,NA,NA,NA,NA,NA,NA,NA,NA,NA,"Complete","-16.439759","-71.593604","",""
"1358",1360,NA,"2024-12-05 13:10:47","8","loza deportiva 8 de diciembre",7,87,2024-11-09,1,"08:30","09:20",1,"","09:44",NA,1,69,NA,10,1,1,3,"10:10",2,NA,NA,73,0,2,NA,"",NA,NA,NA,NA,NA,NA,NA,NA,NA,NA,NA,NA,NA,NA,NA,NA,NA,NA,NA,"",NA,NA,NA,"13:20","",83,1,84,NA,NA,NA,NA,NA,NA,NA,NA,NA,NA,2,"MR. TIABAYA","DETALLADO","1, Bus",NA,"Punto fijo",NA,"SI","Yo mismo","Cambiamos a Punto movil","NO",NA,NA,NA,NA,NA,NA,NA,NA,NA,"Complete","-16.441063","-71.587912","-16.440021","-71.585322"
"1359",1361,NA,"2024-12-05 13:32:56","8","c.s. tiabaya",10,810,2024-11-09,1,"08:00","09:42",5,"","09:42",NA,1,40,NA,15,0,2,NA,"",NA,NA,NA,NA,NA,NA,NA,"",NA,NA,NA,NA,NA,NA,NA,NA,NA,NA,NA,NA,NA,NA,NA,NA,NA,NA,NA,"",NA,NA,NA,"13:15","",15,0,15,NA,NA,NA,NA,NA,NA,NA,NA,NA,NA,2,"MR. TIABAYA","DETALLADO","5. Mi punto era el Centro de Salud",NA,"Punto fijo",NA,"NO",NA,NA,NA,NA,NA,NA,NA,NA,NA,NA,NA,NA,"Complete","-16.451118","-71.588883","",""
"1360",1362,NA,"2024-12-05 13:35:09","8","los tunales",11,811,2024-11-09,1,"08:20","09:00",1,"","09:55",NA,2,NA,NA,NA,NA,NA,NA,"",NA,NA,NA,NA,NA,NA,NA,"",NA,NA,NA,NA,NA,NA,NA,NA,NA,NA,NA,NA,NA,3,2,19,3,NA,NA,"",NA,NA,NA,"13:40","",19,3,22,NA,NA,NA,NA,NA,NA,NA,NA,NA,NA,2,"MR. TIABAYA","DETALLADO","1, Bus",NA,"Punto movil",NA,NA,NA,NA,NA,NA,NA,NA,NA,NA,"indicacion verbal (reportar en whats app)","NO",NA,NA,"Complete","-16.441217","-71.612790","",""
"1361",1363,NA,"2024-12-05 13:36:03","8","virgen de las peñas ",12,812,2024-11-09,2,"","",NA,"","",2,2,NA,NA,NA,NA,NA,NA,"",NA,NA,NA,NA,NA,NA,NA,"",NA,NA,NA,NA,NA,NA,NA,NA,NA,NA,NA,NA,NA,NA,NA,14,3,NA,NA,"",NA,NA,NA,"","",14,3,17,NA,NA,NA,NA,NA,NA,NA,NA,NA,NA,2,"MR. TIABAYA","CORTO",NA,"No","Punto movil",NA,NA,NA,NA,NA,NA,NA,NA,NA,NA,NA,NA,NA,NA,"Complete","-16.457274","-71.597336","",""
"1362",1364,NA,"2024-12-05 13:37:52","8","el cural",13,813,2024-11-09,1,"09:00","09:20",1,"","09:48",NA,2,NA,NA,NA,NA,NA,NA,"",NA,NA,NA,NA,NA,NA,NA,"",NA,NA,NA,NA,NA,NA,NA,NA,NA,NA,NA,NA,NA,3,2,25,0,NA,NA,"",NA,NA,NA,"13:40","",25,0,25,NA,NA,NA,NA,NA,NA,NA,NA,NA,NA,2,"MR. TIABAYA","DETALLADO","1, Bus",NA,"Punto movil",NA,NA,NA,NA,NA,NA,NA,NA,NA,NA,"indicacion verbal (reportar en whats app)","NO",NA,NA,"Complete","-16.417761","-71.618619","",""
"1363",1365,NA,"2024-12-05 13:39:47","8","el bosque",14,814,2024-11-09,1,"08:02","09:15",1,"","09:30",NA,2,26,NA,NA,NA,NA,NA,"",NA,NA,NA,NA,NA,NA,NA,"",NA,NA,NA,NA,NA,NA,NA,NA,NA,NA,NA,NA,NA,3,2,24,4,NA,NA,"",NA,NA,NA,"13:32","",24,4,28,NA,NA,NA,NA,NA,NA,NA,NA,NA,NA,2,"MR. TIABAYA","DETALLADO","1, Bus",NA,"Punto movil",NA,NA,NA,NA,NA,NA,NA,NA,NA,NA,"indicacion verbal (reportar en whats app)","NO",NA,NA,"Complete","-16.442206","-71.581918","",""
"1364",1366,NA,"2024-12-05 13:41:35","8","alata",15,815,2024-11-09,1,"08:00","09:10",3,"","09:30",NA,2,NA,NA,NA,NA,NA,NA,"",NA,NA,NA,NA,NA,NA,NA,"",NA,NA,NA,NA,NA,NA,NA,NA,NA,NA,NA,NA,NA,3,2,47,2,NA,NA,"",NA,NA,NA,"12:20","",47,2,49,NA,NA,NA,NA,NA,NA,NA,NA,NA,NA,2,"MR. TIABAYA","DETALLADO","3. Transporte público",NA,"Punto movil",NA,NA,NA,NA,NA,NA,NA,NA,NA,NA,"indicacion verbal (reportar en whats app)","NO",NA,NA,"Complete","-16.445051","-71.576621","",""
"1365",1367,NA,"2024-12-05 13:44:44","8","plaza civica chiata",18,818,2024-11-09,2,"","",NA,"","",2,2,NA,NA,NA,NA,NA,NA,"",NA,NA,NA,NA,NA,NA,NA,"",NA,NA,NA,NA,NA,NA,NA,NA,NA,NA,NA,NA,NA,NA,NA,70,0,NA,NA,"",NA,NA,NA,"","",70,0,70,NA,NA,NA,NA,NA,NA,NA,NA,NA,NA,2,"MR. TIABAYA","CORTO",NA,"No","Punto movil",NA,NA,NA,NA,NA,NA,NA,NA,NA,NA,NA,NA,NA,NA,"Complete","-16.447507","-71.618301","",""
"1366",1368,NA,"2024-12-05 13:46:23","8","plaza principal el carmen ",19,819,2024-11-09,2,"","",NA,"","",2,2,NA,NA,NA,NA,NA,NA,"",NA,NA,NA,NA,NA,NA,NA,"",NA,NA,NA,NA,NA,NA,NA,NA,NA,NA,NA,NA,NA,NA,NA,50,0,NA,NA,"",NA,NA,NA,"","",50,0,50,NA,NA,NA,NA,NA,NA,NA,NA,NA,NA,2,"MR. TIABAYA","CORTO",NA,"No","Punto movil",NA,NA,NA,NA,NA,NA,NA,NA,NA,NA,NA,NA,NA,NA,"Complete","-16.444355","-71.620327","",""
"1367",1369,NA,"2024-12-05 13:47:22","8","enace I",20,820,2024-11-09,2,"","",NA,"","",2,2,NA,NA,NA,NA,NA,NA,"",NA,NA,NA,NA,NA,NA,NA,"",NA,NA,NA,NA,NA,NA,NA,NA,NA,NA,NA,NA,NA,NA,NA,19,3,NA,NA,"",NA,NA,NA,"","",19,3,22,NA,NA,NA,NA,NA,NA,NA,NA,NA,NA,2,"MR. TIABAYA","CORTO",NA,"No","Punto movil",NA,NA,NA,NA,NA,NA,NA,NA,NA,NA,NA,NA,NA,NA,"Complete","-16.443854","-71.622975","",""
"1368",1370,NA,"2024-12-05 13:49:51","8","parque del pueblo tradicional congata ",21,821,2024-11-09,2,"","",NA,"","",2,2,NA,NA,NA,NA,NA,NA,"",NA,NA,NA,NA,NA,NA,NA,"",NA,NA,NA,NA,NA,NA,NA,NA,NA,NA,NA,NA,NA,NA,NA,29,15,NA,NA,"",NA,NA,NA,"","",29,15,44,NA,NA,NA,NA,NA,NA,NA,NA,NA,NA,2,"MR. TIABAYA","CORTO",NA,"No","Punto movil",NA,NA,NA,NA,NA,NA,NA,NA,NA,NA,NA,NA,NA,NA,"Complete","-16.440973","-71.623641","",""
"1369",1371,NA,"2024-12-05 13:51:19","8","nueva leticia ",22,822,2024-11-09,2,"","",NA,"","",2,2,NA,NA,NA,NA,NA,NA,"",NA,NA,NA,NA,NA,NA,NA,"",NA,NA,NA,NA,NA,NA,NA,NA,NA,NA,NA,NA,NA,NA,NA,27,0,NA,NA,"",NA,NA,NA,"","",27,0,27,NA,NA,NA,NA,NA,NA,NA,NA,NA,NA,2,"MR. TIABAYA","CORTO",NA,"No","Punto movil",NA,NA,NA,NA,NA,NA,NA,NA,NA,NA,NA,NA,NA,NA,"Complete","-16.425150","-71.635066","",""
"1370",1372,NA,"2024-12-05 13:52:24","8","santa teresa huayco",23,823,2024-11-09,2,"","",NA,"","",2,2,NA,NA,NA,NA,NA,NA,"",NA,NA,NA,NA,NA,NA,NA,"",NA,NA,NA,NA,NA,NA,NA,NA,NA,NA,NA,NA,NA,NA,NA,36,2,NA,NA,"",NA,NA,NA,"","",36,2,38,NA,NA,NA,NA,NA,NA,NA,NA,NA,NA,2,"MR. TIABAYA","CORTO",NA,"No","Punto movil",NA,NA,NA,NA,NA,NA,NA,NA,NA,NA,NA,NA,NA,NA,"Complete","-16.428217","-71.632456","",""
"1371",1373,NA,"2024-12-05 13:53:33","8","loza deportiva las peñas",24,824,2024-11-09,2,"","",NA,"","",2,2,NA,NA,NA,NA,NA,NA,"",NA,NA,NA,NA,NA,NA,NA,"",NA,NA,NA,NA,NA,NA,NA,NA,NA,NA,NA,NA,NA,NA,NA,68,3,NA,NA,"",NA,NA,NA,"","",68,3,71,NA,NA,NA,NA,NA,NA,NA,NA,NA,NA,2,"MR. TIABAYA","CORTO",NA,"No","Punto movil",NA,NA,NA,NA,NA,NA,NA,NA,NA,NA,NA,NA,NA,NA,"Complete","-16.459099","-71.596079","",""
"1372",1374,NA,"2024-12-05 13:54:50","8","local socila imaculada concepcion ",25,825,2024-11-09,2,"","",NA,"","",2,2,NA,NA,NA,NA,NA,NA,"",NA,NA,NA,NA,NA,NA,NA,"",NA,NA,NA,NA,NA,NA,NA,NA,NA,NA,NA,NA,NA,NA,NA,47,0,NA,NA,"",NA,NA,NA,"","",47,0,47,NA,NA,NA,NA,NA,NA,NA,NA,NA,NA,2,"MR. TIABAYA","CORTO",NA,"No","Punto movil",NA,NA,NA,NA,NA,NA,NA,NA,NA,NA,NA,NA,NA,NA,"Complete","-16.459471","-71.608890","",""
"1373",1375,NA,"2024-12-05 13:56:14","8","loza deportiva la molina ",26,826,2024-11-09,2,"","",NA,"","",2,2,NA,NA,NA,NA,NA,NA,"",NA,NA,NA,NA,NA,NA,NA,"",NA,NA,NA,NA,NA,NA,NA,NA,NA,NA,NA,NA,NA,NA,NA,50,5,NA,NA,"",NA,NA,NA,"","",50,5,55,NA,NA,NA,NA,NA,NA,NA,NA,NA,NA,2,"MR. TIABAYA","CORTO",NA,"No","Punto movil",NA,NA,NA,NA,NA,NA,NA,NA,NA,NA,NA,NA,NA,NA,"Complete","-16.458363","-71.612857","",""
"1374",1376,NA,"2024-12-05 13:57:10","8","parque frente al sol ",27,827,2024-11-09,2,"","",NA,"","",2,2,NA,NA,NA,NA,NA,NA,"",NA,NA,NA,NA,NA,NA,NA,"",NA,NA,NA,NA,NA,NA,NA,NA,NA,NA,NA,NA,NA,NA,NA,54,1,NA,NA,"",NA,NA,NA,"","",54,1,55,NA,NA,NA,NA,NA,NA,NA,NA,NA,NA,2,"MR. TIABAYA","CORTO",NA,"No","Punto movil",NA,NA,NA,NA,NA,NA,NA,NA,NA,NA,NA,NA,NA,NA,"Complete","-16.454989","-71.611773","",""
"1375",1377,NA,"2024-12-05 14:16:42","8","loza deportiva uchumayo",29,829,2024-11-09,2,"","",NA,"","",2,2,NA,NA,NA,NA,NA,NA,"",NA,NA,NA,NA,NA,NA,NA,"",NA,NA,NA,NA,NA,NA,NA,NA,NA,NA,NA,NA,NA,NA,NA,44,6,NA,NA,"",NA,NA,NA,"","",44,6,50,NA,NA,NA,NA,NA,NA,NA,NA,NA,NA,2,"MR. TIABAYA","CORTO",NA,"No","Punto movil",NA,NA,NA,NA,NA,NA,NA,NA,NA,NA,NA,NA,NA,NA,"Complete","-16.449431","-71.616524","",""
"1376",1378,NA,"2024-12-05 16:58:19","8","LOZA DEPORTIVA ALTO CERRO VERDE ",31,831,2024-11-09,2,"","",NA,"","",2,3,NA,NA,NA,NA,NA,NA,"",NA,NA,NA,NA,NA,NA,NA,"",NA,NA,NA,NA,NA,NA,NA,NA,NA,NA,NA,NA,NA,NA,NA,NA,NA,NA,NA,"",78,0,78,"","",78,0,78,NA,NA,NA,NA,NA,NA,NA,NA,NA,NA,2,"MR. TIABAYA","CORTO",NA,"No","Puerta Puerta",NA,NA,NA,NA,NA,NA,NA,NA,NA,NA,NA,NA,NA,NA,"Complete","-16.454385","-71.615353","",""
"1377",1379,NA,"2024-12-05 17:01:38","8","ampliacion alto cerro verde",32,832,2024-11-09,2,"","",NA,"","",2,3,NA,NA,NA,NA,NA,NA,"",NA,NA,NA,NA,NA,NA,NA,"",NA,NA,NA,NA,NA,NA,NA,NA,NA,NA,NA,NA,NA,NA,NA,NA,NA,NA,NA,"",48,0,48,"","",48,0,48,NA,NA,NA,NA,NA,NA,NA,NA,NA,NA,2,"MR. TIABAYA","CORTO",NA,"No","Puerta Puerta",NA,NA,NA,NA,NA,NA,NA,NA,NA,NA,NA,NA,NA,NA,"Complete","-16.455003","-71.616902","",""
"1378",1380,NA,"2024-12-05 17:06:01","8","local social japacev",30,830,2024-11-09,2,"","",NA,"","",2,2,NA,NA,NA,NA,NA,NA,"",NA,NA,NA,NA,NA,NA,NA,"",NA,NA,NA,NA,NA,NA,NA,NA,NA,NA,NA,NA,NA,NA,NA,39,0,NA,NA,"",NA,NA,NA,"","",39,0,39,NA,NA,NA,NA,NA,NA,NA,NA,NA,NA,2,"MR. TIABAYA","CORTO",NA,"No","Punto movil",NA,NA,NA,NA,NA,NA,NA,NA,NA,NA,NA,NA,NA,NA,"Complete","-16.453347","-71.617705","",""
"1379",1381,NA,"2024-12-05 17:08:37","8","plaza principal cerro verde ",28,828,2024-11-09,2,"","",NA,"","",2,2,NA,NA,NA,NA,NA,NA,"",NA,NA,NA,NA,NA,NA,NA,"",NA,NA,NA,NA,NA,NA,NA,NA,NA,NA,NA,NA,NA,NA,NA,76,0,NA,NA,"",NA,NA,NA,"","",76,0,76,NA,NA,NA,NA,NA,NA,NA,NA,NA,NA,2,"MR. TIABAYA","CORTO",NA,"No","Punto movil",NA,NA,NA,NA,NA,NA,NA,NA,NA,NA,NA,NA,NA,NA,"Complete","-16.450933","-71.614043","",""
"1380",1382,NA,"2024-12-05 17:14:17","8","pueblo libre plaza",16,816,2024-11-09,2,"","",NA,"","",2,2,NA,NA,NA,NA,NA,NA,"",NA,NA,NA,NA,NA,NA,NA,"",NA,NA,NA,NA,NA,NA,NA,NA,NA,NA,NA,NA,NA,NA,NA,60,0,NA,NA,"",NA,NA,NA,"","",60,0,60,NA,NA,NA,NA,NA,NA,NA,NA,NA,NA,2,"MR. TIABAYA","CORTO",NA,"No","Punto movil",NA,NA,NA,NA,NA,NA,NA,NA,NA,NA,NA,NA,NA,NA,"Complete","-16.425304","-71.672691","",""
"1381",1383,NA,"2024-12-05 17:16:00","8","la molina",17,817,2024-11-09,2,"","",NA,"","",2,2,NA,NA,NA,NA,NA,NA,"",NA,NA,NA,NA,NA,NA,NA,"",NA,NA,NA,NA,NA,NA,NA,NA,NA,NA,NA,NA,NA,NA,NA,50,0,NA,NA,"",NA,NA,NA,"","",50,0,50,NA,NA,NA,NA,NA,NA,NA,NA,NA,NA,2,"MR. TIABAYA","CORTO",NA,"No","Punto movil",NA,NA,NA,NA,NA,NA,NA,NA,NA,NA,NA,NA,NA,NA,"Complete","-16.462894","-71.609937","",""
"1382",1384,NA,"2024-12-05 17:19:55","8","mercado san martin de porres ",8,88,2024-11-09,1,"08:00","09:30",4,"","09:35",NA,1,77,NA,0,0,1,1,"09:35",2,NA,NA,37,0,1,1,"12:30",2,NA,NA,2,1,2,NA,NA,NA,NA,NA,NA,NA,NA,NA,NA,NA,NA,NA,"",NA,NA,NA,"13:00","",39,1,40,NA,NA,NA,NA,NA,NA,NA,NA,NA,NA,2,"MR. TIABAYA","DETALLADO","4. Caminando",NA,"Punto fijo",NA,"SI","Microred","Cambiamos a Punto movil","SI","Microred","Cambiamos a Punto movil","NO",NA,NA,NA,NA,NA,NA,"Complete","-16.447975","-71.590358","",""
"1383",1385,NA,"2024-12-05 17:22:09","8","parque grau",9,89,2024-11-09,1,"08:30","09:00",4,"","09:15",NA,1,25,NA,35,0,1,1,"11:00",2,NA,NA,26,19,2,NA,"",NA,NA,NA,NA,NA,NA,NA,NA,NA,NA,NA,NA,NA,NA,NA,NA,NA,NA,NA,"",NA,NA,NA,"13:30","",61,19,80,NA,NA,NA,NA,NA,NA,NA,NA,NA,NA,2,"MR. TIABAYA","DETALLADO","4. Caminando",NA,"Punto fijo",NA,"SI","Microred","Cambiamos a Punto movil","NO",NA,NA,NA,NA,NA,NA,NA,NA,NA,"Complete","-16.447605","-71.593033","",""
"1384",1386,NA,"2024-12-05 17:26:54","5","ciudad mi trabajo",1,51,2024-11-10,1,"08:25","09:00",1,"","09:07",NA,1,18,NA,120,10,2,NA,"",NA,NA,NA,NA,NA,NA,NA,"",NA,NA,NA,NA,NA,NA,NA,NA,NA,NA,NA,NA,NA,NA,NA,NA,NA,NA,NA,"",NA,NA,NA,"12:55","",120,10,130,NA,NA,NA,NA,NA,NA,NA,NA,NA,NA,2,"MR. SAN MARTIN SOCABAYA","DETALLADO","1, Bus",NA,"Punto fijo",NA,"NO",NA,NA,NA,NA,NA,NA,NA,NA,NA,NA,NA,NA,"Complete","-16.447470","-71.534727","",""
"1385",1387,NA,"2024-12-05 17:27:59","5","triangulo de la madre",2,52,2024-11-10,2,"","",NA,"","",2,2,NA,NA,NA,NA,NA,NA,"",NA,NA,NA,NA,NA,NA,NA,"",NA,NA,NA,NA,NA,NA,NA,NA,NA,NA,NA,NA,NA,NA,NA,59,13,NA,NA,"",NA,NA,NA,"","",59,13,72,NA,NA,NA,NA,NA,NA,NA,NA,NA,NA,2,"MR. SAN MARTIN SOCABAYA","CORTO",NA,"No","Punto movil",NA,NA,NA,NA,NA,NA,NA,NA,NA,NA,NA,NA,NA,NA,"Complete","-16.447484","-71.531639","",""
"1386",1388,NA,"2024-12-05 17:29:08","5","parque el bosque puerta principal ",3,53,2024-11-10,2,"","",NA,"","",2,2,NA,NA,NA,NA,NA,NA,"",NA,NA,NA,NA,NA,NA,NA,"",NA,NA,NA,NA,NA,NA,NA,NA,NA,NA,NA,NA,NA,NA,NA,48,0,NA,NA,"",NA,NA,NA,"","",48,0,48,NA,NA,NA,NA,NA,NA,NA,NA,NA,NA,2,"MR. SAN MARTIN SOCABAYA","CORTO",NA,"No","Punto movil",NA,NA,NA,NA,NA,NA,NA,NA,NA,NA,NA,NA,NA,NA,"Complete","-16.446984","-71.536943","",""
"1387",1389,NA,"2024-12-05 17:30:09","5","campiña y sauces",4,54,2024-11-10,2,"","",NA,"","",2,2,NA,NA,NA,NA,NA,NA,"",NA,NA,NA,NA,NA,NA,NA,"",NA,NA,NA,NA,NA,NA,NA,NA,NA,NA,NA,NA,NA,NA,NA,114,6,NA,NA,"",NA,NA,NA,"","",114,6,120,NA,NA,NA,NA,NA,NA,NA,NA,NA,NA,2,"MR. SAN MARTIN SOCABAYA","CORTO",NA,"No","Punto movil",NA,NA,NA,NA,NA,NA,NA,NA,NA,NA,NA,NA,NA,NA,"Complete","-16.457868","-71.518939","",""
"1388",1390,NA,"2024-12-05 17:31:11","5","sor ana san pablo ",5,55,2024-11-10,2,"","",NA,"","",2,2,NA,NA,NA,NA,NA,NA,"",NA,NA,NA,NA,NA,NA,NA,"",NA,NA,NA,NA,NA,NA,NA,NA,NA,NA,NA,NA,NA,NA,NA,50,1,NA,NA,"",NA,NA,NA,"","",50,1,51,NA,NA,NA,NA,NA,NA,NA,NA,NA,NA,2,"MR. SAN MARTIN SOCABAYA","CORTO",NA,"No","Punto movil",NA,NA,NA,NA,NA,NA,NA,NA,NA,NA,NA,NA,NA,NA,"Complete","-16.459783","-71.540636","",""
"1389",1391,NA,"2024-12-05 17:33:56","5","av. paisajista con calle sucre",6,56,2024-11-10,2,"","",NA,"","",2,2,NA,NA,NA,NA,NA,NA,"",NA,NA,NA,NA,NA,NA,NA,"",NA,NA,NA,NA,NA,NA,NA,NA,NA,NA,NA,NA,NA,NA,NA,42,10,NA,NA,"",NA,NA,NA,"","",42,10,52,NA,NA,NA,NA,NA,NA,NA,NA,NA,NA,2,"MR. SAN MARTIN SOCABAYA","CORTO",NA,"No","Punto movil",NA,NA,NA,NA,NA,NA,NA,NA,NA,NA,NA,NA,NA,NA,"Complete","-16.453356","-71.538743","",""
"1390",1392,NA,"2024-12-05 17:35:14","5","parque zona B bella pampa",7,57,2024-11-10,2,"","",NA,"","",2,2,NA,NA,NA,NA,NA,NA,"",NA,NA,NA,NA,NA,NA,NA,"",NA,NA,NA,NA,NA,NA,NA,NA,NA,NA,NA,NA,NA,NA,NA,30,0,NA,NA,"",NA,NA,NA,"","",30,0,30,NA,NA,NA,NA,NA,NA,NA,NA,NA,NA,2,"MR. SAN MARTIN SOCABAYA","CORTO",NA,"No","Punto movil",NA,NA,NA,NA,NA,NA,NA,NA,NA,NA,NA,NA,NA,NA,"Complete","-16.453826","-71.535884","",""
"1391",1393,NA,"2024-12-05 17:36:31","5","jose Abelardo quiñones",8,58,2024-11-10,2,"","",NA,"","",2,2,NA,NA,NA,NA,NA,NA,"",NA,NA,NA,NA,NA,NA,NA,"",NA,NA,NA,NA,NA,NA,NA,NA,NA,NA,NA,NA,NA,NA,NA,62,0,NA,NA,"",NA,NA,NA,"","",62,0,62,NA,NA,NA,NA,NA,NA,NA,NA,NA,NA,2,"MR. SAN MARTIN SOCABAYA","CORTO",NA,"No","Punto movil",NA,NA,NA,NA,NA,NA,NA,NA,NA,NA,NA,NA,NA,NA,"Complete","-16.455165","-71.536495","",""
"1392",1394,NA,"2024-12-05 17:39:59","5","el pasto",11,511,2024-11-10,2,"","",NA,"","",2,2,NA,NA,NA,NA,NA,NA,"",NA,NA,NA,NA,NA,NA,NA,"",NA,NA,NA,NA,NA,NA,NA,NA,NA,NA,NA,NA,NA,NA,NA,50,9,NA,NA,"",NA,NA,NA,"","",50,9,59,NA,NA,NA,NA,NA,NA,NA,NA,NA,NA,2,"MR. SAN MARTIN SOCABAYA","CORTO",NA,"No","Punto movil",NA,NA,NA,NA,NA,NA,NA,NA,NA,NA,NA,NA,NA,NA,"Complete","-16.465690","-71.541809","",""
"1393",1395,NA,"2024-12-05 17:41:29","5","mirador bella pampa",12,512,2024-11-10,2,"","",NA,"","",2,2,NA,NA,NA,NA,NA,NA,"",NA,NA,NA,NA,NA,NA,NA,"",NA,NA,NA,NA,NA,NA,NA,NA,NA,NA,NA,NA,NA,NA,NA,31,2,NA,NA,"",NA,NA,NA,"","",31,2,33,NA,NA,NA,NA,NA,NA,NA,NA,NA,NA,2,"MR. SAN MARTIN SOCABAYA","CORTO",NA,"No","Punto movil",NA,NA,NA,NA,NA,NA,NA,NA,NA,NA,NA,NA,NA,NA,"Complete","-16.459564","-71.548175","",""
"1394",1396,NA,"2024-12-05 17:45:47","5","villa paraiso",13,513,2024-11-10,2,"","",NA,"","",2,2,NA,NA,NA,NA,NA,NA,"",NA,NA,NA,NA,NA,NA,NA,"",NA,NA,NA,NA,NA,NA,NA,NA,NA,NA,NA,NA,NA,NA,NA,59,0,NA,NA,"",NA,NA,NA,"","",59,0,59,NA,NA,NA,NA,NA,NA,NA,NA,NA,NA,2,"MR. SAN MARTIN SOCABAYA","CORTO",NA,"No","Punto movil",NA,NA,NA,NA,NA,NA,NA,NA,NA,NA,NA,NA,NA,NA,"Complete","-16.465455","-71.555166","",""
"1395",1397,NA,"2024-12-05 17:48:13","5","la mancion colegio",14,514,2024-11-10,2,"","",NA,"","",2,2,NA,NA,NA,NA,NA,NA,"",NA,NA,NA,NA,NA,NA,NA,"",NA,NA,NA,NA,NA,NA,NA,NA,NA,NA,NA,NA,NA,NA,NA,60,14,NA,NA,"",NA,NA,NA,"","",60,14,74,NA,NA,NA,NA,NA,NA,NA,NA,NA,NA,2,"MR. SAN MARTIN SOCABAYA","CORTO",NA,"No","Punto movil",NA,NA,NA,NA,NA,NA,NA,NA,NA,NA,NA,NA,NA,NA,"Complete","-16.467179","-71.551311","",""
"1396",1398,NA,"2024-12-05 17:49:59","5","mansion I",15,515,2024-11-10,2,"","",NA,"","",2,2,NA,NA,NA,NA,NA,NA,"",NA,NA,NA,NA,NA,NA,NA,"",NA,NA,NA,NA,NA,NA,NA,NA,NA,NA,NA,NA,NA,NA,NA,36,8,NA,NA,"",NA,NA,NA,"","",36,8,44,NA,NA,NA,NA,NA,NA,NA,NA,NA,NA,2,"MR. SAN MARTIN SOCABAYA","CORTO",NA,"No","Punto movil",NA,NA,NA,NA,NA,NA,NA,NA,NA,NA,NA,NA,NA,NA,"Complete","-16.465753","-71.553982","",""
"1397",1399,NA,"2024-12-05 17:54:02","5","cancha los montoneros",17,517,2024-11-10,2,"","",NA,"","",2,2,NA,NA,NA,NA,NA,NA,"",NA,NA,NA,NA,NA,NA,NA,"",NA,NA,NA,NA,NA,NA,NA,NA,NA,NA,NA,NA,NA,NA,NA,69,2,NA,NA,"",NA,NA,NA,"","",69,2,71,NA,NA,NA,NA,NA,NA,NA,NA,NA,NA,2,"MR. SAN MARTIN SOCABAYA","CORTO",NA,"No","Punto movil",NA,NA,NA,NA,NA,NA,NA,NA,NA,NA,NA,NA,NA,NA,"Complete","-16.471254","-71.551703","",""
"1398",1400,NA,"2024-12-05 17:55:22","5","nueva fecia",18,518,2024-11-10,2,"","",NA,"","",2,2,NA,NA,NA,NA,NA,NA,"",NA,NA,NA,NA,NA,NA,NA,"",NA,NA,NA,NA,NA,NA,NA,NA,NA,NA,NA,NA,NA,NA,NA,33,0,NA,NA,"",NA,NA,NA,"","",33,0,33,NA,NA,NA,NA,NA,NA,NA,NA,NA,NA,2,"MR. SAN MARTIN SOCABAYA","CORTO",NA,"No","Punto movil",NA,NA,NA,NA,NA,NA,NA,NA,NA,NA,NA,NA,NA,NA,"Complete","-16.480566","-71.544806","",""
"1399",1401,NA,"2024-12-05 18:00:21","8","santa teresa",1,81,2024-11-10,2,"","",NA,"","",2,2,NA,NA,NA,NA,NA,NA,"",NA,NA,NA,NA,NA,NA,NA,"",NA,NA,NA,NA,NA,NA,NA,NA,NA,NA,NA,NA,NA,NA,NA,45,0,NA,NA,"",NA,NA,NA,"","",45,0,45,NA,NA,NA,NA,NA,NA,NA,NA,NA,NA,2,"MR. TIABAYA","CORTO",NA,"No","Punto movil",NA,NA,NA,NA,NA,NA,NA,NA,NA,NA,NA,NA,NA,NA,"Complete","-16.433225","-71.599263","",""
"1400",1402,NA,"2024-12-05 18:01:34","8","divino niño  patasagua ",2,82,2024-11-10,2,"","",NA,"","",2,2,NA,NA,NA,NA,NA,NA,"",NA,NA,NA,NA,NA,NA,NA,"",NA,NA,NA,NA,NA,NA,NA,NA,NA,NA,NA,NA,NA,NA,NA,40,0,NA,NA,"",NA,NA,NA,"","",40,0,40,NA,NA,NA,NA,NA,NA,NA,NA,NA,NA,2,"MR. TIABAYA","CORTO",NA,"No","Punto movil",NA,NA,NA,NA,NA,NA,NA,NA,NA,NA,NA,NA,NA,NA,"Complete","-16.438323","-71.597393","",""
"1401",1403,NA,"2024-12-05 18:02:21","8","juan pablo II",3,83,2024-11-10,2,"","",NA,"","",2,2,NA,NA,NA,NA,NA,NA,"",NA,NA,NA,NA,NA,NA,NA,"",NA,NA,NA,NA,NA,NA,NA,NA,NA,NA,NA,NA,NA,NA,NA,80,0,NA,NA,"",NA,NA,NA,"","",80,0,80,NA,NA,NA,NA,NA,NA,NA,NA,NA,NA,2,"MR. TIABAYA","CORTO",NA,"No","Punto movil",NA,NA,NA,NA,NA,NA,NA,NA,NA,NA,NA,NA,NA,NA,"Complete","-16.440979","-71.603379","",""
"1402",1404,NA,"2024-12-05 18:03:13","8","san jose parque",4,84,2024-11-10,2,"","",NA,"","",2,2,NA,NA,NA,NA,NA,NA,"",NA,NA,NA,NA,NA,NA,NA,"",NA,NA,NA,NA,NA,NA,NA,NA,NA,NA,NA,NA,NA,NA,NA,77,0,NA,NA,"",NA,NA,NA,"","",77,0,77,NA,NA,NA,NA,NA,NA,NA,NA,NA,NA,2,"MR. TIABAYA","CORTO",NA,"No","Punto movil",NA,NA,NA,NA,NA,NA,NA,NA,NA,NA,NA,NA,NA,NA,"Complete","-16.442298","-71.601141","",""
"1403",1405,NA,"2024-12-05 18:03:56","8","pampas nuevas",5,85,2024-11-10,2,"","",NA,"","",2,2,NA,NA,NA,NA,NA,NA,"",NA,NA,NA,NA,NA,NA,NA,"",NA,NA,NA,NA,NA,NA,NA,NA,NA,NA,NA,NA,NA,NA,NA,70,0,NA,NA,"",NA,NA,NA,"","",70,0,70,NA,NA,NA,NA,NA,NA,NA,NA,NA,NA,2,"MR. TIABAYA","CORTO",NA,"No","Punto movil",NA,NA,NA,NA,NA,NA,NA,NA,NA,NA,NA,NA,NA,NA,"Complete","-16.442800","-71.596408","",""
"1404",1406,NA,"2024-12-05 18:08:34","5","cerrito san juan",1,51,2024-11-17,1,"09:20","09:45",2,"","11:00",NA,1,NA,NA,8,2,2,NA,"",NA,NA,NA,NA,NA,NA,NA,"",NA,NA,NA,NA,NA,NA,NA,NA,NA,NA,NA,NA,NA,NA,NA,NA,NA,NA,NA,"",NA,NA,NA,"13:00","",8,2,10,NA,NA,NA,NA,NA,NA,NA,NA,NA,NA,2,"MR. SAN MARTIN SOCABAYA","DETALLADO","2. Camioneta/Auto",NA,"Punto fijo",NA,"NO",NA,NA,NA,NA,NA,NA,NA,NA,NA,NA,NA,NA,"Complete","-16.482117","-71.517928","-16.486422","-71.536388"
"1405",1407,NA,"2024-12-05 18:11:34","5","I.E.P. santa maria de fatima",2,52,2024-11-17,1,"08:42","09:02",1,"","09:37",NA,1,24,NA,14,0,1,3,"09:41",2,NA,NA,23,7,2,NA,"",NA,NA,NA,NA,NA,NA,NA,NA,NA,NA,NA,NA,NA,NA,NA,NA,NA,NA,NA,"",NA,NA,NA,"12:32","",37,7,44,NA,NA,NA,NA,NA,NA,NA,NA,NA,NA,2,"MR. SAN MARTIN SOCABAYA","DETALLADO","1, Bus",NA,"Punto fijo",NA,"SI","Yo mismo","Cambiamos a Punto movil","NO",NA,NA,NA,NA,NA,NA,NA,NA,NA,"Complete","-16.483198","-71.525295","",""
"1406",1408,NA,"2024-12-05 18:13:36","5","loza deportiva chuca",3,53,2024-11-17,1,"08:30","08:40",1,"","08:55",NA,1,38,NA,27,0,2,NA,"",NA,NA,NA,NA,NA,NA,NA,"",NA,NA,NA,NA,NA,NA,NA,NA,NA,NA,NA,NA,NA,NA,NA,NA,NA,NA,NA,"",NA,NA,NA,"12:41","",27,0,27,NA,NA,NA,NA,NA,NA,NA,NA,NA,NA,2,"MR. SAN MARTIN SOCABAYA","DETALLADO","1, Bus",NA,"Punto fijo",NA,"NO",NA,NA,NA,NA,NA,NA,NA,NA,NA,NA,NA,NA,"Complete","-16.470184","-71.518963","",""
"1407",1409,NA,"2024-12-05 18:15:54","5","cementeri",4,54,2024-11-17,1,"08:20","09:10",1,"","09:20",NA,1,34,NA,1,1,1,3,"10:00",2,NA,NA,68,6,2,NA,"",NA,NA,NA,NA,NA,NA,NA,NA,NA,NA,NA,NA,NA,NA,NA,NA,NA,NA,NA,"",NA,NA,NA,"12:58","",69,7,76,NA,NA,NA,NA,NA,NA,NA,NA,NA,NA,2,"MR. SAN MARTIN SOCABAYA","DETALLADO","1, Bus",NA,"Punto fijo",NA,"SI","Yo mismo","Cambiamos a Punto movil","NO",NA,NA,NA,NA,NA,NA,NA,NA,NA,"Complete","-16.469396","-71.526776","",""
"1408",1410,NA,"2024-12-05 18:17:06","5","Ex Paradero de Socabaya",5,55,2024-11-17,2,"","",NA,"","",2,2,NA,NA,NA,NA,NA,NA,"",NA,NA,NA,NA,NA,NA,NA,"",NA,NA,NA,NA,NA,NA,NA,NA,NA,NA,NA,NA,NA,NA,NA,32,4,NA,NA,"",NA,NA,NA,"","",32,4,36,NA,NA,NA,NA,NA,NA,NA,NA,NA,NA,2,"MR. SAN MARTIN SOCABAYA","CORTO",NA,"No","Punto movil",NA,NA,NA,NA,NA,NA,NA,NA,NA,NA,NA,NA,NA,NA,"Complete","-16.470949","-71.517074","",""
"1409",1411,NA,"2024-12-05 18:18:39","5","colegio san fernando ",7,57,2024-11-17,2,"","",NA,"","",2,2,NA,NA,NA,NA,NA,NA,"",NA,NA,NA,NA,NA,NA,NA,"",NA,NA,NA,NA,NA,NA,NA,NA,NA,NA,NA,NA,NA,NA,NA,50,0,NA,NA,"",NA,NA,NA,"","",50,0,50,NA,NA,NA,NA,NA,NA,NA,NA,NA,NA,2,"MR. SAN MARTIN SOCABAYA","CORTO",NA,"No","Punto movil",NA,NA,NA,NA,NA,NA,NA,NA,NA,NA,NA,NA,NA,NA,"Complete","-16.485672","-71.519911","",""
"1410",1412,NA,"2024-12-05 18:20:01","5","guardia republicana ",8,58,2024-11-17,2,"","",NA,"","",2,2,NA,NA,NA,NA,NA,NA,"",NA,NA,NA,NA,NA,NA,NA,"",NA,NA,NA,NA,NA,NA,NA,NA,NA,NA,NA,NA,NA,NA,NA,25,1,NA,NA,"",NA,NA,NA,"","",25,1,26,NA,NA,NA,NA,NA,NA,NA,NA,NA,NA,2,"MR. SAN MARTIN SOCABAYA","CORTO",NA,"No","Punto movil",NA,NA,NA,NA,NA,NA,NA,NA,NA,NA,NA,NA,NA,NA,"Complete","-16.467837","-71.524101","",""
"1411",1413,NA,"2024-12-05 18:21:16","5","reservorio ampliacion",9,59,2024-11-17,2,"","",NA,"","",2,2,NA,NA,NA,NA,NA,NA,"",NA,NA,NA,NA,NA,NA,NA,"",NA,NA,NA,NA,NA,NA,NA,NA,NA,NA,NA,NA,NA,NA,NA,27,1,NA,NA,"",NA,NA,NA,"","",27,1,28,NA,NA,NA,NA,NA,NA,NA,NA,NA,NA,2,"MR. SAN MARTIN SOCABAYA","CORTO",NA,"No","Punto movil",NA,NA,NA,NA,NA,NA,NA,NA,NA,NA,NA,NA,NA,NA,"Complete","-16.471832","-71.524152","",""
"1412",1414,NA,"2024-12-05 18:22:10","5","L.D. los rosales",10,510,2024-11-17,2,"","",NA,"","",2,2,NA,NA,NA,NA,NA,NA,"",NA,NA,NA,NA,NA,NA,NA,"",NA,NA,NA,NA,NA,NA,NA,NA,NA,NA,NA,NA,NA,NA,NA,60,0,NA,NA,"",NA,NA,NA,"","",60,0,60,NA,NA,NA,NA,NA,NA,NA,NA,NA,NA,2,"MR. SAN MARTIN SOCABAYA","CORTO",NA,"No","Punto movil",NA,NA,NA,NA,NA,NA,NA,NA,NA,NA,NA,NA,NA,NA,"Complete","-16.473119","-71.523306","",""
"1413",1415,NA,"2024-12-05 18:23:04","5","P.S.  san fernado",11,511,2024-11-17,2,"","",NA,"","",2,2,NA,NA,NA,NA,NA,NA,"",NA,NA,NA,NA,NA,NA,NA,"",NA,NA,NA,NA,NA,NA,NA,NA,NA,NA,NA,NA,NA,NA,NA,60,0,NA,NA,"",NA,NA,NA,"","",60,0,60,NA,NA,NA,NA,NA,NA,NA,NA,NA,NA,2,"MR. SAN MARTIN SOCABAYA","CORTO",NA,"No","Punto movil",NA,NA,NA,NA,NA,NA,NA,NA,NA,NA,NA,NA,NA,NA,"Complete","-16.473242","-71.528158","",""
"1414",1416,NA,"2024-12-05 18:24:01","5","tahuantisuyo",12,512,2024-11-17,2,"","",NA,"","",2,2,NA,NA,NA,NA,NA,NA,"",NA,NA,NA,NA,NA,NA,NA,"",NA,NA,NA,NA,NA,NA,NA,NA,NA,NA,NA,NA,NA,NA,NA,33,4,NA,NA,"",NA,NA,NA,"","",33,4,37,NA,NA,NA,NA,NA,NA,NA,NA,NA,NA,2,"MR. SAN MARTIN SOCABAYA","CORTO",NA,"No","Punto movil",NA,NA,NA,NA,NA,NA,NA,NA,NA,NA,NA,NA,NA,NA,"Complete","-16.494286","-71.527060","",""
"1415",1417,NA,"2024-12-05 18:25:33","5","I.E. corazon de jesus",14,514,2024-11-17,2,"","",NA,"","",2,2,NA,NA,NA,NA,NA,NA,"",NA,NA,NA,NA,NA,NA,NA,"",NA,NA,NA,NA,NA,NA,NA,NA,NA,NA,NA,NA,NA,NA,NA,70,7,NA,NA,"",NA,NA,NA,"","",70,7,77,NA,NA,NA,NA,NA,NA,NA,NA,NA,NA,2,"MR. SAN MARTIN SOCABAYA","CORTO",NA,"No","Punto movil",NA,NA,NA,NA,NA,NA,NA,NA,NA,NA,NA,NA,NA,NA,"Complete","-16.446323","-71.522896","",""
"1416",1418,NA,"2024-12-05 18:26:21","5","ex terminal canarios",15,515,2024-11-17,2,"","",NA,"","",2,2,NA,NA,NA,NA,NA,NA,"",NA,NA,NA,NA,NA,NA,NA,"",NA,NA,NA,NA,NA,NA,NA,NA,NA,NA,NA,NA,NA,NA,NA,47,10,NA,NA,"",NA,NA,NA,"","",47,10,57,NA,NA,NA,NA,NA,NA,NA,NA,NA,NA,2,"MR. SAN MARTIN SOCABAYA","CORTO",NA,"No","Punto movil",NA,NA,NA,NA,NA,NA,NA,NA,NA,NA,NA,NA,NA,NA,"Complete","-16.468708","-71.526894","",""
"1417",1419,NA,"2024-12-05 18:27:26","5","habitaciones para la humanidad",16,516,2024-11-17,2,"","",NA,"","",2,2,NA,NA,NA,NA,NA,NA,"",NA,NA,NA,NA,NA,NA,NA,"",NA,NA,NA,NA,NA,NA,NA,NA,NA,NA,NA,NA,NA,NA,NA,35,11,NA,NA,"",NA,NA,NA,"","",35,11,46,NA,NA,NA,NA,NA,NA,NA,NA,NA,NA,2,"MR. SAN MARTIN SOCABAYA","CORTO",NA,"No","Punto movil",NA,NA,NA,NA,NA,NA,NA,NA,NA,NA,NA,NA,NA,NA,"Complete","-16.474662","-71.523630","",""
"1418",1420,NA,"2024-12-05 18:28:16","5","comedor chuca",17,517,2024-11-17,2,"","",NA,"","",2,2,NA,NA,NA,NA,NA,NA,"",NA,NA,NA,NA,NA,NA,NA,"",NA,NA,NA,NA,NA,NA,NA,NA,NA,NA,NA,NA,NA,NA,NA,55,14,NA,NA,"",NA,NA,NA,"","",55,14,69,NA,NA,NA,NA,NA,NA,NA,NA,NA,NA,2,"MR. SAN MARTIN SOCABAYA","CORTO",NA,"No","Punto movil",NA,NA,NA,NA,NA,NA,NA,NA,NA,NA,NA,NA,NA,NA,"Complete","-16.472031","-71.522918","",""
"1419",1421,NA,"2024-12-05 18:29:04","5","cruce penal ",18,518,2024-11-17,2,"","",NA,"","",2,2,NA,NA,NA,NA,NA,NA,"",NA,NA,NA,NA,NA,NA,NA,"",NA,NA,NA,NA,NA,NA,NA,NA,NA,NA,NA,NA,NA,NA,NA,82,0,NA,NA,"",NA,NA,NA,"","",82,0,82,NA,NA,NA,NA,NA,NA,NA,NA,NA,NA,2,"MR. SAN MARTIN SOCABAYA","CORTO",NA,"No","Punto movil",NA,NA,NA,NA,NA,NA,NA,NA,NA,NA,NA,NA,NA,NA,"Complete","-16.486612","-71.501631","",""
"1420",1422,NA,"2024-12-05 18:30:02","5","Plaza de Socabaya",19,519,2024-11-17,2,"","",NA,"","",2,2,NA,NA,NA,NA,NA,NA,"",NA,NA,NA,NA,NA,NA,NA,"",NA,NA,NA,NA,NA,NA,NA,NA,NA,NA,NA,NA,NA,NA,NA,7,2,NA,NA,"",NA,NA,NA,"","",7,2,9,NA,NA,NA,NA,NA,NA,NA,NA,NA,NA,2,"MR. SAN MARTIN SOCABAYA","CORTO",NA,"No","Punto movil",NA,NA,NA,NA,NA,NA,NA,NA,NA,NA,NA,NA,NA,NA,"Complete","-16.467439","-71.528538","",""
"1421",1423,NA,"2024-12-05 18:30:58","5","complejo buen vista",20,520,2024-11-17,2,"","",NA,"","",2,2,NA,NA,NA,NA,NA,NA,"",NA,NA,NA,NA,NA,NA,NA,"",NA,NA,NA,NA,NA,NA,NA,NA,NA,NA,NA,NA,NA,NA,NA,13,0,NA,NA,"",NA,NA,NA,"","",13,0,13,NA,NA,NA,NA,NA,NA,NA,NA,NA,NA,2,"MR. SAN MARTIN SOCABAYA","CORTO",NA,"No","Punto movil",NA,NA,NA,NA,NA,NA,NA,NA,NA,NA,NA,NA,NA,NA,"Complete","-16.472739","-71.528789","",""
"1422",1424,NA,"2024-12-05 18:38:43","6","san isidro",1,61,2024-11-23,1,"08:00","08:43",4,"","08:57",NA,3,NA,1,NA,NA,NA,NA,"",NA,NA,NA,NA,NA,NA,NA,"",NA,NA,NA,NA,NA,NA,NA,NA,NA,NA,NA,NA,NA,NA,NA,NA,NA,4,1,"",32,2,34,"12:57","",32,2,34,NA,NA,NA,NA,NA,NA,NA,NA,NA,NA,2,"MR. JAVIER LLOSA- HUNTER","DETALLADO","4. Caminando",NA,"Puerta Puerta","Urbano",NA,NA,NA,NA,NA,NA,NA,NA,NA,NA,NA,"4. Mapa digital","Tocar puerta por puerta","Complete","-16.448118","-71.551044","-16.447.991","-71.550.016"
"1423",1425,NA,"2024-12-05 18:41:07","6","zona E sector 3",2,62,2024-11-23,1,"08:00","08:50",3,"","08:58",NA,3,NA,1,NA,NA,NA,NA,"",NA,NA,NA,NA,NA,NA,NA,"",NA,NA,NA,NA,NA,NA,NA,NA,NA,NA,NA,NA,NA,NA,NA,NA,NA,2,2,"",53,2,55,"13:00","",53,2,55,NA,NA,NA,NA,NA,NA,NA,NA,NA,NA,2,"MR. JAVIER LLOSA- HUNTER","DETALLADO","3. Transporte público",NA,"Puerta Puerta","Urbano",NA,NA,NA,NA,NA,NA,NA,NA,NA,NA,NA,"2. Mapa con recorrido de inicio a fin","Caminar cuadra en cuadra","Complete","-16.438100","-71.561694","",""
"1424",1426,NA,"2024-12-05 18:43:09","6","la colina",3,63,2024-11-23,1,"08:10","08:50",2,"","09:00",NA,3,NA,1,NA,NA,NA,NA,"",NA,NA,NA,NA,NA,NA,NA,"",NA,NA,NA,NA,NA,NA,NA,NA,NA,NA,NA,NA,NA,NA,NA,NA,NA,1,1,"",34,1,35,"13:13","",34,1,35,NA,NA,NA,NA,NA,NA,NA,NA,NA,NA,2,"MR. JAVIER LLOSA- HUNTER","DETALLADO","2. Camioneta/Auto",NA,"Puerta Puerta","Urbano",NA,NA,NA,NA,NA,NA,NA,NA,NA,NA,NA,"1. Mapa con zona delimitada","Tocar puerta por puerta","Complete","-16.437441","-71.557981","-16.439.024","-71.559.424"
"1425",1427,NA,"2024-12-05 18:45:00","6","acapulco , av. brasil",4,64,2024-11-23,1,"08:04","08:49",4,"","08:53",NA,3,NA,1,NA,NA,NA,NA,"",NA,NA,NA,NA,NA,NA,NA,"",NA,NA,NA,NA,NA,NA,NA,NA,NA,NA,NA,NA,NA,NA,NA,NA,NA,4,1,"",55,1,56,"13:35","",55,1,56,NA,NA,NA,NA,NA,NA,NA,NA,NA,NA,2,"MR. JAVIER LLOSA- HUNTER","DETALLADO","4. Caminando",NA,"Puerta Puerta","Urbano",NA,NA,NA,NA,NA,NA,NA,NA,NA,NA,NA,"4. Mapa digital","Tocar puerta por puerta","Complete","-16.442255","-71.555788","-16.440.816","-71.555.679"
"1426",1428,NA,"2024-12-05 18:47:17","6","a.h. chilpinilla ",5,65,2024-11-23,1,"08:05","08:30",2,"","08:45",NA,3,NA,1,NA,NA,NA,NA,"",NA,NA,NA,NA,NA,NA,NA,"",NA,NA,NA,NA,NA,NA,NA,NA,NA,NA,NA,NA,NA,NA,NA,NA,NA,4,1,"",65,8,73,"13:45","",65,8,73,NA,NA,NA,NA,NA,NA,NA,NA,NA,NA,2,"MR. JAVIER LLOSA- HUNTER","DETALLADO","2. Camioneta/Auto",NA,"Puerta Puerta","Urbano",NA,NA,NA,NA,NA,NA,NA,NA,NA,NA,NA,"4. Mapa digital","Tocar puerta por puerta","Complete","-16.440421","-71.554773","-16.439.043","-71.554.571"
"1427",1429,NA,"2024-12-05 18:49:21","6","Av. San Miguel de Piura con Uruguay",6,66,2024-11-23,1,"08:06","08:40",2,"","08:58",NA,3,NA,1,NA,NA,NA,NA,"",NA,NA,NA,NA,NA,NA,NA,"",NA,NA,NA,NA,NA,NA,NA,NA,NA,NA,NA,NA,NA,NA,NA,NA,NA,4,1,"",40,7,47,"13:11","",40,7,47,NA,NA,NA,NA,NA,NA,NA,NA,NA,NA,2,"MR. JAVIER LLOSA- HUNTER","DETALLADO","2. Camioneta/Auto",NA,"Puerta Puerta","Urbano",NA,NA,NA,NA,NA,NA,NA,NA,NA,NA,NA,"4. Mapa digital","Tocar puerta por puerta","Complete","-16.446974","-71.554891","",""
"1428",1430,NA,"2024-12-05 18:50:54","6","san juan de dios",7,67,2024-11-23,1,"08:13","08:34",4,"","08:44",NA,3,NA,1,NA,NA,NA,NA,"",NA,NA,NA,NA,NA,NA,NA,"",NA,NA,NA,NA,NA,NA,NA,NA,NA,NA,NA,NA,NA,NA,NA,NA,NA,1,1,"",51,7,58,"13:40","",51,7,58,NA,NA,NA,NA,NA,NA,NA,NA,NA,NA,2,"MR. JAVIER LLOSA- HUNTER","DETALLADO","4. Caminando",NA,"Puerta Puerta","Urbano",NA,NA,NA,NA,NA,NA,NA,NA,NA,NA,NA,"1. Mapa con zona delimitada","Tocar puerta por puerta","Complete","-16.446821","-71.555950","-16.449.547","-71.553.861"
"1429",1431,NA,"2024-12-05 18:56:22","6","augusto freyre",8,68,2024-11-23,1,"08:08","08:25",4,"","08:45",NA,3,NA,1,NA,NA,NA,NA,"",NA,NA,NA,NA,NA,NA,NA,"",NA,NA,NA,NA,NA,NA,NA,NA,NA,NA,NA,NA,NA,NA,NA,NA,NA,1,1,"",52,4,56,"13:00","",52,4,56,NA,NA,NA,NA,NA,NA,NA,NA,NA,NA,2,"MR. JAVIER LLOSA- HUNTER","DETALLADO","4. Caminando",NA,"Puerta Puerta","Urbano",NA,NA,NA,NA,NA,NA,NA,NA,NA,NA,NA,"1. Mapa con zona delimitada","Tocar puerta por puerta","Complete","-16.447940","-71.551439","-16.450.638","-71.551.561"
"1430",1432,NA,"2024-12-05 18:58:11","6","fray martin",9,69,2024-11-23,1,"08:10","08:16",2,"","08:30",NA,3,77,1,NA,NA,NA,NA,"",NA,NA,NA,NA,NA,NA,NA,"",NA,NA,NA,NA,NA,NA,NA,NA,NA,NA,NA,NA,NA,NA,NA,NA,NA,4,2,"",82,8,90,"13:20","",82,8,90,NA,NA,NA,NA,NA,NA,NA,NA,NA,NA,2,"MR. JAVIER LLOSA- HUNTER","DETALLADO","2. Camioneta/Auto",NA,"Puerta Puerta","Urbano",NA,NA,NA,NA,NA,NA,NA,NA,NA,NA,NA,"4. Mapa digital","Caminar cuadra en cuadra","Complete","-16.445541","-71.558951","-16.442.631","-71.561.437"
"1431",1433,NA,"2024-12-05 18:59:38","6","pampas del cuzco",10,610,2024-11-23,1,"08:30","08:44",2,"","09:04",NA,3,69,1,NA,NA,NA,NA,"",NA,NA,NA,NA,NA,NA,NA,"",NA,NA,NA,NA,NA,NA,NA,NA,NA,NA,NA,NA,NA,NA,NA,NA,NA,3,2,"",33,1,34,"13:00","",33,1,34,NA,NA,NA,NA,NA,NA,NA,NA,NA,NA,2,"MR. JAVIER LLOSA- HUNTER","DETALLADO","2. Camioneta/Auto",NA,"Puerta Puerta","Urbano",NA,NA,NA,NA,NA,NA,NA,NA,NA,NA,NA,"3. indicacion verbal (reportar en whats app)","Caminar cuadra en cuadra","Complete","-16.445834","-71.565043","-16.438.808","-71.565.346"
"1432",1434,NA,"2024-12-05 19:01:16","6","santa monica ",11,611,2024-11-23,1,"08:12","08:40",3,"","08:52",NA,3,NA,1,NA,NA,NA,NA,"",NA,NA,NA,NA,NA,NA,NA,"",NA,NA,NA,NA,NA,NA,NA,NA,NA,NA,NA,NA,NA,NA,NA,NA,NA,4,1,"",49,5,54,"13:28","",49,5,54,NA,NA,NA,NA,NA,NA,NA,NA,NA,NA,2,"MR. JAVIER LLOSA- HUNTER","DETALLADO","3. Transporte público",NA,"Puerta Puerta","Urbano",NA,NA,NA,NA,NA,NA,NA,NA,NA,NA,NA,"4. Mapa digital","Tocar puerta por puerta","Complete","-16.455577","-71.552582","",""
"1433",1435,NA,"2024-12-05 19:02:51","6","upis paisajista",12,612,2024-11-23,1,"08:12","08:20",2,"","08:30",NA,3,NA,1,NA,NA,NA,NA,"",NA,NA,NA,NA,NA,NA,NA,"",NA,NA,NA,NA,NA,NA,NA,NA,NA,NA,NA,NA,NA,NA,NA,NA,NA,4,2,"",34,1,35,"13:00","",34,1,35,NA,NA,NA,NA,NA,NA,NA,NA,NA,NA,2,"MR. JAVIER LLOSA- HUNTER","DETALLADO","2. Camioneta/Auto",NA,"Puerta Puerta","Urbano",NA,NA,NA,NA,NA,NA,NA,NA,NA,NA,NA,"4. Mapa digital","Caminar cuadra en cuadra","Complete","-16.459748","-71.554656","-16.459.568","-71.556.762"
"1434",1436,NA,"2024-12-05 19:03:45","6","2 junio",13,613,2024-11-23,2,"","",NA,"","",2,3,NA,NA,NA,NA,NA,NA,"",NA,NA,NA,NA,NA,NA,NA,"",NA,NA,NA,NA,NA,NA,NA,NA,NA,NA,NA,NA,NA,NA,NA,NA,NA,NA,NA,"",78,5,83,"","",78,5,83,NA,NA,NA,NA,NA,NA,NA,NA,NA,NA,2,"MR. JAVIER LLOSA- HUNTER","CORTO",NA,"No","Puerta Puerta",NA,NA,NA,NA,NA,NA,NA,NA,NA,NA,NA,NA,NA,NA,"Complete","-16.450466","-71.557022","-16.452.344","-71.558.102"
"1435",1437,NA,"2024-12-05 19:05:17","6","brasilia con viña de mar",14,614,2024-11-23,1,"08:15","08:25",4,"","08:33",NA,3,NA,1,NA,NA,NA,NA,"",NA,NA,NA,NA,NA,NA,NA,"",NA,NA,NA,NA,NA,NA,NA,NA,NA,NA,NA,NA,NA,NA,NA,NA,NA,4,1,"",55,0,55,"13:40","",55,0,55,NA,NA,NA,NA,NA,NA,NA,NA,NA,NA,2,"MR. JAVIER LLOSA- HUNTER","DETALLADO","4. Caminando",NA,"Puerta Puerta","Urbano",NA,NA,NA,NA,NA,NA,NA,NA,NA,NA,NA,"4. Mapa digital","Tocar puerta por puerta","Complete","-16.443254","-71.555859","-16.443.221","-71.557.571"
"1436",1438,NA,"2024-12-05 19:06:52","6","huasacache",15,615,2024-11-23,1,"08:16","08:44",2,"","09:11",NA,3,NA,2,NA,NA,NA,NA,"",NA,NA,NA,NA,NA,NA,NA,"",NA,NA,NA,NA,NA,NA,NA,NA,NA,NA,NA,NA,NA,NA,NA,NA,NA,1,1,"",31,0,31,"13:43","",31,0,31,NA,NA,NA,NA,NA,NA,NA,NA,NA,NA,2,"MR. JAVIER LLOSA- HUNTER","DETALLADO","2. Camioneta/Auto",NA,"Puerta Puerta","Periurbano",NA,NA,NA,NA,NA,NA,NA,NA,NA,NA,NA,"1. Mapa con zona delimitada","Tocar puerta por puerta","Complete","-16.452324","-71.563476","-16.451.672","-71.564.894"
"1437",1439,NA,"2024-12-05 19:08:38","6","Av. Bellavista con Av. Francisco Mostajo",16,616,2024-11-23,1,"08:17","08:35",3,"","09:03",NA,3,48,1,NA,NA,NA,NA,"",NA,NA,NA,NA,NA,NA,NA,"",NA,NA,NA,NA,NA,NA,NA,NA,NA,NA,NA,NA,NA,NA,NA,NA,NA,3,1,"",96,4,100,"13:24","",96,4,100,NA,NA,NA,NA,NA,NA,NA,NA,NA,NA,2,"MR. JAVIER LLOSA- HUNTER","DETALLADO","3. Transporte público",NA,"Puerta Puerta","Urbano",NA,NA,NA,NA,NA,NA,NA,NA,NA,NA,NA,"3. indicacion verbal (reportar en whats app)","Tocar puerta por puerta","Complete","-16.427833","-71.547534","-16.428.887","-71.549.173"
"1438",1440,NA,"2024-12-05 19:09:57","6","revolucion",17,617,2024-11-23,1,"08:19","08:40",2,"","08:50",NA,3,NA,1,NA,NA,NA,NA,"",NA,NA,NA,NA,NA,NA,NA,"",NA,NA,NA,NA,NA,NA,NA,NA,NA,NA,NA,NA,NA,NA,NA,NA,NA,4,1,"",59,0,59,"13:16","",59,0,59,NA,NA,NA,NA,NA,NA,NA,NA,NA,NA,2,"MR. JAVIER LLOSA- HUNTER","DETALLADO","2. Camioneta/Auto",NA,"Puerta Puerta","Urbano",NA,NA,NA,NA,NA,NA,NA,NA,NA,NA,NA,"4. Mapa digital","Tocar puerta por puerta","Complete","-16.451889","-71.554531","-16.453.106","-71.552.418"
"1439",1441,NA,"2024-12-05 19:11:25","6","parque huayna capa",18,618,2024-11-23,1,"08:20","08:35",4,"","08:40",NA,3,NA,1,NA,NA,NA,NA,"",NA,NA,NA,NA,NA,NA,NA,"",NA,NA,NA,NA,NA,NA,NA,NA,NA,NA,NA,NA,NA,NA,NA,NA,NA,4,2,"",50,0,50,"13:10","",50,0,50,NA,NA,NA,NA,NA,NA,NA,NA,NA,NA,2,"MR. JAVIER LLOSA- HUNTER","DETALLADO","4. Caminando",NA,"Puerta Puerta","Urbano",NA,NA,NA,NA,NA,NA,NA,NA,NA,NA,NA,"4. Mapa digital","Caminar cuadra en cuadra","Complete","-16.447599","-71.557409","",""
"1440",1442,NA,"2024-12-05 19:12:58","6","centro deportivo libertadores ",19,619,2024-11-23,1,"08:21","08:47",4,"","08:52",NA,3,NA,1,NA,NA,NA,NA,"",NA,NA,NA,NA,NA,NA,NA,"",NA,NA,NA,NA,NA,NA,NA,NA,NA,NA,NA,NA,NA,NA,NA,NA,NA,4,1,"",43,1,44,"13:30","",43,1,44,NA,NA,NA,NA,NA,NA,NA,NA,NA,NA,2,"MR. JAVIER LLOSA- HUNTER","DETALLADO","4. Caminando",NA,"Puerta Puerta","Urbano",NA,NA,NA,NA,NA,NA,NA,NA,NA,NA,NA,"4. Mapa digital","Tocar puerta por puerta","Complete","-16.443212","-71.553678","",""
"1441",1443,NA,"2024-12-05 19:13:53","6","jr. belen ",20,620,2024-11-23,2,"","",NA,"","",2,3,NA,NA,NA,NA,NA,NA,"",NA,NA,NA,NA,NA,NA,NA,"",NA,NA,NA,NA,NA,NA,NA,NA,NA,NA,NA,NA,NA,NA,NA,NA,NA,NA,NA,"",69,5,74,"","",69,5,74,NA,NA,NA,NA,NA,NA,NA,NA,NA,NA,2,"MR. JAVIER LLOSA- HUNTER","CORTO",NA,"No","Puerta Puerta",NA,NA,NA,NA,NA,NA,NA,NA,NA,NA,NA,NA,NA,NA,"Complete","-16.447340","-71.559048","",""
"1442",1444,NA,"2024-12-06 10:14:07","17","plaza de quequeña",1,171,2024-11-17,1,"09:00","09:10",2,"","09:16",NA,2,58,NA,NA,NA,NA,NA,"",NA,NA,NA,NA,NA,NA,NA,"",NA,NA,NA,NA,NA,NA,NA,NA,NA,NA,NA,NA,NA,3,2,72,0,NA,NA,"",NA,NA,NA,"13:15","",72,0,72,NA,NA,NA,NA,NA,NA,NA,NA,NA,NA,2,"MR. CHARACATO","DETALLADO","2. Camioneta/Auto",NA,"Punto movil",NA,NA,NA,NA,NA,NA,NA,NA,NA,NA,"indicacion verbal (reportar en whats app)","NO",NA,NA,"Complete","-16.557102","-71.451122","",""
"1443",1445,NA,"2024-12-06 10:15:28","17","fernando belaunde ",2,172,2024-11-17,2,"","",NA,"","",2,2,NA,NA,NA,NA,NA,NA,"",NA,NA,NA,NA,NA,NA,NA,"",NA,NA,NA,NA,NA,NA,NA,NA,NA,NA,NA,NA,NA,NA,NA,49,2,NA,NA,"",NA,NA,NA,"","",49,2,51,NA,NA,NA,NA,NA,NA,NA,NA,NA,NA,2,"MR. CHARACATO","CORTO",NA,"No","Punto movil",NA,NA,NA,NA,NA,NA,NA,NA,NA,NA,NA,NA,NA,NA,"Complete","-16.522829","-71.482734","",""
"1444",1446,NA,"2024-12-06 10:18:06","17","plaza peregrinos",3,173,2024-11-17,2,"","",NA,"","",2,1,NA,NA,124,6,NA,NA,"",NA,NA,NA,NA,NA,NA,NA,"",NA,NA,NA,NA,NA,NA,NA,NA,NA,NA,NA,NA,NA,NA,NA,NA,NA,NA,NA,"",NA,NA,NA,"","",124,6,130,NA,NA,NA,NA,NA,NA,NA,NA,NA,NA,2,"MR. CHARACATO","CORTO",NA,"No","Punto fijo",NA,NA,NA,NA,NA,NA,NA,NA,NA,NA,NA,NA,NA,NA,"Complete","-16.524701","-71.483543","",""
"1445",1447,NA,"2024-12-06 10:23:25","17","local social nuevo quequeña",5,175,2024-11-17,2,"","",NA,"","",2,1,NA,NA,47,0,NA,NA,"",NA,NA,NA,NA,NA,NA,NA,"",NA,NA,NA,NA,NA,NA,NA,NA,NA,NA,NA,NA,NA,NA,NA,NA,NA,NA,NA,"",NA,NA,NA,"","",47,0,47,NA,NA,NA,NA,NA,NA,NA,NA,NA,NA,2,"MR. CHARACATO","CORTO",NA,"No","Punto fijo",NA,NA,NA,NA,NA,NA,NA,NA,NA,NA,NA,NA,NA,NA,"Complete","-16.523074","-71.485753","",""
"1446",1448,NA,"2024-12-06 10:28:25","17","Las Rayas - Villa Real",6,176,2024-11-17,1,"07:27","08:40",4,"","09:05",NA,2,NA,NA,NA,NA,NA,NA,"",NA,NA,NA,NA,NA,NA,NA,"",NA,NA,NA,NA,NA,NA,NA,NA,NA,NA,NA,NA,NA,3,1,37,15,NA,NA,"",NA,NA,NA,"12:24","",37,15,52,NA,NA,NA,NA,NA,NA,NA,NA,NA,NA,2,"MR. CHARACATO","DETALLADO","4. Caminando",NA,"Punto movil",NA,NA,NA,NA,NA,NA,NA,NA,NA,NA,"indicacion verbal (reportar en whats app)","SI",NA,NA,"Complete","-16.526067","-71.477782","-16.523573","-71.474843"
"1447",1449,NA,"2024-12-06 10:43:36","17","nuevo amanecer ",7,177,2024-11-17,2,"","",NA,"","",2,1,NA,NA,33,5,NA,NA,"",NA,NA,NA,NA,NA,NA,NA,"",NA,NA,NA,NA,NA,NA,NA,NA,NA,NA,NA,NA,NA,NA,NA,NA,NA,NA,NA,"",NA,NA,NA,"","",33,5,38,NA,NA,NA,NA,NA,NA,NA,NA,NA,NA,2,"MR. CHARACATO","CORTO",NA,"No","Punto fijo",NA,NA,NA,NA,NA,NA,NA,NA,NA,NA,NA,NA,NA,NA,"Complete","-16.517514","-71.491215","",""
"1448",1450,NA,"2024-12-06 10:48:37","17","villa florida ",8,178,2024-11-17,1,"08:30","08:45",2,"","08:55",NA,1,60,NA,67,8,2,NA,"",NA,NA,NA,NA,NA,NA,NA,"",NA,NA,NA,NA,NA,NA,NA,NA,NA,NA,NA,NA,NA,NA,NA,NA,NA,NA,NA,"",NA,NA,NA,"12:25","",67,8,75,NA,NA,NA,NA,NA,NA,NA,NA,NA,NA,2,"MR. CHARACATO","DETALLADO","2. Camioneta/Auto",NA,"Punto fijo",NA,"NO",NA,NA,NA,NA,NA,NA,NA,NA,NA,NA,NA,NA,"Complete","-16.533471","-71.480099","-16.526.166","-71.477.885"
"1449",1451,NA,"2024-12-06 10:50:20","17","villa florida peregrinos ",9,179,2024-11-17,2,"","",NA,"","",2,1,NA,NA,71,8,NA,NA,"",NA,NA,NA,NA,NA,NA,NA,"",NA,NA,NA,NA,NA,NA,NA,NA,NA,NA,NA,NA,NA,NA,NA,NA,NA,NA,NA,"",NA,NA,NA,"","",71,8,79,NA,NA,NA,NA,NA,NA,NA,NA,NA,NA,2,"MR. CHARACATO","CORTO",NA,"No","Punto fijo",NA,NA,NA,NA,NA,NA,NA,NA,NA,NA,NA,NA,NA,NA,"Complete","-16.536371","-71.482736","",""
"1450",1452,NA,"2024-12-06 10:56:37","17","agro industrial ",10,1710,2024-11-17,1,"08:30","08:35",2,"","09:05",NA,2,68,NA,NA,NA,NA,NA,"",NA,NA,NA,NA,NA,NA,NA,"",NA,NA,NA,NA,NA,NA,NA,NA,NA,NA,NA,NA,NA,3,2,35,0,NA,NA,"",NA,NA,NA,"12:30","",35,0,35,NA,NA,NA,NA,NA,NA,NA,NA,NA,NA,2,"MR. CHARACATO","DETALLADO","2. Camioneta/Auto",NA,"Punto movil",NA,NA,NA,NA,NA,NA,NA,NA,NA,NA,"indicacion verbal (reportar en whats app)","NO",NA,NA,"Complete","-16.524673","-71.483583","",""
"1451",1453,NA,"2024-12-06 10:58:24","17","Valle Grande",11,1711,2024-11-17,2,"","",NA,"","",2,2,NA,NA,NA,NA,NA,NA,"",NA,NA,NA,NA,NA,NA,NA,"",NA,NA,NA,NA,NA,NA,NA,NA,NA,NA,NA,NA,NA,NA,NA,19,4,NA,NA,"",NA,NA,NA,"","",19,4,23,NA,NA,NA,NA,NA,NA,NA,NA,NA,NA,2,"MR. CHARACATO","CORTO",NA,"No","Punto movil",NA,NA,NA,NA,NA,NA,NA,NA,NA,NA,NA,NA,NA,NA,"Complete","-16.531388","-71.477801","",""
"1452",1454,NA,"2024-12-06 11:03:36","17","Villa Moscoso",12,1712,2024-11-17,1,"08:30","08:33",4,"","08:55",NA,2,25,NA,NA,NA,NA,NA,"",NA,NA,NA,NA,NA,NA,NA,"",NA,NA,NA,NA,NA,NA,NA,NA,NA,NA,NA,NA,NA,3,2,50,0,NA,NA,"",NA,NA,NA,"12:13","",50,0,50,NA,NA,NA,NA,NA,NA,NA,NA,NA,NA,2,"MR. CHARACATO","DETALLADO","4. Caminando",NA,"Punto movil",NA,NA,NA,NA,NA,NA,NA,NA,NA,NA,"indicacion verbal (reportar en whats app)","NO",NA,NA,"Complete","-16.519720","-71.486288","-16.519.930","-71.487.270"
"1453",1455,NA,"2024-12-06 11:06:26","17","P.S. peregrinos",13,1713,2024-11-17,2,"","",NA,"","",2,2,NA,NA,NA,NA,NA,NA,"",NA,NA,NA,NA,NA,NA,NA,"",NA,NA,NA,NA,NA,NA,NA,NA,NA,NA,NA,NA,NA,NA,NA,44,2,NA,NA,"",NA,NA,NA,"","",44,2,46,NA,NA,NA,NA,NA,NA,NA,NA,NA,NA,2,"MR. CHARACATO","CORTO",NA,"No","Punto movil",NA,NA,NA,NA,NA,NA,NA,NA,NA,NA,NA,NA,NA,NA,"Complete","-16.528089","-71.479304","",""
"1454",1456,NA,"2024-12-06 11:07:40","17","plaza peregrinos",14,1714,2024-11-17,2,"","",NA,"","",2,2,NA,NA,NA,NA,NA,NA,"",NA,NA,NA,NA,NA,NA,NA,"",NA,NA,NA,NA,NA,NA,NA,NA,NA,NA,NA,NA,NA,NA,NA,62,0,NA,NA,"",NA,NA,NA,"","",62,0,62,NA,NA,NA,NA,NA,NA,NA,NA,NA,NA,2,"MR. CHARACATO","CORTO",NA,"No","Punto movil",NA,NA,NA,NA,NA,NA,NA,NA,NA,NA,NA,NA,NA,NA,"Complete","-16.518657","-71.484414","-16.524682","-71.483632"
"1455",1457,NA,"2024-12-06 11:16:16","17","peregrinos de chapi",4,174,2024-11-17,1,"08:30","08:40",4,"","09:00",NA,1,55,NA,12,0,1,1,"10:40",2,NA,NA,44,0,2,NA,"",NA,NA,NA,NA,NA,NA,NA,NA,NA,NA,NA,NA,NA,NA,NA,NA,NA,NA,NA,"",NA,NA,NA,"12:29","",56,0,56,NA,NA,NA,NA,NA,NA,NA,NA,NA,NA,2,"MR. CHARACATO","DETALLADO","4. Caminando",NA,"Punto fijo",NA,"SI","Microred","Cambiamos a Punto movil","NO",NA,NA,NA,NA,NA,NA,NA,NA,NA,"Complete","-16.520996","-71.482231","-16.520.570","-71.483.770"
"1456",1458,NA,"2024-12-06 11:21:55","10","colegio Beethoven",1,101,2024-11-23,1,"08:00","09:10",1,"","09:12",NA,3,58,1,NA,NA,NA,NA,"",NA,NA,NA,NA,NA,NA,NA,"",NA,NA,NA,NA,NA,NA,NA,NA,NA,NA,NA,NA,NA,NA,NA,NA,NA,3,1,"",74,19,93,"13:10","",74,19,93,NA,NA,NA,NA,NA,NA,NA,NA,NA,NA,2,"MR. ALTO SELVA ALEGRE","DETALLADO","1, Bus",NA,"Puerta Puerta","Urbano",NA,NA,NA,NA,NA,NA,NA,NA,NA,NA,NA,"3. indicacion verbal (reportar en whats app)","Tocar puerta por puerta","Complete","-16.364107","-71.522363","-16.364.680","-71.521.183"
"1457",1459,NA,"2024-12-06 11:26:21","10","Asoc. Villa Chachas",2,102,2024-11-23,1,"07:56","09:05",1,"","09:25",NA,3,65,1,NA,NA,NA,NA,"",NA,NA,NA,NA,NA,NA,NA,"",NA,NA,NA,NA,NA,NA,NA,NA,NA,NA,NA,NA,NA,NA,NA,NA,NA,3,1,"",60,15,75,"12:40","",60,15,75,NA,NA,NA,NA,NA,NA,NA,NA,NA,NA,2,"MR. ALTO SELVA ALEGRE","DETALLADO","1, Bus",NA,"Puerta Puerta","Urbano",NA,NA,NA,NA,NA,NA,NA,NA,NA,NA,NA,"3. indicacion verbal (reportar en whats app)","Tocar puerta por puerta","Complete","-16.365972","-71.515760","",""
"1458",1460,NA,"2024-12-06 11:29:01","10","San Juan - AA.HH. Villa Independiente Zona A",3,103,2024-11-23,1,"08:00","09:10",1,"","09:26",NA,3,13,1,NA,NA,NA,NA,"",NA,NA,NA,NA,NA,NA,NA,"",NA,NA,NA,NA,NA,NA,NA,NA,NA,NA,NA,NA,NA,NA,NA,NA,NA,3,1,"",80,13,93,"12:30","",80,13,93,NA,NA,NA,NA,NA,NA,NA,NA,NA,NA,2,"MR. ALTO SELVA ALEGRE","DETALLADO","1, Bus",NA,"Puerta Puerta","Urbano",NA,NA,NA,NA,NA,NA,NA,NA,NA,NA,NA,"3. indicacion verbal (reportar en whats app)","Tocar puerta por puerta","Complete","-16.367015","-71.519091","-16.369.493","-71.521.012"
"1459",1461,NA,"2024-12-06 11:30:51","10","Mercado Villa Asuncion",4,104,2024-11-23,1,"07:57","09:05",1,"","09:20",NA,3,46,1,NA,NA,NA,NA,"",NA,NA,NA,NA,NA,NA,NA,"",NA,NA,NA,NA,NA,NA,NA,NA,NA,NA,NA,NA,NA,NA,NA,NA,NA,3,2,"",81,10,91,"13:15","",81,10,91,NA,NA,NA,NA,NA,NA,NA,NA,NA,NA,2,"MR. ALTO SELVA ALEGRE","DETALLADO","1, Bus",NA,"Puerta Puerta","Urbano",NA,NA,NA,NA,NA,NA,NA,NA,NA,NA,NA,"3. indicacion verbal (reportar en whats app)","Caminar cuadra en cuadra","Complete","-16.361302","-71.516131","-16.361.778","-71.517.169"
"1460",1462,NA,"2024-12-06 11:33:32","10","Complejo deportivo Villa Asunción",5,105,2024-11-23,1,"07:59","09:06",1,"","09:15",NA,3,31,1,NA,NA,NA,NA,"",NA,NA,NA,NA,NA,NA,NA,"",NA,NA,NA,NA,NA,NA,NA,NA,NA,NA,NA,NA,NA,NA,NA,NA,NA,3,2,"",37,13,50,"13:16","",37,13,50,NA,NA,NA,NA,NA,NA,NA,NA,NA,NA,2,"MR. ALTO SELVA ALEGRE","DETALLADO","1, Bus",NA,"Puerta Puerta","Urbano",NA,NA,NA,NA,NA,NA,NA,NA,NA,NA,NA,"3. indicacion verbal (reportar en whats app)","Caminar cuadra en cuadra","Complete","-16.362155","-71.516089","-16.364020","-71.517209"
"1461",1463,NA,"2024-12-06 11:34:40","3","Camionero unidos",1,31,2024-12-01,1,"07:45","08:02",6,"Ambulancia","08:13",NA,3,NA,1,NA,NA,NA,NA,"",NA,NA,NA,NA,NA,NA,NA,"",NA,NA,NA,NA,NA,NA,NA,NA,NA,NA,NA,NA,NA,NA,NA,NA,NA,3,1,"",31,9,40,"12:08","",31,9,40,NA,NA,NA,NA,NA,NA,NA,NA,NA,NA,2,"MR. CIUDAD DE DIOS","DETALLADO","6. Otros (Especificar)",NA,"Puerta Puerta","Urbano",NA,NA,NA,NA,NA,NA,NA,NA,NA,NA,NA,"3. indicacion verbal (reportar en whats app)","Tocar puerta por puerta","Complete","-16.314137","-71.604019","-16.312.893","-71.605.711"
"1462",1464,NA,"2024-12-06 11:35:20","10","parque eucalipto",6,106,2024-11-23,1,"07:40","09:05",1,"","09:20",NA,3,74,1,NA,NA,NA,NA,"",NA,NA,NA,NA,NA,NA,NA,"",NA,NA,NA,NA,NA,NA,NA,NA,NA,NA,NA,NA,NA,NA,NA,NA,NA,3,1,"",35,10,45,"12:56","",35,10,45,NA,NA,NA,NA,NA,NA,NA,NA,NA,NA,2,"MR. ALTO SELVA ALEGRE","DETALLADO","1, Bus",NA,"Puerta Puerta","Urbano",NA,NA,NA,NA,NA,NA,NA,NA,NA,NA,NA,"3. indicacion verbal (reportar en whats app)","Tocar puerta por puerta","Complete","-16.364145","-71.516460","-16.362.208","-71.519.303"
"1463",1465,NA,"2024-12-06 11:36:26","3","Nueva Juventus",2,32,2024-12-01,1,"07:39","08:02",2,"","08:28",NA,3,NA,2,NA,NA,NA,NA,"",NA,NA,NA,NA,NA,NA,NA,"",NA,NA,NA,NA,NA,NA,NA,NA,NA,NA,NA,NA,NA,NA,NA,NA,NA,1,1,"",28,17,45,"12:40","",28,17,45,NA,NA,NA,NA,NA,NA,NA,NA,NA,NA,2,"MR. CIUDAD DE DIOS","DETALLADO","2. Camioneta/Auto",NA,"Puerta Puerta","Periurbano",NA,NA,NA,NA,NA,NA,NA,NA,NA,NA,NA,"1. Mapa con zona delimitada","Tocar puerta por puerta","Complete","-16.313496","-71.602488","-16.311.186","-71.603.332"
"1464",1466,NA,"2024-12-06 11:37:16","10","Grifo Chachas",7,107,2024-11-23,1,"08:00","09:05",1,"","09:15",NA,3,14,1,NA,NA,NA,NA,"",NA,NA,NA,NA,NA,NA,NA,"",NA,NA,NA,NA,NA,NA,NA,NA,NA,NA,NA,NA,NA,NA,NA,NA,NA,3,2,"",35,9,44,"13:28","",35,9,44,NA,NA,NA,NA,NA,NA,NA,NA,NA,NA,2,"MR. ALTO SELVA ALEGRE","DETALLADO","1, Bus",NA,"Puerta Puerta","Urbano",NA,NA,NA,NA,NA,NA,NA,NA,NA,NA,NA,"3. indicacion verbal (reportar en whats app)","Caminar cuadra en cuadra","Complete","-16.364631","-71.515794","-16.363.865","-71.515.673"
"1465",1467,NA,"2024-12-06 11:38:17","3","Mirador yura",3,33,2024-12-01,1,"07:45","07:56",2,"","08:12",NA,3,NA,2,NA,NA,NA,NA,"",NA,NA,NA,NA,NA,NA,NA,"",NA,NA,NA,NA,NA,NA,NA,NA,NA,NA,NA,NA,NA,NA,NA,NA,NA,4,1,"",18,5,23,"12:10","",18,5,23,NA,NA,NA,NA,NA,NA,NA,NA,NA,NA,2,"MR. CIUDAD DE DIOS","DETALLADO","2. Camioneta/Auto",NA,"Puerta Puerta","Periurbano",NA,NA,NA,NA,NA,NA,NA,NA,NA,NA,NA,"4. Mapa digital","Tocar puerta por puerta","Complete","-16.309061","-71.607826","-16.307.029","-71.610.300"
"1466",1468,NA,"2024-12-06 11:39:05","10","villa chachas ",8,108,2024-11-23,1,"07:59","09:10",1,"","09:17",NA,3,42,1,NA,NA,NA,NA,"",NA,NA,NA,NA,NA,NA,NA,"",NA,NA,NA,NA,NA,NA,NA,NA,NA,NA,NA,NA,NA,NA,NA,NA,NA,3,2,"",33,2,35,"12:30","",33,2,35,NA,NA,NA,NA,NA,NA,NA,NA,NA,NA,2,"MR. ALTO SELVA ALEGRE","DETALLADO","1, Bus",NA,"Puerta Puerta","Urbano",NA,NA,NA,NA,NA,NA,NA,NA,NA,NA,NA,"3. indicacion verbal (reportar en whats app)","Caminar cuadra en cuadra","Complete","-16.365762","-71.514830","-16.366.718","-71.518.563"
"1467",1469,NA,"2024-12-06 11:43:18","3","Hijos de Ciudad de Dios 1 - Ciudad de Dios Zona 1",4,34,2024-12-01,1,"07:47","07:50",6,"Ambulancia","08:00",NA,3,NA,1,NA,NA,NA,NA,"",NA,NA,NA,NA,NA,NA,NA,"",NA,NA,NA,NA,NA,NA,NA,NA,NA,NA,NA,NA,NA,NA,NA,NA,NA,4,2,"",56,4,60,"12:20","",56,4,60,NA,NA,NA,NA,NA,NA,NA,NA,NA,NA,2,"MR. CIUDAD DE DIOS","DETALLADO","6. Otros (Especificar)",NA,"Puerta Puerta","Urbano",NA,NA,NA,NA,NA,NA,NA,NA,NA,NA,NA,"4. Mapa digital","Caminar cuadra en cuadra","Complete","-16.307583","-71.610077","-16.306.807","-71.612.193"
"1468",1470,NA,"2024-12-06 11:46:49","10","independencia",9,109,2024-11-23,1,"07:57","09:08",4,"","09:15",NA,3,12,1,NA,NA,NA,NA,"",NA,NA,NA,NA,NA,NA,NA,"",NA,NA,NA,NA,NA,NA,NA,NA,NA,NA,NA,NA,NA,NA,NA,NA,NA,3,1,"",92,0,92,"13:50","",92,0,92,NA,NA,NA,NA,NA,NA,NA,NA,NA,NA,2,"MR. ALTO SELVA ALEGRE","DETALLADO","4. Caminando",NA,"Puerta Puerta","Urbano",NA,NA,NA,NA,NA,NA,NA,NA,NA,NA,NA,"3. indicacion verbal (reportar en whats app)","Tocar puerta por puerta","Complete","-16.371492","-71.527519","",""
"1469",1471,NA,"2024-12-06 11:47:04","3","APIAAR 1 ",5,35,2024-12-01,1,"07:40","07:56",6,"Ambulancia","08:07",NA,3,NA,1,NA,NA,NA,NA,"",NA,NA,NA,NA,NA,NA,NA,"",NA,NA,NA,NA,NA,NA,NA,NA,NA,NA,NA,NA,NA,NA,NA,NA,NA,4,1,"",38,7,45,"11:58","",38,7,45,NA,NA,NA,NA,NA,NA,NA,NA,NA,NA,2,"MR. CIUDAD DE DIOS","DETALLADO","6. Otros (Especificar)",NA,"Puerta Puerta","Urbano",NA,NA,NA,NA,NA,NA,NA,NA,NA,NA,NA,"4. Mapa digital","Tocar puerta por puerta","Complete","-16.312268","-71.611025","-16.316.298","-71.611.484"
"1470",1472,NA,"2024-12-06 11:49:25","3","Ciudad de Dios Zona 2",6,36,2024-12-01,1,"07:39","08:10",4,"","08:20",NA,3,NA,1,NA,NA,NA,NA,"",NA,NA,NA,NA,NA,NA,NA,"",NA,NA,NA,NA,NA,NA,NA,NA,NA,NA,NA,NA,NA,NA,NA,NA,NA,4,1,"",38,5,43,"12:30","Mayoria Vacunado",38,5,43,NA,NA,NA,NA,NA,NA,NA,NA,NA,NA,2,"MR. CIUDAD DE DIOS","DETALLADO","4. Caminando",NA,"Puerta Puerta","Urbano",NA,NA,NA,NA,NA,NA,NA,NA,NA,NA,NA,"4. Mapa digital","Tocar puerta por puerta","Complete","-16.303480","-71.617535","-16.304.130","-71.615.070"
"1471",1473,NA,"2024-12-06 11:52:47","3","Asoc.  El Altiplano ",7,37,2024-12-01,1,"07:38","08:15",2,"","08:23",NA,3,NA,2,NA,NA,NA,NA,"",NA,NA,NA,NA,NA,NA,NA,"",NA,NA,NA,NA,NA,NA,NA,NA,NA,NA,NA,NA,NA,NA,NA,NA,NA,4,1,"",28,4,32,"12:30","Coordinar mejor las fechas para la vacunacion ya que se choco con actividad de la munipalidad, en su  mayoría fue casa cerrada o inhabitable",28,4,32,NA,NA,NA,NA,NA,NA,NA,NA,NA,NA,2,"MR. CIUDAD DE DIOS","DETALLADO","2. Camioneta/Auto",NA,"Puerta Puerta","Periurbano",NA,NA,NA,NA,NA,NA,NA,NA,NA,NA,NA,"4. Mapa digital","Tocar puerta por puerta","Complete","-16.313030","-71.628527","-16.310.005","-71.628.292"
"1472",1474,NA,"2024-12-06 12:02:56","3","Asent Humano Villa de Cristo - Urb. Ciudad de Dios Zona 1 sector C1 y sector B",8,38,2024-12-01,1,"07:45","08:00",4,"","08:20",NA,3,NA,1,NA,NA,NA,NA,"",NA,NA,NA,NA,NA,NA,NA,"",NA,NA,NA,NA,NA,NA,NA,NA,NA,NA,NA,NA,NA,NA,NA,NA,NA,4,1,"",34,1,35,"12:28","No se vaqcuno muchos perros porque los vecinos indicaron que ya se habian vacunado hace una semana.",34,1,35,NA,NA,NA,NA,NA,NA,NA,NA,NA,NA,2,"MR. CIUDAD DE DIOS","DETALLADO","4. Caminando",NA,"Puerta Puerta","Urbano",NA,NA,NA,NA,NA,NA,NA,NA,NA,NA,NA,"4. Mapa digital","Tocar puerta por puerta","Complete","-16.308744","-71.616549","-16.311.208","-71.617.258"
"1473",1475,NA,"2024-12-06 12:04:52","3","Ciudad de Dios Zona 4 sector A",9,39,2024-12-01,1,"07:40","08:04",4,"","08:24",NA,3,NA,1,NA,NA,NA,NA,"",NA,NA,NA,NA,NA,NA,NA,"",NA,NA,NA,NA,NA,NA,NA,NA,NA,NA,NA,NA,NA,NA,NA,NA,NA,4,1,"",46,0,46,"12:40","Muchas casas cerradas",46,0,46,NA,NA,NA,NA,NA,NA,NA,NA,NA,NA,2,"MR. CIUDAD DE DIOS","DETALLADO","4. Caminando",NA,"Puerta Puerta","Urbano",NA,NA,NA,NA,NA,NA,NA,NA,NA,NA,NA,"4. Mapa digital","Tocar puerta por puerta","Complete","-16.299554","-71.623110","-16.295.979","-71.626.766"
"1474",1476,NA,"2024-12-06 12:06:31","3","Urb ciudad de Dios Zona 3, 4 sector B",10,310,2024-12-01,1,"07:50","08:05",4,"","08:20",NA,3,NA,2,NA,NA,NA,NA,"",NA,NA,NA,NA,NA,NA,NA,"",NA,NA,NA,NA,NA,NA,NA,NA,NA,NA,NA,NA,NA,NA,NA,NA,NA,1,1,"",41,4,45,"12:10","",41,4,45,NA,NA,NA,NA,NA,NA,NA,NA,NA,NA,2,"MR. CIUDAD DE DIOS","DETALLADO","4. Caminando",NA,"Puerta Puerta","Periurbano",NA,NA,NA,NA,NA,NA,NA,NA,NA,NA,NA,"1. Mapa con zona delimitada","Tocar puerta por puerta","Complete","-16.301101","-71.623505","-16.304.038","-71.626.276"
"1475",1477,NA,"2024-12-06 12:06:40","3","Bellavista - Ardillas",1,31,2024-11-23,1,"08:35","08:55",2,"","09:18",NA,2,22,NA,NA,NA,NA,NA,"",NA,NA,NA,NA,NA,NA,NA,"",NA,NA,NA,NA,NA,NA,NA,NA,NA,NA,NA,NA,NA,2,2,59,10,NA,NA,"",NA,NA,NA,"12:27","",59,10,69,NA,NA,NA,NA,NA,NA,NA,NA,NA,NA,2,"MR. CIUDAD DE DIOS","DETALLADO","2. Camioneta/Auto",NA,"Punto movil",NA,NA,NA,NA,NA,NA,NA,NA,NA,NA,"Mapa con recorrido de inicio a fin","NO",NA,NA,"Complete","-16.295907","-71.636716","-16.299.348","-71.637.024"
"1476",1478,NA,"2024-12-06 12:07:33","3","Vella Vista",11,311,2024-12-01,2,"","",NA,"","",2,3,NA,NA,NA,NA,NA,NA,"",NA,NA,NA,NA,NA,NA,NA,"",NA,NA,NA,NA,NA,NA,NA,NA,NA,NA,NA,NA,NA,NA,NA,NA,NA,NA,NA,"",50,0,50,"","",50,0,50,NA,NA,NA,NA,NA,NA,NA,NA,NA,NA,2,"MR. CIUDAD DE DIOS","CORTO",NA,"No","Puerta Puerta",NA,NA,NA,NA,NA,NA,NA,NA,NA,NA,NA,NA,NA,NA,"Complete","-16.304940","-71.641073","",""
"1477",1479,NA,"2024-12-06 12:08:15","3","Chaparral Alta",2,32,2024-11-23,2,"","",NA,"","",2,2,NA,NA,NA,NA,NA,NA,"",NA,NA,NA,NA,NA,NA,NA,"",NA,NA,NA,NA,NA,NA,NA,NA,NA,NA,NA,NA,NA,NA,NA,29,4,NA,NA,"",NA,NA,NA,"","",29,4,33,NA,NA,NA,NA,NA,NA,NA,NA,NA,NA,2,"MR. CIUDAD DE DIOS","CORTO",NA,"No","Punto movil",NA,NA,NA,NA,NA,NA,NA,NA,NA,NA,NA,NA,NA,NA,"Complete","-16.310175","-71.641210","-16.313.277","-71.642.734"
"1478",1480,NA,"2024-12-06 12:10:01","3","chaparral bajo",3,33,2024-11-23,1,"07:42","08:50",2,"","09:13",NA,2,38,NA,NA,NA,NA,NA,"",NA,NA,NA,NA,NA,NA,NA,"",NA,NA,NA,NA,NA,NA,NA,NA,NA,NA,NA,NA,NA,2,2,60,7,NA,NA,"",NA,NA,NA,"12:32","",60,7,67,NA,NA,NA,NA,NA,NA,NA,NA,NA,NA,2,"MR. CIUDAD DE DIOS","DETALLADO","2. Camioneta/Auto",NA,"Punto movil",NA,NA,NA,NA,NA,NA,NA,NA,NA,NA,"Mapa con recorrido de inicio a fin","NO",NA,NA,"Complete","-16.313192","-71.645542","-16.314.790","-71.648.217"
"1479",1481,NA,"2024-12-06 12:12:03","3","utupara olla comun a-b",4,34,2024-11-23,1,"08:05","08:21",1,"","08:37",NA,2,37,NA,NA,NA,NA,NA,"",NA,NA,NA,NA,NA,NA,NA,"",NA,NA,NA,NA,NA,NA,NA,NA,NA,NA,NA,NA,NA,2,2,92,8,NA,NA,"",NA,NA,NA,"","",92,8,100,NA,NA,NA,NA,NA,NA,NA,NA,NA,NA,2,"MR. CIUDAD DE DIOS","DETALLADO","1, Bus",NA,"Punto movil",NA,NA,NA,NA,NA,NA,NA,NA,NA,NA,"Mapa con recorrido de inicio a fin","NO",NA,NA,"Complete","-16.311375","-71.639846","-16.309.508","-71.638.161"
"1480",1482,NA,"2024-12-06 12:12:51","17","Puesto de salud",1,171,2024-12-01,2,"","",NA,"","",2,1,NA,NA,60,0,NA,NA,"",NA,NA,NA,NA,NA,NA,NA,"",NA,NA,NA,NA,NA,NA,NA,NA,NA,NA,NA,NA,NA,NA,NA,NA,NA,NA,NA,"",NA,NA,NA,"","",60,0,60,NA,NA,NA,NA,NA,NA,NA,NA,NA,NA,2,"MR. CHARACATO","CORTO",NA,"No","Punto fijo",NA,NA,NA,NA,NA,NA,NA,NA,NA,NA,NA,NA,NA,NA,"Complete","-16.450622","-71.495903","",""
"1481",1483,NA,"2024-12-06 12:13:45","17","Plaza Principal Sanbandia",2,172,2024-12-01,2,"","",NA,"","",2,1,NA,NA,33,0,NA,NA,"",NA,NA,NA,NA,NA,NA,NA,"",NA,NA,NA,NA,NA,NA,NA,NA,NA,NA,NA,NA,NA,NA,NA,NA,NA,NA,NA,"",NA,NA,NA,"","",33,0,33,NA,NA,NA,NA,NA,NA,NA,NA,NA,NA,2,"MR. CHARACATO","CORTO",NA,"No","Punto fijo",NA,NA,NA,NA,NA,NA,NA,NA,NA,NA,NA,NA,NA,NA,"Complete","-16.456742","-71.494579","",""
"1482",1484,NA,"2024-12-06 12:15:23","17","Plaza de Coripata ",3,173,2024-12-01,2,"","",NA,"","",2,1,NA,NA,101,3,NA,NA,"",NA,NA,NA,NA,NA,NA,NA,"",NA,NA,NA,NA,NA,NA,NA,NA,NA,NA,NA,NA,NA,NA,NA,NA,NA,NA,NA,"",NA,NA,NA,"","",101,3,104,NA,NA,NA,NA,NA,NA,NA,NA,NA,NA,2,"MR. CHARACATO","CORTO",NA,"No","Punto fijo",NA,NA,NA,NA,NA,NA,NA,NA,NA,NA,NA,NA,NA,NA,"Complete","-16.446947","-71.497135","",""
"1483",1485,NA,"2024-12-06 12:17:01","3","Utupara Zona C-D",5,35,2024-11-23,1,"08:05","08:21",1,"","09:05",NA,2,34,NA,NA,NA,NA,NA,"",NA,NA,NA,NA,NA,NA,NA,"",NA,NA,NA,NA,NA,NA,NA,NA,NA,NA,NA,NA,NA,2,2,66,13,NA,NA,"",NA,NA,NA,"12:25","",66,13,79,NA,NA,NA,NA,NA,NA,NA,NA,NA,NA,2,"MR. CIUDAD DE DIOS","DETALLADO","1, Bus",NA,"Punto movil",NA,NA,NA,NA,NA,NA,NA,NA,NA,NA,"Mapa con recorrido de inicio a fin","NO",NA,NA,"Complete","-16.313384","-71.641363","-16.317.798","-71.643.547"
"1484",1486,NA,"2024-12-06 12:17:54","17","Loza Deportiva Coripata ",4,174,2024-12-01,1,"07:31","07:40",2,"","07:56",NA,2,21,NA,NA,NA,NA,NA,"",NA,NA,NA,NA,NA,NA,NA,"",NA,NA,NA,NA,NA,NA,NA,NA,NA,NA,NA,NA,NA,3,2,92,4,NA,NA,"",NA,NA,NA,"12:54","",92,4,96,NA,NA,NA,NA,NA,NA,NA,NA,NA,NA,2,"MR. CHARACATO","DETALLADO","2. Camioneta/Auto",NA,"Punto movil",NA,NA,NA,NA,NA,NA,NA,NA,NA,NA,"indicacion verbal (reportar en whats app)","NO",NA,NA,"Complete","-16.445208","-71.495660","-16.443.329","-71.495.152"
"1485",1487,NA,"2024-12-06 12:19:06","3","utupura olla comun",6,36,2024-11-23,2,"","",NA,"","",2,2,NA,NA,NA,NA,NA,NA,"",NA,NA,NA,NA,NA,NA,NA,"",NA,NA,NA,NA,NA,NA,NA,NA,NA,NA,NA,NA,NA,NA,NA,101,19,NA,NA,"",NA,NA,NA,"","",101,19,120,NA,NA,NA,NA,NA,NA,NA,NA,NA,NA,2,"MR. CIUDAD DE DIOS","CORTO",NA,"No","Punto movil",NA,NA,NA,NA,NA,NA,NA,NA,NA,NA,NA,NA,NA,NA,"Complete","-16.319092","-71.645139","",""
"1486",1488,NA,"2024-12-06 12:19:31","17","Loza Deportiva Buena Vista ",5,175,2024-12-01,1,"07:31","08:09",2,"","08:18",NA,1,28,NA,118,3,2,NA,"",NA,NA,NA,NA,NA,NA,NA,"",NA,NA,NA,NA,NA,NA,NA,NA,NA,NA,NA,NA,NA,NA,NA,NA,NA,NA,NA,"",NA,NA,NA,"12:35","",118,3,121,NA,NA,NA,NA,NA,NA,NA,NA,NA,NA,2,"MR. CHARACATO","DETALLADO","2. Camioneta/Auto",NA,"Punto fijo",NA,"NO",NA,NA,NA,NA,NA,NA,NA,NA,NA,NA,NA,NA,"Complete","-16.452123","-71.492446
","",""
"1487",1489,NA,"2024-12-06 12:21:25","17","Plaza Principal de Yumina",6,176,2024-12-01,1,"07:34","08:10",2,"","08:31",NA,1,38,NA,127,5,2,NA,"",NA,NA,NA,NA,NA,NA,NA,"",NA,NA,NA,NA,NA,NA,NA,NA,NA,NA,NA,NA,NA,NA,NA,NA,NA,NA,NA,"",NA,NA,NA,"12:30","",127,5,132,NA,NA,NA,NA,NA,NA,NA,NA,NA,NA,2,"MR. CHARACATO","DETALLADO","2. Camioneta/Auto",NA,"Punto fijo",NA,"NO",NA,NA,NA,NA,NA,NA,NA,NA,NA,NA,NA,NA,"Complete","-16.443908","-71.483429","",""
"1488",1490,NA,"2024-12-06 12:23:47","17","Entrada de Yumina y otros sectores",7,177,2024-12-01,1,"07:31","08:52",2,"","08:57",NA,2,27,NA,NA,NA,NA,NA,"",NA,NA,NA,NA,NA,NA,NA,"",NA,NA,NA,NA,NA,NA,NA,NA,NA,NA,NA,NA,NA,3,2,40,4,NA,NA,"",NA,NA,NA,"12:05","en la ruta brindaba habia mas chacras que casas",40,4,44,NA,NA,NA,NA,NA,NA,NA,NA,NA,NA,2,"MR. CHARACATO","DETALLADO","2. Camioneta/Auto",NA,"Punto movil",NA,NA,NA,NA,NA,NA,NA,NA,NA,NA,"indicacion verbal (reportar en whats app)","NO",NA,NA,"Complete","-16.459305","-71.491813","",""
"1489",1491,NA,"2024-12-06 12:25:43","17","Loza Deportiva del P.J Las Rocas",8,178,2024-12-01,2,"","",NA,"","",2,1,NA,NA,100,0,NA,NA,"",NA,NA,NA,NA,NA,NA,NA,"",NA,NA,NA,NA,NA,NA,NA,NA,NA,NA,NA,NA,NA,NA,NA,NA,NA,NA,NA,"",NA,NA,NA,"","",100,0,100,NA,NA,NA,NA,NA,NA,NA,NA,NA,NA,2,"MR. CHARACATO","CORTO",NA,"No","Punto fijo",NA,NA,NA,NA,NA,NA,NA,NA,NA,NA,NA,NA,NA,NA,"Complete","-16.461091","-71.487425","",""
"1490",1492,NA,"2024-12-06 12:26:54","17","Curva P.J Ampliación la Isla",9,179,2024-12-01,2,"","",NA,"","",2,1,NA,NA,56,5,NA,NA,"",NA,NA,NA,NA,NA,NA,NA,"",NA,NA,NA,NA,NA,NA,NA,NA,NA,NA,NA,NA,NA,NA,NA,NA,NA,NA,NA,"",NA,NA,NA,"","",56,5,61,NA,NA,NA,NA,NA,NA,NA,NA,NA,NA,2,"MR. CHARACATO","CORTO",NA,"No","Punto fijo",NA,NA,NA,NA,NA,NA,NA,NA,NA,NA,NA,NA,NA,NA,"Complete","-16.461258","-71.489499","",""
"1491",1493,NA,"2024-12-06 12:28:52","17","Loza deportuva Las Torres de San Isidro",10,1710,2024-12-01,1,"07:34","08:18",2,"","08:28",NA,1,58,NA,6,4,1,3,"10:45",2,NA,NA,18,6,2,NA,"",NA,NA,NA,NA,NA,NA,NA,NA,NA,NA,NA,NA,NA,NA,NA,NA,NA,NA,NA,"",NA,NA,NA,"12:35","",24,10,34,NA,NA,NA,NA,NA,NA,NA,NA,NA,NA,2,"MR. CHARACATO","DETALLADO","2. Camioneta/Auto",NA,"Punto fijo",NA,"SI","Yo mismo","Cambiamos a Punto movil","NO",NA,NA,NA,NA,NA,NA,NA,NA,NA,"Complete","-16.473009","-71.519104","-16.471.342","-71.519.585"
"1492",1494,NA,"2024-12-06 12:30:03","17","Umapalca - Nueva Campiña",11,1711,2024-12-01,2,"","",NA,"","",2,2,NA,NA,NA,NA,NA,NA,"",NA,NA,NA,NA,NA,NA,NA,"",NA,NA,NA,NA,NA,NA,NA,NA,NA,NA,NA,NA,NA,NA,NA,39,4,NA,NA,"",NA,NA,NA,"","",39,4,43,NA,NA,NA,NA,NA,NA,NA,NA,NA,NA,2,"MR. CHARACATO","CORTO",NA,"No","Punto movil",NA,NA,NA,NA,NA,NA,NA,NA,NA,NA,NA,NA,NA,NA,"Complete","-16.470015","-71.518961","-16.469.580","-71.518.797"
"1493",1495,NA,"2024-12-06 12:31:10","17","Losa Deportiva, El Herraje, Anexo Buena Vista",12,1712,2024-12-01,2,"","",NA,"","",2,1,NA,NA,30,4,NA,NA,"",NA,NA,NA,NA,NA,NA,NA,"",NA,NA,NA,NA,NA,NA,NA,NA,NA,NA,NA,NA,NA,NA,NA,NA,NA,NA,NA,"",NA,NA,NA,"","",30,4,34,NA,NA,NA,NA,NA,NA,NA,NA,NA,NA,2,"MR. CHARACATO","CORTO",NA,"No","Punto fijo",NA,NA,NA,NA,NA,NA,NA,NA,NA,NA,NA,NA,NA,NA,"Complete","-16.448977","-71.491797","",""
"1494",1496,NA,"2024-12-06 12:33:01","17","Quinta San Luis entrada",14,1714,2024-12-01,1,"07:53","08:30",2,"","09:00",NA,2,57,NA,NA,NA,NA,NA,"",NA,NA,NA,NA,NA,NA,NA,"",NA,NA,NA,NA,NA,NA,NA,NA,NA,NA,NA,NA,NA,3,2,36,1,NA,NA,"",NA,NA,NA,"12:35","quinta san luis, me dijeron que vaya ahi",36,1,37,NA,NA,NA,NA,NA,NA,NA,NA,NA,NA,2,"MR. CHARACATO","DETALLADO","2. Camioneta/Auto",NA,"Punto movil",NA,NA,NA,NA,NA,NA,NA,NA,NA,NA,"indicacion verbal (reportar en whats app)","NO",NA,NA,"Complete","-16.461804","-71.510994","",""
"1495",1497,NA,"2024-12-06 12:35:59","3","virgen de asuncion ",7,37,2024-11-23,1,"08:05","08:21",1,"","08:59",NA,2,44,NA,NA,NA,NA,NA,"",NA,NA,NA,NA,NA,NA,NA,"",NA,NA,NA,NA,NA,NA,NA,NA,NA,NA,NA,NA,NA,2,1,46,0,NA,NA,"",NA,NA,NA,"12:45","",46,0,46,NA,NA,NA,NA,NA,NA,NA,NA,NA,NA,2,"MR. CIUDAD DE DIOS","DETALLADO","1, Bus",NA,"Punto movil",NA,NA,NA,NA,NA,NA,NA,NA,NA,NA,"Mapa con recorrido de inicio a fin","SI",NA,NA,"Complete","-16.317250","-71.639831","-16.315.184","-71.629.852"
"1496",1498,NA,"2024-12-06 12:37:17","3","PROFAN zona 1-2",8,38,2024-11-23,2,"","",NA,"","",2,2,NA,NA,NA,NA,NA,NA,"",NA,NA,NA,NA,NA,NA,NA,"",NA,NA,NA,NA,NA,NA,NA,NA,NA,NA,NA,NA,NA,NA,NA,50,0,NA,NA,"",NA,NA,NA,"","",50,0,50,NA,NA,NA,NA,NA,NA,NA,NA,NA,NA,2,"MR. CIUDAD DE DIOS","CORTO",NA,"No","Punto movil",NA,NA,NA,NA,NA,NA,NA,NA,NA,NA,NA,NA,NA,NA,"Complete","-16.312066","-71.630849","-16.315.833","-71.629.286"
"1497",1499,NA,"2024-12-06 12:38:25","3","Andenes Cono Norte ",9,39,2024-11-23,2,"","",NA,"","",2,2,NA,NA,NA,NA,NA,NA,"",NA,NA,NA,NA,NA,NA,NA,"",NA,NA,NA,NA,NA,NA,NA,NA,NA,NA,NA,NA,NA,NA,NA,37,0,NA,NA,"",NA,NA,NA,"","",37,0,37,NA,NA,NA,NA,NA,NA,NA,NA,NA,NA,2,"MR. CIUDAD DE DIOS","CORTO",NA,"No","Punto movil",NA,NA,NA,NA,NA,NA,NA,NA,NA,NA,NA,NA,NA,NA,"Complete","-16.319992","-71.629867","",""
"1498",1500,NA,"2024-12-06 12:39:32","3","Altiplano Talleres - Altiplano Reservorio hacia abajo",10,310,2024-11-23,2,"","",NA,"","",2,2,NA,NA,NA,NA,NA,NA,"",NA,NA,NA,NA,NA,NA,NA,"",NA,NA,NA,NA,NA,NA,NA,NA,NA,NA,NA,NA,NA,NA,NA,74,0,NA,NA,"",NA,NA,NA,"","",74,0,74,NA,NA,NA,NA,NA,NA,NA,NA,NA,NA,2,"MR. CIUDAD DE DIOS","CORTO",NA,"No","Punto movil",NA,NA,NA,NA,NA,NA,NA,NA,NA,NA,NA,NA,NA,NA,"Complete","-16.308278","-71.627923","-16.320.698","-71.640.835"
"1499",1501,NA,"2024-12-06 12:39:45","3","Profan 1",1,31,2024-11-30,1,"07:39","08:13",1,"","08:39",NA,3,60,2,NA,NA,NA,NA,"",NA,NA,NA,NA,NA,NA,NA,"",NA,NA,NA,NA,NA,NA,NA,NA,NA,NA,NA,NA,NA,NA,NA,NA,NA,3,1,"",62,18,80,"12:05","",62,18,80,NA,NA,NA,NA,NA,NA,NA,NA,NA,NA,2,"MR. CIUDAD DE DIOS","DETALLADO","1, Bus",NA,"Puerta Puerta","Periurbano",NA,NA,NA,NA,NA,NA,NA,NA,NA,NA,NA,"3. indicacion verbal (reportar en whats app)","Tocar puerta por puerta","Complete","-16.292864","-71.634222","-16.312.148","-71.636.500"
"1500",1502,NA,"2024-12-06 12:40:48","3","J.A.Q Izquierdo Zona 1-2-3",11,311,2024-11-23,2,"","",NA,"","",2,2,NA,NA,NA,NA,NA,NA,"",NA,NA,NA,NA,NA,NA,NA,"",NA,NA,NA,NA,NA,NA,NA,NA,NA,NA,NA,NA,NA,NA,NA,37,5,NA,NA,"",NA,NA,NA,"","",37,5,42,NA,NA,NA,NA,NA,NA,NA,NA,NA,NA,2,"MR. CIUDAD DE DIOS","CORTO",NA,"No","Punto movil",NA,NA,NA,NA,NA,NA,NA,NA,NA,NA,NA,NA,NA,NA,"Complete","-16.317132","-71.620216","",""
"1501",1503,NA,"2024-12-06 12:41:26","3","Profan 2",2,32,2024-11-30,1,"07:43","08:11",1,"","08:32",NA,3,67,2,NA,NA,NA,NA,"",NA,NA,NA,NA,NA,NA,NA,"",NA,NA,NA,NA,NA,NA,NA,NA,NA,NA,NA,NA,NA,NA,NA,NA,NA,2,1,"",37,10,47,"12:25","",37,10,47,NA,NA,NA,NA,NA,NA,NA,NA,NA,NA,2,"MR. CIUDAD DE DIOS","DETALLADO","1, Bus",NA,"Puerta Puerta","Periurbano",NA,NA,NA,NA,NA,NA,NA,NA,NA,NA,NA,"2. Mapa con recorrido de inicio a fin","Tocar puerta por puerta","Complete","-16.312093","-71.630484","-16.314.047","-71.630.176"
"1502",1504,NA,"2024-12-06 12:41:50","3","J.A.Q Derecho Zona 3-4-5",12,312,2024-11-23,2,"","",NA,"","",2,2,NA,NA,NA,NA,NA,NA,"",NA,NA,NA,NA,NA,NA,NA,"",NA,NA,NA,NA,NA,NA,NA,NA,NA,NA,NA,NA,NA,NA,NA,76,26,NA,NA,"",NA,NA,NA,"","",76,26,102,NA,NA,NA,NA,NA,NA,NA,NA,NA,NA,2,"MR. CIUDAD DE DIOS","CORTO",NA,"No","Punto movil",NA,NA,NA,NA,NA,NA,NA,NA,NA,NA,NA,NA,NA,NA,"Complete","-16.323915","-71.622205","-16.327.780","-71.622.937"
"1503",1505,NA,"2024-12-06 12:43:12","3","Profan 3",3,33,2024-11-30,1,"07:26","08:10",1,"","08:25",NA,3,56,2,NA,NA,NA,NA,"",NA,NA,NA,NA,NA,NA,NA,"",NA,NA,NA,NA,NA,NA,NA,NA,NA,NA,NA,NA,NA,NA,NA,NA,NA,3,2,"",54,3,57,"13:00","se nos apago el megafono ",54,3,57,NA,NA,NA,NA,NA,NA,NA,NA,NA,NA,2,"MR. CIUDAD DE DIOS","DETALLADO","1, Bus",NA,"Puerta Puerta","Periurbano",NA,NA,NA,NA,NA,NA,NA,NA,NA,NA,NA,"3. indicacion verbal (reportar en whats app)","Caminar cuadra en cuadra","Complete","-16.316402","-71.628629","",""
"1504",1506,NA,"2024-12-06 12:43:17","3","villa tambo jardin ",13,313,2024-11-23,2,"","",NA,"","",2,2,NA,NA,NA,NA,NA,NA,"",NA,NA,NA,NA,NA,NA,NA,"",NA,NA,NA,NA,NA,NA,NA,NA,NA,NA,NA,NA,NA,NA,NA,58,12,NA,NA,"",NA,NA,NA,"","",58,12,70,NA,NA,NA,NA,NA,NA,NA,NA,NA,NA,2,"MR. CIUDAD DE DIOS","CORTO",NA,"No","Punto movil",NA,NA,NA,NA,NA,NA,NA,NA,NA,NA,NA,NA,NA,NA,"Complete","-16.339258","-71.646339","",""
"1505",1507,NA,"2024-12-06 12:44:51","3","Residentes Cusco",4,34,2024-11-30,1,"07:45","08:10",1,"","08:45",NA,3,25,2,NA,NA,NA,NA,"",NA,NA,NA,NA,NA,NA,NA,"",NA,NA,NA,NA,NA,NA,NA,NA,NA,NA,NA,NA,NA,NA,NA,NA,NA,3,2,"",55,10,65,"12:40","falta de refrigerio ",55,10,65,NA,NA,NA,NA,NA,NA,NA,NA,NA,NA,2,"MR. CIUDAD DE DIOS","DETALLADO","1, Bus",NA,"Puerta Puerta","Periurbano",NA,NA,NA,NA,NA,NA,NA,NA,NA,NA,NA,"3. indicacion verbal (reportar en whats app)","Caminar cuadra en cuadra","Complete","-16.305298","-71.637060","-16.307.213","-71.639.216"
"1506",1508,NA,"2024-12-06 12:45:07","3","amifiv",14,314,2024-11-23,1,"07:25","08:30",2,"","08:58",NA,2,59,NA,NA,NA,NA,NA,"",NA,NA,NA,NA,NA,NA,NA,"",NA,NA,NA,NA,NA,NA,NA,NA,NA,NA,NA,NA,NA,2,2,17,3,NA,NA,"",NA,NA,NA,"12:20","",17,3,20,NA,NA,NA,NA,NA,NA,NA,NA,NA,NA,2,"MR. CIUDAD DE DIOS","DETALLADO","2. Camioneta/Auto",NA,"Punto movil",NA,NA,NA,NA,NA,NA,NA,NA,NA,NA,"Mapa con recorrido de inicio a fin","NO",NA,NA,"Complete","-16.356813","-71.651135","-16.363.973","-71.652.285"
"1507",1509,NA,"2024-12-06 12:46:20","3","Residentes Puno",5,35,2024-11-30,1,"08:06","08:11",1,"","08:44",NA,3,NA,2,NA,NA,NA,NA,"",NA,NA,NA,NA,NA,NA,NA,"",NA,NA,NA,NA,NA,NA,NA,NA,NA,NA,NA,NA,NA,NA,NA,NA,NA,3,2,"",35,9,44,"12:51","",35,9,44,NA,NA,NA,NA,NA,NA,NA,NA,NA,NA,2,"MR. CIUDAD DE DIOS","DETALLADO","1, Bus",NA,"Puerta Puerta","Periurbano",NA,NA,NA,NA,NA,NA,NA,NA,NA,NA,NA,"3. indicacion verbal (reportar en whats app)","Caminar cuadra en cuadra","Complete","-16.305367","-71.637100","-16.307.323","-71.637.458"
"1508",1510,NA,"2024-12-06 12:46:28","3","Comercio Plaza",15,315,2024-11-23,2,"","",NA,"","",2,2,NA,NA,NA,NA,NA,NA,"",NA,NA,NA,NA,NA,NA,NA,"",NA,NA,NA,NA,NA,NA,NA,NA,NA,NA,NA,NA,NA,NA,NA,34,6,NA,NA,"",NA,NA,NA,"","",34,6,40,NA,NA,NA,NA,NA,NA,NA,NA,NA,NA,2,"MR. CIUDAD DE DIOS","CORTO",NA,"No","Punto movil",NA,NA,NA,NA,NA,NA,NA,NA,NA,NA,NA,NA,NA,NA,"Complete","-16.351352","-71.637773","-16.365.925","-71.646.544"
"1509",1511,NA,"2024-12-06 12:48:04","3","P.S. yura",16,316,2024-11-23,2,"","",NA,"","",2,1,NA,NA,70,0,NA,NA,"",NA,NA,NA,NA,NA,NA,NA,"",NA,NA,NA,NA,NA,NA,NA,NA,NA,NA,NA,NA,NA,NA,NA,NA,NA,NA,NA,"",NA,NA,NA,"","",70,0,70,NA,NA,NA,NA,NA,NA,NA,NA,NA,NA,2,"MR. CIUDAD DE DIOS","CORTO",NA,"No","Punto fijo",NA,NA,NA,NA,NA,NA,NA,NA,NA,NA,NA,NA,NA,NA,"Complete","-16.305244","-71.619711","",""
"1510",1512,NA,"2024-12-06 12:48:11","3","Utupara Primera Etapa",6,36,2024-11-30,1,"07:35","08:11",1,"","08:45",NA,3,78,2,NA,NA,NA,NA,"",NA,NA,NA,NA,NA,NA,NA,"",NA,NA,NA,NA,NA,NA,NA,NA,NA,NA,NA,NA,NA,NA,NA,NA,NA,3,2,"",54,6,60,"12:26","el megáfono se apago",54,6,60,NA,NA,NA,NA,NA,NA,NA,NA,NA,NA,2,"MR. CIUDAD DE DIOS","DETALLADO","1, Bus",NA,"Puerta Puerta","Periurbano",NA,NA,NA,NA,NA,NA,NA,NA,NA,NA,NA,"3. indicacion verbal (reportar en whats app)","Caminar cuadra en cuadra","Complete","-16.308579","-71.638148","-16.311.029","-71.639.116"
"1511",1513,NA,"2024-12-06 12:49:59","3","Mercado Santa Mónica Parte Alta El Altiplano",7,37,2024-11-30,1,"08:05","08:11",1,"","08:30",NA,3,80,2,NA,NA,NA,NA,"",NA,NA,NA,NA,NA,NA,NA,"",NA,NA,NA,NA,NA,NA,NA,NA,NA,NA,NA,NA,NA,NA,NA,NA,NA,3,2,"",38,0,38,"12:50","",38,0,38,NA,NA,NA,NA,NA,NA,NA,NA,NA,NA,2,"MR. CIUDAD DE DIOS","DETALLADO","1, Bus",NA,"Puerta Puerta","Periurbano",NA,NA,NA,NA,NA,NA,NA,NA,NA,NA,NA,"3. indicacion verbal (reportar en whats app)","Caminar cuadra en cuadra","Complete","-16.297529","-71.628314","-16.299.848","-71.628.947"
"1512",1514,NA,"2024-12-06 12:51:36","3","Comité 7 Milagro Zona 1 ",8,38,2024-11-30,1,"08:03","08:10",1,"","08:15",NA,3,49,1,NA,NA,NA,NA,"",NA,NA,NA,NA,NA,NA,NA,"",NA,NA,NA,NA,NA,NA,NA,NA,NA,NA,NA,NA,NA,NA,NA,NA,NA,3,1,"",52,22,74,"13:08","",52,22,74,NA,NA,NA,NA,NA,NA,NA,NA,NA,NA,2,"MR. CIUDAD DE DIOS","DETALLADO","1, Bus",NA,"Puerta Puerta","Urbano",NA,NA,NA,NA,NA,NA,NA,NA,NA,NA,NA,"3. indicacion verbal (reportar en whats app)","Tocar puerta por puerta","Complete","-16.295537","-71.626423","-16.294.887","-71.627.660"
"1513",1515,NA,"2024-12-06 12:52:58","3","Milagros Zona 3 Parte Alta",9,39,2024-11-30,1,"08:00","08:09",1,"","08:25",NA,3,13,2,NA,NA,NA,NA,"",NA,NA,NA,NA,NA,NA,NA,"",NA,NA,NA,NA,NA,NA,NA,NA,NA,NA,NA,NA,NA,NA,NA,NA,NA,3,2,"",66,11,77,"13:00","",66,11,77,NA,NA,NA,NA,NA,NA,NA,NA,NA,NA,2,"MR. CIUDAD DE DIOS","DETALLADO","1, Bus",NA,"Puerta Puerta","Periurbano",NA,NA,NA,NA,NA,NA,NA,NA,NA,NA,NA,"3. indicacion verbal (reportar en whats app)","Caminar cuadra en cuadra","Complete","-16.291333","-71.632690","-16.293.301","-71.630.862"
"1514",1516,NA,"2024-12-06 12:55:43","3","Milagros Zona 3 Parte Baja Villa Milagros",10,310,2024-11-30,1,"07:50","08:10",1,"","08:38",NA,3,79,2,NA,NA,NA,NA,"",NA,NA,NA,NA,NA,NA,NA,"",NA,NA,NA,NA,NA,NA,NA,NA,NA,NA,NA,NA,NA,NA,NA,NA,NA,3,2,"",68,1,69,"13:10","Algunas casas abandonadas sin dueños, muchos perros sin duelos en las calles , indica la zona con mayor detalle, porque algunos zonas ya estaban con perros vacunados",68,1,69,NA,NA,NA,NA,NA,NA,NA,NA,NA,NA,2,"MR. CIUDAD DE DIOS","DETALLADO","1, Bus",NA,"Puerta Puerta","Periurbano",NA,NA,NA,NA,NA,NA,NA,NA,NA,NA,NA,"3. indicacion verbal (reportar en whats app)","Caminar cuadra en cuadra","Complete","-16.294666","-71.633647","-16.290.204","-71.630.955"
"1515",1517,NA,"2024-12-06 13:00:13","10","valcones de chilina",1,101,2024-11-24,1,"07:43","08:45",2,"","09:00",NA,3,NA,2,NA,NA,NA,NA,"",NA,NA,NA,NA,NA,NA,NA,"",NA,NA,NA,NA,NA,NA,NA,NA,NA,NA,NA,NA,NA,NA,NA,NA,NA,4,1,"",88,12,100,"12:36","",88,12,100,NA,NA,NA,NA,NA,NA,NA,NA,NA,NA,2,"MR. ALTO SELVA ALEGRE","DETALLADO","2. Camioneta/Auto",NA,"Puerta Puerta","Periurbano",NA,NA,NA,NA,NA,NA,NA,NA,NA,NA,NA,"4. Mapa digital","Tocar puerta por puerta","Complete","-16.364238","-71.530957","-16.365.393","-71.528.788"
"1516",1518,NA,"2024-12-06 13:02:34","10","Villa Paraisito (Agrup. Familiar Villa Confraternidad Zona D)",2,102,2024-11-24,1,"07:20","08:40",2,"","09:10",NA,3,NA,2,NA,NA,NA,NA,"",NA,NA,NA,NA,NA,NA,NA,"",NA,NA,NA,NA,NA,NA,NA,NA,NA,NA,NA,NA,NA,NA,NA,NA,NA,4,1,"",70,3,73,"12:40","",70,3,73,NA,NA,NA,NA,NA,NA,NA,NA,NA,NA,2,"MR. ALTO SELVA ALEGRE","DETALLADO","2. Camioneta/Auto",NA,"Puerta Puerta","Periurbano",NA,NA,NA,NA,NA,NA,NA,NA,NA,NA,NA,"4. Mapa digital","Tocar puerta por puerta","Complete","-16.357863","-71.529814","",""
"1517",1519,NA,"2024-12-06 13:04:16","10","ampliacion zona b",3,103,2024-11-24,1,"07:30","08:35",2,"","09:02",NA,3,NA,2,NA,NA,NA,NA,"",NA,NA,NA,NA,NA,NA,NA,"",NA,NA,NA,NA,NA,NA,NA,NA,NA,NA,NA,NA,NA,NA,NA,NA,NA,4,1,"",75,5,80,"12:40","",75,5,80,NA,NA,NA,NA,NA,NA,NA,NA,NA,NA,2,"MR. ALTO SELVA ALEGRE","DETALLADO","2. Camioneta/Auto",NA,"Puerta Puerta","Periurbano",NA,NA,NA,NA,NA,NA,NA,NA,NA,NA,NA,"4. Mapa digital","Tocar puerta por puerta","Complete","-16.353093","-71.522510","-16.353.265","-71.518.079"
"1518",1520,NA,"2024-12-06 13:06:45","10","ampliacion villa ecologica ",4,104,2024-11-24,1,"07:30","08:35",2,"","09:07",NA,3,NA,2,NA,NA,NA,NA,"",NA,NA,NA,NA,NA,NA,NA,"",NA,NA,NA,NA,NA,NA,NA,NA,NA,NA,NA,NA,NA,NA,NA,NA,NA,4,1,"",97,3,100,"12:39","",97,3,100,NA,NA,NA,NA,NA,NA,NA,NA,NA,NA,2,"MR. ALTO SELVA ALEGRE","DETALLADO","2. Camioneta/Auto",NA,"Puerta Puerta","Periurbano",NA,NA,NA,NA,NA,NA,NA,NA,NA,NA,NA,"4. Mapa digital","Tocar puerta por puerta","Complete","-16.345097","-71.520840","",""
"1519",1521,NA,"2024-12-06 13:09:00","10","villa ecologica villa confraternidad ",5,105,2024-11-24,1,"07:49","08:45",2,"","08:58",NA,3,NA,1,NA,NA,NA,NA,"",NA,NA,NA,NA,NA,NA,NA,"",NA,NA,NA,NA,NA,NA,NA,NA,NA,NA,NA,NA,NA,NA,NA,NA,NA,4,1,"",40,10,50,"13:03","",40,10,50,NA,NA,NA,NA,NA,NA,NA,NA,NA,NA,2,"MR. ALTO SELVA ALEGRE","DETALLADO","2. Camioneta/Auto",NA,"Puerta Puerta","Urbano",NA,NA,NA,NA,NA,NA,NA,NA,NA,NA,NA,"4. Mapa digital","Tocar puerta por puerta","Complete","-16.347305","-71.521164","",""
"1520",1522,NA,"2024-12-07 07:24:37","5","los cristales ",9,59,2024-11-10,1,"08:30","09:00",1,"","09:10",NA,1,1,NA,98,12,2,NA,"",NA,NA,NA,NA,NA,NA,NA,"",NA,NA,NA,NA,NA,NA,NA,NA,NA,NA,NA,NA,NA,NA,NA,NA,NA,NA,NA,"",NA,NA,NA,"13:40","",98,12,110,NA,NA,NA,NA,NA,NA,NA,NA,NA,NA,2,"MR. SAN MARTIN SOCABAYA","DETALLADO","1, Bus",NA,"Punto fijo",NA,"NO",NA,NA,NA,NA,NA,NA,NA,NA,NA,NA,NA,NA,"Complete","-16.455939","-71.538598","",""
"1521",1523,NA,"2024-12-07 07:27:16","5","urb los claveles",10,510,2024-11-10,1,"08:30","08:53",1,"","09:01",NA,1,14,NA,0,0,1,3,"10:10",1,64,10,NA,NA,2,NA,"",NA,NA,NA,NA,NA,NA,NA,NA,NA,NA,NA,NA,NA,NA,NA,NA,NA,NA,NA,"",NA,NA,NA,"13:35","",64,10,74,NA,NA,NA,NA,NA,NA,NA,NA,NA,NA,2,"MR. SAN MARTIN SOCABAYA","DETALLADO","1, Bus",NA,"Punto fijo",NA,"SI","Yo mismo","Cambiamos a Punto fijo","NO",NA,NA,NA,NA,NA,NA,NA,NA,NA,"Complete","-16.457098","-71.539230","",""
"1522",1524,NA,"2024-12-07 07:32:38","5","cancha de nuevo jerusalen ",16,516,2024-11-10,1,"08:25","08:59",1,"","09:27",NA,1,43,NA,19,3,1,1,"11:28",1,41,2,NA,NA,2,NA,"",NA,NA,NA,NA,NA,NA,NA,NA,NA,NA,NA,NA,NA,NA,NA,NA,NA,NA,NA,"",NA,NA,NA,"13:00","",60,5,65,NA,NA,NA,NA,NA,NA,NA,NA,NA,NA,2,"MR. SAN MARTIN SOCABAYA","DETALLADO","1, Bus",NA,"Punto fijo",NA,"SI","Microred","Cambiamos a Punto fijo","NO",NA,NA,NA,NA,NA,NA,NA,NA,NA,"Complete","-16.468676","-71.553407","",""
"1523",1525,NA,"2024-12-07 07:36:27","10","C.S. Independencia",10,1010,2024-11-23,2,"","",NA,"","",2,1,NA,NA,20,2,NA,NA,"",NA,NA,NA,NA,NA,NA,NA,"",NA,NA,NA,NA,NA,NA,NA,NA,NA,NA,NA,NA,NA,NA,NA,NA,NA,NA,NA,"",NA,NA,NA,"","",20,2,22,NA,NA,NA,NA,NA,NA,NA,NA,NA,NA,2,"MR. ALTO SELVA ALEGRE","CORTO",NA,"No","Punto fijo",NA,NA,NA,NA,NA,NA,NA,NA,NA,NA,NA,NA,NA,NA,"Complete","-16.366758","-71.524984","",""
"1524",1526,NA,"2024-12-07 07:40:26","10","ampliacion villa ecologica",6,106,2024-11-24,1,"07:47","08:47",2,"","09:02",NA,3,NA,2,NA,NA,NA,NA,"",NA,NA,NA,NA,NA,NA,NA,"",NA,NA,NA,NA,NA,NA,NA,NA,NA,NA,NA,NA,NA,NA,NA,NA,NA,4,1,"",46,12,58,"13:20","",46,12,58,NA,NA,NA,NA,NA,NA,NA,NA,NA,NA,2,"MR. ALTO SELVA ALEGRE","DETALLADO","2. Camioneta/Auto",NA,"Puerta Puerta","Periurbano",NA,NA,NA,NA,NA,NA,NA,NA,NA,NA,NA,"4. Mapa digital","Tocar puerta por puerta","Complete","-16.338345","-71.521191","-16.343747","-71.520990"
"1525",1527,NA,"2024-12-07 07:42:15","10","nuevo amanecer ",7,107,2024-11-24,1,"08:15","08:40",2,"","09:00",NA,3,NA,2,NA,NA,NA,NA,"",NA,NA,NA,NA,NA,NA,NA,"",NA,NA,NA,NA,NA,NA,NA,NA,NA,NA,NA,NA,NA,NA,NA,NA,NA,1,1,"",50,11,61,"13:00","",50,11,61,NA,NA,NA,NA,NA,NA,NA,NA,NA,NA,2,"MR. ALTO SELVA ALEGRE","DETALLADO","2. Camioneta/Auto",NA,"Puerta Puerta","Periurbano",NA,NA,NA,NA,NA,NA,NA,NA,NA,NA,NA,"1. Mapa con zona delimitada","Tocar puerta por puerta","Complete","-16.335824","-71.511503","-16.341.913","-71.513.096"
"1526",1528,NA,"2024-12-07 07:44:08","10","nueva villa ecologica zona c",8,108,2024-11-24,1,"07:47","09:40",1,"","10:05",NA,3,NA,2,NA,NA,NA,NA,"",NA,NA,NA,NA,NA,NA,NA,"",NA,NA,NA,NA,NA,NA,NA,NA,NA,NA,NA,NA,NA,NA,NA,NA,NA,4,1,"",32,8,40,"13:00","",32,8,40,NA,NA,NA,NA,NA,NA,NA,NA,NA,NA,2,"MR. ALTO SELVA ALEGRE","DETALLADO","1, Bus",NA,"Puerta Puerta","Periurbano",NA,NA,NA,NA,NA,NA,NA,NA,NA,NA,NA,"4. Mapa digital","Tocar puerta por puerta","Complete","-16.342794","-71.514992","",""
"1527",1529,NA,"2024-12-07 07:46:36","10","san luis gonsaga zona A",9,109,2024-11-24,1,"08:00","08:15",2,"","08:45",NA,3,NA,1,NA,NA,NA,NA,"",NA,NA,NA,NA,NA,NA,NA,"",NA,NA,NA,NA,NA,NA,NA,NA,NA,NA,NA,NA,NA,NA,NA,NA,NA,1,1,"",96,16,112,"14:00","",96,16,112,NA,NA,NA,NA,NA,NA,NA,NA,NA,NA,2,"MR. ALTO SELVA ALEGRE","DETALLADO","2. Camioneta/Auto",NA,"Puerta Puerta","Urbano",NA,NA,NA,NA,NA,NA,NA,NA,NA,NA,NA,"1. Mapa con zona delimitada","Tocar puerta por puerta","Complete","-16.350935","-71.512073","",""
"1528",1530,NA,"2024-12-07 07:48:11","10","villa ecologica zona A",10,1010,2024-11-24,1,"07:38","09:30",2,"","09:43",NA,3,NA,2,NA,NA,NA,NA,"",NA,NA,NA,NA,NA,NA,NA,"",NA,NA,NA,NA,NA,NA,NA,NA,NA,NA,NA,NA,NA,NA,NA,NA,NA,4,1,"",82,15,97,"13:06","",82,15,97,NA,NA,NA,NA,NA,NA,NA,NA,NA,NA,2,"MR. ALTO SELVA ALEGRE","DETALLADO","2. Camioneta/Auto",NA,"Puerta Puerta","Periurbano",NA,NA,NA,NA,NA,NA,NA,NA,NA,NA,NA,"4. Mapa digital","Tocar puerta por puerta","Complete","-16.348779","-71.514250","-16.350.872","-71.515.547"
"1529",1531,NA,"2024-12-07 07:49:13","10","C.S. Independencia ",11,1011,2024-11-24,2,"","",NA,"","",2,3,NA,NA,NA,NA,NA,NA,"",NA,NA,NA,NA,NA,NA,NA,"",NA,NA,NA,NA,NA,NA,NA,NA,NA,NA,NA,NA,NA,NA,NA,NA,NA,NA,NA,"",40,5,45,"","",40,5,45,NA,NA,NA,NA,NA,NA,NA,NA,NA,NA,2,"MR. ALTO SELVA ALEGRE","CORTO",NA,"No","Puerta Puerta",NA,NA,NA,NA,NA,NA,NA,NA,NA,NA,NA,NA,NA,NA,"Complete","-16.366749","-71.524971","",""
"1530",1532,NA,"2024-12-07 07:49:56","10","apsil",12,1012,2024-11-24,2,"","",NA,"","",2,3,NA,NA,NA,NA,NA,NA,"",NA,NA,NA,NA,NA,NA,NA,"",NA,NA,NA,NA,NA,NA,NA,NA,NA,NA,NA,NA,NA,NA,NA,NA,NA,NA,NA,"",20,0,20,"","",20,0,20,NA,NA,NA,NA,NA,NA,NA,NA,NA,NA,2,"MR. ALTO SELVA ALEGRE","CORTO",NA,"No","Puerta Puerta",NA,NA,NA,NA,NA,NA,NA,NA,NA,NA,NA,NA,NA,NA,"Complete","-16.352732","-71.509122","",""
"1531",1533,NA,"2024-12-07 08:07:01","17","plaza principal ",1,171,2024-11-24,1,"07:54","08:30",4,"","08:31",NA,1,57,NA,100,0,2,NA,"",NA,NA,NA,NA,NA,NA,NA,"",NA,NA,NA,NA,NA,NA,NA,NA,NA,NA,NA,NA,NA,NA,NA,NA,NA,NA,NA,"",NA,NA,NA,"13:02","",100,0,100,NA,NA,NA,NA,NA,NA,NA,NA,NA,NA,2,"MR. CHARACATO","DETALLADO","4. Caminando",NA,"Punto fijo",NA,"NO",NA,NA,NA,NA,NA,NA,NA,NA,NA,NA,NA,NA,"Complete","-16.468351","-71.484166","",""
"1532",1534,NA,"2024-12-07 08:08:13","17","local social ",2,172,2024-11-24,2,"","",NA,"","",2,2,NA,NA,NA,NA,NA,NA,"",NA,NA,NA,NA,NA,NA,NA,"",NA,NA,NA,NA,NA,NA,NA,NA,NA,NA,NA,NA,NA,NA,NA,145,4,NA,NA,"",NA,NA,NA,"","",145,4,149,NA,NA,NA,NA,NA,NA,NA,NA,NA,NA,2,"MR. CHARACATO","CORTO",NA,"No","Punto movil",NA,NA,NA,NA,NA,NA,NA,NA,NA,NA,NA,NA,NA,NA,"Complete","-16.472373","-71.469156","",""
"1533",1535,NA,"2024-12-07 08:09:38","17","plaza cacapata calle moquegua",3,173,2024-11-24,2,"","",NA,"","",2,2,NA,NA,NA,NA,NA,NA,"",NA,NA,NA,NA,NA,NA,NA,"",NA,NA,NA,NA,NA,NA,NA,NA,NA,NA,NA,NA,NA,NA,NA,92,10,NA,NA,"",NA,NA,NA,"","",92,10,102,NA,NA,NA,NA,NA,NA,NA,NA,NA,NA,2,"MR. CHARACATO","CORTO",NA,"No","Punto movil",NA,NA,NA,NA,NA,NA,NA,NA,NA,NA,NA,NA,NA,NA,"Complete","-16.478646","-71.472799","",""
"1534",1536,NA,"2024-12-07 08:10:59","17","parque pueblo joven san Fernando ",4,174,2024-11-24,2,"","",NA,"","",2,1,NA,NA,123,3,NA,NA,"",NA,NA,NA,NA,NA,NA,NA,"",NA,NA,NA,NA,NA,NA,NA,NA,NA,NA,NA,NA,NA,NA,NA,NA,NA,NA,NA,"",NA,NA,NA,"","",123,3,126,NA,NA,NA,NA,NA,NA,NA,NA,NA,NA,2,"MR. CHARACATO","CORTO",NA,"No","Punto fijo",NA,NA,NA,NA,NA,NA,NA,NA,NA,NA,NA,NA,NA,NA,"Complete","-16.463397","-71.493529","",""
"1535",1537,NA,"2024-12-07 08:12:04","17","P.S. san cosme ",5,175,2024-11-24,2,"","",NA,"","",2,1,NA,NA,96,0,NA,NA,"",NA,NA,NA,NA,NA,NA,NA,"",NA,NA,NA,NA,NA,NA,NA,NA,NA,NA,NA,NA,NA,NA,NA,NA,NA,NA,NA,"",NA,NA,NA,"","",96,0,96,NA,NA,NA,NA,NA,NA,NA,NA,NA,NA,2,"MR. CHARACATO","CORTO",NA,"No","Punto fijo",NA,NA,NA,NA,NA,NA,NA,NA,NA,NA,NA,NA,NA,NA,"Complete","-16.471367","-71.489548","",""
"1536",1538,NA,"2024-12-07 08:13:15","17","28 de julio complejo deportivo ",6,176,2024-11-24,2,"","",NA,"","",2,1,NA,NA,65,5,NA,NA,"",NA,NA,NA,NA,NA,NA,NA,"",NA,NA,NA,NA,NA,NA,NA,NA,NA,NA,NA,NA,NA,NA,NA,NA,NA,NA,NA,"",NA,NA,NA,"","",65,5,70,NA,NA,NA,NA,NA,NA,NA,NA,NA,NA,2,"MR. CHARACATO","CORTO",NA,"No","Punto fijo",NA,NA,NA,NA,NA,NA,NA,NA,NA,NA,NA,NA,NA,NA,"Complete","-16.468715","-71.494085","",""
"1537",1539,NA,"2024-12-07 08:14:08","17","juventud characato",7,177,2024-11-24,2,"","",NA,"","",2,1,NA,NA,98,2,NA,NA,"",NA,NA,NA,NA,NA,NA,NA,"",NA,NA,NA,NA,NA,NA,NA,NA,NA,NA,NA,NA,NA,NA,NA,NA,NA,NA,NA,"",NA,NA,NA,"","",98,2,100,NA,NA,NA,NA,NA,NA,NA,NA,NA,NA,2,"MR. CHARACATO","CORTO",NA,"No","Punto fijo",NA,NA,NA,NA,NA,NA,NA,NA,NA,NA,NA,NA,NA,NA,"Complete","-16.481574","-71.485409","",""
"1538",1540,NA,"2024-12-07 08:16:07","17","ampliación characato ",8,178,2024-11-24,1,"07:30","08:30",2,"","08:40",NA,1,17,NA,64,4,2,NA,"",NA,NA,NA,NA,NA,NA,NA,"",NA,NA,NA,NA,NA,NA,NA,NA,NA,NA,NA,NA,NA,NA,NA,NA,NA,NA,NA,"",NA,NA,NA,"12:45","",64,4,68,NA,NA,NA,NA,NA,NA,NA,NA,NA,NA,2,"MR. CHARACATO","DETALLADO","2. Camioneta/Auto",NA,"Punto fijo",NA,"NO",NA,NA,NA,NA,NA,NA,NA,NA,NA,NA,NA,NA,"Complete","-16.481556","-71.493050","-16.482.453","-71.492.273"
"1539",1541,NA,"2024-12-07 08:17:27","17","nuevo amanecer ",9,179,2024-11-24,2,"","",NA,"","",2,2,NA,NA,NA,NA,NA,NA,"",NA,NA,NA,NA,NA,NA,NA,"",NA,NA,NA,NA,NA,NA,NA,NA,NA,NA,NA,NA,NA,NA,NA,85,0,NA,NA,"",NA,NA,NA,"","",85,0,85,NA,NA,NA,NA,NA,NA,NA,NA,NA,NA,2,"MR. CHARACATO","CORTO",NA,"No","Punto movil",NA,NA,NA,NA,NA,NA,NA,NA,NA,NA,NA,NA,NA,NA,"Complete","-16.482514","-71.497611","",""
"1540",1542,NA,"2024-12-07 08:20:32","17","plaza principal asovich",12,1712,2024-11-24,1,"07:45","07:50",6,"ambulancia ","08:15",NA,2,77,NA,NA,NA,NA,NA,"",NA,NA,NA,NA,NA,NA,NA,"",NA,NA,NA,NA,NA,NA,NA,NA,NA,NA,NA,NA,NA,3,2,186,2,NA,NA,"",NA,NA,NA,"13:25","",186,2,188,NA,NA,NA,NA,NA,NA,NA,NA,NA,NA,2,"MR. CHARACATO","DETALLADO","6. Otros (Especificar)",NA,"Punto movil",NA,NA,NA,NA,NA,NA,NA,NA,NA,NA,"indicacion verbal (reportar en whats app)","NO",NA,NA,"Complete","-16.463720","-71.500278","",""
"1541",1543,NA,"2024-12-07 08:23:07","17","gustavo mohme",13,1713,2024-11-24,1,"07:50","08:00",4,"","08:15",NA,1,68,NA,94,3,2,NA,"",NA,NA,NA,NA,NA,NA,NA,"",NA,NA,NA,NA,NA,NA,NA,NA,NA,NA,NA,NA,NA,NA,NA,NA,NA,NA,NA,"",NA,NA,NA,"13:10","",94,3,97,NA,NA,NA,NA,NA,NA,NA,NA,NA,NA,2,"MR. CHARACATO","DETALLADO","4. Caminando",NA,"Punto fijo",NA,"NO",NA,NA,NA,NA,NA,NA,NA,NA,NA,NA,NA,NA,"Complete","-16.477314","-71.492704","-16.476.965","-71.492.540"
"1542",1544,NA,"2024-12-07 08:24:49","17","tres postes ",14,1714,2024-11-24,2,"","",NA,"","",2,2,NA,NA,NA,NA,NA,NA,"",NA,NA,NA,NA,NA,NA,NA,"",NA,NA,NA,NA,NA,NA,NA,NA,NA,NA,NA,NA,NA,NA,NA,110,0,NA,NA,"",NA,NA,NA,"","",110,0,110,NA,NA,NA,NA,NA,NA,NA,NA,NA,NA,2,"MR. CHARACATO","CORTO",NA,"No","Punto movil",NA,NA,NA,NA,NA,NA,NA,NA,NA,NA,NA,NA,NA,NA,"Complete","-16.479130","-71.492838","",""
"1543",1545,NA,"2024-12-07 08:29:03","17","santa maria loza deportiva",15,1715,2024-11-24,2,"","",NA,"","",2,2,NA,NA,NA,NA,NA,NA,"",NA,NA,NA,NA,NA,NA,NA,"",NA,NA,NA,NA,NA,NA,NA,NA,NA,NA,NA,NA,NA,NA,NA,77,14,NA,NA,"",NA,NA,NA,"","",77,14,91,NA,NA,NA,NA,NA,NA,NA,NA,NA,NA,2,"MR. CHARACATO","CORTO",NA,"No","Punto movil",NA,NA,NA,NA,NA,NA,NA,NA,NA,NA,NA,NA,NA,NA,"Complete","-16.479595","-71.497486","",""
"1544",1546,NA,"2024-12-07 08:31:35","17","loza deportiva villa san juan  ",16,1716,2024-11-24,1,"08:17","08:30",2,"","08:50",NA,2,46,NA,NA,NA,NA,NA,"",NA,NA,NA,NA,NA,NA,NA,"",NA,NA,NA,NA,NA,NA,NA,NA,NA,NA,NA,NA,NA,1,1,93,0,NA,NA,"",NA,NA,NA,"13:10","",93,0,93,NA,NA,NA,NA,NA,NA,NA,NA,NA,NA,2,"MR. CHARACATO","DETALLADO","2. Camioneta/Auto",NA,"Punto movil",NA,NA,NA,NA,NA,NA,NA,NA,NA,NA,"Mapa con zona delimitada","SI",NA,NA,"Complete","-16.475216","-71.499205","-16.483.912","-71.499.109"
"1545",1547,NA,"2024-12-07 08:42:39","17","villa fortaleza ",17,1717,2024-11-24,1,"08:15","08:35",2,"","08:52",NA,2,16,NA,NA,NA,NA,NA,"",NA,NA,NA,NA,NA,NA,NA,"",NA,NA,NA,NA,NA,NA,NA,NA,NA,NA,NA,NA,NA,3,1,40,1,NA,NA,"",NA,NA,NA,"12:20","",40,1,41,NA,NA,NA,NA,NA,NA,NA,NA,NA,NA,2,"MR. CHARACATO","DETALLADO","2. Camioneta/Auto",NA,"Punto movil",NA,NA,NA,NA,NA,NA,NA,NA,NA,NA,"indicacion verbal (reportar en whats app)","SI",NA,NA,"Complete","-16.473480","-71.502553","-16.475438","-71.497982"
"1546",1548,NA,"2024-12-07 08:45:01","17","los angeles",19,1719,2024-11-24,2,"","",NA,"","",2,2,NA,NA,NA,NA,NA,NA,"",NA,NA,NA,NA,NA,NA,NA,"",NA,NA,NA,NA,NA,NA,NA,NA,NA,NA,NA,NA,NA,NA,NA,84,2,NA,NA,"",NA,NA,NA,"","",84,2,86,NA,NA,NA,NA,NA,NA,NA,NA,NA,NA,2,"MR. CHARACATO","CORTO",NA,"No","Punto movil",NA,NA,NA,NA,NA,NA,NA,NA,NA,NA,NA,NA,NA,NA,"Complete","-16.468980","-71.496087","-16.465.300","-71.496.016"
"1547",1549,NA,"2024-12-07 08:56:21","3","camara 10",1,31,2024-11-24,1,"07:45","08:38",1,"","08:49",NA,1,38,NA,24,6,1,1,"10:40",1,22,5,NA,NA,1,1,"11:30",1,14,4,NA,NA,2,NA,NA,NA,NA,NA,NA,NA,NA,NA,NA,NA,NA,NA,"",NA,NA,NA,"12:19","",60,15,75,NA,NA,NA,NA,NA,NA,NA,NA,NA,NA,2,"MR. CIUDAD DE DIOS","DETALLADO","1, Bus",NA,"Punto fijo",NA,"SI","Microred","Cambiamos a Punto fijo","SI","Microred","Cambiamos a Punto fijo","NO",NA,NA,NA,NA,NA,NA,"Complete","-16.305132","-71.617489","-16.306.164","-71.618.463"
"1548",1550,NA,"2024-12-07 08:58:34","3","camara 9",2,32,2024-11-24,1,"07:45","08:38",1,"","08:51",NA,1,37,NA,29,11,1,3,"11:05",2,NA,NA,43,10,2,NA,"",NA,NA,NA,NA,NA,NA,NA,NA,NA,NA,NA,NA,NA,NA,NA,NA,NA,NA,NA,"",NA,NA,NA,"13:33","",72,21,93,NA,NA,NA,NA,NA,NA,NA,NA,NA,NA,2,"MR. CIUDAD DE DIOS","DETALLADO","1, Bus",NA,"Punto fijo",NA,"SI","Yo mismo","Cambiamos a Punto movil","NO",NA,NA,NA,NA,NA,NA,NA,NA,NA,"Complete","-16.308198","-71.613918","-16.305.758","-71.613.424"
"1549",1551,NA,"2024-12-07 09:00:54","3","camara de seguridad 15",3,33,2024-11-24,1,"07:45","08:38",1,"","08:54",NA,1,44,NA,26,10,1,1,"11:35",2,NA,NA,14,2,2,NA,"",NA,NA,NA,NA,NA,NA,NA,NA,NA,NA,NA,NA,NA,NA,NA,NA,NA,NA,NA,"",NA,NA,NA,"12:30","",40,12,52,NA,NA,NA,NA,NA,NA,NA,NA,NA,NA,2,"MR. CIUDAD DE DIOS","DETALLADO","1, Bus",NA,"Punto fijo",NA,"SI","Microred","Cambiamos a Punto movil","NO",NA,NA,NA,NA,NA,NA,NA,NA,NA,"Complete","-16.310210","-71.614577","-16.312.838","-71.615.592"
"1550",1552,NA,"2024-12-07 09:02:47","3","camara de seguridad 19",4,34,2024-11-24,1,"07:45","08:38",1,"","09:00",NA,1,34,NA,18,3,1,2,"11:04",2,NA,NA,3,4,2,NA,"",NA,NA,NA,NA,NA,NA,NA,NA,NA,NA,NA,NA,NA,NA,NA,NA,NA,NA,NA,"",NA,NA,NA,"11:48","",21,7,28,NA,NA,NA,NA,NA,NA,NA,NA,NA,NA,2,"MR. CIUDAD DE DIOS","DETALLADO","1, Bus",NA,"Punto fijo",NA,"SI","Municipio","Cambiamos a Punto movil","NO",NA,NA,NA,NA,NA,NA,NA,NA,NA,"Complete","-16.313667","-71.608111","-16.311.320","-71.605.772"
"1551",1553,NA,"2024-12-07 09:14:16","3","camara de seguridad 11",5,35,2024-11-24,1,"07:45","08:38",1,"","09:02",NA,1,59,NA,10,6,1,1,"13:30",1,18,4,NA,NA,2,NA,"",NA,NA,NA,NA,NA,NA,NA,NA,NA,NA,NA,NA,NA,NA,NA,NA,NA,NA,NA,"",NA,NA,NA,"11:53","",28,10,38,NA,NA,NA,NA,NA,NA,NA,NA,NA,NA,2,"MR. CIUDAD DE DIOS","DETALLADO","1, Bus",NA,"Punto fijo",NA,"SI","Microred","Cambiamos a Punto fijo","NO",NA,NA,NA,NA,NA,NA,NA,NA,NA,"Complete","-16.315587","-71.606123","-16.313.869","-71.605.323"
"1552",1554,NA,"2024-12-07 09:16:00","3","camara de seguridad 12",6,36,2024-11-24,2,"","",NA,"","",2,2,NA,NA,NA,NA,NA,NA,"",NA,NA,NA,NA,NA,NA,NA,"",NA,NA,NA,NA,NA,NA,NA,NA,NA,NA,NA,NA,NA,NA,NA,33,2,NA,NA,"",NA,NA,NA,"","",33,2,35,NA,NA,NA,NA,NA,NA,NA,NA,NA,NA,2,"MR. CIUDAD DE DIOS","CORTO",NA,"No","Punto movil",NA,NA,NA,NA,NA,NA,NA,NA,NA,NA,NA,NA,NA,NA,"Complete","-16.317399","-71.603500","-16.314.870","-71.602.229"
"1553",1555,NA,"2024-12-07 09:18:57","3","villa milagros ",7,37,2024-11-24,2,"","",NA,"","",2,2,NA,NA,NA,NA,NA,NA,"",NA,NA,NA,NA,NA,NA,NA,"",NA,NA,NA,NA,NA,NA,NA,NA,NA,NA,NA,NA,NA,NA,NA,86,18,NA,NA,"",NA,NA,NA,"","",86,18,104,NA,NA,NA,NA,NA,NA,NA,NA,NA,NA,2,"MR. CIUDAD DE DIOS","CORTO",NA,"No","Punto movil",NA,NA,NA,NA,NA,NA,NA,NA,NA,NA,NA,NA,NA,NA,"Complete","-16.294071","-71.633269","-16.291674","-71.631384"
"1554",1556,NA,"2024-12-07 09:20:13","3","jose Abelardo quiñones ",8,38,2024-11-24,2,"","",NA,"","",2,2,NA,NA,NA,NA,NA,NA,"",NA,NA,NA,NA,NA,NA,NA,"",NA,NA,NA,NA,NA,NA,NA,NA,NA,NA,NA,NA,NA,NA,NA,100,21,NA,NA,"",NA,NA,NA,"","",100,21,121,NA,NA,NA,NA,NA,NA,NA,NA,NA,NA,2,"MR. CIUDAD DE DIOS","CORTO",NA,"No","Punto movil",NA,NA,NA,NA,NA,NA,NA,NA,NA,NA,NA,NA,NA,NA,"Complete","-16.307419","-71.625234","",""
"1555",1557,NA,"2024-12-07 09:23:12","3","la pascana ",19,319,2024-11-24,1,"07:45","08:30",1,"","09:09",NA,1,22,NA,25,2,1,2,"10:50",2,NA,NA,17,0,2,NA,"",NA,NA,NA,NA,NA,NA,NA,NA,NA,NA,NA,NA,NA,NA,NA,NA,NA,NA,NA,"",NA,NA,NA,"12:20","",42,2,44,NA,NA,NA,NA,NA,NA,NA,NA,NA,NA,2,"MR. CIUDAD DE DIOS","DETALLADO","1, Bus",NA,"Punto fijo",NA,"SI","Municipio","Cambiamos a Punto movil","NO",NA,NA,NA,NA,NA,NA,NA,NA,NA,"Complete","-16.289516","-71.653732","-16.291.037","-71.643.034"
"1556",1558,NA,"2024-12-07 09:24:16","3","yura quiscos",20,320,2024-11-24,2,"","",NA,"","",2,2,NA,NA,NA,NA,NA,NA,"",NA,NA,NA,NA,NA,NA,NA,"",NA,NA,NA,NA,NA,NA,NA,NA,NA,NA,NA,NA,NA,NA,NA,80,0,NA,NA,"",NA,NA,NA,"","",80,0,80,NA,NA,NA,NA,NA,NA,NA,NA,NA,NA,2,"MR. CIUDAD DE DIOS","CORTO",NA,"No","Punto movil",NA,NA,NA,NA,NA,NA,NA,NA,NA,NA,NA,NA,NA,NA,"Complete","-16.173085","-71.652432","-16.215.560","-71.702.056"
"1557",1559,NA,"2024-12-07 09:24:25","8","Losa Deportiva Alto Buena Vista",1,81,2024-11-30,1,"08:45","08:58",4,"","09:01",NA,3,NA,1,NA,NA,NA,NA,"",NA,NA,NA,NA,NA,NA,NA,"",NA,NA,NA,NA,NA,NA,NA,NA,NA,NA,NA,NA,NA,NA,NA,NA,NA,1,2,"",33,1,34,"13:05","pidieron collares algunos vecinos",33,1,34,NA,NA,NA,NA,NA,NA,NA,NA,NA,NA,2,"MR. TIABAYA","DETALLADO","4. Caminando",NA,"Puerta Puerta","Urbano",NA,NA,NA,NA,NA,NA,NA,NA,NA,NA,NA,"1. Mapa con zona delimitada","Caminar cuadra en cuadra","Complete","-16.450352","-71.591621","-16.449.078","-71.591.980"
"1558",1560,NA,"2024-12-07 09:26:22","8","Losa Deportiva Del AA.HH. Primero De Mayo",2,82,2024-11-30,1,"08:33","08:48",4,"","08:50",NA,3,NA,1,NA,NA,NA,NA,"",NA,NA,NA,NA,NA,NA,NA,"",NA,NA,NA,NA,NA,NA,NA,NA,NA,NA,NA,NA,NA,NA,NA,NA,NA,1,1,"",47,3,50,"12:55","",47,3,50,NA,NA,NA,NA,NA,NA,NA,NA,NA,NA,2,"MR. TIABAYA","DETALLADO","4. Caminando",NA,"Puerta Puerta","Urbano",NA,NA,NA,NA,NA,NA,NA,NA,NA,NA,NA,"1. Mapa con zona delimitada","Tocar puerta por puerta","Complete","-16.449730","-71.591483","-16.450.284","-71.590.357"
"1559",1561,NA,"2024-12-07 09:28:17","8","Horacio Zeballos Zona B",3,83,2024-11-30,1,"08:35","08:53",4,"","08:54",NA,3,NA,1,NA,NA,NA,NA,"",NA,NA,NA,NA,NA,NA,NA,"",NA,NA,NA,NA,NA,NA,NA,NA,NA,NA,NA,NA,NA,NA,NA,NA,NA,4,1,"",37,0,37,"13:24","",37,0,37,NA,NA,NA,NA,NA,NA,NA,NA,NA,NA,2,"MR. TIABAYA","DETALLADO","4. Caminando",NA,"Puerta Puerta","Urbano",NA,NA,NA,NA,NA,NA,NA,NA,NA,NA,NA,"4. Mapa digital","Tocar puerta por puerta","Complete","-16.449694","-71.588432","-16.446.502","-71.597.973"
"1560",1562,NA,"2024-12-07 09:30:09","5","Horacio Zeballos Sector E-F",1,51,2024-11-24,2,"","",NA,"","",2,1,NA,NA,57,7,NA,NA,"",NA,NA,NA,NA,NA,NA,NA,"",NA,NA,NA,NA,NA,NA,NA,NA,NA,NA,NA,NA,NA,NA,NA,NA,NA,NA,NA,"",NA,NA,NA,"","",57,7,64,NA,NA,NA,NA,NA,NA,NA,NA,NA,NA,2,"MR. SAN MARTIN SOCABAYA","CORTO",NA,"No","Punto fijo",NA,NA,NA,NA,NA,NA,NA,NA,NA,NA,NA,NA,NA,NA,"Complete","-16.488251","-71.504343","",""
"1561",1562,NA,"2024-12-07 09:30:09","5","Horacio Zeballos Sector E-F",1,51,2024-11-24,2,"","",NA,"","",2,1,NA,NA,57,7,NA,NA,"",NA,NA,NA,NA,NA,NA,NA,"",NA,NA,NA,NA,NA,NA,NA,NA,NA,NA,NA,NA,NA,NA,NA,NA,NA,NA,NA,"",NA,NA,NA,"","",57,7,64,NA,NA,NA,NA,NA,NA,NA,NA,NA,NA,2,"MR. SAN MARTIN SOCABAYA","CORTO",NA,"No","Punto fijo",NA,NA,NA,NA,NA,NA,NA,NA,NA,NA,NA,NA,NA,NA,"Complete","-16.488388","-71.507861","",""
"1562",1563,NA,"2024-12-07 09:31:40","8","San Isidro",4,84,2024-11-30,1,"08:35","08:57",4,"","09:02",NA,3,NA,1,NA,NA,NA,NA,"",NA,NA,NA,NA,NA,NA,NA,"",NA,NA,NA,NA,NA,NA,NA,NA,NA,NA,NA,NA,NA,NA,NA,NA,NA,1,1,"",30,0,30,"12:52","Megáfono bajo otro grupo en nuestra zona, casas cerradas",30,0,30,NA,NA,NA,NA,NA,NA,NA,NA,NA,NA,2,"MR. TIABAYA","DETALLADO","4. Caminando",NA,"Puerta Puerta","Urbano",NA,NA,NA,NA,NA,NA,NA,NA,NA,NA,NA,"1. Mapa con zona delimitada","Tocar puerta por puerta","Complete","-16.445978","-71.588586","-16.445.812","-71.587.712"
"1563",1564,NA,"2024-12-07 09:32:23","5","3 cuadras del colegio gran maestro",2,52,2024-11-24,2,"","",NA,"","",2,1,NA,NA,39,3,NA,NA,"",NA,NA,NA,NA,NA,NA,NA,"",NA,NA,NA,NA,NA,NA,NA,NA,NA,NA,NA,NA,NA,NA,NA,NA,NA,NA,NA,"",NA,NA,NA,"","",39,3,42,NA,NA,NA,NA,NA,NA,NA,NA,NA,NA,2,"MR. SAN MARTIN SOCABAYA","CORTO",NA,"No","Punto fijo",NA,NA,NA,NA,NA,NA,NA,NA,NA,NA,NA,NA,NA,NA,"Complete","-16.477319","-71.508404","",""
"1564",1565,NA,"2024-12-07 09:33:41","5","parque zona 17 h.z.g.",3,53,2024-11-24,2,"","",NA,"","",2,1,NA,NA,35,7,NA,NA,"",NA,NA,NA,NA,NA,NA,NA,"",NA,NA,NA,NA,NA,NA,NA,NA,NA,NA,NA,NA,NA,NA,NA,NA,NA,NA,NA,"",NA,NA,NA,"","",35,7,42,NA,NA,NA,NA,NA,NA,NA,NA,NA,NA,2,"MR. SAN MARTIN SOCABAYA","CORTO",NA,"No","Punto fijo",NA,NA,NA,NA,NA,NA,NA,NA,NA,NA,NA,NA,NA,NA,"Complete","-16.476114","-71.506446","",""
"1565",1566,NA,"2024-12-07 09:33:53","8","Alta",5,85,2024-11-30,1,"08:30","09:00",1,"","09:10",NA,3,58,1,NA,NA,NA,NA,"",NA,NA,NA,NA,NA,NA,NA,"",NA,NA,NA,NA,NA,NA,NA,NA,NA,NA,NA,NA,NA,NA,NA,NA,NA,1,1,"",29,0,29,"13:25","",29,0,29,NA,NA,NA,NA,NA,NA,NA,NA,NA,NA,2,"MR. TIABAYA","DETALLADO","1, Bus",NA,"Puerta Puerta","Urbano",NA,NA,NA,NA,NA,NA,NA,NA,NA,NA,NA,"1. Mapa con zona delimitada","Tocar puerta por puerta","Complete","-16.444622","-71.580266","-16.445.068","-71.576.563"
"1566",1567,NA,"2024-12-07 09:35:16","8","El Bosque - 11 de Setiembre",6,86,2024-11-30,1,"08:38","09:00",2,"","09:15",NA,3,NA,2,NA,NA,NA,NA,"",NA,NA,NA,NA,NA,NA,NA,"",NA,NA,NA,NA,NA,NA,NA,NA,NA,NA,NA,NA,NA,NA,NA,NA,NA,2,1,"",50,0,50,"13:57","",50,0,50,NA,NA,NA,NA,NA,NA,NA,NA,NA,NA,2,"MR. TIABAYA","DETALLADO","2. Camioneta/Auto",NA,"Puerta Puerta","Periurbano",NA,NA,NA,NA,NA,NA,NA,NA,NA,NA,NA,"2. Mapa con recorrido de inicio a fin","Tocar puerta por puerta","Complete","-16.440832","-71.583167","-16.441.073","-71.583.258"
"1567",1568,NA,"2024-12-07 09:35:33","5","villa sabandia",4,54,2024-11-24,1,"08:30","08:45",2,"","09:20",NA,1,63,NA,17,0,2,NA,"",NA,NA,NA,NA,NA,NA,NA,"",NA,NA,NA,NA,NA,NA,NA,NA,NA,NA,NA,NA,NA,NA,NA,NA,NA,NA,NA,"",NA,NA,NA,"12:41","",17,0,17,NA,NA,NA,NA,NA,NA,NA,NA,NA,NA,2,"MR. SAN MARTIN SOCABAYA","DETALLADO","2. Camioneta/Auto",NA,"Punto fijo",NA,"NO",NA,NA,NA,NA,NA,NA,NA,NA,NA,NA,NA,NA,"Complete","-16.484639","-71.509804","",""
"1568",1569,NA,"2024-12-07 09:36:57","8","8 de diciembre",7,87,2024-11-30,1,"08:36","08:40",2,"","09:02",NA,3,NA,1,NA,NA,NA,NA,"",NA,NA,NA,NA,NA,NA,NA,"",NA,NA,NA,NA,NA,NA,NA,NA,NA,NA,NA,NA,NA,NA,NA,NA,NA,1,1,"",41,0,41,"13:00","",41,0,41,NA,NA,NA,NA,NA,NA,NA,NA,NA,NA,2,"MR. TIABAYA","DETALLADO","2. Camioneta/Auto",NA,"Puerta Puerta","Urbano",NA,NA,NA,NA,NA,NA,NA,NA,NA,NA,NA,"1. Mapa con zona delimitada","Tocar puerta por puerta","Complete","-16.441118","-71.587818","-16.441.447","-71.587.147"
"1569",1570,NA,"2024-12-07 09:38:25","5","C.S. Horacio ",5,55,2024-11-24,1,"08:20","08:35",1,"","09:20",NA,1,80,NA,23,4,1,3,"09:40",2,NA,NA,9,3,2,NA,"",NA,NA,NA,NA,NA,NA,NA,NA,NA,NA,NA,NA,NA,NA,NA,NA,NA,NA,NA,"",NA,NA,NA,"12:30","",32,7,39,NA,NA,NA,NA,NA,NA,NA,NA,NA,NA,2,"MR. SAN MARTIN SOCABAYA","DETALLADO","1, Bus",NA,"Punto fijo",NA,"SI","Yo mismo","Cambiamos a Punto movil","NO",NA,NA,NA,NA,NA,NA,NA,NA,NA,"Complete","-16.478674","-71.499420","",""
"1570",1571,NA,"2024-12-07 09:38:48","8","Juan Pablo II - Patasagua",8,88,2024-11-30,1,"08:35","09:00",2,"","09:35",NA,3,NA,1,NA,NA,NA,NA,"",NA,NA,NA,NA,NA,NA,NA,"",NA,NA,NA,NA,NA,NA,NA,NA,NA,NA,NA,NA,NA,NA,NA,NA,NA,4,1,"",30,6,36,"13:58","mas organización en los puntos de vacunación ",30,6,36,NA,NA,NA,NA,NA,NA,NA,NA,NA,NA,2,"MR. TIABAYA","DETALLADO","2. Camioneta/Auto",NA,"Puerta Puerta","Urbano",NA,NA,NA,NA,NA,NA,NA,NA,NA,NA,NA,"4. Mapa digital","Tocar puerta por puerta","Complete","-16.440666","-71.601551","-16.442.983","-71.603.825"
"1571",1572,NA,"2024-12-07 09:39:38","5","mercado horacio ",6,56,2024-11-24,2,"","",NA,"","",2,1,NA,NA,88,7,NA,NA,"",NA,NA,NA,NA,NA,NA,NA,"",NA,NA,NA,NA,NA,NA,NA,NA,NA,NA,NA,NA,NA,NA,NA,NA,NA,NA,NA,"",NA,NA,NA,"","",88,7,95,NA,NA,NA,NA,NA,NA,NA,NA,NA,NA,2,"MR. SAN MARTIN SOCABAYA","CORTO",NA,"No","Punto fijo",NA,NA,NA,NA,NA,NA,NA,NA,NA,NA,NA,NA,NA,NA,"Complete","-16.476804","-71.504229","",""
"1572",1573,NA,"2024-12-07 09:41:06","8","Villa los Angeles",9,89,2024-11-30,1,"08:39","09:02",2,"","09:26",NA,3,NA,2,NA,NA,NA,NA,"",NA,NA,NA,NA,NA,NA,NA,"",NA,NA,NA,NA,NA,NA,NA,NA,NA,NA,NA,NA,NA,NA,NA,NA,NA,2,2,"",20,3,23,"13:40","no hubo movilidad para recogernos tuvimos que movilizarnos por nuestros cuenta",20,3,23,NA,NA,NA,NA,NA,NA,NA,NA,NA,NA,2,"MR. TIABAYA","DETALLADO","2. Camioneta/Auto",NA,"Puerta Puerta","Periurbano",NA,NA,NA,NA,NA,NA,NA,NA,NA,NA,NA,"2. Mapa con recorrido de inicio a fin","Caminar cuadra en cuadra","Complete","-16.438846","-71.588159","-16.440.342","-71.587.549"
"1573",1574,NA,"2024-12-07 09:41:45","5","colegio gran maestro horacio",7,57,2024-11-24,2,"","",NA,"","",2,1,NA,NA,78,4,NA,NA,"",NA,NA,NA,NA,NA,NA,NA,"",NA,NA,NA,NA,NA,NA,NA,NA,NA,NA,NA,NA,NA,NA,NA,NA,NA,NA,NA,"",NA,NA,NA,"","no dejo vacunar perro grande sin bozal ",78,4,82,NA,NA,NA,NA,NA,NA,NA,NA,NA,NA,2,"MR. SAN MARTIN SOCABAYA","CORTO",NA,"No","Punto fijo",NA,NA,NA,NA,NA,NA,NA,NA,NA,NA,NA,NA,NA,NA,"Complete","-16.478861","-71.506575","",""
"1574",1575,NA,"2024-12-07 09:42:54","8","Santa Teresa",10,810,2024-11-30,1,"08:36","08:57",2,"","09:12",NA,3,NA,1,NA,NA,NA,NA,"",NA,NA,NA,NA,NA,NA,NA,"",NA,NA,NA,NA,NA,NA,NA,NA,NA,NA,NA,NA,NA,NA,NA,NA,NA,3,1,"",47,1,48,"13:50","",47,1,48,NA,NA,NA,NA,NA,NA,NA,NA,NA,NA,2,"MR. TIABAYA","DETALLADO","2. Camioneta/Auto",NA,"Puerta Puerta","Urbano",NA,NA,NA,NA,NA,NA,NA,NA,NA,NA,NA,"3. indicacion verbal (reportar en whats app)","Tocar puerta por puerta","Complete","-16.442813","-71.599380","-16.442.516","-71.597.567"
"1575",1576,NA,"2024-12-07 09:43:52","5","I.E. edward norlan ",8,58,2024-11-24,1,"08:25","08:38",1,"","09:04",NA,1,66,NA,75,12,2,NA,"",NA,NA,NA,NA,NA,NA,NA,"",NA,NA,NA,NA,NA,NA,NA,NA,NA,NA,NA,NA,NA,NA,NA,NA,NA,NA,NA,"",NA,NA,NA,"13:29","",75,12,87,NA,NA,NA,NA,NA,NA,NA,NA,NA,NA,2,"MR. SAN MARTIN SOCABAYA","DETALLADO","1, Bus",NA,"Punto fijo",NA,"NO",NA,NA,NA,NA,NA,NA,NA,NA,NA,NA,NA,NA,"Complete","-16.477661","-71.501176","",""
"1576",1577,NA,"2024-12-07 09:45:01","8","Virgen de la Peñas",11,811,2024-11-30,2,"","",NA,"","",2,3,NA,NA,NA,NA,NA,NA,"",NA,NA,NA,NA,NA,NA,NA,"",NA,NA,NA,NA,NA,NA,NA,NA,NA,NA,NA,NA,NA,NA,NA,NA,NA,NA,NA,"",36,9,45,"","no nos recogieron, falto coordinación ",36,9,45,NA,NA,NA,NA,NA,NA,NA,NA,NA,NA,2,"MR. TIABAYA","CORTO",NA,"No","Puerta Puerta",NA,NA,NA,NA,NA,NA,NA,NA,NA,NA,NA,NA,NA,NA,"Complete","-16.457596","-71.600310","-16.457.078","-71.598.391"
"1577",1578,NA,"2024-12-07 09:46:12","8","San Pedro",12,812,2024-11-30,2,"","",NA,"","",2,3,NA,NA,NA,NA,NA,NA,"",NA,NA,NA,NA,NA,NA,NA,"",NA,NA,NA,NA,NA,NA,NA,NA,NA,NA,NA,NA,NA,NA,NA,NA,NA,NA,NA,"",7,4,11,"","",7,4,11,NA,NA,NA,NA,NA,NA,NA,NA,NA,NA,2,"MR. TIABAYA","CORTO",NA,"No","Puerta Puerta",NA,NA,NA,NA,NA,NA,NA,NA,NA,NA,NA,NA,NA,NA,"Complete","-16.440588","-71.591635","-16.440.060","-71.591.482"
"1578",1579,NA,"2024-12-07 09:46:54","5","paradero villa socabaya ",9,59,2024-11-24,1,"08:27","08:42",1,"","09:42",NA,1,68,NA,0,1,1,3,"10:05",2,NA,NA,30,5,NA,NA,"",NA,NA,NA,NA,NA,NA,NA,NA,NA,NA,NA,NA,NA,NA,NA,NA,NA,NA,NA,"",NA,NA,NA,"12:50","",30,6,36,NA,NA,NA,NA,NA,NA,NA,NA,NA,NA,2,"MR. SAN MARTIN SOCABAYA","DETALLADO","1, Bus",NA,"Punto fijo",NA,"SI","Yo mismo","Cambiamos a Punto movil",NA,NA,NA,NA,NA,NA,NA,NA,NA,NA,"Complete","-16.486900","-71.502518","",""
"1579",1580,NA,"2024-12-07 09:47:32","8","San Jose",13,813,2024-11-30,2,"","",NA,"","",2,3,NA,NA,NA,NA,NA,NA,"",NA,NA,NA,NA,NA,NA,NA,"",NA,NA,NA,NA,NA,NA,NA,NA,NA,NA,NA,NA,NA,NA,NA,NA,NA,NA,NA,"",26,5,31,"","",26,5,31,NA,NA,NA,NA,NA,NA,NA,NA,NA,NA,2,"MR. TIABAYA","CORTO",NA,"No","Puerta Puerta",NA,NA,NA,NA,NA,NA,NA,NA,NA,NA,NA,NA,NA,NA,"Complete","-16.438444","-71.597107","",""
"1580",1581,NA,"2024-12-07 09:48:20","5","horacio sector F",10,510,2024-11-24,2,"","",NA,"","",2,1,NA,NA,22,4,NA,NA,"",NA,NA,NA,NA,NA,NA,NA,"",NA,NA,NA,NA,NA,NA,NA,NA,NA,NA,NA,NA,NA,NA,NA,NA,NA,NA,NA,"",NA,NA,NA,"","",22,4,26,NA,NA,NA,NA,NA,NA,NA,NA,NA,NA,2,"MR. SAN MARTIN SOCABAYA","CORTO",NA,"No","Punto fijo",NA,NA,NA,NA,NA,NA,NA,NA,NA,NA,NA,NA,NA,NA,"Complete","-16.489301","-71.506181","",""
"1581",1582,NA,"2024-12-07 09:48:35","8","Pampas Nuevas ",14,814,2024-11-30,2,"","",NA,"","",2,3,NA,NA,NA,NA,NA,NA,"",NA,NA,NA,NA,NA,NA,NA,"",NA,NA,NA,NA,NA,NA,NA,NA,NA,NA,NA,NA,NA,NA,NA,NA,NA,NA,NA,"",35,3,38,"","",35,3,38,NA,NA,NA,NA,NA,NA,NA,NA,NA,NA,2,"MR. TIABAYA","CORTO",NA,"No","Puerta Puerta",NA,NA,NA,NA,NA,NA,NA,NA,NA,NA,NA,NA,NA,NA,"Complete","-16.433309","-71.599266","",""
"1582",1583,NA,"2024-12-07 09:49:25","8","Micaela Bastidas",15,815,2024-11-30,2,"","",NA,"","",2,3,NA,NA,NA,NA,NA,NA,"",NA,NA,NA,NA,NA,NA,NA,"",NA,NA,NA,NA,NA,NA,NA,NA,NA,NA,NA,NA,NA,NA,NA,NA,NA,NA,NA,"",60,0,60,"","",60,0,60,NA,NA,NA,NA,NA,NA,NA,NA,NA,NA,2,"MR. TIABAYA","CORTO",NA,"No","Puerta Puerta",NA,NA,NA,NA,NA,NA,NA,NA,NA,NA,NA,NA,NA,NA,"Complete","-16.429284","-71.600963","-16.439.840","-71.591.265"
"1583",1584,NA,"2024-12-07 09:49:54","5","horacio zeballos gomez",11,511,2024-11-24,2,"","",NA,"","",2,1,NA,NA,26,5,NA,NA,"",NA,NA,NA,NA,NA,NA,NA,"",NA,NA,NA,NA,NA,NA,NA,NA,NA,NA,NA,NA,NA,NA,NA,NA,NA,NA,NA,"",NA,NA,NA,"","",26,5,31,NA,NA,NA,NA,NA,NA,NA,NA,NA,NA,2,"MR. SAN MARTIN SOCABAYA","CORTO",NA,"No","Punto fijo",NA,NA,NA,NA,NA,NA,NA,NA,NA,NA,NA,NA,NA,NA,"Complete","-16.481367","-71.501184","",""
"1584",1585,NA,"2024-12-07 09:50:17","8","San Pedro",16,816,2024-11-30,2,"","",NA,"","",2,3,NA,NA,NA,NA,NA,NA,"",NA,NA,NA,NA,NA,NA,NA,"",NA,NA,NA,NA,NA,NA,NA,NA,NA,NA,NA,NA,NA,NA,NA,NA,NA,NA,NA,"",12,1,13,"","",12,1,13,NA,NA,NA,NA,NA,NA,NA,NA,NA,NA,2,"MR. TIABAYA","CORTO",NA,"No","Puerta Puerta",NA,NA,NA,NA,NA,NA,NA,NA,NA,NA,NA,NA,NA,NA,"Complete","-16.440702","-71.591331","",""
"1585",1586,NA,"2024-12-07 09:50:56","5","I.E. los palitos",12,512,2024-11-24,2,"","",NA,"","",2,1,NA,NA,32,4,NA,NA,"",NA,NA,NA,NA,NA,NA,NA,"",NA,NA,NA,NA,NA,NA,NA,NA,NA,NA,NA,NA,NA,NA,NA,NA,NA,NA,NA,"",NA,NA,NA,"","",32,4,36,NA,NA,NA,NA,NA,NA,NA,NA,NA,NA,2,"MR. SAN MARTIN SOCABAYA","CORTO",NA,"No","Punto fijo",NA,NA,NA,NA,NA,NA,NA,NA,NA,NA,NA,NA,NA,NA,"Complete","-16.476357","-71.505258","",""
"1586",1587,NA,"2024-12-07 09:51:48","8","Ampliación Carmen II y Trebol",17,817,2024-11-30,1,"08:24","08:37",4,"","08:45",NA,3,66,2,NA,NA,NA,NA,"",NA,NA,NA,NA,NA,NA,NA,"",NA,NA,NA,NA,NA,NA,NA,NA,NA,NA,NA,NA,NA,NA,NA,NA,NA,1,2,"",43,1,44,"13:04","",43,1,44,NA,NA,NA,NA,NA,NA,NA,NA,NA,NA,2,"MR. TIABAYA","DETALLADO","4. Caminando",NA,"Puerta Puerta","Periurbano",NA,NA,NA,NA,NA,NA,NA,NA,NA,NA,NA,"1. Mapa con zona delimitada","Caminar cuadra en cuadra","Complete","-16.442967","-71.626752","",""
"1587",1588,NA,"2024-12-07 09:51:52","5","h. 26 maquicentro",13,513,2024-11-24,2,"","",NA,"","",2,1,NA,NA,70,10,NA,NA,"",NA,NA,NA,NA,NA,NA,NA,"",NA,NA,NA,NA,NA,NA,NA,NA,NA,NA,NA,NA,NA,NA,NA,NA,NA,NA,NA,"",NA,NA,NA,"","",70,10,80,NA,NA,NA,NA,NA,NA,NA,NA,NA,NA,2,"MR. SAN MARTIN SOCABAYA","CORTO",NA,"No","Punto fijo",NA,NA,NA,NA,NA,NA,NA,NA,NA,NA,NA,NA,NA,NA,"Complete","-16.481578","-71.504707","",""
"1588",1589,NA,"2024-12-07 09:52:57","5","horacio zeballos gomez ",14,514,2024-11-24,2,"","",NA,"","",2,1,NA,NA,36,4,NA,NA,"",NA,NA,NA,NA,NA,NA,NA,"",NA,NA,NA,NA,NA,NA,NA,NA,NA,NA,NA,NA,NA,NA,NA,NA,NA,NA,NA,"",NA,NA,NA,"","",36,4,40,NA,NA,NA,NA,NA,NA,NA,NA,NA,NA,2,"MR. SAN MARTIN SOCABAYA","CORTO",NA,"No","Punto fijo",NA,NA,NA,NA,NA,NA,NA,NA,NA,NA,NA,NA,NA,NA,"Complete","-16.478568","-71.503140","",""
"1589",1590,NA,"2024-12-07 09:53:13","8","Enace II parte arriba y parte baja",18,818,2024-11-30,1,"08:23","08:30",4,"","08:35",NA,3,47,2,NA,NA,NA,NA,"",NA,NA,NA,NA,NA,NA,NA,"",NA,NA,NA,NA,NA,NA,NA,NA,NA,NA,NA,NA,NA,NA,NA,NA,NA,1,2,"",72,2,74,"13:57","",72,2,74,NA,NA,NA,NA,NA,NA,NA,NA,NA,NA,2,"MR. TIABAYA","DETALLADO","4. Caminando",NA,"Puerta Puerta","Periurbano",NA,NA,NA,NA,NA,NA,NA,NA,NA,NA,NA,"1. Mapa con zona delimitada","Caminar cuadra en cuadra","Complete","-16.444652","-71.621015","-16.438.716","-71.624.748"
"1590",1591,NA,"2024-12-07 09:53:46","5","1 ro de mayo ",15,515,2024-11-24,2,"","",NA,"","",2,1,NA,NA,51,11,NA,NA,"",NA,NA,NA,NA,NA,NA,NA,"",NA,NA,NA,NA,NA,NA,NA,NA,NA,NA,NA,NA,NA,NA,NA,NA,NA,NA,NA,"",NA,NA,NA,"","",51,11,62,NA,NA,NA,NA,NA,NA,NA,NA,NA,NA,2,"MR. SAN MARTIN SOCABAYA","CORTO",NA,"No","Punto fijo",NA,NA,NA,NA,NA,NA,NA,NA,NA,NA,NA,NA,NA,NA,"Complete","-16.473038","-71.507388","",""
"1591",1592,NA,"2024-12-07 09:54:31","8","Villa Unión Juan el bueno ",19,819,2024-11-30,1,"08:20","08:30",4,"","08:44",NA,3,30,2,NA,NA,NA,NA,"",NA,NA,NA,NA,NA,NA,NA,"",NA,NA,NA,NA,NA,NA,NA,NA,NA,NA,NA,NA,NA,NA,NA,NA,NA,3,2,"",63,6,69,"14:05","",63,6,69,NA,NA,NA,NA,NA,NA,NA,NA,NA,NA,2,"MR. TIABAYA","DETALLADO","4. Caminando",NA,"Puerta Puerta","Periurbano",NA,NA,NA,NA,NA,NA,NA,NA,NA,NA,NA,"3. indicacion verbal (reportar en whats app)","Caminar cuadra en cuadra","Complete","-16.445684","-71.622100","-16.442.967","-71.626.752"
"1592",1593,NA,"2024-12-07 09:54:44","5","colegio divino providencia ",16,516,2024-11-24,2,"","",NA,"","",2,1,NA,NA,65,0,NA,NA,"",NA,NA,NA,NA,NA,NA,NA,"",NA,NA,NA,NA,NA,NA,NA,NA,NA,NA,NA,NA,NA,NA,NA,NA,NA,NA,NA,"",NA,NA,NA,"","",65,0,65,NA,NA,NA,NA,NA,NA,NA,NA,NA,NA,2,"MR. SAN MARTIN SOCABAYA","CORTO",NA,"No","Punto fijo",NA,NA,NA,NA,NA,NA,NA,NA,NA,NA,NA,NA,NA,NA,"Complete","-16.483376","-71.506031","",""
"1593",1594,NA,"2024-12-07 09:55:44","8","Enace II y Congata II",20,820,2024-11-30,1,"08:23","08:40",4,"","08:49",NA,3,63,1,NA,NA,NA,NA,"",NA,NA,NA,NA,NA,NA,NA,"",NA,NA,NA,NA,NA,NA,NA,NA,NA,NA,NA,NA,NA,NA,NA,NA,NA,4,2,"",37,1,38,"14:10","",37,1,38,NA,NA,NA,NA,NA,NA,NA,NA,NA,NA,2,"MR. TIABAYA","DETALLADO","4. Caminando",NA,"Puerta Puerta","Urbano",NA,NA,NA,NA,NA,NA,NA,NA,NA,NA,NA,"4. Mapa digital","Caminar cuadra en cuadra","Complete","-16.445326","-71.620778","-16.448.244","-71.616.719"
"1594",1595,NA,"2024-12-07 09:56:06","5","cerro san juan ",18,518,2024-11-24,2,"","",NA,"","",2,1,NA,NA,11,4,NA,NA,"",NA,NA,NA,NA,NA,NA,NA,"",NA,NA,NA,NA,NA,NA,NA,NA,NA,NA,NA,NA,NA,NA,NA,NA,NA,NA,NA,"",NA,NA,NA,"","",11,4,15,NA,NA,NA,NA,NA,NA,NA,NA,NA,NA,2,"MR. SAN MARTIN SOCABAYA","CORTO",NA,"No","Punto fijo",NA,NA,NA,NA,NA,NA,NA,NA,NA,NA,NA,NA,NA,NA,"Complete","-16.482433","-71.517998","",""
"1595",1596,NA,"2024-12-07 09:57:10","5","parque parra",19,519,2024-11-24,2,"","",NA,"","",2,1,NA,NA,11,2,NA,NA,"",NA,NA,NA,NA,NA,NA,NA,"",NA,NA,NA,NA,NA,NA,NA,NA,NA,NA,NA,NA,NA,NA,NA,NA,NA,NA,NA,"",NA,NA,NA,"","",11,2,13,NA,NA,NA,NA,NA,NA,NA,NA,NA,NA,2,"MR. SAN MARTIN SOCABAYA","CORTO",NA,"No","Punto fijo",NA,NA,NA,NA,NA,NA,NA,NA,NA,NA,NA,NA,NA,NA,"Complete","-16.480807","-71.501125","",""
"1596",1597,NA,"2024-12-07 10:00:34","5","paradero los azules ",21,521,2024-11-24,2,"","",NA,"","",2,1,NA,NA,20,0,NA,NA,"",NA,NA,NA,NA,NA,NA,NA,"",NA,NA,NA,NA,NA,NA,NA,NA,NA,NA,NA,NA,NA,NA,NA,NA,NA,NA,NA,"",NA,NA,NA,"","",20,0,20,NA,NA,NA,NA,NA,NA,NA,NA,NA,NA,2,"MR. SAN MARTIN SOCABAYA","CORTO",NA,"No","Punto fijo",NA,NA,NA,NA,NA,NA,NA,NA,NA,NA,NA,NA,NA,NA,"Complete","-16.475112","-71.504250","",""
"1597",1598,NA,"2024-12-07 10:14:41","5","divino niño",1,51,2024-11-30,1,"08:32","08:40",1,"","08:55",NA,3,37,1,NA,NA,NA,NA,"",NA,NA,NA,NA,NA,NA,NA,"",NA,NA,NA,NA,NA,NA,NA,NA,NA,NA,NA,NA,NA,NA,NA,NA,NA,3,1,"",18,2,20,"13:00","",18,2,20,NA,NA,NA,NA,NA,NA,NA,NA,NA,NA,2,"MR. SAN MARTIN SOCABAYA","DETALLADO","1, Bus",NA,"Puerta Puerta","Urbano",NA,NA,NA,NA,NA,NA,NA,NA,NA,NA,NA,"3. indicacion verbal (reportar en whats app)","Tocar puerta por puerta","Complete","-16.472505","-71.528815","-16.470.849","-71.528.751"
"1598",1599,NA,"2024-12-07 10:17:52","5","1ro de mayo",2,52,2024-11-30,1,"08:30","09:00",1,"","09:30",NA,3,46,1,NA,NA,NA,NA,"",NA,NA,NA,NA,NA,NA,NA,"",NA,NA,NA,NA,NA,NA,NA,NA,NA,NA,NA,NA,NA,NA,NA,NA,NA,3,1,"",19,4,23,"12:50","",19,4,23,NA,NA,NA,NA,NA,NA,NA,NA,NA,NA,2,"MR. SAN MARTIN SOCABAYA","DETALLADO","1, Bus",NA,"Puerta Puerta","Urbano",NA,NA,NA,NA,NA,NA,NA,NA,NA,NA,NA,"3. indicacion verbal (reportar en whats app)","Tocar puerta por puerta","Complete","-16.473321","-71.507292","",""
"1599",1600,NA,"2024-12-07 10:20:10","5","horacio Zeballos zona B",3,541,2024-11-30,1,"08:20","08:40",1,"","09:30",NA,3,41,1,NA,NA,NA,NA,"",NA,NA,NA,NA,NA,NA,NA,"",NA,NA,NA,NA,NA,NA,NA,NA,NA,NA,NA,NA,NA,NA,NA,NA,NA,3,2,"",18,1,19,"12:30","",18,1,19,NA,NA,NA,NA,NA,NA,NA,NA,NA,NA,2,"MR. SAN MARTIN SOCABAYA","DETALLADO","1, Bus",NA,"Puerta Puerta","Urbano",NA,NA,NA,NA,NA,NA,NA,NA,NA,NA,NA,"3. indicacion verbal (reportar en whats app)","Caminar cuadra en cuadra","Complete","-16.477055","-71.504132","",""
"1600",1601,NA,"2024-12-07 10:23:54","5","horacio zeballos zona c",4,54,2024-11-30,1,"08:20","09:05",1,"","09:38",NA,3,52,1,NA,NA,NA,NA,"",NA,NA,NA,NA,NA,NA,NA,"",NA,NA,NA,NA,NA,NA,NA,NA,NA,NA,NA,NA,NA,NA,NA,NA,NA,3,2,"",35,5,40,"12:50","",35,5,40,NA,NA,NA,NA,NA,NA,NA,NA,NA,NA,2,"MR. SAN MARTIN SOCABAYA","DETALLADO","1, Bus",NA,"Puerta Puerta","Urbano",NA,NA,NA,NA,NA,NA,NA,NA,NA,NA,NA,"3. indicacion verbal (reportar en whats app)","Caminar cuadra en cuadra","Complete","-16.480572","-71.504242","",""
"1601",1602,NA,"2024-12-07 10:26:23","5","zona A horacio zeballos ",5,55,2024-11-30,1,"08:25","09:05",1,"","09:25",NA,3,65,2,NA,NA,NA,NA,"",NA,NA,NA,NA,NA,NA,NA,"",NA,NA,NA,NA,NA,NA,NA,NA,NA,NA,NA,NA,NA,NA,NA,NA,NA,4,2,"",10,5,15,"12:50","",10,5,15,NA,NA,NA,NA,NA,NA,NA,NA,NA,NA,2,"MR. SAN MARTIN SOCABAYA","DETALLADO","1, Bus",NA,"Puerta Puerta","Periurbano",NA,NA,NA,NA,NA,NA,NA,NA,NA,NA,NA,"4. Mapa digital","Caminar cuadra en cuadra","Complete","-16.479085","-71.506980","-16.479.006","-71.506.361"
"1602",1603,NA,"2024-12-07 10:28:20","5","monumento horacio zeballos ",6,56,2024-11-30,1,"08:28","09:08",1,"","09:38",NA,3,24,1,NA,NA,NA,NA,"",NA,NA,NA,NA,NA,NA,NA,"",NA,NA,NA,NA,NA,NA,NA,NA,NA,NA,NA,NA,NA,NA,NA,NA,NA,3,1,"",38,1,39,"12:53","",38,1,39,NA,NA,NA,NA,NA,NA,NA,NA,NA,NA,2,"MR. SAN MARTIN SOCABAYA","DETALLADO","1, Bus",NA,"Puerta Puerta","Urbano",NA,NA,NA,NA,NA,NA,NA,NA,NA,NA,NA,"3. indicacion verbal (reportar en whats app)","Tocar puerta por puerta","Complete","-16.489489","-71.506081","",""
"1603",1604,NA,"2024-12-07 10:30:10","5","zona c parte baja vilcapaza",7,57,2024-11-30,1,"08:30","09:00",1,"","09:40",NA,3,34,1,NA,NA,NA,NA,"",NA,NA,NA,NA,NA,NA,NA,"",NA,NA,NA,NA,NA,NA,NA,NA,NA,NA,NA,NA,NA,NA,NA,NA,NA,3,2,"",24,2,26,"13:00","",24,2,26,NA,NA,NA,NA,NA,NA,NA,NA,NA,NA,2,"MR. SAN MARTIN SOCABAYA","DETALLADO","1, Bus",NA,"Puerta Puerta","Urbano",NA,NA,NA,NA,NA,NA,NA,NA,NA,NA,NA,"3. indicacion verbal (reportar en whats app)","Caminar cuadra en cuadra","Complete","-16.478317","-71.502009","",""
"1604",1605,NA,"2024-12-07 10:32:39","5","horacio zeballos  gamez ",8,58,2024-11-30,1,"08:25","09:05",1,"","09:35",NA,3,35,1,NA,NA,NA,NA,"",NA,NA,NA,NA,NA,NA,NA,"",NA,NA,NA,NA,NA,NA,NA,NA,NA,NA,NA,NA,NA,NA,NA,NA,NA,3,1,"",21,12,33,"13:30","",21,12,33,NA,NA,NA,NA,NA,NA,NA,NA,NA,NA,2,"MR. SAN MARTIN SOCABAYA","DETALLADO","1, Bus",NA,"Puerta Puerta","Urbano",NA,NA,NA,NA,NA,NA,NA,NA,NA,NA,NA,"3. indicacion verbal (reportar en whats app)","Tocar puerta por puerta","Complete","-16.486451","-71.502297","",""
"1605",1606,NA,"2024-12-07 10:48:38","5","Zona penal",9,59,2024-11-30,1,"08:24","09:00",1,"","09:21",NA,3,44,2,NA,NA,NA,NA,"",NA,NA,NA,NA,NA,NA,NA,"",NA,NA,NA,NA,NA,NA,NA,NA,NA,NA,NA,NA,NA,NA,NA,NA,NA,3,1,"",29,1,30,"13:00","",29,1,30,NA,NA,NA,NA,NA,NA,NA,NA,NA,NA,2,"MR. SAN MARTIN SOCABAYA","DETALLADO","1, Bus",NA,"Puerta Puerta","Periurbano",NA,NA,NA,NA,NA,NA,NA,NA,NA,NA,NA,"3. indicacion verbal (reportar en whats app)","Tocar puerta por puerta","Complete","-16.489064","-71.506686","",""
"1606",1607,NA,"2024-12-07 10:50:11","5","villa socabaya ",10,510,2024-11-30,1,"08:30","09:10",1,"","09:38",NA,3,75,1,NA,NA,NA,NA,"",NA,NA,NA,NA,NA,NA,NA,"",NA,NA,NA,NA,NA,NA,NA,NA,NA,NA,NA,NA,NA,NA,NA,NA,NA,3,2,"",55,5,60,"13:00","",55,5,60,NA,NA,NA,NA,NA,NA,NA,NA,NA,NA,2,"MR. SAN MARTIN SOCABAYA","DETALLADO","1, Bus",NA,"Puerta Puerta","Urbano",NA,NA,NA,NA,NA,NA,NA,NA,NA,NA,NA,"3. indicacion verbal (reportar en whats app)","Caminar cuadra en cuadra","Complete","-16.490691","-71.506180","-16.489.825","-71.510.662"
"1607",1608,NA,"2024-12-07 10:51:59","5","asociación villa del sur  ",11,511,2024-11-30,1,"08:35","09:09",1,"","09:37",NA,3,69,1,NA,NA,NA,NA,"",NA,NA,NA,NA,NA,NA,NA,"",NA,NA,NA,NA,NA,NA,NA,NA,NA,NA,NA,NA,NA,NA,NA,NA,NA,3,1,"",35,0,35,"12:44","",35,0,35,NA,NA,NA,NA,NA,NA,NA,NA,NA,NA,2,"MR. SAN MARTIN SOCABAYA","DETALLADO","1, Bus",NA,"Puerta Puerta","Urbano",NA,NA,NA,NA,NA,NA,NA,NA,NA,NA,NA,"3. indicacion verbal (reportar en whats app)","Tocar puerta por puerta","Complete","-16.488519","-71.514483","-16.486.575","-71.518.687"
"1608",1609,NA,"2024-12-07 10:53:44","5","asociacion alto buena vista ",12,512,2024-11-30,1,"08:28","09:00",1,"","09:15",NA,3,50,1,NA,NA,NA,NA,"",NA,NA,NA,NA,NA,NA,NA,"",NA,NA,NA,NA,NA,NA,NA,NA,NA,NA,NA,NA,NA,NA,NA,NA,NA,3,1,"",21,18,39,"12:30","",21,18,39,NA,NA,NA,NA,NA,NA,NA,NA,NA,NA,2,"MR. SAN MARTIN SOCABAYA","DETALLADO","1, Bus",NA,"Puerta Puerta","Urbano",NA,NA,NA,NA,NA,NA,NA,NA,NA,NA,NA,"3. indicacion verbal (reportar en whats app)","Tocar puerta por puerta","Complete","-16.472921","-71.529119","-16.473.353","-71.530.345"
"1609",1610,NA,"2024-12-07 10:56:26","5","los rosales",13,513,2024-11-30,1,"08:35","09:05",1,"","09:15",NA,3,68,1,NA,NA,NA,NA,"",NA,NA,NA,NA,NA,NA,NA,"",NA,NA,NA,NA,NA,NA,NA,NA,NA,NA,NA,NA,NA,NA,NA,NA,NA,3,1,"",28,4,32,"12:07","",28,4,32,NA,NA,NA,NA,NA,NA,NA,NA,NA,NA,2,"MR. SAN MARTIN SOCABAYA","DETALLADO","1, Bus",NA,"Puerta Puerta","Urbano",NA,NA,NA,NA,NA,NA,NA,NA,NA,NA,NA,"3. indicacion verbal (reportar en whats app)","Tocar puerta por puerta","Complete","-16.474422","-71.523457","",""
"1610",1611,NA,"2024-12-07 10:58:26","5","la mansión parte alta ",14,514,2024-11-30,1,"08:33","09:05",1,"","10:02",NA,3,64,1,NA,NA,NA,NA,"",NA,NA,NA,NA,NA,NA,NA,"",NA,NA,NA,NA,NA,NA,NA,NA,NA,NA,NA,NA,NA,NA,NA,NA,NA,3,1,"",12,15,27,"12:30","",12,15,27,NA,NA,NA,NA,NA,NA,NA,NA,NA,NA,2,"MR. SAN MARTIN SOCABAYA","DETALLADO","1, Bus",NA,"Puerta Puerta","Urbano",NA,NA,NA,NA,NA,NA,NA,NA,NA,NA,NA,"3. indicacion verbal (reportar en whats app)","Tocar puerta por puerta","Complete","-16.467055","-71.551064","",""
"1611",1612,NA,"2024-12-07 11:00:00","5","la mansion zona A",15,515,2024-11-30,1,"08:35","09:05",1,"","10:03",NA,3,45,1,NA,NA,NA,NA,"",NA,NA,NA,NA,NA,NA,NA,"",NA,NA,NA,NA,NA,NA,NA,NA,NA,NA,NA,NA,NA,NA,NA,NA,NA,3,2,"",27,7,34,"12:20","",27,7,34,NA,NA,NA,NA,NA,NA,NA,NA,NA,NA,2,"MR. SAN MARTIN SOCABAYA","DETALLADO","1, Bus",NA,"Puerta Puerta","Urbano",NA,NA,NA,NA,NA,NA,NA,NA,NA,NA,NA,"3. indicacion verbal (reportar en whats app)","Caminar cuadra en cuadra","Complete","-16.466931","-71.550702","",""
"1612",1613,NA,"2024-12-07 11:03:46","5","cementerio Socabaya",17,517,2024-11-30,1,"08:32","09:08",1,"","09:25",NA,3,22,1,NA,NA,NA,NA,"",NA,NA,NA,NA,NA,NA,NA,"",NA,NA,NA,NA,NA,NA,NA,NA,NA,NA,NA,NA,NA,NA,NA,NA,NA,3,1,"",1,0,1,"12:07","",1,0,1,NA,NA,NA,NA,NA,NA,NA,NA,NA,NA,2,"MR. SAN MARTIN SOCABAYA","DETALLADO","1, Bus",NA,"Puerta Puerta","Urbano",NA,NA,NA,NA,NA,NA,NA,NA,NA,NA,NA,"3. indicacion verbal (reportar en whats app)","Tocar puerta por puerta","Complete","-16.469603","-71.526244","",""
"1613",1614,NA,"2024-12-07 11:05:22","5","mansion II",18,518,2024-11-30,1,"09:00","09:00",1,"","10:00",NA,3,15,1,NA,NA,NA,NA,"",NA,NA,NA,NA,NA,NA,NA,"",NA,NA,NA,NA,NA,NA,NA,NA,NA,NA,NA,NA,NA,NA,NA,NA,NA,3,2,"",20,0,20,"12:50","",20,0,20,NA,NA,NA,NA,NA,NA,NA,NA,NA,NA,2,"MR. SAN MARTIN SOCABAYA","DETALLADO","1, Bus",NA,"Puerta Puerta","Urbano",NA,NA,NA,NA,NA,NA,NA,NA,NA,NA,NA,"3. indicacion verbal (reportar en whats app)","Caminar cuadra en cuadra","Complete","-16.468018","-71.550335","",""
"1614",1615,NA,"2024-12-07 11:08:09","5","plaza de socabaya ",19,519,2024-11-30,2,"","",NA,"","",2,3,NA,NA,NA,NA,NA,NA,"",NA,NA,NA,NA,NA,NA,NA,"",NA,NA,NA,NA,NA,NA,NA,NA,NA,NA,NA,NA,NA,NA,NA,NA,NA,NA,NA,"",8,0,8,"","",8,0,8,NA,NA,NA,NA,NA,NA,NA,NA,NA,NA,2,"MR. SAN MARTIN SOCABAYA","CORTO",NA,"No","Puerta Puerta",NA,NA,NA,NA,NA,NA,NA,NA,NA,NA,NA,NA,NA,NA,"Complete","-16.467300","-71.529173","",""
"1615",1616,NA,"2024-12-07 11:09:00","5","cruce penal ",20,520,2024-11-30,2,"","",NA,"","",2,3,NA,NA,NA,NA,NA,NA,"",NA,NA,NA,NA,NA,NA,NA,"",NA,NA,NA,NA,NA,NA,NA,NA,NA,NA,NA,NA,NA,NA,NA,NA,NA,NA,NA,"",35,0,35,"","",35,0,35,NA,NA,NA,NA,NA,NA,NA,NA,NA,NA,2,"MR. SAN MARTIN SOCABAYA","CORTO",NA,"No","Puerta Puerta",NA,NA,NA,NA,NA,NA,NA,NA,NA,NA,NA,NA,NA,NA,"Complete","-16.501153","-71.527759","-16.490.009","-71.506.361"
"1616",1617,NA,"2024-12-07 11:10:04","5","P.S. san martin de socabaya ",21,521,2024-11-30,2,"","",NA,"","",2,3,NA,NA,NA,NA,NA,NA,"",NA,NA,NA,NA,NA,NA,NA,"",NA,NA,NA,NA,NA,NA,NA,NA,NA,NA,NA,NA,NA,NA,NA,NA,NA,NA,NA,"",5,0,5,"","",5,0,5,NA,NA,NA,NA,NA,NA,NA,NA,NA,NA,2,"MR. SAN MARTIN SOCABAYA","CORTO",NA,"No","Puerta Puerta",NA,NA,NA,NA,NA,NA,NA,NA,NA,NA,NA,NA,NA,NA,"Complete","-16.439022","-71.529998","",""
"1617",1618,NA,"2024-12-11 12:03:59","5","taller el chino cerro Salaverry",1,51,2024-12-07,1,"08:35","08:54",1,"","09:09",NA,3,NA,1,NA,NA,NA,NA,"",NA,NA,NA,NA,NA,NA,NA,"",NA,NA,NA,NA,NA,NA,NA,NA,NA,NA,NA,NA,NA,NA,NA,NA,NA,4,1,"",35,12,47,"13:06","",35,12,47,NA,NA,NA,NA,NA,NA,NA,NA,NA,NA,2,"MR. SAN MARTIN SOCABAYA","DETALLADO","1, Bus",NA,"Puerta Puerta","Urbano",NA,NA,NA,NA,NA,NA,NA,NA,NA,NA,NA,"4. Mapa digital","Tocar puerta por puerta","Complete","-16.433384","-71.537247","-16.431.913","-71.535.713"
"1618",1619,NA,"2024-12-11 12:07:33","5","mirador de cerro Salaverry ",2,52,2024-12-07,1,"08:38","08:54",1,"","09:04",NA,3,NA,1,NA,NA,NA,NA,"",NA,NA,NA,NA,NA,NA,NA,"",NA,NA,NA,NA,NA,NA,NA,NA,NA,NA,NA,NA,NA,NA,NA,NA,NA,4,1,"",24,2,26,"13:44","",24,2,26,NA,NA,NA,NA,NA,NA,NA,NA,NA,NA,2,"MR. SAN MARTIN SOCABAYA","DETALLADO","1, Bus",NA,"Puerta Puerta","Urbano",NA,NA,NA,NA,NA,NA,NA,NA,NA,NA,NA,"4. Mapa digital","Tocar puerta por puerta","Complete","-16.433373","-71.537253","",""
"1619",1620,NA,"2024-12-11 12:10:51","5","calle Abancay ",3,53,2024-12-07,1,"08:40","08:50",4,"","09:05",NA,3,NA,1,NA,NA,NA,NA,"",NA,NA,NA,NA,NA,NA,NA,"",NA,NA,NA,NA,NA,NA,NA,NA,NA,NA,NA,NA,NA,NA,NA,NA,NA,4,2,"",41,9,50,"12:50","",41,9,50,NA,NA,NA,NA,NA,NA,NA,NA,NA,NA,2,"MR. SAN MARTIN SOCABAYA","DETALLADO","4. Caminando",NA,"Puerta Puerta","Urbano",NA,NA,NA,NA,NA,NA,NA,NA,NA,NA,NA,"4. Mapa digital","Caminar cuadra en cuadra","Complete","-16.435876","-71.532078","",""
"1620",1621,NA,"2024-12-11 12:12:33","5","san martin ",4,54,2024-12-07,1,"08:39","08:42",4,"","08:50",NA,3,NA,1,NA,NA,NA,NA,"",NA,NA,NA,NA,NA,NA,NA,"",NA,NA,NA,NA,NA,NA,NA,NA,NA,NA,NA,NA,NA,NA,NA,NA,NA,4,1,"",36,0,36,"12:30","",36,0,36,NA,NA,NA,NA,NA,NA,NA,NA,NA,NA,2,"MR. SAN MARTIN SOCABAYA","DETALLADO","4. Caminando",NA,"Puerta Puerta","Urbano",NA,NA,NA,NA,NA,NA,NA,NA,NA,NA,NA,"4. Mapa digital","Tocar puerta por puerta","Complete","-16.440219","-71.529314","",""
"1621",1622,NA,"2024-12-11 12:16:56","5","mercado san martin de socabaya ",5,55,2024-12-07,1,"08:33","08:43",4,"","08:52",NA,3,NA,1,NA,NA,NA,NA,"",NA,NA,NA,NA,NA,NA,NA,"",NA,NA,NA,NA,NA,NA,NA,NA,NA,NA,NA,NA,NA,NA,NA,NA,NA,4,2,"",13,1,14,"12:40","anotador de la municipalidad se retiro 10:15",13,1,14,NA,NA,NA,NA,NA,NA,NA,NA,NA,NA,2,"MR. SAN MARTIN SOCABAYA","DETALLADO","4. Caminando",NA,"Puerta Puerta","Urbano",NA,NA,NA,NA,NA,NA,NA,NA,NA,NA,NA,"4. Mapa digital","Caminar cuadra en cuadra","Complete","-16.440657","-71.530306","-16.439.844","-71.532.210"
"1622",1623,NA,"2024-12-11 12:19:51","5","I.E. san benito de palermo ",6,56,2024-12-07,1,"08:37","08:50",4,"","08:59",NA,3,NA,1,NA,NA,NA,NA,"",NA,NA,NA,NA,NA,NA,NA,"",NA,NA,NA,NA,NA,NA,NA,NA,NA,NA,NA,NA,NA,NA,NA,NA,NA,4,1,"",18,5,23,"13:36","",18,5,23,NA,NA,NA,NA,NA,NA,NA,NA,NA,NA,2,"MR. SAN MARTIN SOCABAYA","DETALLADO","4. Caminando",NA,"Puerta Puerta","Urbano",NA,NA,NA,NA,NA,NA,NA,NA,NA,NA,NA,"4. Mapa digital","Tocar puerta por puerta","Complete","-16.440387","-71.529244","-16.442.208","-71.525.220"
"1623",1624,NA,"2024-12-11 12:22:40","5","san martin de socabaya ",7,57,2024-12-07,1,"08:38","09:00",1,"","09:05",NA,3,NA,1,NA,NA,NA,NA,"",NA,NA,NA,NA,NA,NA,NA,"",NA,NA,NA,NA,NA,NA,NA,NA,NA,NA,NA,NA,NA,NA,NA,NA,NA,4,1,"",26,3,29,"12:30","",26,3,29,NA,NA,NA,NA,NA,NA,NA,NA,NA,NA,2,"MR. SAN MARTIN SOCABAYA","DETALLADO","1, Bus",NA,"Puerta Puerta","Urbano",NA,NA,NA,NA,NA,NA,NA,NA,NA,NA,NA,"4. Mapa digital","Tocar puerta por puerta","Complete","-16.444462","-71.533538","",""
"1624",1625,NA,"2024-12-11 12:24:20","5","quebrada coscollo",8,58,2024-12-07,1,"08:38","08:53",1,"","09:27",NA,3,NA,1,NA,NA,NA,NA,"",NA,NA,NA,NA,NA,NA,NA,"",NA,NA,NA,NA,NA,NA,NA,NA,NA,NA,NA,NA,NA,NA,NA,NA,NA,4,1,"",28,2,30,"12:07","",28,2,30,NA,NA,NA,NA,NA,NA,NA,NA,NA,NA,2,"MR. SAN MARTIN SOCABAYA","DETALLADO","1, Bus",NA,"Puerta Puerta","Urbano",NA,NA,NA,NA,NA,NA,NA,NA,NA,NA,NA,"4. Mapa digital","Tocar puerta por puerta","Complete","-16.445716","-71.530302","-16.444.743","-71.530.209"
"1625",1626,NA,"2024-12-11 12:26:50","5","calle iquitos detras del estadio ",9,59,2024-12-07,1,"08:38","08:58",1,"","09:07",NA,3,NA,1,NA,NA,NA,NA,"",NA,NA,NA,NA,NA,NA,NA,"",NA,NA,NA,NA,NA,NA,NA,NA,NA,NA,NA,NA,NA,NA,NA,NA,NA,4,1,"",50,0,50,"12:33","",50,0,50,NA,NA,NA,NA,NA,NA,NA,NA,NA,NA,2,"MR. SAN MARTIN SOCABAYA","DETALLADO","1, Bus",NA,"Puerta Puerta","Urbano",NA,NA,NA,NA,NA,NA,NA,NA,NA,NA,NA,"4. Mapa digital","Tocar puerta por puerta","Complete","-16.444225","-71.532812","-16.444.466","-71.533.966"
"1626",1627,NA,"2024-12-11 12:29:32","5","mercado ciudad mi trabajo ",10,510,2024-12-07,1,"08:15","08:20",1,"","08:30",NA,3,NA,1,NA,NA,NA,NA,"",NA,NA,NA,NA,NA,NA,NA,"",NA,NA,NA,NA,NA,NA,NA,NA,NA,NA,NA,NA,NA,NA,NA,NA,NA,4,1,"",30,0,30,"12:30","",30,0,30,NA,NA,NA,NA,NA,NA,NA,NA,NA,NA,2,"MR. SAN MARTIN SOCABAYA","DETALLADO","1, Bus",NA,"Puerta Puerta","Urbano",NA,NA,NA,NA,NA,NA,NA,NA,NA,NA,NA,"4. Mapa digital","Tocar puerta por puerta","Complete","-16.446915","-71.534403","-16.447.437","-71.534.739"
"1627",1628,NA,"2024-12-11 12:31:33","5","estadio bellapampa ",11,511,2024-12-07,1,"08:50","09:00",1,"","09:12",NA,3,NA,1,NA,NA,NA,NA,"",NA,NA,NA,NA,NA,NA,NA,"",NA,NA,NA,NA,NA,NA,NA,NA,NA,NA,NA,NA,NA,NA,NA,NA,NA,4,1,"",40,1,41,"12:45","",40,1,41,NA,NA,NA,NA,NA,NA,NA,NA,NA,NA,2,"MR. SAN MARTIN SOCABAYA","DETALLADO","1, Bus",NA,"Puerta Puerta","Urbano",NA,NA,NA,NA,NA,NA,NA,NA,NA,NA,NA,"4. Mapa digital","Tocar puerta por puerta","Complete","-16.450150","-71.537113","-16.450.166","-71.537.103"
"1628",1629,NA,"2024-12-11 12:34:14","5","los cristales ",12,512,2024-12-07,1,"08:50","09:00",1,"","09:14",NA,3,NA,1,NA,NA,NA,NA,"",NA,NA,NA,NA,NA,NA,NA,"",NA,NA,NA,NA,NA,NA,NA,NA,NA,NA,NA,NA,NA,NA,NA,NA,NA,4,1,"",24,8,32,"12:10","",24,8,32,NA,NA,NA,NA,NA,NA,NA,NA,NA,NA,2,"MR. SAN MARTIN SOCABAYA","DETALLADO","1, Bus",NA,"Puerta Puerta","Urbano",NA,NA,NA,NA,NA,NA,NA,NA,NA,NA,NA,"4. Mapa digital","Tocar puerta por puerta","Complete","-16.456266","-71.537973","",""
"1629",1630,NA,"2024-12-11 12:38:57","5","parque lara ",13,513,2024-12-07,1,"08:41","08:59",1,"","09:02",NA,3,NA,1,NA,NA,NA,NA,"",NA,NA,NA,NA,NA,NA,NA,"",NA,NA,NA,NA,NA,NA,NA,NA,NA,NA,NA,NA,NA,NA,NA,NA,NA,4,1,"",8,0,8,"12:45","",8,0,8,NA,NA,NA,NA,NA,NA,NA,NA,NA,NA,2,"MR. SAN MARTIN SOCABAYA","DETALLADO","1, Bus",NA,"Puerta Puerta","Urbano",NA,NA,NA,NA,NA,NA,NA,NA,NA,NA,NA,"4. Mapa digital","Tocar puerta por puerta","Complete","-16.449.610","-71.534.264","",""
"1630",1631,NA,"2024-12-11 12:41:23","5","virgen de Copacabana lara ",14,514,2024-12-07,1,"08:41","09:00",1,"","09:27",NA,3,NA,1,NA,NA,NA,NA,"",NA,NA,NA,NA,NA,NA,NA,"",NA,NA,NA,NA,NA,NA,NA,NA,NA,NA,NA,NA,NA,NA,NA,NA,NA,4,1,"",13,0,13,"12:10","",13,0,13,NA,NA,NA,NA,NA,NA,NA,NA,NA,NA,2,"MR. SAN MARTIN SOCABAYA","DETALLADO","1, Bus",NA,"Puerta Puerta","Urbano",NA,NA,NA,NA,NA,NA,NA,NA,NA,NA,NA,"4. Mapa digital","Tocar puerta por puerta","Complete","-16.452393","-71.531066","-16.452.374","-71.531.101"
"1631",1632,NA,"2024-12-11 12:45:49","5","parque tupac amaru ",15,515,2024-12-07,1,"08:34","08:53",1,"","09:47",NA,3,NA,1,NA,NA,NA,NA,"",NA,NA,NA,NA,NA,NA,NA,"",NA,NA,NA,NA,NA,NA,NA,NA,NA,NA,NA,NA,NA,NA,NA,NA,NA,4,1,"",36,0,36,"12:07","",36,0,36,NA,NA,NA,NA,NA,NA,NA,NA,NA,NA,2,"MR. SAN MARTIN SOCABAYA","DETALLADO","1, Bus",NA,"Puerta Puerta","Urbano",NA,NA,NA,NA,NA,NA,NA,NA,NA,NA,NA,"4. Mapa digital","Tocar puerta por puerta","Complete","-16.448367","-71.529246","",""
"1632",1633,NA,"2024-12-11 12:47:57","5","referencia parque 4 de octubre",16,516,2024-12-07,1,"08:42","09:00",1,"","09:50",NA,3,NA,1,NA,NA,NA,NA,"",NA,NA,NA,NA,NA,NA,NA,"",NA,NA,NA,NA,NA,NA,NA,NA,NA,NA,NA,NA,NA,NA,NA,NA,NA,4,1,"",24,4,28,"12:15","",24,4,28,NA,NA,NA,NA,NA,NA,NA,NA,NA,NA,2,"MR. SAN MARTIN SOCABAYA","DETALLADO","1, Bus",NA,"Puerta Puerta","Urbano",NA,NA,NA,NA,NA,NA,NA,NA,NA,NA,NA,"4. Mapa digital","Tocar puerta por puerta","Complete","-16.449647","-71.528291","-16.448.404","-71.525.123"
"1633",1634,NA,"2024-12-11 12:51:36","5","parque ecologico N 5",17,517,2024-12-07,1,"08:42","08:50",1,"","09:39",NA,3,NA,1,NA,NA,NA,NA,"",NA,NA,NA,NA,NA,NA,NA,"",NA,NA,NA,NA,NA,NA,NA,NA,NA,NA,NA,NA,NA,NA,NA,NA,NA,4,1,"",40,10,50,"12:15","",40,10,50,NA,NA,NA,NA,NA,NA,NA,NA,NA,NA,2,"MR. SAN MARTIN SOCABAYA","DETALLADO","1, Bus",NA,"Puerta Puerta","Urbano",NA,NA,NA,NA,NA,NA,NA,NA,NA,NA,NA,"4. Mapa digital","Tocar puerta por puerta","Complete","-16.448440","-71.523389","",""
"1634",1635,NA,"2024-12-11 12:54:25","5","parque corazon de jesus 1-3 de octubre ",18,518,2024-12-07,1,"08:40","08:50",1,"","09:43",NA,3,NA,1,NA,NA,NA,NA,"",NA,NA,NA,NA,NA,NA,NA,"",NA,NA,NA,NA,NA,NA,NA,NA,NA,NA,NA,NA,NA,NA,NA,NA,NA,4,1,"",13,2,15,"12:18","",13,2,15,NA,NA,NA,NA,NA,NA,NA,NA,NA,NA,2,"MR. SAN MARTIN SOCABAYA","DETALLADO","1, Bus",NA,"Puerta Puerta","Urbano",NA,NA,NA,NA,NA,NA,NA,NA,NA,NA,NA,"4. Mapa digital","Tocar puerta por puerta","Complete","-16.446960","-71.523763","-16.446.008","-71.522.388"
"1635",1636,NA,"2024-12-11 12:56:14","5","calle los corredores",19,519,2024-12-07,1,"08:55","09:01",1,"","09:36",NA,3,NA,1,NA,NA,NA,NA,"",NA,NA,NA,NA,NA,NA,NA,"",NA,NA,NA,NA,NA,NA,NA,NA,NA,NA,NA,NA,NA,NA,NA,NA,NA,4,1,"",14,1,15,"12:12","",14,1,15,NA,NA,NA,NA,NA,NA,NA,NA,NA,NA,2,"MR. SAN MARTIN SOCABAYA","DETALLADO","1, Bus",NA,"Puerta Puerta","Urbano",NA,NA,NA,NA,NA,NA,NA,NA,NA,NA,NA,"4. Mapa digital","Tocar puerta por puerta","Complete","-16.449262","-71.521393","-16.450.083","-71.521.492"
"1636",1637,NA,"2024-12-11 12:58:00","5","parque la campiña II sector",20,520,2024-12-07,1,"09:00","09:35",2,"","09:54",NA,3,NA,1,NA,NA,NA,NA,"",NA,NA,NA,NA,NA,NA,NA,"",NA,NA,NA,NA,NA,NA,NA,NA,NA,NA,NA,NA,NA,NA,NA,NA,NA,4,1,"",19,2,21,"12:35","",19,2,21,NA,NA,NA,NA,NA,NA,NA,NA,NA,NA,2,"MR. SAN MARTIN SOCABAYA","DETALLADO","2. Camioneta/Auto",NA,"Puerta Puerta","Urbano",NA,NA,NA,NA,NA,NA,NA,NA,NA,NA,NA,"4. Mapa digital","Tocar puerta por puerta","Complete","-16.461188","-71.523960","-16.460.663","-71.522.266"
"1637",1638,NA,"2024-12-11 13:07:21","5","terminal de buses correcaminos ",22,522,2024-12-07,1,"09:18","09:40",1,"","09:48",NA,3,NA,1,NA,NA,NA,NA,"",NA,NA,NA,NA,NA,NA,NA,"",NA,NA,NA,NA,NA,NA,NA,NA,NA,NA,NA,NA,NA,NA,NA,NA,NA,4,1,"",25,5,30,"13:00","",25,5,30,NA,NA,NA,NA,NA,NA,NA,NA,NA,NA,2,"MR. SAN MARTIN SOCABAYA","DETALLADO","1, Bus",NA,"Puerta Puerta","Urbano",NA,NA,NA,NA,NA,NA,NA,NA,NA,NA,NA,"4. Mapa digital","Tocar puerta por puerta","Complete","-16.454576","-71.519161","-16.457.851","-71.522.151"
"1638",1639,NA,"2024-12-11 14:26:52","5","peñas 23",23,523,2024-12-07,1,"09:09","09:30",2,"","09:51",NA,3,NA,1,NA,NA,NA,NA,"",NA,NA,NA,NA,NA,NA,NA,"",NA,NA,NA,NA,NA,NA,NA,NA,NA,NA,NA,NA,NA,NA,NA,NA,NA,4,1,"",16,0,16,"12:36","",16,0,16,NA,NA,NA,NA,NA,NA,NA,NA,NA,NA,2,"MR. SAN MARTIN SOCABAYA","DETALLADO","2. Camioneta/Auto",NA,"Puerta Puerta","Urbano",NA,NA,NA,NA,NA,NA,NA,NA,NA,NA,NA,"4. Mapa digital","Tocar puerta por puerta","Complete","-16.453744","-71.517080","-16.453.840","-71.518.362"
"1639",1640,NA,"2024-12-11 14:28:35","5","la rinconada ",24,524,2024-12-07,1,"09:25","09:30",2,"","09:40",NA,3,NA,1,NA,NA,NA,NA,"",NA,NA,NA,NA,NA,NA,NA,"",NA,NA,NA,NA,NA,NA,NA,NA,NA,NA,NA,NA,NA,NA,NA,NA,NA,4,1,"",51,11,62,"13:15","",51,11,62,NA,NA,NA,NA,NA,NA,NA,NA,NA,NA,2,"MR. SAN MARTIN SOCABAYA","DETALLADO","2. Camioneta/Auto",NA,"Puerta Puerta","Urbano",NA,NA,NA,NA,NA,NA,NA,NA,NA,NA,NA,"4. Mapa digital","Tocar puerta por puerta","Complete","-16.447520","-71.546029","-16.452.036","-71.546.330"
"1640",1641,NA,"2024-12-12 10:37:51","5","Las Peñas",25,525,2024-12-07,2,"","",NA,"","",2,3,NA,NA,NA,NA,NA,NA,"",NA,NA,NA,NA,NA,NA,NA,"",NA,NA,NA,NA,NA,NA,NA,NA,NA,NA,NA,NA,NA,NA,NA,NA,NA,NA,NA,"",21,0,21,"","",21,0,21,NA,NA,NA,NA,NA,NA,NA,NA,NA,NA,2,"MR. SAN MARTIN SOCABAYA","CORTO",NA,"No","Puerta Puerta",NA,NA,NA,NA,NA,NA,NA,NA,NA,NA,NA,NA,NA,NA,"Complete","-16.454155","-71.540712","",""
"1641",1642,NA,"2024-12-15 11:22:19","17","15 de agosto - yumina",1,171,2024-12-14,1,"07:50","08:05",2,"","08:21",NA,3,50,2,NA,NA,NA,NA,"",NA,NA,NA,NA,NA,NA,NA,"",NA,NA,NA,NA,NA,NA,NA,NA,NA,NA,NA,NA,NA,NA,NA,NA,NA,3,2,"",8,0,8,"11:58","la zona ya estaba y el inspectro y algunos pobladores nos indicaron que ya habian vecinos ahi la semana pasada",8,0,8,NA,NA,NA,NA,NA,NA,NA,NA,NA,NA,2,"MR. CHARACATO","DETALLADO","2. Camioneta/Auto",NA,"Puerta Puerta","Periurbano",NA,NA,NA,NA,NA,NA,NA,NA,NA,NA,NA,"3. indicacion verbal (reportar en whats app)","Caminar cuadra en cuadra","Complete","-16.446125","-71.484743","-16.444.092","-71.483.186"
"1642",1643,NA,"2024-12-15 11:25:49","17","Buena vista Sabandia",2,172,2024-12-14,1,"07:51","08:05",2,"","08:14",NA,3,30,1,NA,NA,NA,NA,"",NA,NA,NA,NA,NA,NA,NA,"",NA,NA,NA,NA,NA,NA,NA,NA,NA,NA,NA,NA,NA,NA,NA,NA,NA,3,2,"",50,2,52,"12:05","mayoria de perros vacunados - la zona hera chacras no nos dejaron en el punto que nos tocaba nos dejaron en otro punto",50,2,52,NA,NA,NA,NA,NA,NA,NA,NA,NA,NA,2,"MR. CHARACATO","DETALLADO","2. Camioneta/Auto",NA,"Puerta Puerta","Urbano",NA,NA,NA,NA,NA,NA,NA,NA,NA,NA,NA,"3. indicacion verbal (reportar en whats app)","Caminar cuadra en cuadra","Complete","-16.449018","-71.491628","-16.450.582","-71.492.992"
"1643",1644,NA,"2024-12-15 11:28:36","17","ASOVICH",3,173,2024-12-14,1,"07:50","08:31",2,"","08:37",NA,3,69,2,NA,NA,NA,NA,"",NA,NA,NA,NA,NA,NA,NA,"",NA,NA,NA,NA,NA,NA,NA,NA,NA,NA,NA,NA,NA,NA,NA,NA,NA,3,2,"",13,0,13,"11:50","zonas ya vacunados, lotes vacios, no hay gente en casa",13,0,13,NA,NA,NA,NA,NA,NA,NA,NA,NA,NA,2,"MR. CHARACATO","DETALLADO","2. Camioneta/Auto",NA,"Puerta Puerta","Periurbano",NA,NA,NA,NA,NA,NA,NA,NA,NA,NA,NA,"3. indicacion verbal (reportar en whats app)","Caminar cuadra en cuadra","Complete","-16.464405","-71.503638","-16.465.872","-71.502.619"
"1644",1645,NA,"2024-12-15 11:30:54","17","Calle Grau",4,174,2024-12-14,1,"07:50","08:08",4,"","08:12",NA,3,0,1,NA,NA,NA,NA,"",NA,NA,NA,NA,NA,NA,NA,"",NA,NA,NA,NA,NA,NA,NA,NA,NA,NA,NA,NA,NA,NA,NA,NA,NA,4,2,"",27,0,27,"11:56","zonas descampadas por especiales de campo",27,0,27,NA,NA,NA,NA,NA,NA,NA,NA,NA,NA,2,"MR. CHARACATO","DETALLADO","4. Caminando",NA,"Puerta Puerta","Urbano",NA,NA,NA,NA,NA,NA,NA,NA,NA,NA,NA,"4. Mapa digital","Caminar cuadra en cuadra","Complete","-16.469147","-71.483627","",""
"1645",1646,NA,"2024-12-15 11:32:54","17","Calle Moquegua",6,176,2024-12-14,1,"07:50","08:04",4,"","08:12",NA,3,0,1,NA,NA,NA,NA,"",NA,NA,NA,NA,NA,NA,NA,"",NA,NA,NA,NA,NA,NA,NA,NA,NA,NA,NA,NA,NA,NA,NA,NA,NA,4,1,"",29,7,36,"11:58","",29,7,36,NA,NA,NA,NA,NA,NA,NA,NA,NA,NA,2,"MR. CHARACATO","DETALLADO","4. Caminando",NA,"Puerta Puerta","Urbano",NA,NA,NA,NA,NA,NA,NA,NA,NA,NA,NA,"4. Mapa digital","Tocar puerta por puerta","Complete","-16.470744","-71.485085","-16.471.214","-71.480.809"
"1646",1647,NA,"2024-12-15 11:35:39","17","Santa Ana Ampliación ",7,177,2024-12-14,1,"07:45","08:27",6,"taxi","08:37",NA,3,0,2,NA,NA,NA,NA,"",NA,NA,NA,NA,NA,NA,NA,"",NA,NA,NA,NA,NA,NA,NA,NA,NA,NA,NA,NA,NA,NA,NA,NA,NA,4,1,"",35,15,50,"11:50","perros sin dueños y en jaurias ",35,15,50,NA,NA,NA,NA,NA,NA,NA,NA,NA,NA,2,"MR. CHARACATO","DETALLADO","6. Otros (Especificar)",NA,"Puerta Puerta","Periurbano",NA,NA,NA,NA,NA,NA,NA,NA,NA,NA,NA,"4. Mapa digital","Tocar puerta por puerta","Complete","-16.489527","-71.491130","-16.487.939","-71.491.200"
"1647",1648,NA,"2024-12-15 11:38:07","17","Loza deportiva santa ana ampliacion ",8,178,2024-12-14,1,"08:10","08:18",2,"","08:50",NA,3,0,2,NA,NA,NA,NA,"",NA,NA,NA,NA,NA,NA,NA,"",NA,NA,NA,NA,NA,NA,NA,NA,NA,NA,NA,NA,NA,NA,NA,NA,NA,4,1,"",19,1,20,"12:30","la gram mayoria de viviendas no estan presentes las personas, dejando a sus perritos como cuidadores",19,1,20,NA,NA,NA,NA,NA,NA,NA,NA,NA,NA,2,"MR. CHARACATO","DETALLADO","2. Camioneta/Auto",NA,"Puerta Puerta","Periurbano",NA,NA,NA,NA,NA,NA,NA,NA,NA,NA,NA,"4. Mapa digital","Tocar puerta por puerta","Complete","-16.490875","-71.492523","-16.490.627","-71.495.587"
"1648",1649,NA,"2024-12-15 11:41:42","17","centro de alto rendimiento FCB melgar grifo maollebaya",9,179,2024-12-14,1,"07:35","07:44",6,"taxi","08:10",NA,3,0,2,NA,NA,NA,NA,"",NA,NA,NA,NA,NA,NA,NA,"",NA,NA,NA,NA,NA,NA,NA,NA,NA,NA,NA,NA,NA,NA,NA,NA,NA,4,1,"",18,0,18,"12:30","los vecinos indicaron que sus perros ya fueron vacunados hace 15 dias aprox. ",18,0,18,NA,NA,NA,NA,NA,NA,NA,NA,NA,NA,2,"MR. CHARACATO","DETALLADO","6. Otros (Especificar)",NA,"Puerta Puerta","Periurbano",NA,NA,NA,NA,NA,NA,NA,NA,NA,NA,NA,"4. Mapa digital","Tocar puerta por puerta","Complete","-16.502584","-71.496820","-16.515.552","-71.491.071"
"1649",1650,NA,"2024-12-15 11:44:59","17","plaza peregrinos de chapi",10,1710,2024-12-14,1,"07:44","07:44",2,"","08:05",NA,3,0,2,NA,NA,NA,NA,"",NA,NA,NA,NA,NA,NA,NA,"",NA,NA,NA,NA,NA,NA,NA,NA,NA,NA,NA,NA,NA,NA,NA,NA,NA,4,1,"",27,4,31,"12:30","demasiadas casas desabitadas",27,4,31,NA,NA,NA,NA,NA,NA,NA,NA,NA,NA,2,"MR. CHARACATO","DETALLADO","2. Camioneta/Auto",NA,"Puerta Puerta","Periurbano",NA,NA,NA,NA,NA,NA,NA,NA,NA,NA,NA,"4. Mapa digital","Tocar puerta por puerta","Complete","-16.525130","-71.483685","-16.523.414","-71.483.055"
"1650",1651,NA,"2024-12-15 11:46:57","17","cancha sintetica la bombonera de characato",11,1711,2024-12-14,1,"07:45","07:50",2,"","08:10",NA,3,0,2,NA,NA,NA,NA,"",NA,NA,NA,NA,NA,NA,NA,"",NA,NA,NA,NA,NA,NA,NA,NA,NA,NA,NA,NA,NA,NA,NA,NA,NA,4,1,"",46,1,47,"12:30","lotes vacios con perros adentro",46,1,47,NA,NA,NA,NA,NA,NA,NA,NA,NA,NA,2,"MR. CHARACATO","DETALLADO","2. Camioneta/Auto",NA,"Puerta Puerta","Periurbano",NA,NA,NA,NA,NA,NA,NA,NA,NA,NA,NA,"4. Mapa digital","Tocar puerta por puerta","Complete","-16.531508","-71.482621","-16.532.695","-71.482.777"
"1651",1652,NA,"2024-12-15 11:59:46","5","",17,517,2024-11-24,2,"","",NA,"","",2,1,NA,NA,20,0,NA,NA,"",NA,NA,NA,NA,NA,NA,NA,"",NA,NA,NA,NA,NA,NA,NA,NA,NA,NA,NA,NA,NA,NA,NA,NA,NA,NA,NA,"",NA,NA,NA,"","",20,0,20,NA,NA,NA,NA,NA,NA,NA,NA,NA,NA,2,"MR. SAN MARTIN SOCABAYA","CORTO",NA,"No","Punto fijo",NA,NA,NA,NA,NA,NA,NA,NA,NA,NA,NA,NA,NA,NA,"Complete",NA,NA,NA,NA
"1652",1653,NA,"2024-12-15 12:01:09","5","Estadio Horacio Zeballos",20,520,2024-11-24,2,"","",NA,"","",2,1,NA,NA,25,0,NA,NA,"",NA,NA,NA,NA,NA,NA,NA,"",NA,NA,NA,NA,NA,NA,NA,NA,NA,NA,NA,NA,NA,NA,NA,NA,NA,NA,NA,"",NA,NA,NA,"","",25,0,25,NA,NA,NA,NA,NA,NA,NA,NA,NA,NA,2,"MR. SAN MARTIN SOCABAYA","CORTO",NA,"No","Punto fijo",NA,NA,NA,NA,NA,NA,NA,NA,NA,NA,NA,NA,NA,NA,"Complete","-16.482190","-71.504315","",""
