Month Created,Date Created,Time Created,Syncing Date,Latitude,Longitude,ParentCode,PetScannerChip,PetScannerSerial,AnswerCode,Organization,RegionName,ProjectName,UserName,FormName,SpeciesName,WardLocation,GpsDeleted,Accuracy,Especie,estado_vac,edad
Sep,07/09/2025,11:21 AM,07/09/2025,-16.5144067,-71.4904178,V-070925090746-25064-1,,,V-070925112104-25064-41,Peru Rabies Control,Arequipa,Characato (MR_21),vac09ch,VANCAN formulario 2025 General,Dog,,No,0.0,perro,revac,1_mayor
Sep,07/09/2025,11:21 AM,07/09/2025,-16.5144978,-71.4902132,V-070925090746-25064-1,,,V-070925112100-25064-40,Peru Rabies Control,Arequipa,Characato (MR_21),vac09ch,VANCAN formulario 2025 General,Dog,,No,0.0,perro,revac,1_mayor
Sep,07/09/2025,11:20 AM,07/09/2025,-16.5144978,-71.4902132,V-070925090746-25064-1,,,V-070925112056-25064-39,Peru Rabies Control,Arequipa,Characato (MR_21),vac09ch,VANCAN formulario 2025 General,Dog,,No,0.0,perro,revac,1_mayor
Sep,07/09/2025,11:11 AM,07/09/2025,-16.5144504,-71.490471,V-070925090746-25064-1,,,V-070925111132-25064-38,Peru Rabies Control,Arequipa,Characato (MR_21),vac09ch,VANCAN formulario 2025 General,Dog,,No,0.0,perro,revac,1_mayor
Sep,07/09/2025,11:11 AM,07/09/2025,-16.5144504,-71.490471,V-070925090746-25064-1,,,V-070925111126-25064-37,Peru Rabies Control,Arequipa,Characato (MR_21),vac09ch,VANCAN formulario 2025 General,Dog,,No,0.0,perro,revac,1_mayor
Sep,07/09/2025,11:02 AM,07/09/2025,-16.5120883,-71.4873871,V-070925090746-25064-1,,,V-070925110243-25064-36,Peru Rabies Control,Arequipa,Characato (MR_21),vac09ch,VANCAN formulario 2025 General,Dog,,No,0.0,gato,,
Sep,07/09/2025,11:02 AM,07/09/2025,-16.5120901,-71.4873954,V-070925090746-25064-1,,,V-070925110239-25064-35,Peru Rabies Control,Arequipa,Characato (MR_21),vac09ch,VANCAN formulario 2025 General,Dog,,No,0.0,gato,,
Sep,07/09/2025,11:02 AM,07/09/2025,-16.5120901,-71.4873954,V-070925090746-25064-1,,,V-070925110234-25064-34,Peru Rabies Control,Arequipa,Characato (MR_21),vac09ch,VANCAN formulario 2025 General,Dog,,No,0.0,perro,revac,1_mayor
Sep,07/09/2025,11:02 AM,07/09/2025,-16.5144534,-71.4904714,V-070925090746-25064-1,,,V-070925110231-25064-33,Peru Rabies Control,Arequipa,Characato (MR_21),vac09ch,VANCAN formulario 2025 General,Dog,,No,0.0,perro,revac,1_mayor
Sep,07/09/2025,11:02 AM,07/09/2025,-16.5144534,-71.4904714,V-070925090746-25064-1,,,V-070925110228-25064-32,Peru Rabies Control,Arequipa,Characato (MR_21),vac09ch,VANCAN formulario 2025 General,Dog,,No,0.0,perro,revac,1_mayor
Sep,07/09/2025,11:02 AM,07/09/2025,-16.5144534,-71.4904714,V-070925090746-25064-1,,,V-070925110224-25064-31,Peru Rabies Control,Arequipa,Characato (MR_21),vac09ch,VANCAN formulario 2025 General,Dog,,No,0.0,perro,revac,1_mayor
Sep,07/09/2025,11:02 AM,07/09/2025,-16.5144534,-71.4904714,V-070925090746-25064-1,,,V-070925110219-25064-30,Peru Rabies Control,Arequipa,Characato (MR_21),vac09ch,VANCAN formulario 2025 General,Dog,,No,0.0,perro,revac,1_mayor
Sep,07/09/2025,10:41 AM,07/09/2025,-16.5094667,-71.4882578,V-070925090746-25064-1,,,V-070925104154-25064-29,Peru Rabies Control,Arequipa,Characato (MR_21),vac09ch,VANCAN formulario 2025 General,Dog,,No,0.0,perro,revac,1_mayor
Sep,07/09/2025,10:41 AM,07/09/2025,-16.5094667,-71.4882578,V-070925090746-25064-1,,,V-070925104145-25064-28,Peru Rabies Control,Arequipa,Characato (MR_21),vac09ch,VANCAN formulario 2025 General,Dog,,No,0.0,perro,revac,1_mayor
Sep,07/09/2025,10:41 AM,07/09/2025,-16.5099397,-71.4882776,V-070925090746-25064-1,,,V-070925104141-25064-27,Peru Rabies Control,Arequipa,Characato (MR_21),vac09ch,VANCAN formulario 2025 General,Dog,,No,0.0,perro,revac,1_mayor
Sep,07/09/2025,10:41 AM,07/09/2025,-16.5099397,-71.4882776,V-070925090746-25064-1,,,V-070925104137-25064-26,Peru Rabies Control,Arequipa,Characato (MR_21),vac09ch,VANCAN formulario 2025 General,Dog,,No,0.0,perro,revac,1_mayor
Sep,07/09/2025,10:41 AM,07/09/2025,-16.5099397,-71.4882776,V-070925090746-25064-1,,,V-070925104133-25064-25,Peru Rabies Control,Arequipa,Characato (MR_21),vac09ch,VANCAN formulario 2025 General,Dog,,No,0.0,perro,revac,1_mayor
Sep,07/09/2025,10:41 AM,07/09/2025,-16.5099397,-71.4882776,V-070925090746-25064-1,,,V-070925104129-25064-24,Peru Rabies Control,Arequipa,Characato (MR_21),vac09ch,VANCAN formulario 2025 General,Dog,,No,0.0,perro,revac,1_mayor
Sep,07/09/2025,10:41 AM,07/09/2025,-16.5099397,-71.4882776,V-070925090746-25064-1,,,V-070925104124-25064-23,Peru Rabies Control,Arequipa,Characato (MR_21),vac09ch,VANCAN formulario 2025 General,Dog,,No,0.0,perro,revac,1_mayor
Sep,07/09/2025,10:41 AM,07/09/2025,-16.5123518,-71.4924195,V-070925090746-25064-1,,,V-070925104120-25064-22,Peru Rabies Control,Arequipa,Characato (MR_21),vac09ch,VANCAN formulario 2025 General,Dog,,No,0.0,perro,revac,1_mayor
Sep,07/09/2025,10:41 AM,07/09/2025,-16.5123002,-71.4923953,V-070925090746-25064-1,,,V-070925104114-25064-21,Peru Rabies Control,Arequipa,Characato (MR_21),vac09ch,VANCAN formulario 2025 General,Dog,,No,0.0,perro,revac,1_mayor
Sep,07/09/2025,10:12 AM,07/09/2025,-16.5145028,-71.4865515,V-070925090746-25064-1,,,V-070925101202-25064-20,Peru Rabies Control,Arequipa,Characato (MR_21),vac09ch,VANCAN formulario 2025 General,Dog,,No,0.0,perro,revac,1_mayor
Sep,07/09/2025,10:11 AM,07/09/2025,-16.5145043,-71.4865556,V-070925090746-25064-1,,,V-070925101158-25064-19,Peru Rabies Control,Arequipa,Characato (MR_21),vac09ch,VANCAN formulario 2025 General,Dog,,No,0.0,perro,revac,1_mayor
Sep,07/09/2025,10:11 AM,07/09/2025,-16.5145043,-71.4865556,V-070925090746-25064-1,,,V-070925101154-25064-18,Peru Rabies Control,Arequipa,Characato (MR_21),vac09ch,VANCAN formulario 2025 General,Dog,,No,0.0,perro,revac,1_mayor
Sep,07/09/2025,10:11 AM,07/09/2025,-16.5145043,-71.4865556,V-070925090746-25064-1,,,V-070925101150-25064-17,Peru Rabies Control,Arequipa,Characato (MR_21),vac09ch,VANCAN formulario 2025 General,Dog,,No,0.0,perro,revac,1_mayor
Sep,07/09/2025,10:11 AM,07/09/2025,-16.5145043,-71.4865556,V-070925090746-25064-1,,,V-070925101143-25064-16,Peru Rabies Control,Arequipa,Characato (MR_21),vac09ch,VANCAN formulario 2025 General,Dog,,No,0.0,perro,primovac,menor_1
Sep,07/09/2025,10:11 AM,07/09/2025,-16.5143106,-71.4864525,V-070925090746-25064-1,,,V-070925101139-25064-15,Peru Rabies Control,Arequipa,Characato (MR_21),vac09ch,VANCAN formulario 2025 General,Dog,,No,0.0,perro,revac,1_mayor
Sep,07/09/2025,10:11 AM,07/09/2025,-16.5143106,-71.4864525,V-070925090746-25064-1,,,V-070925101134-25064-14,Peru Rabies Control,Arequipa,Characato (MR_21),vac09ch,VANCAN formulario 2025 General,Dog,,No,0.0,perro,revac,1_mayor
Sep,07/09/2025,10:11 AM,07/09/2025,-16.5143106,-71.4864525,V-070925090746-25064-1,,,V-070925101129-25064-13,Peru Rabies Control,Arequipa,Characato (MR_21),vac09ch,VANCAN formulario 2025 General,Dog,,No,0.0,perro,revac,1_mayor
Sep,07/09/2025,10:11 AM,07/09/2025,-16.5143106,-71.4864525,V-070925090746-25064-1,,,V-070925101126-25064-12,Peru Rabies Control,Arequipa,Characato (MR_21),vac09ch,VANCAN formulario 2025 General,Dog,,No,0.0,perro,revac,1_mayor
Sep,07/09/2025,10:11 AM,07/09/2025,-16.5143106,-71.4864525,V-070925090746-25064-1,,,V-070925101122-25064-11,Peru Rabies Control,Arequipa,Characato (MR_21),vac09ch,VANCAN formulario 2025 General,Dog,,No,0.0,perro,revac,1_mayor
Sep,07/09/2025,10:11 AM,07/09/2025,-16.5143106,-71.4864525,V-070925090746-25064-1,,,V-070925101119-25064-10,Peru Rabies Control,Arequipa,Characato (MR_21),vac09ch,VANCAN formulario 2025 General,Dog,,No,0.0,perro,revac,1_mayor
Sep,07/09/2025,10:11 AM,07/09/2025,-16.5143106,-71.4864525,V-070925090746-25064-1,,,V-070925101114-25064-9,Peru Rabies Control,Arequipa,Characato (MR_21),vac09ch,VANCAN formulario 2025 General,Dog,,No,0.0,perro,revac,1_mayor
Sep,07/09/2025,10:11 AM,07/09/2025,-16.518273,-71.4846295,V-070925090746-25064-1,,,V-070925101109-25064-8,Peru Rabies Control,Arequipa,Characato (MR_21),vac09ch,VANCAN formulario 2025 General,Dog,,No,0.0,perro,revac,1_mayor
Sep,07/09/2025,09:41 AM,07/09/2025,-16.5154881,-71.4878768,V-070925090746-25064-1,,,V-070925094147-25064-7,Peru Rabies Control,Arequipa,Characato (MR_21),vac09ch,VANCAN formulario 2025 General,Dog,,No,0.0,perro,revac,1_mayor
Sep,07/09/2025,09:37 AM,07/09/2025,-16.5150187,-71.4857719,V-070925090746-25064-1,,,V-070925093700-25064-6,Peru Rabies Control,Arequipa,Characato (MR_21),vac09ch,VANCAN formulario 2025 General,Dog,,No,0.0,perro,revac,1_mayor
Sep,07/09/2025,09:36 AM,07/09/2025,-16.5150218,-71.4857699,V-070925090746-25064-1,,,V-070925093652-25064-5,Peru Rabies Control,Arequipa,Characato (MR_21),vac09ch,VANCAN formulario 2025 General,Dog,,No,0.0,perro,revac,1_mayor
Sep,07/09/2025,09:33 AM,07/09/2025,-16.5154876,-71.4878749,V-070925090746-25064-1,,,V-070925093334-25064-4,Peru Rabies Control,Arequipa,Characato (MR_21),vac09ch,VANCAN formulario 2025 General,Dog,,No,0.0,perro,revac,1_mayor
Sep,07/09/2025,09:33 AM,07/09/2025,-16.5154834,-71.4878762,V-070925090746-25064-1,,,V-070925093330-25064-3,Peru Rabies Control,Arequipa,Characato (MR_21),vac09ch,VANCAN formulario 2025 General,Dog,,No,0.0,perro,revac,1_mayor
Sep,07/09/2025,09:33 AM,07/09/2025,-16.5154834,-71.4878762,V-070925090746-25064-1,,,V-070925093326-25064-2,Peru Rabies Control,Arequipa,Characato (MR_21),vac09ch,VANCAN formulario 2025 General,Dog,,No,0.0,perro,revac,1_mayor
Sep,07/09/2025,09:08 AM,07/09/2025,-16.5154905,-71.4878756,V-070925090746-25064-1,,,V-070925090803-25064-1,Peru Rabies Control,Arequipa,Characato (MR_21),vac09ch,VANCAN formulario 2025 General,Dog,,No,0.0,perro,revac,1_mayor
Sep,07/09/2025,12:36 PM,07/09/2025,-16.4950761,-71.4975943,V-070925091100-25066-1,,,V-070925123623-25066-66,Peru Rabies Control,Arequipa,Characato (MR_21),vac11ch,VANCAN formulario 2025 General,Dog,,No,6.7,perro,revac,1_mayor
Sep,07/09/2025,12:28 PM,07/09/2025,-16.4950761,-71.4975943,V-070925091100-25066-1,,,V-070925122831-25066-65,Peru Rabies Control,Arequipa,Characato (MR_21),vac11ch,VANCAN formulario 2025 General,Dog,,No,6.7,gato,,
Sep,07/09/2025,12:28 PM,07/09/2025,-16.4950069,-71.4975493,V-070925091100-25066-1,,,V-070925122828-25066-64,Peru Rabies Control,Arequipa,Characato (MR_21),vac11ch,VANCAN formulario 2025 General,Dog,,No,6.7,gato,,
Sep,07/09/2025,12:26 PM,07/09/2025,-16.4949791,-71.4975376,V-070925091100-25066-1,,,V-070925122603-25066-63,Peru Rabies Control,Arequipa,Characato (MR_21),vac11ch,VANCAN formulario 2025 General,Dog,,No,6.7,perro,revac,1_mayor
Sep,07/09/2025,12:25 PM,07/09/2025,-16.4949802,-71.4975337,V-070925091100-25066-1,,,V-070925122559-25066-62,Peru Rabies Control,Arequipa,Characato (MR_21),vac11ch,VANCAN formulario 2025 General,Dog,,No,6.7,perro,revac,1_mayor
Sep,07/09/2025,12:25 PM,07/09/2025,-16.4949568,-71.4974911,V-070925091100-25066-1,,,V-070925122555-25066-61,Peru Rabies Control,Arequipa,Characato (MR_21),vac11ch,VANCAN formulario 2025 General,Dog,,No,6.7,perro,revac,1_mayor
Sep,07/09/2025,12:25 PM,07/09/2025,-16.4949987,-71.4974812,V-070925091100-25066-1,,,V-070925122551-25066-60,Peru Rabies Control,Arequipa,Characato (MR_21),vac11ch,VANCAN formulario 2025 General,Dog,,No,6.7,perro,revac,1_mayor
Sep,07/09/2025,12:23 PM,07/09/2025,-16.4950899,-71.4975814,V-070925091100-25066-1,,,V-070925122310-25066-59,Peru Rabies Control,Arequipa,Characato (MR_21),vac11ch,VANCAN formulario 2025 General,Dog,,No,6.7,perro,revac,1_mayor
Sep,07/09/2025,12:09 PM,07/09/2025,-16.497783,-71.4967466,V-070925091100-25066-1,,,V-070925120947-25066-58,Peru Rabies Control,Arequipa,Characato (MR_21),vac11ch,VANCAN formulario 2025 General,Dog,,No,6.7,perro,primovac,1_mayor
Sep,07/09/2025,12:09 PM,07/09/2025,-16.4976242,-71.4966754,V-070925091100-25066-1,,,V-070925120942-25066-57,Peru Rabies Control,Arequipa,Characato (MR_21),vac11ch,VANCAN formulario 2025 General,Dog,,No,6.7,perro,revac,1_mayor
Sep,07/09/2025,12:09 PM,07/09/2025,-16.4975431,-71.4961933,V-070925091100-25066-1,,,V-070925120934-25066-56,Peru Rabies Control,Arequipa,Characato (MR_21),vac11ch,VANCAN formulario 2025 General,Dog,,No,6.7,perro,revac,1_mayor
Sep,07/09/2025,12:00 PM,07/09/2025,-16.498485,-71.496825,V-070925091100-25066-1,,,V-070925120050-25066-55,Peru Rabies Control,Arequipa,Characato (MR_21),vac11ch,VANCAN formulario 2025 General,Dog,,No,6.7,perro,primovac,menor_1
Sep,07/09/2025,12:00 PM,07/09/2025,-16.5004963,-71.4957919,V-070925091100-25066-1,,,V-070925120044-25066-54,Peru Rabies Control,Arequipa,Characato (MR_21),vac11ch,VANCAN formulario 2025 General,Dog,,No,6.7,perro,revac,1_mayor
Sep,07/09/2025,11:55 AM,07/09/2025,-16.50071,-71.49607,V-070925091100-25066-1,,,V-070925115529-25066-53,Peru Rabies Control,Arequipa,Characato (MR_21),vac11ch,VANCAN formulario 2025 General,Dog,,No,6.7,perro,revac,1_mayor
Sep,07/09/2025,11:55 AM,07/09/2025,-16.4993934,-71.4955995,V-070925091100-25066-1,,,V-070925115524-25066-52,Peru Rabies Control,Arequipa,Characato (MR_21),vac11ch,VANCAN formulario 2025 General,Dog,,No,6.7,perro,revac,1_mayor
Sep,07/09/2025,11:51 AM,07/09/2025,-16.5023739,-71.4964778,V-070925091100-25066-1,,,V-070925115102-25066-51,Peru Rabies Control,Arequipa,Characato (MR_21),vac11ch,VANCAN formulario 2025 General,Dog,,No,6.7,perro,revac,1_mayor
Sep,07/09/2025,11:50 AM,07/09/2025,-16.4981458,-71.4984908,V-070925091100-25066-1,,,V-070925115058-25066-50,Peru Rabies Control,Arequipa,Characato (MR_21),vac11ch,VANCAN formulario 2025 General,Dog,,No,6.7,perro,revac,1_mayor
Sep,07/09/2025,11:38 AM,07/09/2025,-16.4980305,-71.4981427,V-070925091100-25066-1,,,V-070925113846-25066-49,Peru Rabies Control,Arequipa,Characato (MR_21),vac11ch,VANCAN formulario 2025 General,Dog,,No,6.7,perro,revac,1_mayor
Sep,07/09/2025,11:38 AM,07/09/2025,-16.4980844,-71.4982834,V-070925091100-25066-1,,,V-070925113841-25066-48,Peru Rabies Control,Arequipa,Characato (MR_21),vac11ch,VANCAN formulario 2025 General,Dog,,No,6.7,perro,revac,1_mayor
Sep,07/09/2025,11:38 AM,07/09/2025,-16.4980433,-71.4982483,V-070925091100-25066-1,,,V-070925113837-25066-47,Peru Rabies Control,Arequipa,Characato (MR_21),vac11ch,VANCAN formulario 2025 General,Dog,,No,6.7,perro,revac,1_mayor
Sep,07/09/2025,11:38 AM,07/09/2025,-16.49768,-71.4962183,V-070925091100-25066-1,,,V-070925113833-25066-46,Peru Rabies Control,Arequipa,Characato (MR_21),vac11ch,VANCAN formulario 2025 General,Dog,,No,6.7,perro,revac,1_mayor
Sep,07/09/2025,11:37 AM,07/09/2025,-16.4980074,-71.4990643,V-070925091100-25066-1,,,V-070925113737-25066-45,Peru Rabies Control,Arequipa,Characato (MR_21),vac11ch,VANCAN formulario 2025 General,Dog,,No,6.7,perro,revac,1_mayor
Sep,07/09/2025,11:26 AM,07/09/2025,-16.4980806,-71.4993389,V-070925091100-25066-1,,,V-070925112652-25066-44,Peru Rabies Control,Arequipa,Characato (MR_21),vac11ch,VANCAN formulario 2025 General,Dog,,No,6.7,perro,revac,1_mayor
Sep,07/09/2025,11:26 AM,07/09/2025,-16.4976283,-71.4976383,V-070925091100-25066-1,,,V-070925112649-25066-43,Peru Rabies Control,Arequipa,Characato (MR_21),vac11ch,VANCAN formulario 2025 General,Dog,,No,6.7,perro,revac,1_mayor
Sep,07/09/2025,11:20 AM,07/09/2025,-16.4976788,-71.497749,V-070925091100-25066-1,,,V-070925112051-25066-42,Peru Rabies Control,Arequipa,Characato (MR_21),vac11ch,VANCAN formulario 2025 General,Dog,,No,6.7,perro,primovac,menor_1
Sep,07/09/2025,11:20 AM,07/09/2025,-16.4968664,-71.4969869,V-070925091100-25066-1,,,V-070925112044-25066-41,Peru Rabies Control,Arequipa,Characato (MR_21),vac11ch,VANCAN formulario 2025 General,Dog,,No,6.7,perro,primovac,menor_1
Sep,07/09/2025,11:18 AM,07/09/2025,-16.4960315,-71.4981794,V-070925091100-25066-1,,,V-070925111837-25066-40,Peru Rabies Control,Arequipa,Characato (MR_21),vac11ch,VANCAN formulario 2025 General,Dog,,No,6.7,perro,primovac,menor_1
Sep,07/09/2025,11:13 AM,07/09/2025,-16.4949348,-71.4973417,V-070925091100-25066-1,,,V-070925111314-25066-39,Peru Rabies Control,Arequipa,Characato (MR_21),vac11ch,VANCAN formulario 2025 General,Dog,,No,6.7,perro,revac,1_mayor
Sep,07/09/2025,11:05 AM,07/09/2025,-16.4944189,-71.49672,V-070925091100-25066-1,,,V-070925110524-25066-38,Peru Rabies Control,Arequipa,Characato (MR_21),vac11ch,VANCAN formulario 2025 General,Dog,,No,6.7,perro,revac,1_mayor
Sep,07/09/2025,10:58 AM,07/09/2025,-16.4944483,-71.496715,V-070925091100-25066-1,,,V-070925105815-25066-37,Peru Rabies Control,Arequipa,Characato (MR_21),vac11ch,VANCAN formulario 2025 General,Dog,,No,6.7,perro,revac,1_mayor
Sep,07/09/2025,10:56 AM,07/09/2025,-16.4943962,-71.496624,V-070925091100-25066-1,,,V-070925105614-25066-36,Peru Rabies Control,Arequipa,Characato (MR_21),vac11ch,VANCAN formulario 2025 General,Dog,,No,6.7,perro,primovac,menor_1
Sep,07/09/2025,10:55 AM,07/09/2025,-16.4944576,-71.4967167,V-070925091100-25066-1,,,V-070925105533-25066-35,Peru Rabies Control,Arequipa,Characato (MR_21),vac11ch,VANCAN formulario 2025 General,Dog,,No,6.7,perro,revac,1_mayor
Sep,07/09/2025,10:55 AM,07/09/2025,-16.4949984,-71.4964226,V-070925091100-25066-1,,,V-070925105525-25066-34,Peru Rabies Control,Arequipa,Characato (MR_21),vac11ch,VANCAN formulario 2025 General,Dog,,No,6.7,perro,primovac,1_mayor
Sep,07/09/2025,10:49 AM,07/09/2025,-16.4949312,-71.4964626,V-070925091100-25066-1,,,V-070925104953-25066-33,Peru Rabies Control,Arequipa,Characato (MR_21),vac11ch,VANCAN formulario 2025 General,Dog,,No,6.7,perro,revac,1_mayor
Sep,07/09/2025,10:49 AM,07/09/2025,-16.4949232,-71.4964079,V-070925091100-25066-1,,,V-070925104944-25066-32,Peru Rabies Control,Arequipa,Characato (MR_21),vac11ch,VANCAN formulario 2025 General,Dog,,No,6.7,perro,revac,1_mayor
Sep,07/09/2025,10:49 AM,07/09/2025,-16.4946495,-71.4960806,V-070925091100-25066-1,,,V-070925104937-25066-31,Peru Rabies Control,Arequipa,Characato (MR_21),vac11ch,VANCAN formulario 2025 General,Dog,,No,6.7,perro,primovac,menor_1
Sep,07/09/2025,10:47 AM,07/09/2025,-16.4949143,-71.4965083,V-070925091100-25066-1,,,V-070925104715-25066-30,Peru Rabies Control,Arequipa,Characato (MR_21),vac11ch,VANCAN formulario 2025 General,Dog,,No,6.7,perro,primovac,1_mayor
Sep,07/09/2025,10:45 AM,07/09/2025,-16.4944286,-71.4959384,V-070925091100-25066-1,,,V-070925104510-25066-29,Peru Rabies Control,Arequipa,Characato (MR_21),vac11ch,VANCAN formulario 2025 General,Dog,,No,6.7,perro,revac,1_mayor
Sep,07/09/2025,10:37 AM,07/09/2025,-16.494604,-71.4938303,V-070925091100-25066-1,,,V-070925103749-25066-28,Peru Rabies Control,Arequipa,Characato (MR_21),vac11ch,VANCAN formulario 2025 General,Dog,,No,6.7,perro,primovac,menor_1
Sep,07/09/2025,10:34 AM,07/09/2025,-16.4944482,-71.493897,V-070925091100-25066-1,,,V-070925103411-25066-27,Peru Rabies Control,Arequipa,Characato (MR_21),vac11ch,VANCAN formulario 2025 General,Dog,,No,6.7,perro,primovac,1_mayor
Sep,07/09/2025,10:32 AM,07/09/2025,-16.4938414,-71.4937087,V-070925091100-25066-1,,,V-070925103200-25066-26,Peru Rabies Control,Arequipa,Characato (MR_21),vac11ch,VANCAN formulario 2025 General,Dog,,No,6.7,perro,revac,1_mayor
Sep,07/09/2025,10:28 AM,07/09/2025,-16.4945026,-71.4953506,V-070925091100-25066-1,,,V-070925102833-25066-25,Peru Rabies Control,Arequipa,Characato (MR_21),vac11ch,VANCAN formulario 2025 General,Dog,,No,6.7,perro,revac,1_mayor
Sep,07/09/2025,10:23 AM,07/09/2025,-16.49445,-71.4945933,V-070925091100-25066-1,,,V-070925102307-25066-24,Peru Rabies Control,Arequipa,Characato (MR_21),vac11ch,VANCAN formulario 2025 General,Dog,,No,6.7,perro,primovac,1_mayor
Sep,07/09/2025,10:21 AM,07/09/2025,-16.4937902,-71.4942544,V-070925091100-25066-1,,,V-070925102159-25066-23,Peru Rabies Control,Arequipa,Characato (MR_21),vac11ch,VANCAN formulario 2025 General,Dog,,No,6.7,perro,revac,1_mayor
Sep,07/09/2025,10:21 AM,07/09/2025,-16.4938,-71.4942733,V-070925091100-25066-1,,,V-070925102145-25066-22,Peru Rabies Control,Arequipa,Characato (MR_21),vac11ch,VANCAN formulario 2025 General,Dog,,No,6.7,perro,revac,1_mayor
Sep,07/09/2025,10:20 AM,07/09/2025,-16.493805,-71.4942425,V-070925091100-25066-1,,,V-070925102047-25066-21,Peru Rabies Control,Arequipa,Characato (MR_21),vac11ch,VANCAN formulario 2025 General,Dog,,No,6.7,perro,revac,1_mayor
Sep,07/09/2025,10:18 AM,07/09/2025,-16.4937661,-71.4942761,V-070925091100-25066-1,,,V-070925101847-25066-20,Peru Rabies Control,Arequipa,Characato (MR_21),vac11ch,VANCAN formulario 2025 General,Dog,,No,6.7,perro,primovac,menor_1
Sep,07/09/2025,10:18 AM,07/09/2025,-16.4937757,-71.4942839,V-070925091100-25066-1,,,V-070925101841-25066-19,Peru Rabies Control,Arequipa,Characato (MR_21),vac11ch,VANCAN formulario 2025 General,Dog,,No,6.7,perro,revac,1_mayor
Sep,07/09/2025,10:18 AM,07/09/2025,-16.493765,-71.4942597,V-070925091100-25066-1,,,V-070925101837-25066-18,Peru Rabies Control,Arequipa,Characato (MR_21),vac11ch,VANCAN formulario 2025 General,Dog,,No,6.7,perro,revac,1_mayor
Sep,07/09/2025,10:18 AM,07/09/2025,-16.4942426,-71.4965681,V-070925091100-25066-1,,,V-070925101833-25066-17,Peru Rabies Control,Arequipa,Characato (MR_21),vac11ch,VANCAN formulario 2025 General,Dog,,No,6.7,perro,revac,1_mayor
Sep,07/09/2025,10:03 AM,07/09/2025,-16.4942787,-71.4966304,V-070925091100-25066-1,,,V-070925100353-25066-16,Peru Rabies Control,Arequipa,Characato (MR_21),vac11ch,VANCAN formulario 2025 General,Dog,,No,6.7,perro,revac,1_mayor
Sep,07/09/2025,10:03 AM,07/09/2025,-16.4942887,-71.4966183,V-070925091100-25066-1,,,V-070925100349-25066-15,Peru Rabies Control,Arequipa,Characato (MR_21),vac11ch,VANCAN formulario 2025 General,Dog,,No,6.7,perro,revac,1_mayor
Sep,07/09/2025,09:55 AM,07/09/2025,-16.4932019,-71.4960227,V-070925091100-25066-1,,,V-070925095502-25066-14,Peru Rabies Control,Arequipa,Characato (MR_21),vac11ch,VANCAN formulario 2025 General,Dog,,No,6.7,perro,revac,1_mayor
Sep,07/09/2025,09:54 AM,07/09/2025,-16.493373,-71.4967698,V-070925091100-25066-1,,,V-070925095457-25066-13,Peru Rabies Control,Arequipa,Characato (MR_21),vac11ch,VANCAN formulario 2025 General,Dog,,No,6.7,perro,revac,1_mayor
Sep,07/09/2025,09:46 AM,07/09/2025,-16.4935058,-71.4968545,V-070925091100-25066-1,,,V-070925094637-25066-12,Peru Rabies Control,Arequipa,Characato (MR_21),vac11ch,VANCAN formulario 2025 General,Dog,,No,6.7,perro,revac,1_mayor
Sep,07/09/2025,09:44 AM,07/09/2025,-16.4932818,-71.4965729,V-070925091100-25066-1,,,V-070925094429-25066-11,Peru Rabies Control,Arequipa,Characato (MR_21),vac11ch,VANCAN formulario 2025 General,Dog,,No,6.7,perro,revac,1_mayor
Sep,07/09/2025,09:44 AM,07/09/2025,-16.4931805,-71.4966248,V-070925091100-25066-1,,,V-070925094426-25066-10,Peru Rabies Control,Arequipa,Characato (MR_21),vac11ch,VANCAN formulario 2025 General,Dog,,No,6.7,perro,revac,1_mayor
Sep,07/09/2025,09:44 AM,07/09/2025,-16.4934048,-71.4965057,V-070925091100-25066-1,,,V-070925094420-25066-9,Peru Rabies Control,Arequipa,Characato (MR_21),vac11ch,VANCAN formulario 2025 General,Dog,,No,6.7,perro,primovac,menor_1
Sep,07/09/2025,09:39 AM,07/09/2025,-16.4931337,-71.4964768,V-070925091100-25066-1,,,V-070925093937-25066-8,Peru Rabies Control,Arequipa,Characato (MR_21),vac11ch,VANCAN formulario 2025 General,Dog,,No,6.7,perro,revac,1_mayor
Sep,07/09/2025,09:37 AM,07/09/2025,-16.4938007,-71.4970755,V-070925091100-25066-1,,,V-070925093728-25066-7,Peru Rabies Control,Arequipa,Characato (MR_21),vac11ch,VANCAN formulario 2025 General,Dog,,No,6.7,perro,revac,1_mayor
Sep,07/09/2025,09:25 AM,07/09/2025,-16.4943067,-71.49718,V-070925091100-25066-1,,,V-070925092558-25066-6,Peru Rabies Control,Arequipa,Characato (MR_21),vac11ch,VANCAN formulario 2025 General,Dog,,No,6.7,perro,revac,1_mayor
Sep,07/09/2025,09:20 AM,07/09/2025,-16.494285,-71.4975767,V-070925091100-25066-1,,,V-070925092057-25066-5,Peru Rabies Control,Arequipa,Characato (MR_21),vac11ch,VANCAN formulario 2025 General,Dog,,No,6.7,perro,revac,1_mayor
Sep,07/09/2025,09:18 AM,07/09/2025,-16.4933464,-71.4972972,V-070925091100-25066-1,,,V-070925091822-25066-4,Peru Rabies Control,Arequipa,Characato (MR_21),vac11ch,VANCAN formulario 2025 General,Dog,,No,6.7,perro,revac,1_mayor
Sep,07/09/2025,09:14 AM,07/09/2025,-16.4943314,-71.4975578,V-070925091100-25066-1,,,V-070925091458-25066-3,Peru Rabies Control,Arequipa,Characato (MR_21),vac11ch,VANCAN formulario 2025 General,Dog,,No,6.7,perro,revac,menor_1
Sep,07/09/2025,09:14 AM,07/09/2025,-16.4939077,-71.4975924,V-070925091100-25066-1,,,V-070925091437-25066-2,Peru Rabies Control,Arequipa,Characato (MR_21),vac11ch,VANCAN formulario 2025 General,Dog,,No,6.7,perro,revac,1_mayor
Sep,07/09/2025,09:11 AM,07/09/2025,-16.4937807,-71.4971071,V-070925091100-25066-1,,,V-070925091111-25066-1,Peru Rabies Control,Arequipa,Characato (MR_21),vac11ch,VANCAN formulario 2025 General,Dog,,No,6.7,perro,revac,1_mayor
Sep,07/09/2025,12:40 PM,07/09/2025,-16.4886453,-71.4945323,V-070925095056-25069-1,,,V-070925124014-25069-50,Peru Rabies Control,Arequipa,Characato (MR_21),vac14ch,VANCAN formulario 2025 General,Dog,,No,0.0,perro,revac,1_mayor
Sep,07/09/2025,12:40 PM,07/09/2025,-16.4886649,-71.494543,V-070925095056-25069-1,,,V-070925124011-25069-49,Peru Rabies Control,Arequipa,Characato (MR_21),vac14ch,VANCAN formulario 2025 General,Dog,,No,0.0,perro,revac,1_mayor
Sep,07/09/2025,12:40 PM,07/09/2025,-16.488648,-71.4945257,V-070925095056-25069-1,,,V-070925124007-25069-48,Peru Rabies Control,Arequipa,Characato (MR_21),vac14ch,VANCAN formulario 2025 General,Dog,,No,0.0,perro,revac,1_mayor
Sep,07/09/2025,12:24 PM,07/09/2025,-16.4898097,-71.4910763,V-070925095056-25069-1,,,V-070925122405-25069-47,Peru Rabies Control,Arequipa,Characato (MR_21),vac14ch,VANCAN formulario 2025 General,Dog,,No,0.0,perro,revac,1_mayor
Sep,07/09/2025,12:24 PM,07/09/2025,-16.4898079,-71.4910701,V-070925095056-25069-1,,,V-070925122400-25069-46,Peru Rabies Control,Arequipa,Characato (MR_21),vac14ch,VANCAN formulario 2025 General,Dog,,No,0.0,perro,revac,1_mayor
Sep,07/09/2025,11:49 AM,07/09/2025,-16.4876943,-71.4897893,V-070925095056-25069-1,,,V-070925114914-25069-45,Peru Rabies Control,Arequipa,Characato (MR_21),vac14ch,VANCAN formulario 2025 General,Dog,,No,0.0,perro,revac,1_mayor
Sep,07/09/2025,11:49 AM,07/09/2025,-16.4877109,-71.4898585,V-070925095056-25069-1,,,V-070925114909-25069-44,Peru Rabies Control,Arequipa,Characato (MR_21),vac14ch,VANCAN formulario 2025 General,Dog,,No,0.0,perro,revac,1_mayor
Sep,07/09/2025,11:46 AM,07/09/2025,-16.487665,-71.4897634,V-070925095056-25069-1,,,V-070925114607-25069-43,Peru Rabies Control,Arequipa,Characato (MR_21),vac14ch,VANCAN formulario 2025 General,Dog,,No,0.0,perro,revac,1_mayor
Sep,07/09/2025,11:46 AM,07/09/2025,-16.4876653,-71.4897705,V-070925095056-25069-1,,,V-070925114603-25069-42,Peru Rabies Control,Arequipa,Characato (MR_21),vac14ch,VANCAN formulario 2025 General,Dog,,No,0.0,perro,revac,1_mayor
Sep,07/09/2025,11:37 AM,07/09/2025,-16.4876651,-71.4860633,V-070925095056-25069-1,,,V-070925113728-25069-41,Peru Rabies Control,Arequipa,Characato (MR_21),vac14ch,VANCAN formulario 2025 General,Dog,,No,0.0,perro,revac,1_mayor
Sep,07/09/2025,11:36 AM,07/09/2025,-16.4876573,-71.4860591,V-070925095056-25069-1,,,V-070925113640-25069-40,Peru Rabies Control,Arequipa,Characato (MR_21),vac14ch,VANCAN formulario 2025 General,Dog,,No,0.0,perro,primovac,menor_1
Sep,07/09/2025,11:36 AM,07/09/2025,-16.4876622,-71.4860436,V-070925095056-25069-1,,,V-070925113635-25069-39,Peru Rabies Control,Arequipa,Characato (MR_21),vac14ch,VANCAN formulario 2025 General,Dog,,No,0.0,perro,primovac,menor_1
Sep,07/09/2025,11:21 AM,07/09/2025,-16.4870741,-71.4896675,V-070925095056-25069-1,,,V-070925112108-25069-38,Peru Rabies Control,Arequipa,Characato (MR_21),vac14ch,VANCAN formulario 2025 General,Dog,,No,104.1,perro,revac,1_mayor
Sep,07/09/2025,11:21 AM,07/09/2025,-16.4862524,-71.4897743,V-070925095056-25069-1,,,V-070925112101-25069-37,Peru Rabies Control,Arequipa,Characato (MR_21),vac14ch,VANCAN formulario 2025 General,Dog,,No,104.1,perro,revac,1_mayor
Sep,07/09/2025,11:20 AM,07/09/2025,-16.4861677,-71.4899217,V-070925095056-25069-1,,,V-070925112042-25069-36,Peru Rabies Control,Arequipa,Characato (MR_21),vac14ch,VANCAN formulario 2025 General,Dog,,No,104.1,perro,revac,1_mayor
Sep,07/09/2025,11:06 AM,07/09/2025,-16.4907391,-71.4879597,V-070925095056-25069-1,,,V-070925110628-25069-35,Peru Rabies Control,Arequipa,Characato (MR_21),vac14ch,VANCAN formulario 2025 General,Dog,,No,104.1,perro,revac,1_mayor
Sep,07/09/2025,11:06 AM,07/09/2025,-16.4907375,-71.4881672,V-070925095056-25069-1,,,V-070925110624-25069-34,Peru Rabies Control,Arequipa,Characato (MR_21),vac14ch,VANCAN formulario 2025 General,Dog,,No,104.1,perro,revac,1_mayor
Sep,07/09/2025,11:06 AM,07/09/2025,-16.4906945,-71.4882138,V-070925095056-25069-1,,,V-070925110620-25069-33,Peru Rabies Control,Arequipa,Characato (MR_21),vac14ch,VANCAN formulario 2025 General,Dog,,No,104.1,perro,revac,1_mayor
Sep,07/09/2025,10:56 AM,07/09/2025,-16.490986,-71.4954833,V-070925095056-25069-1,,,V-070925105647-25069-32,Peru Rabies Control,Arequipa,Characato (MR_21),vac14ch,VANCAN formulario 2025 General,Dog,,No,104.1,perro,revac,1_mayor
Sep,07/09/2025,10:56 AM,07/09/2025,-16.4909874,-71.4954855,V-070925095056-25069-1,,,V-070925105623-25069-31,Peru Rabies Control,Arequipa,Characato (MR_21),vac14ch,VANCAN formulario 2025 General,Dog,,No,104.1,gato,,
Sep,07/09/2025,10:56 AM,07/09/2025,-16.4909777,-71.4954704,V-070925095056-25069-1,,,V-070925105613-25069-30,Peru Rabies Control,Arequipa,Characato (MR_21),vac14ch,VANCAN formulario 2025 General,Dog,,No,104.1,perro,revac,1_mayor
Sep,07/09/2025,10:56 AM,07/09/2025,-16.4910481,-71.4954359,V-070925095056-25069-1,,,V-070925105609-25069-29,Peru Rabies Control,Arequipa,Characato (MR_21),vac14ch,VANCAN formulario 2025 General,Dog,,No,104.1,perro,revac,1_mayor
Sep,07/09/2025,10:56 AM,07/09/2025,-16.4909766,-71.4954078,V-070925095056-25069-1,,,V-070925105606-25069-28,Peru Rabies Control,Arequipa,Characato (MR_21),vac14ch,VANCAN formulario 2025 General,Dog,,No,104.1,perro,revac,1_mayor
Sep,07/09/2025,10:56 AM,07/09/2025,-16.4910305,-71.4954328,V-070925095056-25069-1,,,V-070925105602-25069-27,Peru Rabies Control,Arequipa,Characato (MR_21),vac14ch,VANCAN formulario 2025 General,Dog,,No,104.1,perro,revac,1_mayor
Sep,07/09/2025,10:55 AM,07/09/2025,-16.4909861,-71.4954357,V-070925095056-25069-1,,,V-070925105559-25069-26,Peru Rabies Control,Arequipa,Characato (MR_21),vac14ch,VANCAN formulario 2025 General,Dog,,No,104.1,perro,revac,1_mayor
Sep,07/09/2025,10:55 AM,07/09/2025,-16.491021,-71.4954149,V-070925095056-25069-1,,,V-070925105556-25069-25,Peru Rabies Control,Arequipa,Characato (MR_21),vac14ch,VANCAN formulario 2025 General,Dog,,No,104.1,perro,revac,1_mayor
Sep,07/09/2025,10:55 AM,07/09/2025,-16.4909803,-71.4954111,V-070925095056-25069-1,,,V-070925105553-25069-24,Peru Rabies Control,Arequipa,Characato (MR_21),vac14ch,VANCAN formulario 2025 General,Dog,,No,104.1,perro,revac,1_mayor
Sep,07/09/2025,10:55 AM,07/09/2025,-16.4910268,-71.4954208,V-070925095056-25069-1,,,V-070925105550-25069-23,Peru Rabies Control,Arequipa,Characato (MR_21),vac14ch,VANCAN formulario 2025 General,Dog,,No,104.1,perro,revac,1_mayor
Sep,07/09/2025,10:55 AM,07/09/2025,-16.4909334,-71.495366,V-070925095056-25069-1,,,V-070925105547-25069-22,Peru Rabies Control,Arequipa,Characato (MR_21),vac14ch,VANCAN formulario 2025 General,Dog,,No,104.1,perro,revac,1_mayor
Sep,07/09/2025,10:55 AM,07/09/2025,-16.4909098,-71.4953508,V-070925095056-25069-1,,,V-070925105542-25069-21,Peru Rabies Control,Arequipa,Characato (MR_21),vac14ch,VANCAN formulario 2025 General,Dog,,No,104.1,perro,revac,1_mayor
Sep,07/09/2025,10:44 AM,07/09/2025,-16.4876422,-71.4886288,V-070925095056-25069-1,,,V-070925104405-25069-20,Peru Rabies Control,Arequipa,Characato (MR_21),vac14ch,VANCAN formulario 2025 General,Dog,,No,104.1,perro,revac,1_mayor
Sep,07/09/2025,10:44 AM,07/09/2025,-16.4876441,-71.4885714,V-070925095056-25069-1,,,V-070925104401-25069-19,Peru Rabies Control,Arequipa,Characato (MR_21),vac14ch,VANCAN formulario 2025 General,Dog,,No,104.1,perro,revac,1_mayor
Sep,07/09/2025,10:43 AM,07/09/2025,-16.4876366,-71.4884911,V-070925095056-25069-1,,,V-070925104358-25069-18,Peru Rabies Control,Arequipa,Characato (MR_21),vac14ch,VANCAN formulario 2025 General,Dog,,No,104.1,perro,revac,1_mayor
Sep,07/09/2025,10:43 AM,07/09/2025,-16.4876418,-71.4884302,V-070925095056-25069-1,,,V-070925104354-25069-17,Peru Rabies Control,Arequipa,Characato (MR_21),vac14ch,VANCAN formulario 2025 General,Dog,,No,104.1,perro,revac,1_mayor
Sep,07/09/2025,10:43 AM,07/09/2025,-16.4876305,-71.4883846,V-070925095056-25069-1,,,V-070925104351-25069-16,Peru Rabies Control,Arequipa,Characato (MR_21),vac14ch,VANCAN formulario 2025 General,Dog,,No,104.1,perro,revac,1_mayor
Sep,07/09/2025,10:43 AM,07/09/2025,-16.4876367,-71.488338,V-070925095056-25069-1,,,V-070925104347-25069-15,Peru Rabies Control,Arequipa,Characato (MR_21),vac14ch,VANCAN formulario 2025 General,Dog,,No,104.1,perro,revac,1_mayor
Sep,07/09/2025,10:43 AM,07/09/2025,-16.4876331,-71.4882466,V-070925095056-25069-1,,,V-070925104343-25069-14,Peru Rabies Control,Arequipa,Characato (MR_21),vac14ch,VANCAN formulario 2025 General,Dog,,No,104.1,perro,revac,1_mayor
Sep,07/09/2025,10:43 AM,07/09/2025,-16.4872732,-71.4882356,V-070925095056-25069-1,,,V-070925104334-25069-13,Peru Rabies Control,Arequipa,Characato (MR_21),vac14ch,VANCAN formulario 2025 General,Dog,,No,104.1,perro,revac,1_mayor
Sep,07/09/2025,10:43 AM,07/09/2025,-16.4872061,-71.4880685,V-070925095056-25069-1,,,V-070925104330-25069-12,Peru Rabies Control,Arequipa,Characato (MR_21),vac14ch,VANCAN formulario 2025 General,Dog,,No,104.1,perro,revac,1_mayor
Sep,07/09/2025,10:43 AM,07/09/2025,-16.4871804,-71.4876651,V-070925095056-25069-1,,,V-070925104325-25069-11,Peru Rabies Control,Arequipa,Characato (MR_21),vac14ch,VANCAN formulario 2025 General,Dog,,No,104.1,perro,revac,1_mayor
Sep,07/09/2025,10:43 AM,07/09/2025,-16.4871859,-71.4875958,V-070925095056-25069-1,,,V-070925104319-25069-10,Peru Rabies Control,Arequipa,Characato (MR_21),vac14ch,VANCAN formulario 2025 General,Dog,,No,104.1,perro,revac,1_mayor
Sep,07/09/2025,10:43 AM,07/09/2025,-16.4871893,-71.4875235,V-070925095056-25069-1,,,V-070925104315-25069-9,Peru Rabies Control,Arequipa,Characato (MR_21),vac14ch,VANCAN formulario 2025 General,Dog,,No,104.1,perro,revac,1_mayor
Sep,07/09/2025,10:43 AM,07/09/2025,-16.487197,-71.4875,V-070925095056-25069-1,,,V-070925104310-25069-8,Peru Rabies Control,Arequipa,Characato (MR_21),vac14ch,VANCAN formulario 2025 General,Dog,,No,104.1,perro,revac,1_mayor
Sep,07/09/2025,10:43 AM,07/09/2025,-16.4872084,-71.4874984,V-070925095056-25069-1,,,V-070925104305-25069-7,Peru Rabies Control,Arequipa,Characato (MR_21),vac14ch,VANCAN formulario 2025 General,Dog,,No,104.1,perro,revac,1_mayor
Sep,07/09/2025,10:42 AM,07/09/2025,-16.4872387,-71.4875062,V-070925095056-25069-1,,,V-070925104259-25069-6,Peru Rabies Control,Arequipa,Characato (MR_21),vac14ch,VANCAN formulario 2025 General,Dog,,No,104.1,perro,revac,1_mayor
Sep,07/09/2025,10:09 AM,07/09/2025,-16.4867043,-71.4861233,V-070925095056-25069-1,,,V-070925100930-25069-5,Peru Rabies Control,Arequipa,Characato (MR_21),vac14ch,VANCAN formulario 2025 General,Dog,,No,104.1,perro,revac,1_mayor
Sep,07/09/2025,10:09 AM,07/09/2025,-16.4867024,-71.486074,V-070925095056-25069-1,,,V-070925100927-25069-4,Peru Rabies Control,Arequipa,Characato (MR_21),vac14ch,VANCAN formulario 2025 General,Dog,,No,104.1,perro,revac,1_mayor
Sep,07/09/2025,10:09 AM,07/09/2025,-16.4868782,-71.4858286,V-070925095056-25069-1,,,V-070925100916-25069-3,Peru Rabies Control,Arequipa,Characato (MR_21),vac14ch,VANCAN formulario 2025 General,Dog,,No,104.1,perro,primovac,menor_1
Sep,07/09/2025,10:09 AM,07/09/2025,-16.4872569,-71.4859755,V-070925095056-25069-1,,,V-070925100911-25069-2,Peru Rabies Control,Arequipa,Characato (MR_21),vac14ch,VANCAN formulario 2025 General,Dog,,No,104.1,perro,primovac,menor_1
Sep,07/09/2025,09:51 AM,07/09/2025,-16.4871702,-71.4697647,V-070925095056-25069-1,,,V-070925095116-25069-1,Peru Rabies Control,Arequipa,Characato (MR_21),vac14ch,VANCAN formulario 2025 General,Dog,,No,104.1,perro,revac,1_mayor
Sep,07/09/2025,01:16 PM,07/09/2025,-16.488081,-71.5033207,V-070925084829-25059-1,,,V-070925131645-25059-60,Peru Rabies Control,Arequipa,Characato (MR_21),vac04ch,VANCAN formulario 2025 General,Dog,,No,0.0,perro,primovac,1_mayor
Sep,07/09/2025,01:16 PM,07/09/2025,-16.4910927,-71.5024807,V-070925084829-25059-1,,,V-070925131639-25059-59,Peru Rabies Control,Arequipa,Characato (MR_21),vac04ch,VANCAN formulario 2025 General,Dog,,No,0.0,perro,primovac,1_mayor
Sep,07/09/2025,01:16 PM,07/09/2025,-16.4910927,-71.5024807,V-070925084829-25059-1,,,V-070925131635-25059-58,Peru Rabies Control,Arequipa,Characato (MR_21),vac04ch,VANCAN formulario 2025 General,Dog,,No,0.0,perro,primovac,menor_1
Sep,07/09/2025,01:16 PM,07/09/2025,-16.492533,-71.5043297,V-070925084829-25059-1,,,V-070925131630-25059-57,Peru Rabies Control,Arequipa,Characato (MR_21),vac04ch,VANCAN formulario 2025 General,Dog,,No,0.0,perro,primovac,menor_1
Sep,07/09/2025,01:02 PM,07/09/2025,-16.4938506,-71.501842,V-070925084829-25059-1,,,V-070925130213-25059-56,Peru Rabies Control,Arequipa,Characato (MR_21),vac04ch,VANCAN formulario 2025 General,Dog,,No,0.0,perro,revac,1_mayor
Sep,07/09/2025,01:02 PM,07/09/2025,-16.4938506,-71.501842,V-070925084829-25059-1,,,V-070925130207-25059-55,Peru Rabies Control,Arequipa,Characato (MR_21),vac04ch,VANCAN formulario 2025 General,Dog,,No,0.0,perro,revac,1_mayor
Sep,07/09/2025,01:01 PM,07/09/2025,-16.4938927,-71.5019118,V-070925084829-25059-1,,,V-070925130144-25059-54,Peru Rabies Control,Arequipa,Characato (MR_21),vac04ch,VANCAN formulario 2025 General,Dog,,No,0.0,perro,revac,1_mayor
Sep,07/09/2025,12:53 PM,07/09/2025,-16.4941146,-71.5022799,V-070925084829-25059-1,,,V-070925125349-25059-53,Peru Rabies Control,Arequipa,Characato (MR_21),vac04ch,VANCAN formulario 2025 General,Dog,,No,0.0,perro,revac,1_mayor
Sep,07/09/2025,12:53 PM,07/09/2025,-16.4942968,-71.502493,V-070925084829-25059-1,,,V-070925125343-25059-52,Peru Rabies Control,Arequipa,Characato (MR_21),vac04ch,VANCAN formulario 2025 General,Dog,,No,0.0,perro,revac,1_mayor
Sep,07/09/2025,12:53 PM,07/09/2025,-16.4941796,-71.502537,V-070925084829-25059-1,,,V-070925125336-25059-51,Peru Rabies Control,Arequipa,Characato (MR_21),vac04ch,VANCAN formulario 2025 General,Dog,,No,0.0,perro,primovac,1_mayor
Sep,07/09/2025,12:37 PM,07/09/2025,-16.4944631,-71.5033299,V-070925084829-25059-1,,,V-070925123742-25059-50,Peru Rabies Control,Arequipa,Characato (MR_21),vac04ch,VANCAN formulario 2025 General,Dog,,No,0.0,perro,revac,1_mayor
Sep,07/09/2025,12:22 PM,07/09/2025,-16.4940638,-71.5051074,V-070925084829-25059-1,,,V-070925122232-25059-49,Peru Rabies Control,Arequipa,Characato (MR_21),vac04ch,VANCAN formulario 2025 General,Dog,,No,0.0,perro,revac,1_mayor
Sep,07/09/2025,12:22 PM,07/09/2025,-16.4941957,-71.5050319,V-070925084829-25059-1,,,V-070925122228-25059-48,Peru Rabies Control,Arequipa,Characato (MR_21),vac04ch,VANCAN formulario 2025 General,Dog,,No,0.0,perro,revac,1_mayor
Sep,07/09/2025,12:22 PM,07/09/2025,-16.4940498,-71.5050514,V-070925084829-25059-1,,,V-070925122216-25059-47,Peru Rabies Control,Arequipa,Characato (MR_21),vac04ch,VANCAN formulario 2025 General,Dog,,No,0.0,perro,revac,1_mayor
Sep,07/09/2025,12:22 PM,07/09/2025,-16.4942466,-71.5050315,V-070925084829-25059-1,,,V-070925122211-25059-46,Peru Rabies Control,Arequipa,Characato (MR_21),vac04ch,VANCAN formulario 2025 General,Dog,,No,0.0,perro,primovac,1_mayor
Sep,07/09/2025,12:22 PM,07/09/2025,-16.4941363,-71.5050706,V-070925084829-25059-1,,,V-070925122206-25059-45,Peru Rabies Control,Arequipa,Characato (MR_21),vac04ch,VANCAN formulario 2025 General,Dog,,No,0.0,perro,revac,1_mayor
Sep,07/09/2025,12:21 PM,07/09/2025,-16.4941539,-71.5050732,V-070925084829-25059-1,,,V-070925122156-25059-44,Peru Rabies Control,Arequipa,Characato (MR_21),vac04ch,VANCAN formulario 2025 General,Dog,,No,0.0,perro,revac,1_mayor
Sep,07/09/2025,12:21 PM,07/09/2025,-16.4941264,-71.5050965,V-070925084829-25059-1,,,V-070925122139-25059-43,Peru Rabies Control,Arequipa,Characato (MR_21),vac04ch,VANCAN formulario 2025 General,Dog,,No,0.0,perro,primovac,1_mayor
Sep,07/09/2025,12:21 PM,07/09/2025,-16.4942177,-71.5055921,V-070925084829-25059-1,,,V-070925122119-25059-42,Peru Rabies Control,Arequipa,Characato (MR_21),vac04ch,VANCAN formulario 2025 General,Dog,,No,0.0,perro,primovac,1_mayor
Sep,07/09/2025,11:47 AM,07/09/2025,-16.4927826,-71.5091996,V-070925084829-25059-1,,,V-070925114702-25059-41,Peru Rabies Control,Arequipa,Characato (MR_21),vac04ch,VANCAN formulario 2025 General,Dog,,No,0.0,perro,revac,1_mayor
Sep,07/09/2025,11:46 AM,07/09/2025,-16.4930057,-71.5086861,V-070925084829-25059-1,,,V-070925114640-25059-40,Peru Rabies Control,Arequipa,Characato (MR_21),vac04ch,VANCAN formulario 2025 General,Dog,,No,0.0,perro,primovac,menor_1
Sep,07/09/2025,11:46 AM,07/09/2025,-16.4930332,-71.5086286,V-070925084829-25059-1,,,V-070925114631-25059-39,Peru Rabies Control,Arequipa,Characato (MR_21),vac04ch,VANCAN formulario 2025 General,Dog,,No,0.0,perro,primovac,1_mayor
Sep,07/09/2025,11:22 AM,07/09/2025,-16.4921374,-71.5112334,V-070925084829-25059-1,,,V-070925112256-25059-38,Peru Rabies Control,Arequipa,Characato (MR_21),vac04ch,VANCAN formulario 2025 General,Dog,,No,0.0,perro,primovac,1_mayor
Sep,07/09/2025,11:22 AM,07/09/2025,-16.4921374,-71.5112334,V-070925084829-25059-1,,,V-070925112250-25059-37,Peru Rabies Control,Arequipa,Characato (MR_21),vac04ch,VANCAN formulario 2025 General,Dog,,No,0.0,perro,revac,1_mayor
Sep,07/09/2025,11:22 AM,07/09/2025,-16.4921374,-71.5112334,V-070925084829-25059-1,,,V-070925112247-25059-36,Peru Rabies Control,Arequipa,Characato (MR_21),vac04ch,VANCAN formulario 2025 General,Dog,,No,0.0,perro,revac,1_mayor
Sep,07/09/2025,11:22 AM,07/09/2025,-16.4925646,-71.5113111,V-070925084829-25059-1,,,V-070925112237-25059-35,Peru Rabies Control,Arequipa,Characato (MR_21),vac04ch,VANCAN formulario 2025 General,Dog,,No,0.0,perro,revac,1_mayor
Sep,07/09/2025,11:07 AM,07/09/2025,-16.4932746,-71.5114039,V-070925084829-25059-1,,,V-070925110751-25059-34,Peru Rabies Control,Arequipa,Characato (MR_21),vac04ch,VANCAN formulario 2025 General,Dog,,No,0.0,perro,revac,1_mayor
Sep,07/09/2025,11:07 AM,07/09/2025,-16.4932645,-71.51116,V-070925084829-25059-1,,,V-070925110745-25059-33,Peru Rabies Control,Arequipa,Characato (MR_21),vac04ch,VANCAN formulario 2025 General,Dog,,No,0.0,perro,revac,1_mayor
Sep,07/09/2025,11:07 AM,07/09/2025,-16.4933701,-71.5104854,V-070925084829-25059-1,,,V-070925110740-25059-32,Peru Rabies Control,Arequipa,Characato (MR_21),vac04ch,VANCAN formulario 2025 General,Dog,,No,0.0,perro,revac,1_mayor
Sep,07/09/2025,11:07 AM,07/09/2025,-16.4934218,-71.5102195,V-070925084829-25059-1,,,V-070925110725-25059-31,Peru Rabies Control,Arequipa,Characato (MR_21),vac04ch,VANCAN formulario 2025 General,Dog,,No,0.0,perro,revac,1_mayor
Sep,07/09/2025,10:51 AM,07/09/2025,-16.4929653,-71.507898,V-070925084829-25059-1,,,V-070925105105-25059-30,Peru Rabies Control,Arequipa,Characato (MR_21),vac04ch,VANCAN formulario 2025 General,Dog,,No,0.0,perro,revac,1_mayor
Sep,07/09/2025,10:50 AM,07/09/2025,-16.4930327,-71.5076965,V-070925084829-25059-1,,,V-070925105057-25059-29,Peru Rabies Control,Arequipa,Characato (MR_21),vac04ch,VANCAN formulario 2025 General,Dog,,No,0.0,perro,revac,1_mayor
Sep,07/09/2025,10:50 AM,07/09/2025,-16.4934709,-71.5068256,V-070925084829-25059-1,,,V-070925105047-25059-28,Peru Rabies Control,Arequipa,Characato (MR_21),vac04ch,VANCAN formulario 2025 General,Dog,,No,0.0,perro,revac,1_mayor
Sep,07/09/2025,10:50 AM,07/09/2025,-16.4932955,-71.5071988,V-070925084829-25059-1,,,V-070925105034-25059-27,Peru Rabies Control,Arequipa,Characato (MR_21),vac04ch,VANCAN formulario 2025 General,Dog,,No,0.0,perro,revac,1_mayor
Sep,07/09/2025,10:50 AM,07/09/2025,-16.4932955,-71.5071988,V-070925084829-25059-1,,,V-070925105028-25059-26,Peru Rabies Control,Arequipa,Characato (MR_21),vac04ch,VANCAN formulario 2025 General,Dog,,No,0.0,perro,revac,1_mayor
Sep,07/09/2025,10:50 AM,07/09/2025,-16.4932892,-71.507281,V-070925084829-25059-1,,,V-070925105013-25059-25,Peru Rabies Control,Arequipa,Characato (MR_21),vac04ch,VANCAN formulario 2025 General,Dog,,No,0.0,perro,primovac,1_mayor
Sep,07/09/2025,10:35 AM,07/09/2025,-16.4940405,-71.5044285,V-070925084829-25059-1,,,V-070925103535-25059-24,Peru Rabies Control,Arequipa,Characato (MR_21),vac04ch,VANCAN formulario 2025 General,Dog,,No,0.0,perro,revac,1_mayor
Sep,07/09/2025,10:25 AM,07/09/2025,-16.494064,-71.5037654,V-070925084829-25059-1,,,V-070925102543-25059-23,Peru Rabies Control,Arequipa,Characato (MR_21),vac04ch,VANCAN formulario 2025 General,Dog,,No,0.0,perro,primovac,1_mayor
Sep,07/09/2025,10:25 AM,07/09/2025,-16.4939851,-71.5036212,V-070925084829-25059-1,,,V-070925102539-25059-22,Peru Rabies Control,Arequipa,Characato (MR_21),vac04ch,VANCAN formulario 2025 General,Dog,,No,0.0,perro,revac,1_mayor
Sep,07/09/2025,10:25 AM,07/09/2025,-16.4940894,-71.5033917,V-070925084829-25059-1,,,V-070925102533-25059-21,Peru Rabies Control,Arequipa,Characato (MR_21),vac04ch,VANCAN formulario 2025 General,Dog,,No,0.0,perro,primovac,1_mayor
Sep,07/09/2025,10:25 AM,07/09/2025,-16.4940272,-71.5033516,V-070925084829-25059-1,,,V-070925102526-25059-20,Peru Rabies Control,Arequipa,Characato (MR_21),vac04ch,VANCAN formulario 2025 General,Dog,,No,0.0,perro,primovac,1_mayor
Sep,07/09/2025,10:25 AM,07/09/2025,-16.4939884,-71.5033199,V-070925084829-25059-1,,,V-070925102517-25059-19,Peru Rabies Control,Arequipa,Characato (MR_21),vac04ch,VANCAN formulario 2025 General,Dog,,No,0.0,perro,revac,1_mayor
Sep,07/09/2025,10:25 AM,07/09/2025,-16.4939884,-71.5033199,V-070925084829-25059-1,,,V-070925102514-25059-18,Peru Rabies Control,Arequipa,Characato (MR_21),vac04ch,VANCAN formulario 2025 General,Dog,,No,0.0,perro,revac,1_mayor
Sep,07/09/2025,10:25 AM,07/09/2025,-16.4940354,-71.503357,V-070925084829-25059-1,,,V-070925102504-25059-17,Peru Rabies Control,Arequipa,Characato (MR_21),vac04ch,VANCAN formulario 2025 General,Dog,,No,0.0,perro,primovac,1_mayor
Sep,07/09/2025,10:25 AM,07/09/2025,-16.4940354,-71.503357,V-070925084829-25059-1,,,V-070925102500-25059-16,Peru Rabies Control,Arequipa,Characato (MR_21),vac04ch,VANCAN formulario 2025 General,Dog,,No,0.0,perro,revac,1_mayor
Sep,07/09/2025,10:24 AM,07/09/2025,-16.4939453,-71.5033836,V-070925084829-25059-1,,,V-070925102454-25059-15,Peru Rabies Control,Arequipa,Characato (MR_21),vac04ch,VANCAN formulario 2025 General,Dog,,No,0.0,perro,revac,1_mayor
Sep,07/09/2025,10:24 AM,07/09/2025,-16.4939327,-71.5033762,V-070925084829-25059-1,,,V-070925102448-25059-14,Peru Rabies Control,Arequipa,Characato (MR_21),vac04ch,VANCAN formulario 2025 General,Dog,,No,0.0,perro,revac,1_mayor
Sep,07/09/2025,10:24 AM,07/09/2025,-16.4941029,-71.5034786,V-070925084829-25059-1,,,V-070925102443-25059-13,Peru Rabies Control,Arequipa,Characato (MR_21),vac04ch,VANCAN formulario 2025 General,Dog,,No,0.0,perro,primovac,menor_1
Sep,07/09/2025,10:24 AM,07/09/2025,-16.4940492,-71.5032957,V-070925084829-25059-1,,,V-070925102437-25059-12,Peru Rabies Control,Arequipa,Characato (MR_21),vac04ch,VANCAN formulario 2025 General,Dog,,No,0.0,perro,revac,1_mayor
Sep,07/09/2025,10:24 AM,07/09/2025,-16.4939424,-71.5030112,V-070925084829-25059-1,,,V-070925102430-25059-11,Peru Rabies Control,Arequipa,Characato (MR_21),vac04ch,VANCAN formulario 2025 General,Dog,,No,0.0,perro,primovac,menor_1
Sep,07/09/2025,09:37 AM,07/09/2025,-16.4933552,-71.5017817,V-070925084829-25059-1,,,V-070925093732-25059-10,Peru Rabies Control,Arequipa,Characato (MR_21),vac04ch,VANCAN formulario 2025 General,Dog,,No,0.0,perro,revac,1_mayor
Sep,07/09/2025,09:37 AM,07/09/2025,-16.4933021,-71.5017428,V-070925084829-25059-1,,,V-070925093724-25059-9,Peru Rabies Control,Arequipa,Characato (MR_21),vac04ch,VANCAN formulario 2025 General,Dog,,No,0.0,perro,primovac,menor_1
Sep,07/09/2025,09:37 AM,07/09/2025,-16.4933356,-71.5017732,V-070925084829-25059-1,,,V-070925093714-25059-8,Peru Rabies Control,Arequipa,Characato (MR_21),vac04ch,VANCAN formulario 2025 General,Dog,,No,0.0,perro,primovac,1_mayor
Sep,07/09/2025,09:37 AM,07/09/2025,-16.4933582,-71.5017932,V-070925084829-25059-1,,,V-070925093709-25059-7,Peru Rabies Control,Arequipa,Characato (MR_21),vac04ch,VANCAN formulario 2025 General,Dog,,No,0.0,perro,revac,1_mayor
Sep,07/09/2025,09:37 AM,07/09/2025,-16.4933582,-71.5017932,V-070925084829-25059-1,,,V-070925093705-25059-6,Peru Rabies Control,Arequipa,Characato (MR_21),vac04ch,VANCAN formulario 2025 General,Dog,,No,0.0,perro,revac,1_mayor
Sep,07/09/2025,09:37 AM,07/09/2025,-16.4933955,-71.5017901,V-070925084829-25059-1,,,V-070925093700-25059-5,Peru Rabies Control,Arequipa,Characato (MR_21),vac04ch,VANCAN formulario 2025 General,Dog,,No,0.0,perro,revac,1_mayor
Sep,07/09/2025,09:36 AM,07/09/2025,-16.4932804,-71.5017103,V-070925084829-25059-1,,,V-070925093655-25059-4,Peru Rabies Control,Arequipa,Characato (MR_21),vac04ch,VANCAN formulario 2025 General,Dog,,No,0.0,perro,primovac,menor_1
Sep,07/09/2025,09:36 AM,07/09/2025,-16.493359,-71.5018,V-070925084829-25059-1,,,V-070925093647-25059-3,Peru Rabies Control,Arequipa,Characato (MR_21),vac04ch,VANCAN formulario 2025 General,Dog,,No,0.0,perro,primovac,menor_1
Sep,07/09/2025,09:36 AM,07/09/2025,-16.493359,-71.5018,V-070925084829-25059-1,,,V-070925093641-25059-2,Peru Rabies Control,Arequipa,Characato (MR_21),vac04ch,VANCAN formulario 2025 General,Dog,,No,0.0,perro,revac,1_mayor
Sep,07/09/2025,08:49 AM,07/09/2025,-16.4933155,-71.5017886,V-070925084829-25059-1,,,V-070925084900-25059-1,Peru Rabies Control,Arequipa,Characato (MR_21),vac04ch,VANCAN formulario 2025 General,Dog,,No,0.0,perro,revac,1_mayor
Sep,07/09/2025,01:17 PM,07/09/2025,-16.486685,-71.4664667,V-070925092643-25057-1,,,V-070925131703-25057-57,Peru Rabies Control,Arequipa,Characato (MR_21),vac02ch,VANCAN formulario 2025 General,Dog,,No,100.0,perro,revac,1_mayor
Sep,07/09/2025,01:17 PM,07/09/2025,-16.48674,-71.4665333,V-070925092643-25057-1,,,V-070925131700-25057-56,Peru Rabies Control,Arequipa,Characato (MR_21),vac02ch,VANCAN formulario 2025 General,Dog,,No,100.0,perro,revac,1_mayor
Sep,07/09/2025,01:06 PM,07/09/2025,-16.4866862,-71.4665807,V-070925092643-25057-1,,,V-070925130608-25057-55,Peru Rabies Control,Arequipa,Characato (MR_21),vac02ch,VANCAN formulario 2025 General,Dog,,No,100.0,perro,revac,1_mayor
Sep,07/09/2025,01:06 PM,07/09/2025,-16.4870623,-71.4689452,V-070925092643-25057-1,,,V-070925130600-25057-54,Peru Rabies Control,Arequipa,Characato (MR_21),vac02ch,VANCAN formulario 2025 General,Dog,,No,100.0,perro,revac,1_mayor
Sep,07/09/2025,12:49 PM,07/09/2025,-16.4872945,-71.4667339,V-070925092643-25057-1,,,V-070925124900-25057-53,Peru Rabies Control,Arequipa,Characato (MR_21),vac02ch,VANCAN formulario 2025 General,Dog,,No,100.0,perro,primovac,1_mayor
Sep,07/09/2025,12:43 PM,07/09/2025,-16.487236,-71.4667595,V-070925092643-25057-1,,,V-070925124353-25057-52,Peru Rabies Control,Arequipa,Characato (MR_21),vac02ch,VANCAN formulario 2025 General,Dog,,No,100.0,perro,revac,1_mayor
Sep,07/09/2025,12:43 PM,07/09/2025,-16.4872423,-71.4667426,V-070925092643-25057-1,,,V-070925124345-25057-51,Peru Rabies Control,Arequipa,Characato (MR_21),vac02ch,VANCAN formulario 2025 General,Dog,,No,100.0,perro,revac,1_mayor
Sep,07/09/2025,12:32 PM,07/09/2025,-16.4872183,-71.4667517,V-070925092643-25057-1,,,V-070925123259-25057-50,Peru Rabies Control,Arequipa,Characato (MR_21),vac02ch,VANCAN formulario 2025 General,Dog,,No,100.0,perro,revac,1_mayor
Sep,07/09/2025,12:32 PM,07/09/2025,-16.4872183,-71.4667517,V-070925092643-25057-1,,,V-070925123254-25057-49,Peru Rabies Control,Arequipa,Characato (MR_21),vac02ch,VANCAN formulario 2025 General,Dog,,No,100.0,perro,revac,1_mayor
Sep,07/09/2025,12:32 PM,07/09/2025,-16.4872183,-71.4667517,V-070925092643-25057-1,,,V-070925123249-25057-48,Peru Rabies Control,Arequipa,Characato (MR_21),vac02ch,VANCAN formulario 2025 General,Dog,,No,100.0,perro,revac,1_mayor
Sep,07/09/2025,12:32 PM,07/09/2025,-16.4872184,-71.4667517,V-070925092643-25057-1,,,V-070925123244-25057-47,Peru Rabies Control,Arequipa,Characato (MR_21),vac02ch,VANCAN formulario 2025 General,Dog,,No,100.0,perro,revac,1_mayor
Sep,07/09/2025,12:32 PM,07/09/2025,-16.4872183,-71.4667517,V-070925092643-25057-1,,,V-070925123239-25057-46,Peru Rabies Control,Arequipa,Characato (MR_21),vac02ch,VANCAN formulario 2025 General,Dog,,No,100.0,perro,revac,1_mayor
Sep,07/09/2025,12:32 PM,07/09/2025,-16.4872173,-71.4667444,V-070925092643-25057-1,,,V-070925123235-25057-45,Peru Rabies Control,Arequipa,Characato (MR_21),vac02ch,VANCAN formulario 2025 General,Dog,,No,100.0,perro,revac,1_mayor
Sep,07/09/2025,12:32 PM,07/09/2025,-16.4873196,-71.4667405,V-070925092643-25057-1,,,V-070925123218-25057-44,Peru Rabies Control,Arequipa,Characato (MR_21),vac02ch,VANCAN formulario 2025 General,Dog,,No,100.0,perro,revac,1_mayor
Sep,07/09/2025,11:41 AM,07/09/2025,-16.4873133,-71.4754717,V-070925092643-25057-1,,,V-070925114126-25057-43,Peru Rabies Control,Arequipa,Characato (MR_21),vac02ch,VANCAN formulario 2025 General,Dog,,No,100.0,perro,revac,1_mayor
Sep,07/09/2025,11:41 AM,07/09/2025,-16.4873133,-71.4754717,V-070925092643-25057-1,,,V-070925114120-25057-42,Peru Rabies Control,Arequipa,Characato (MR_21),vac02ch,VANCAN formulario 2025 General,Dog,,No,100.0,gato,,
Sep,07/09/2025,11:41 AM,07/09/2025,-16.4873133,-71.4754717,V-070925092643-25057-1,,,V-070925114114-25057-41,Peru Rabies Control,Arequipa,Characato (MR_21),vac02ch,VANCAN formulario 2025 General,Dog,,No,100.0,gato,,
Sep,07/09/2025,11:41 AM,07/09/2025,-16.4873133,-71.4754717,V-070925092643-25057-1,,,V-070925114106-25057-40,Peru Rabies Control,Arequipa,Characato (MR_21),vac02ch,VANCAN formulario 2025 General,Dog,,No,100.0,perro,primovac,menor_1
Sep,07/09/2025,11:40 AM,07/09/2025,-16.4873134,-71.4754717,V-070925092643-25057-1,,,V-070925114058-25057-39,Peru Rabies Control,Arequipa,Characato (MR_21),vac02ch,VANCAN formulario 2025 General,Dog,,No,100.0,perro,revac,1_mayor
Sep,07/09/2025,11:40 AM,07/09/2025,-16.4873111,-71.4754717,V-070925092643-25057-1,,,V-070925114051-25057-38,Peru Rabies Control,Arequipa,Characato (MR_21),vac02ch,VANCAN formulario 2025 General,Dog,,No,100.0,perro,revac,1_mayor
Sep,07/09/2025,11:40 AM,07/09/2025,-16.4872864,-71.4754393,V-070925092643-25057-1,,,V-070925114035-25057-37,Peru Rabies Control,Arequipa,Characato (MR_21),vac02ch,VANCAN formulario 2025 General,Dog,,No,100.0,perro,primovac,menor_1
Sep,07/09/2025,11:05 AM,07/09/2025,-16.4873314,-71.4755022,V-070925092643-25057-1,,,V-070925110542-25057-36,Peru Rabies Control,Arequipa,Characato (MR_21),vac02ch,VANCAN formulario 2025 General,Dog,,No,100.0,perro,primovac,menor_1
Sep,07/09/2025,10:41 AM,07/09/2025,-16.4873202,-71.4754699,V-070925092643-25057-1,,,V-070925104102-25057-35,Peru Rabies Control,Arequipa,Characato (MR_21),vac02ch,VANCAN formulario 2025 General,Dog,,No,100.0,perro,revac,1_mayor
Sep,07/09/2025,10:40 AM,07/09/2025,-16.4873083,-71.4754483,V-070925092643-25057-1,,,V-070925104049-25057-34,Peru Rabies Control,Arequipa,Characato (MR_21),vac02ch,VANCAN formulario 2025 General,Dog,,No,100.0,perro,primovac,menor_1
Sep,07/09/2025,10:40 AM,07/09/2025,-16.4872485,-71.475195,V-070925092643-25057-1,,,V-070925104038-25057-33,Peru Rabies Control,Arequipa,Characato (MR_21),vac02ch,VANCAN formulario 2025 General,Dog,,No,100.0,perro,primovac,menor_1
Sep,07/09/2025,10:40 AM,07/09/2025,-16.487327,-71.47546,V-070925092643-25057-1,,,V-070925104017-25057-32,Peru Rabies Control,Arequipa,Characato (MR_21),vac02ch,VANCAN formulario 2025 General,Dog,,No,100.0,perro,primovac,menor_1
Sep,07/09/2025,10:40 AM,07/09/2025,-16.4873366,-71.4754533,V-070925092643-25057-1,,,V-070925104010-25057-31,Peru Rabies Control,Arequipa,Characato (MR_21),vac02ch,VANCAN formulario 2025 General,Dog,,No,100.0,perro,revac,1_mayor
Sep,07/09/2025,10:39 AM,07/09/2025,-16.4873378,-71.4754477,V-070925092643-25057-1,,,V-070925103949-25057-30,Peru Rabies Control,Arequipa,Characato (MR_21),vac02ch,VANCAN formulario 2025 General,Dog,,No,100.0,perro,revac,1_mayor
Sep,07/09/2025,10:39 AM,07/09/2025,-16.487222,-71.4750861,V-070925092643-25057-1,,,V-070925103941-25057-29,Peru Rabies Control,Arequipa,Characato (MR_21),vac02ch,VANCAN formulario 2025 General,Dog,,No,100.0,perro,revac,1_mayor
Sep,07/09/2025,10:36 AM,07/09/2025,-16.4873016,-71.4754549,V-070925092643-25057-1,,,V-070925103652-25057-28,Peru Rabies Control,Arequipa,Characato (MR_21),vac02ch,VANCAN formulario 2025 General,Dog,,No,100.0,perro,revac,1_mayor
Sep,07/09/2025,10:36 AM,07/09/2025,-16.4872852,-71.4754883,V-070925092643-25057-1,,,V-070925103613-25057-27,Peru Rabies Control,Arequipa,Characato (MR_21),vac02ch,VANCAN formulario 2025 General,Dog,,No,100.0,perro,revac,1_mayor
Sep,07/09/2025,10:19 AM,07/09/2025,-16.4873237,-71.4754713,V-070925092643-25057-1,,,V-070925101927-25057-26,Peru Rabies Control,Arequipa,Characato (MR_21),vac02ch,VANCAN formulario 2025 General,Dog,,No,100.0,perro,revac,1_mayor
Sep,07/09/2025,10:19 AM,07/09/2025,-16.4871954,-71.4751444,V-070925092643-25057-1,,,V-070925101920-25057-25,Peru Rabies Control,Arequipa,Characato (MR_21),vac02ch,VANCAN formulario 2025 General,Dog,,No,100.0,perro,revac,1_mayor
Sep,07/09/2025,10:15 AM,07/09/2025,-16.4872103,-71.4752122,V-070925092643-25057-1,,,V-070925101520-25057-24,Peru Rabies Control,Arequipa,Characato (MR_21),vac02ch,VANCAN formulario 2025 General,Dog,,No,100.0,perro,revac,menor_1
Sep,07/09/2025,10:11 AM,07/09/2025,-16.4873067,-71.4754554,V-070925092643-25057-1,,,V-070925101116-25057-23,Peru Rabies Control,Arequipa,Characato (MR_21),vac02ch,VANCAN formulario 2025 General,Dog,,No,100.0,perro,revac,1_mayor
Sep,07/09/2025,10:10 AM,07/09/2025,-16.4873151,-71.4754251,V-070925092643-25057-1,,,V-070925101058-25057-22,Peru Rabies Control,Arequipa,Characato (MR_21),vac02ch,VANCAN formulario 2025 General,Dog,,No,100.0,perro,revac,1_mayor
Sep,07/09/2025,10:08 AM,07/09/2025,-16.4872709,-71.4751307,V-070925092643-25057-1,,,V-070925100817-25057-21,Peru Rabies Control,Arequipa,Characato (MR_21),vac02ch,VANCAN formulario 2025 General,Dog,,No,100.0,perro,revac,1_mayor
Sep,07/09/2025,09:58 AM,07/09/2025,-16.4876844,-71.4745241,V-070925092643-25057-1,,,V-070925095832-25057-20,Peru Rabies Control,Arequipa,Characato (MR_21),vac02ch,VANCAN formulario 2025 General,Dog,,No,100.0,perro,revac,1_mayor
Sep,07/09/2025,09:53 AM,07/09/2025,-16.4873615,-71.4754002,V-070925092643-25057-1,,,V-070925095335-25057-19,Peru Rabies Control,Arequipa,Characato (MR_21),vac02ch,VANCAN formulario 2025 General,Dog,,No,100.0,perro,revac,1_mayor
Sep,07/09/2025,09:50 AM,07/09/2025,-16.4873834,-71.4754165,V-070925092643-25057-1,,,V-070925095041-25057-18,Peru Rabies Control,Arequipa,Characato (MR_21),vac02ch,VANCAN formulario 2025 General,Dog,,No,100.0,perro,revac,1_mayor
Sep,07/09/2025,09:44 AM,07/09/2025,-16.4873692,-71.4753897,V-070925092643-25057-1,,,V-070925094400-25057-17,Peru Rabies Control,Arequipa,Characato (MR_21),vac02ch,VANCAN formulario 2025 General,Dog,,No,1.233,perro,revac,1_mayor
Sep,07/09/2025,09:30 AM,07/09/2025,-16.4873117,-71.4754567,V-070925092643-25057-1,,,V-070925093017-25057-16,Peru Rabies Control,Arequipa,Characato (MR_21),vac02ch,VANCAN formulario 2025 General,Dog,,No,1.233,perro,revac,1_mayor
Sep,07/09/2025,09:30 AM,07/09/2025,-16.4873117,-71.4754567,V-070925092643-25057-1,,,V-070925093001-25057-15,Peru Rabies Control,Arequipa,Characato (MR_21),vac02ch,VANCAN formulario 2025 General,Dog,,No,1.233,perro,primovac,menor_1
Sep,07/09/2025,09:29 AM,07/09/2025,-16.4873117,-71.4754567,V-070925092643-25057-1,,,V-070925092946-25057-14,Peru Rabies Control,Arequipa,Characato (MR_21),vac02ch,VANCAN formulario 2025 General,Dog,,No,1.233,perro,revac,1_mayor
Sep,07/09/2025,09:29 AM,07/09/2025,-16.4873117,-71.4754567,V-070925092643-25057-1,,,V-070925092939-25057-13,Peru Rabies Control,Arequipa,Characato (MR_21),vac02ch,VANCAN formulario 2025 General,Dog,,No,1.233,perro,revac,1_mayor
Sep,07/09/2025,09:29 AM,07/09/2025,-16.4873117,-71.4754567,V-070925092643-25057-1,,,V-070925092933-25057-12,Peru Rabies Control,Arequipa,Characato (MR_21),vac02ch,VANCAN formulario 2025 General,Dog,,No,1.233,perro,revac,1_mayor
Sep,07/09/2025,09:29 AM,07/09/2025,-16.4873117,-71.4754567,V-070925092643-25057-1,,,V-070925092929-25057-11,Peru Rabies Control,Arequipa,Characato (MR_21),vac02ch,VANCAN formulario 2025 General,Dog,,No,1.233,perro,revac,1_mayor
Sep,07/09/2025,09:29 AM,07/09/2025,-16.4873117,-71.4754567,V-070925092643-25057-1,,,V-070925092920-25057-10,Peru Rabies Control,Arequipa,Characato (MR_21),vac02ch,VANCAN formulario 2025 General,Dog,,No,1.233,perro,revac,1_mayor
Sep,07/09/2025,09:29 AM,07/09/2025,-16.4873117,-71.4754567,V-070925092643-25057-1,,,V-070925092913-25057-9,Peru Rabies Control,Arequipa,Characato (MR_21),vac02ch,VANCAN formulario 2025 General,Dog,,No,1.233,perro,revac,1_mayor
Sep,07/09/2025,09:29 AM,07/09/2025,-16.4873117,-71.4754567,V-070925092643-25057-1,,,V-070925092901-25057-8,Peru Rabies Control,Arequipa,Characato (MR_21),vac02ch,VANCAN formulario 2025 General,Dog,,No,1.233,perro,primovac,1_mayor
Sep,07/09/2025,09:28 AM,07/09/2025,-16.4873117,-71.4754567,V-070925092643-25057-1,,,V-070925092848-25057-7,Peru Rabies Control,Arequipa,Characato (MR_21),vac02ch,VANCAN formulario 2025 General,Dog,,No,1.233,perro,primovac,1_mayor
Sep,07/09/2025,09:28 AM,07/09/2025,-16.4873117,-71.4754567,V-070925092643-25057-1,,,V-070925092828-25057-6,Peru Rabies Control,Arequipa,Characato (MR_21),vac02ch,VANCAN formulario 2025 General,Dog,,No,1.233,perro,revac,1_mayor
Sep,07/09/2025,09:28 AM,07/09/2025,-16.4873117,-71.4754567,V-070925092643-25057-1,,,V-070925092821-25057-5,Peru Rabies Control,Arequipa,Characato (MR_21),vac02ch,VANCAN formulario 2025 General,Dog,,No,1.233,perro,revac,1_mayor
Sep,07/09/2025,09:28 AM,07/09/2025,-16.4873117,-71.4754567,V-070925092643-25057-1,,,V-070925092815-25057-4,Peru Rabies Control,Arequipa,Characato (MR_21),vac02ch,VANCAN formulario 2025 General,Dog,,No,1.233,perro,revac,1_mayor
Sep,07/09/2025,09:28 AM,07/09/2025,-16.4873117,-71.4754567,V-070925092643-25057-1,,,V-070925092804-25057-3,Peru Rabies Control,Arequipa,Characato (MR_21),vac02ch,VANCAN formulario 2025 General,Dog,,No,1.233,perro,revac,1_mayor
Sep,07/09/2025,09:27 AM,07/09/2025,-16.4873117,-71.4754567,V-070925092643-25057-1,,,V-070925092746-25057-2,Peru Rabies Control,Arequipa,Characato (MR_21),vac02ch,VANCAN formulario 2025 General,Dog,,No,1.233,perro,revac,1_mayor
Sep,07/09/2025,09:27 AM,07/09/2025,-16.4873117,-71.4754567,V-070925092643-25057-1,,,V-070925092717-25057-1,Peru Rabies Control,Arequipa,Characato (MR_21),vac02ch,VANCAN formulario 2025 General,Dog,,No,1.233,perro,primovac,menor_1
Sep,07/09/2025,01:01 PM,07/09/2025,-16.491055,-71.4870033,V-070925091444-25058-1,,,V-070925130103-25058-45,Peru Rabies Control,Arequipa,Characato (MR_21),vac03ch,VANCAN formulario 2025 General,Dog,,No,0.0,perro,primovac,1_mayor
Sep,07/09/2025,01:00 PM,07/09/2025,-16.491205,-71.48707,V-070925091444-25058-1,,,V-070925130055-25058-44,Peru Rabies Control,Arequipa,Characato (MR_21),vac03ch,VANCAN formulario 2025 General,Dog,,No,0.0,perro,primovac,menor_1
Sep,07/09/2025,01:00 PM,07/09/2025,-16.491205,-71.48707,V-070925091444-25058-1,,,V-070925130044-25058-43,Peru Rabies Control,Arequipa,Characato (MR_21),vac03ch,VANCAN formulario 2025 General,Dog,,No,0.0,perro,primovac,menor_1
Sep,07/09/2025,01:00 PM,07/09/2025,-16.4912967,-71.4870133,V-070925091444-25058-1,,,V-070925130040-25058-42,Peru Rabies Control,Arequipa,Characato (MR_21),vac03ch,VANCAN formulario 2025 General,Dog,,No,0.0,perro,primovac,menor_1
Sep,07/09/2025,01:00 PM,07/09/2025,-16.4906333,-71.4867733,V-070925091444-25058-1,,,V-070925130035-25058-41,Peru Rabies Control,Arequipa,Characato (MR_21),vac03ch,VANCAN formulario 2025 General,Dog,,No,0.0,perro,revac,1_mayor
Sep,07/09/2025,01:00 PM,07/09/2025,-16.4909733,-71.4869033,V-070925091444-25058-1,,,V-070925130030-25058-40,Peru Rabies Control,Arequipa,Characato (MR_21),vac03ch,VANCAN formulario 2025 General,Dog,,No,0.0,perro,revac,1_mayor
Sep,07/09/2025,01:00 PM,07/09/2025,-16.490505,-71.4867117,V-070925091444-25058-1,,,V-070925130027-25058-39,Peru Rabies Control,Arequipa,Characato (MR_21),vac03ch,VANCAN formulario 2025 General,Dog,,No,0.0,perro,revac,1_mayor
Sep,07/09/2025,01:00 PM,07/09/2025,-16.49053,-71.486735,V-070925091444-25058-1,,,V-070925130025-25058-38,Peru Rabies Control,Arequipa,Characato (MR_21),vac03ch,VANCAN formulario 2025 General,Dog,,No,0.0,perro,primovac,1_mayor
Sep,07/09/2025,01:00 PM,07/09/2025,-16.4905417,-71.48671,V-070925091444-25058-1,,,V-070925130021-25058-37,Peru Rabies Control,Arequipa,Characato (MR_21),vac03ch,VANCAN formulario 2025 General,Dog,,No,0.0,perro,revac,1_mayor
Sep,07/09/2025,01:00 PM,07/09/2025,-16.4905417,-71.48671,V-070925091444-25058-1,,,V-070925130016-25058-36,Peru Rabies Control,Arequipa,Characato (MR_21),vac03ch,VANCAN formulario 2025 General,Dog,,No,0.0,perro,revac,1_mayor
Sep,07/09/2025,01:00 PM,07/09/2025,-16.49061,-71.48671,V-070925091444-25058-1,,,V-070925130012-25058-35,Peru Rabies Control,Arequipa,Characato (MR_21),vac03ch,VANCAN formulario 2025 General,Dog,,No,0.0,perro,revac,1_mayor
Sep,07/09/2025,01:00 PM,07/09/2025,-16.4906,-71.4867517,V-070925091444-25058-1,,,V-070925130009-25058-34,Peru Rabies Control,Arequipa,Characato (MR_21),vac03ch,VANCAN formulario 2025 General,Dog,,No,0.0,perro,primovac,menor_1
Sep,07/09/2025,01:00 PM,07/09/2025,-16.4906,-71.4867517,V-070925091444-25058-1,,,V-070925130004-25058-33,Peru Rabies Control,Arequipa,Characato (MR_21),vac03ch,VANCAN formulario 2025 General,Dog,,No,0.0,perro,revac,1_mayor
Sep,07/09/2025,01:00 PM,07/09/2025,-16.4905267,-71.4866733,V-070925091444-25058-1,,,V-070925130001-25058-32,Peru Rabies Control,Arequipa,Characato (MR_21),vac03ch,VANCAN formulario 2025 General,Dog,,No,0.0,perro,revac,1_mayor
Sep,07/09/2025,12:59 PM,07/09/2025,-16.4905217,-71.486665,V-070925091444-25058-1,,,V-070925125954-25058-31,Peru Rabies Control,Arequipa,Characato (MR_21),vac03ch,VANCAN formulario 2025 General,Dog,,No,0.0,perro,revac,1_mayor
Sep,07/09/2025,12:59 PM,07/09/2025,-16.4905217,-71.48666,V-070925091444-25058-1,,,V-070925125949-25058-30,Peru Rabies Control,Arequipa,Characato (MR_21),vac03ch,VANCAN formulario 2025 General,Dog,,No,0.0,perro,primovac,menor_1
Sep,07/09/2025,12:59 PM,07/09/2025,-16.4905183,-71.4866717,V-070925091444-25058-1,,,V-070925125946-25058-29,Peru Rabies Control,Arequipa,Characato (MR_21),vac03ch,VANCAN formulario 2025 General,Dog,,No,0.0,perro,primovac,menor_1
Sep,07/09/2025,12:59 PM,07/09/2025,-16.49052,-71.4866767,V-070925091444-25058-1,,,V-070925125943-25058-28,Peru Rabies Control,Arequipa,Characato (MR_21),vac03ch,VANCAN formulario 2025 General,Dog,,No,0.0,perro,primovac,menor_1
Sep,07/09/2025,12:59 PM,07/09/2025,-16.4905183,-71.4866867,V-070925091444-25058-1,,,V-070925125939-25058-27,Peru Rabies Control,Arequipa,Characato (MR_21),vac03ch,VANCAN formulario 2025 General,Dog,,No,0.0,perro,primovac,menor_1
Sep,07/09/2025,12:59 PM,07/09/2025,-16.4905133,-71.48666,V-070925091444-25058-1,,,V-070925125936-25058-26,Peru Rabies Control,Arequipa,Characato (MR_21),vac03ch,VANCAN formulario 2025 General,Dog,,No,0.0,perro,primovac,menor_1
Sep,07/09/2025,12:59 PM,07/09/2025,-16.4905567,-71.48666,V-070925091444-25058-1,,,V-070925125931-25058-25,Peru Rabies Control,Arequipa,Characato (MR_21),vac03ch,VANCAN formulario 2025 General,Dog,,No,0.0,perro,primovac,menor_1
Sep,07/09/2025,12:59 PM,07/09/2025,-16.4905033,-71.486635,V-070925091444-25058-1,,,V-070925125928-25058-24,Peru Rabies Control,Arequipa,Characato (MR_21),vac03ch,VANCAN formulario 2025 General,Dog,,No,0.0,perro,primovac,menor_1
Sep,07/09/2025,12:59 PM,07/09/2025,-16.4905333,-71.4866333,V-070925091444-25058-1,,,V-070925125924-25058-23,Peru Rabies Control,Arequipa,Characato (MR_21),vac03ch,VANCAN formulario 2025 General,Dog,,No,0.0,perro,revac,1_mayor
Sep,07/09/2025,12:59 PM,07/09/2025,-16.4905433,-71.4866217,V-070925091444-25058-1,,,V-070925125915-25058-22,Peru Rabies Control,Arequipa,Characato (MR_21),vac03ch,VANCAN formulario 2025 General,Dog,,No,0.0,perro,revac,menor_1
Sep,07/09/2025,12:59 PM,07/09/2025,-16.490535,-71.4866033,V-070925091444-25058-1,,,V-070925125904-25058-21,Peru Rabies Control,Arequipa,Characato (MR_21),vac03ch,VANCAN formulario 2025 General,Dog,,No,0.0,gato,,
Sep,07/09/2025,12:58 PM,07/09/2025,-16.4905067,-71.4866467,V-070925091444-25058-1,,,V-070925125858-25058-20,Peru Rabies Control,Arequipa,Characato (MR_21),vac03ch,VANCAN formulario 2025 General,Dog,,No,0.0,perro,primovac,menor_1
Sep,07/09/2025,12:58 PM,07/09/2025,-16.490505,-71.4866483,V-070925091444-25058-1,,,V-070925125853-25058-19,Peru Rabies Control,Arequipa,Characato (MR_21),vac03ch,VANCAN formulario 2025 General,Dog,,No,0.0,perro,primovac,menor_1
Sep,07/09/2025,12:58 PM,07/09/2025,-16.4913317,-71.4871636,V-070925091444-25058-1,,,V-070925125847-25058-18,Peru Rabies Control,Arequipa,Characato (MR_21),vac03ch,VANCAN formulario 2025 General,Dog,,No,0.0,perro,primovac,menor_1
Sep,07/09/2025,12:58 PM,07/09/2025,-16.4912406,-71.4869618,V-070925091444-25058-1,,,V-070925125826-25058-17,Peru Rabies Control,Arequipa,Characato (MR_21),vac03ch,VANCAN formulario 2025 General,Dog,,No,0.0,perro,primovac,1_mayor
Sep,07/09/2025,11:36 AM,07/09/2025,-16.4879433,-71.4875533,V-070925091444-25058-1,,,V-070925113631-25058-16,Peru Rabies Control,Arequipa,Characato (MR_21),vac03ch,VANCAN formulario 2025 General,Dog,,No,0.0,perro,primovac,1_mayor
Sep,07/09/2025,09:42 AM,07/09/2025,-16.490615,-71.48682,V-070925091444-25058-1,,,V-070925094214-25058-15,Peru Rabies Control,Arequipa,Characato (MR_21),vac03ch,VANCAN formulario 2025 General,Dog,,No,10.999,perro,revac,1_mayor
Sep,07/09/2025,09:42 AM,07/09/2025,-16.4905833,-71.4867683,V-070925091444-25058-1,,,V-070925094210-25058-14,Peru Rabies Control,Arequipa,Characato (MR_21),vac03ch,VANCAN formulario 2025 General,Dog,,No,10.999,perro,revac,1_mayor
Sep,07/09/2025,09:42 AM,07/09/2025,-16.4905883,-71.48677,V-070925091444-25058-1,,,V-070925094205-25058-13,Peru Rabies Control,Arequipa,Characato (MR_21),vac03ch,VANCAN formulario 2025 General,Dog,,No,10.999,perro,revac,1_mayor
Sep,07/09/2025,09:42 AM,07/09/2025,-16.4906017,-71.4867883,V-070925091444-25058-1,,,V-070925094201-25058-12,Peru Rabies Control,Arequipa,Characato (MR_21),vac03ch,VANCAN formulario 2025 General,Dog,,No,10.999,perro,revac,1_mayor
Sep,07/09/2025,09:41 AM,07/09/2025,-16.4906033,-71.486785,V-070925091444-25058-1,,,V-070925094152-25058-11,Peru Rabies Control,Arequipa,Characato (MR_21),vac03ch,VANCAN formulario 2025 General,Dog,,No,10.999,perro,revac,1_mayor
Sep,07/09/2025,09:36 AM,07/09/2025,-16.4906067,-71.4867817,V-070925091444-25058-1,,,V-070925093619-25058-10,Peru Rabies Control,Arequipa,Characato (MR_21),vac03ch,VANCAN formulario 2025 General,Dog,,No,10.999,perro,primovac,1_mayor
Sep,07/09/2025,09:27 AM,07/09/2025,-16.490555,-71.48678,V-070925091444-25058-1,,,V-070925092759-25058-9,Peru Rabies Control,Arequipa,Characato (MR_21),vac03ch,VANCAN formulario 2025 General,Dog,,No,10.999,perro,primovac,1_mayor
Sep,07/09/2025,09:27 AM,07/09/2025,-16.4906133,-71.4868117,V-070925091444-25058-1,,,V-070925092753-25058-8,Peru Rabies Control,Arequipa,Characato (MR_21),vac03ch,VANCAN formulario 2025 General,Dog,,No,10.999,perro,revac,1_mayor
Sep,07/09/2025,09:27 AM,07/09/2025,-16.4905983,-71.4868117,V-070925091444-25058-1,,,V-070925092746-25058-7,Peru Rabies Control,Arequipa,Characato (MR_21),vac03ch,VANCAN formulario 2025 General,Dog,,No,10.999,perro,primovac,menor_1
Sep,07/09/2025,09:27 AM,07/09/2025,-16.4905833,-71.486785,V-070925091444-25058-1,,,V-070925092728-25058-6,Peru Rabies Control,Arequipa,Characato (MR_21),vac03ch,VANCAN formulario 2025 General,Dog,,No,10.999,perro,primovac,menor_1
Sep,07/09/2025,09:27 AM,07/09/2025,-16.4905717,-71.4867883,V-070925091444-25058-1,,,V-070925092722-25058-5,Peru Rabies Control,Arequipa,Characato (MR_21),vac03ch,VANCAN formulario 2025 General,Dog,,No,10.999,perro,primovac,menor_1
Sep,07/09/2025,09:27 AM,07/09/2025,-16.4905733,-71.4867967,V-070925091444-25058-1,,,V-070925092715-25058-4,Peru Rabies Control,Arequipa,Characato (MR_21),vac03ch,VANCAN formulario 2025 General,Dog,,No,10.999,perro,primovac,menor_1
Sep,07/09/2025,09:27 AM,07/09/2025,-16.4905733,-71.4868,V-070925091444-25058-1,,,V-070925092708-25058-3,Peru Rabies Control,Arequipa,Characato (MR_21),vac03ch,VANCAN formulario 2025 General,Dog,,No,10.999,perro,revac,1_mayor
Sep,07/09/2025,09:26 AM,07/09/2025,-16.491005,-71.4867367,V-070925091444-25058-1,,,V-070925092629-25058-2,Peru Rabies Control,Arequipa,Characato (MR_21),vac03ch,VANCAN formulario 2025 General,Dog,,No,10.999,perro,revac,menor_1
Sep,07/09/2025,09:15 AM,07/09/2025,-16.4906083,-71.4868133,V-070925091444-25058-1,,,V-070925091509-25058-1,Peru Rabies Control,Arequipa,Characato (MR_21),vac03ch,VANCAN formulario 2025 General,Dog,,No,10.999,perro,revac,1_mayor
Sep,14/09/2025,12:26 PM,14/09/2025,-16.4683465,-71.4847697,V-140925083638-25058-1,,,V-140925122607-25058-65,Peru Rabies Control,Arequipa,Characato (MR_21),vac03ch,VANCAN formulario 2025 General,Dog,,Yes,9.64,perro,revac,1_mayor
Sep,14/09/2025,11:57 AM,14/09/2025,-16.4733311,-71.4783391,V-140925083638-25058-1,,,V-140925115718-25058-64,Peru Rabies Control,Arequipa,Characato (MR_21),vac03ch,VANCAN formulario 2025 General,Dog,,No,9.64,perro,revac,1_mayor
Sep,14/09/2025,11:57 AM,14/09/2025,-16.4733311,-71.478339,V-140925083638-25058-1,,,V-140925115714-25058-63,Peru Rabies Control,Arequipa,Characato (MR_21),vac03ch,VANCAN formulario 2025 General,Dog,,No,9.64,perro,revac,1_mayor
Sep,14/09/2025,11:51 AM,14/09/2025,-16.4735744,-71.4780296,V-140925083638-25058-1,,,V-140925115140-25058-62,Peru Rabies Control,Arequipa,Characato (MR_21),vac03ch,VANCAN formulario 2025 General,Dog,,No,9.64,perro,revac,1_mayor
Sep,14/09/2025,11:49 AM,14/09/2025,-16.4739229,-71.4778347,V-140925083638-25058-1,,,V-140925114906-25058-61,Peru Rabies Control,Arequipa,Characato (MR_21),vac03ch,VANCAN formulario 2025 General,Dog,,No,9.64,perro,revac,1_mayor
Sep,14/09/2025,11:49 AM,14/09/2025,-16.473915,-71.4778545,V-140925083638-25058-1,,,V-140925114902-25058-60,Peru Rabies Control,Arequipa,Characato (MR_21),vac03ch,VANCAN formulario 2025 General,Dog,,No,9.64,perro,revac,1_mayor
Sep,14/09/2025,11:48 AM,14/09/2025,-16.4739148,-71.4778603,V-140925083638-25058-1,,,V-140925114857-25058-59,Peru Rabies Control,Arequipa,Characato (MR_21),vac03ch,VANCAN formulario 2025 General,Dog,,No,9.64,perro,revac,1_mayor
Sep,14/09/2025,11:48 AM,14/09/2025,-16.4738972,-71.4778615,V-140925083638-25058-1,,,V-140925114853-25058-58,Peru Rabies Control,Arequipa,Characato (MR_21),vac03ch,VANCAN formulario 2025 General,Dog,,No,9.64,perro,revac,1_mayor
Sep,14/09/2025,11:48 AM,14/09/2025,-16.4739168,-71.4778765,V-140925083638-25058-1,,,V-140925114849-25058-57,Peru Rabies Control,Arequipa,Characato (MR_21),vac03ch,VANCAN formulario 2025 General,Dog,,No,9.64,perro,revac,1_mayor
Sep,14/09/2025,11:48 AM,14/09/2025,-16.4739201,-71.4778837,V-140925083638-25058-1,,,V-140925114840-25058-56,Peru Rabies Control,Arequipa,Characato (MR_21),vac03ch,VANCAN formulario 2025 General,Dog,,No,9.64,perro,revac,1_mayor
Sep,14/09/2025,11:46 AM,14/09/2025,-16.473911,-71.4778618,V-140925083638-25058-1,,,V-140925114603-25058-55,Peru Rabies Control,Arequipa,Characato (MR_21),vac03ch,VANCAN formulario 2025 General,Dog,,No,9.64,perro,revac,1_mayor
Sep,14/09/2025,11:45 AM,14/09/2025,-16.4739111,-71.4778616,V-140925083638-25058-1,,,V-140925114558-25058-54,Peru Rabies Control,Arequipa,Characato (MR_21),vac03ch,VANCAN formulario 2025 General,Dog,,No,9.64,perro,primovac,1_mayor
Sep,14/09/2025,11:41 AM,14/09/2025,-16.4740459,-71.4776981,V-140925083638-25058-1,,,V-140925114155-25058-53,Peru Rabies Control,Arequipa,Characato (MR_21),vac03ch,VANCAN formulario 2025 General,Dog,,No,9.64,perro,revac,1_mayor
Sep,14/09/2025,11:41 AM,14/09/2025,-16.4740638,-71.4776567,V-140925083638-25058-1,,,V-140925114151-25058-52,Peru Rabies Control,Arequipa,Characato (MR_21),vac03ch,VANCAN formulario 2025 General,Dog,,No,9.64,perro,revac,1_mayor
Sep,14/09/2025,11:41 AM,14/09/2025,-16.4740754,-71.4776119,V-140925083638-25058-1,,,V-140925114146-25058-51,Peru Rabies Control,Arequipa,Characato (MR_21),vac03ch,VANCAN formulario 2025 General,Dog,,No,9.64,perro,revac,1_mayor
Sep,14/09/2025,11:41 AM,14/09/2025,-16.4740842,-71.4776257,V-140925083638-25058-1,,,V-140925114141-25058-50,Peru Rabies Control,Arequipa,Characato (MR_21),vac03ch,VANCAN formulario 2025 General,Dog,,No,9.64,perro,revac,1_mayor
Sep,14/09/2025,11:41 AM,14/09/2025,-16.4741712,-71.4775556,V-140925083638-25058-1,,,V-140925114133-25058-49,Peru Rabies Control,Arequipa,Characato (MR_21),vac03ch,VANCAN formulario 2025 General,Dog,,No,9.64,perro,revac,1_mayor
Sep,14/09/2025,11:41 AM,14/09/2025,-16.4742681,-71.4774997,V-140925083638-25058-1,,,V-140925114120-25058-48,Peru Rabies Control,Arequipa,Characato (MR_21),vac03ch,VANCAN formulario 2025 General,Dog,,No,9.64,perro,revac,1_mayor
Sep,14/09/2025,11:31 AM,14/09/2025,-16.4737328,-71.4761058,V-140925083638-25058-1,,,V-140925113131-25058-47,Peru Rabies Control,Arequipa,Characato (MR_21),vac03ch,VANCAN formulario 2025 General,Dog,,No,9.64,perro,primovac,1_mayor
Sep,14/09/2025,11:17 AM,14/09/2025,-16.4750858,-71.4763652,V-140925083638-25058-1,,,V-140925111746-25058-46,Peru Rabies Control,Arequipa,Characato (MR_21),vac03ch,VANCAN formulario 2025 General,Dog,,No,9.64,perro,revac,1_mayor
Sep,14/09/2025,11:12 AM,14/09/2025,-16.4750506,-71.4764216,V-140925083638-25058-1,,,V-140925111209-25058-45,Peru Rabies Control,Arequipa,Characato (MR_21),vac03ch,VANCAN formulario 2025 General,Dog,,No,9.64,perro,primovac,1_mayor
Sep,14/09/2025,11:09 AM,14/09/2025,-16.4748773,-71.4767471,V-140925083638-25058-1,,,V-140925110957-25058-44,Peru Rabies Control,Arequipa,Characato (MR_21),vac03ch,VANCAN formulario 2025 General,Dog,,No,9.64,perro,primovac,menor_1
Sep,14/09/2025,11:09 AM,14/09/2025,-16.4748721,-71.4767408,V-140925083638-25058-1,,,V-140925110951-25058-43,Peru Rabies Control,Arequipa,Characato (MR_21),vac03ch,VANCAN formulario 2025 General,Dog,,No,9.64,perro,primovac,menor_1
Sep,14/09/2025,11:02 AM,14/09/2025,-16.4759102,-71.4757634,V-140925083638-25058-1,,,V-140925110257-25058-42,Peru Rabies Control,Arequipa,Characato (MR_21),vac03ch,VANCAN formulario 2025 General,Dog,,No,9.64,perro,revac,1_mayor
Sep,14/09/2025,10:56 AM,14/09/2025,-16.4760645,-71.475679,V-140925083638-25058-1,,,V-140925105628-25058-41,Peru Rabies Control,Arequipa,Characato (MR_21),vac03ch,VANCAN formulario 2025 General,Dog,,No,9.64,perro,revac,1_mayor
Sep,14/09/2025,10:56 AM,14/09/2025,-16.4760645,-71.475679,V-140925083638-25058-1,,,V-140925105622-25058-40,Peru Rabies Control,Arequipa,Characato (MR_21),vac03ch,VANCAN formulario 2025 General,Dog,,No,9.64,perro,revac,1_mayor
Sep,14/09/2025,10:51 AM,14/09/2025,-16.4762466,-71.4753771,V-140925083638-25058-1,,,V-140925105111-25058-39,Peru Rabies Control,Arequipa,Characato (MR_21),vac03ch,VANCAN formulario 2025 General,Dog,,No,9.64,perro,revac,1_mayor
Sep,14/09/2025,10:51 AM,14/09/2025,-16.4762567,-71.475364,V-140925083638-25058-1,,,V-140925105105-25058-38,Peru Rabies Control,Arequipa,Characato (MR_21),vac03ch,VANCAN formulario 2025 General,Dog,,No,9.64,perro,revac,1_mayor
Sep,14/09/2025,10:50 AM,14/09/2025,-16.4763563,-71.4752198,V-140925083638-25058-1,,,V-140925105056-25058-37,Peru Rabies Control,Arequipa,Characato (MR_21),vac03ch,VANCAN formulario 2025 General,Dog,,No,9.64,gato,,
Sep,14/09/2025,10:44 AM,14/09/2025,-16.4771556,-71.4745151,V-140925083638-25058-1,,,V-140925104414-25058-36,Peru Rabies Control,Arequipa,Characato (MR_21),vac03ch,VANCAN formulario 2025 General,Dog,,No,9.64,perro,revac,1_mayor
Sep,14/09/2025,10:44 AM,14/09/2025,-16.4771525,-71.4745165,V-140925083638-25058-1,,,V-140925104410-25058-35,Peru Rabies Control,Arequipa,Characato (MR_21),vac03ch,VANCAN formulario 2025 General,Dog,,No,9.64,perro,revac,1_mayor
Sep,14/09/2025,10:43 AM,14/09/2025,-16.4771525,-71.4745165,V-140925083638-25058-1,,,V-140925104359-25058-34,Peru Rabies Control,Arequipa,Characato (MR_21),vac03ch,VANCAN formulario 2025 General,Dog,,No,9.64,perro,revac,1_mayor
Sep,14/09/2025,10:25 AM,14/09/2025,-16.4780573,-71.4733624,V-140925083638-25058-1,,,V-140925102558-25058-33,Peru Rabies Control,Arequipa,Characato (MR_21),vac03ch,VANCAN formulario 2025 General,Dog,,No,9.64,perro,revac,1_mayor
Sep,14/09/2025,10:25 AM,14/09/2025,-16.4780508,-71.473366,V-140925083638-25058-1,,,V-140925102552-25058-32,Peru Rabies Control,Arequipa,Characato (MR_21),vac03ch,VANCAN formulario 2025 General,Dog,,No,9.64,perro,revac,1_mayor
Sep,14/09/2025,10:25 AM,14/09/2025,-16.4780443,-71.4733614,V-140925083638-25058-1,,,V-140925102547-25058-31,Peru Rabies Control,Arequipa,Characato (MR_21),vac03ch,VANCAN formulario 2025 General,Dog,,No,9.64,perro,revac,1_mayor
Sep,14/09/2025,10:25 AM,14/09/2025,-16.4780302,-71.4733605,V-140925083638-25058-1,,,V-140925102544-25058-30,Peru Rabies Control,Arequipa,Characato (MR_21),vac03ch,VANCAN formulario 2025 General,Dog,,No,9.64,perro,revac,1_mayor
Sep,14/09/2025,10:25 AM,14/09/2025,-16.4780229,-71.4733794,V-140925083638-25058-1,,,V-140925102538-25058-29,Peru Rabies Control,Arequipa,Characato (MR_21),vac03ch,VANCAN formulario 2025 General,Dog,,No,9.64,perro,revac,1_mayor
Sep,14/09/2025,10:25 AM,14/09/2025,-16.4780802,-71.4733309,V-140925083638-25058-1,,,V-140925102502-25058-28,Peru Rabies Control,Arequipa,Characato (MR_21),vac03ch,VANCAN formulario 2025 General,Dog,,No,9.64,perro,revac,1_mayor
Sep,14/09/2025,10:24 AM,14/09/2025,-16.4780808,-71.4733229,V-140925083638-25058-1,,,V-140925102457-25058-27,Peru Rabies Control,Arequipa,Characato (MR_21),vac03ch,VANCAN formulario 2025 General,Dog,,No,9.64,perro,revac,1_mayor
Sep,14/09/2025,10:24 AM,14/09/2025,-16.4780823,-71.4733068,V-140925083638-25058-1,,,V-140925102437-25058-26,Peru Rabies Control,Arequipa,Characato (MR_21),vac03ch,VANCAN formulario 2025 General,Dog,,No,9.64,perro,revac,1_mayor
Sep,14/09/2025,09:39 AM,14/09/2025,-16.4787491,-71.4726592,V-140925083638-25058-1,,,V-140925093905-25058-25,Peru Rabies Control,Arequipa,Characato (MR_21),vac03ch,VANCAN formulario 2025 General,Dog,,No,9.64,perro,revac,1_mayor
Sep,14/09/2025,09:38 AM,14/09/2025,-16.4787537,-71.4726574,V-140925083638-25058-1,,,V-140925093859-25058-24,Peru Rabies Control,Arequipa,Characato (MR_21),vac03ch,VANCAN formulario 2025 General,Dog,,No,9.64,perro,primovac,1_mayor
Sep,14/09/2025,09:38 AM,14/09/2025,-16.4787573,-71.4726547,V-140925083638-25058-1,,,V-140925093845-25058-23,Peru Rabies Control,Arequipa,Characato (MR_21),vac03ch,VANCAN formulario 2025 General,Dog,,No,9.64,perro,primovac,1_mayor
Sep,14/09/2025,09:38 AM,14/09/2025,-16.4787575,-71.4726545,V-140925083638-25058-1,,,V-140925093839-25058-22,Peru Rabies Control,Arequipa,Characato (MR_21),vac03ch,VANCAN formulario 2025 General,Dog,,No,9.64,perro,primovac,1_mayor
Sep,14/09/2025,09:38 AM,14/09/2025,-16.4787591,-71.4726525,V-140925083638-25058-1,,,V-140925093824-25058-21,Peru Rabies Control,Arequipa,Characato (MR_21),vac03ch,VANCAN formulario 2025 General,Dog,,No,9.64,perro,revac,1_mayor
Sep,14/09/2025,09:38 AM,14/09/2025,-16.4787591,-71.4726525,V-140925083638-25058-1,,,V-140925093821-25058-20,Peru Rabies Control,Arequipa,Characato (MR_21),vac03ch,VANCAN formulario 2025 General,Dog,,No,9.64,gato,,
Sep,14/09/2025,09:38 AM,14/09/2025,-16.4787601,-71.4726511,V-140925083638-25058-1,,,V-140925093817-25058-19,Peru Rabies Control,Arequipa,Characato (MR_21),vac03ch,VANCAN formulario 2025 General,Dog,,No,9.64,gato,,
Sep,14/09/2025,09:38 AM,14/09/2025,-16.4787601,-71.4726511,V-140925083638-25058-1,,,V-140925093810-25058-18,Peru Rabies Control,Arequipa,Characato (MR_21),vac03ch,VANCAN formulario 2025 General,Dog,,No,9.64,perro,revac,1_mayor
Sep,14/09/2025,09:38 AM,14/09/2025,-16.4787665,-71.4726419,V-140925083638-25058-1,,,V-140925093804-25058-17,Peru Rabies Control,Arequipa,Characato (MR_21),vac03ch,VANCAN formulario 2025 General,Dog,,No,9.64,perro,revac,1_mayor
Sep,14/09/2025,09:38 AM,14/09/2025,-16.4787663,-71.4726422,V-140925083638-25058-1,,,V-140925093800-25058-16,Peru Rabies Control,Arequipa,Characato (MR_21),vac03ch,VANCAN formulario 2025 General,Dog,,No,9.64,perro,revac,1_mayor
Sep,14/09/2025,09:37 AM,14/09/2025,-16.4787687,-71.4726356,V-140925083638-25058-1,,,V-140925093755-25058-15,Peru Rabies Control,Arequipa,Characato (MR_21),vac03ch,VANCAN formulario 2025 General,Dog,,No,9.64,perro,revac,1_mayor
Sep,14/09/2025,09:37 AM,14/09/2025,-16.4787694,-71.4726367,V-140925083638-25058-1,,,V-140925093750-25058-14,Peru Rabies Control,Arequipa,Characato (MR_21),vac03ch,VANCAN formulario 2025 General,Dog,,No,9.64,perro,revac,1_mayor
Sep,14/09/2025,09:17 AM,14/09/2025,-16.4787494,-71.4727245,V-140925083638-25058-1,,,V-140925091717-25058-13,Peru Rabies Control,Arequipa,Characato (MR_21),vac03ch,VANCAN formulario 2025 General,Dog,,No,9.64,perro,revac,1_mayor
Sep,14/09/2025,09:17 AM,14/09/2025,-16.4786859,-71.4728832,V-140925083638-25058-1,,,V-140925091712-25058-12,Peru Rabies Control,Arequipa,Characato (MR_21),vac03ch,VANCAN formulario 2025 General,Dog,,No,9.64,perro,revac,1_mayor
Sep,14/09/2025,09:17 AM,14/09/2025,-16.4787628,-71.4727363,V-140925083638-25058-1,,,V-140925091707-25058-11,Peru Rabies Control,Arequipa,Characato (MR_21),vac03ch,VANCAN formulario 2025 General,Dog,,No,9.64,perro,revac,1_mayor
Sep,14/09/2025,09:16 AM,14/09/2025,-16.4787629,-71.472736,V-140925083638-25058-1,,,V-140925091657-25058-10,Peru Rabies Control,Arequipa,Characato (MR_21),vac03ch,VANCAN formulario 2025 General,Dog,,No,9.64,perro,primovac,1_mayor
Sep,14/09/2025,09:07 AM,14/09/2025,-16.4790703,-71.4721665,V-140925083638-25058-1,,,V-140925090742-25058-9,Peru Rabies Control,Arequipa,Characato (MR_21),vac03ch,VANCAN formulario 2025 General,Dog,,No,9.64,perro,revac,1_mayor
Sep,14/09/2025,09:01 AM,14/09/2025,-16.4798426,-71.4716869,V-140925083638-25058-1,,,V-140925090130-25058-8,Peru Rabies Control,Arequipa,Characato (MR_21),vac03ch,VANCAN formulario 2025 General,Dog,,No,9.64,perro,revac,1_mayor
Sep,14/09/2025,09:00 AM,14/09/2025,-16.4798372,-71.471648,V-140925083638-25058-1,,,V-140925090056-25058-7,Peru Rabies Control,Arequipa,Characato (MR_21),vac03ch,VANCAN formulario 2025 General,Dog,,No,9.64,perro,revac,1_mayor
Sep,14/09/2025,09:00 AM,14/09/2025,-16.4798411,-71.4716602,V-140925083638-25058-1,,,V-140925090050-25058-6,Peru Rabies Control,Arequipa,Characato (MR_21),vac03ch,VANCAN formulario 2025 General,Dog,,No,9.64,perro,revac,1_mayor
Sep,14/09/2025,08:54 AM,14/09/2025,-16.4804935,-71.471243,V-140925083638-25058-1,,,V-140925085415-25058-5,Peru Rabies Control,Arequipa,Characato (MR_21),vac03ch,VANCAN formulario 2025 General,Dog,,No,9.64,perro,revac,1_mayor
Sep,14/09/2025,08:54 AM,14/09/2025,-16.4804935,-71.471243,V-140925083638-25058-1,,,V-140925085410-25058-4,Peru Rabies Control,Arequipa,Characato (MR_21),vac03ch,VANCAN formulario 2025 General,Dog,,No,9.64,perro,revac,1_mayor
Sep,14/09/2025,08:50 AM,14/09/2025,-16.4805148,-71.471246,V-140925083638-25058-1,,,V-140925085036-25058-3,Peru Rabies Control,Arequipa,Characato (MR_21),vac03ch,VANCAN formulario 2025 General,Dog,,No,9.64,perro,revac,1_mayor
Sep,14/09/2025,08:50 AM,14/09/2025,-16.480523,-71.4711649,V-140925083638-25058-1,,,V-140925085031-25058-2,Peru Rabies Control,Arequipa,Characato (MR_21),vac03ch,VANCAN formulario 2025 General,Dog,,No,9.64,perro,revac,1_mayor
Sep,14/09/2025,08:37 AM,14/09/2025,-16.4805242,-71.471255,V-140925083638-25058-1,,,V-140925083705-25058-1,Peru Rabies Control,Arequipa,Characato (MR_21),vac03ch,VANCAN formulario 2025 General,Dog,,No,9.64,perro,revac,1_mayor
Sep,14/09/2025,12:25 PM,14/09/2025,-16.4685518,-71.4845421,V-140925073031-25056-1,,,V-140925122511-25056-100,Peru Rabies Control,Arequipa,Characato (MR_21),vac01ch,VANCAN formulario 2025 General,Dog,,No,8.1,perro,revac,1_mayor
Sep,14/09/2025,12:16 PM,14/09/2025,-16.468535,-71.484485,V-140925073031-25056-1,,,V-140925121628-25056-99,Peru Rabies Control,Arequipa,Characato (MR_21),vac01ch,VANCAN formulario 2025 General,Dog,,No,8.1,perro,revac,1_mayor
Sep,14/09/2025,12:14 PM,14/09/2025,-16.4685527,-71.4844172,V-140925073031-25056-1,,,V-140925121416-25056-98,Peru Rabies Control,Arequipa,Characato (MR_21),vac01ch,VANCAN formulario 2025 General,Dog,,No,8.1,perro,revac,1_mayor
Sep,14/09/2025,12:14 PM,14/09/2025,-16.4685464,-71.4844189,V-140925073031-25056-1,,,V-140925121410-25056-97,Peru Rabies Control,Arequipa,Characato (MR_21),vac01ch,VANCAN formulario 2025 General,Dog,,No,8.1,perro,revac,1_mayor
Sep,14/09/2025,12:13 PM,14/09/2025,-16.4683636,-71.4845545,V-140925073031-25056-1,,,V-140925121358-25056-96,Peru Rabies Control,Arequipa,Characato (MR_21),vac01ch,VANCAN formulario 2025 General,Dog,,No,8.1,perro,revac,1_mayor
Sep,14/09/2025,11:52 AM,14/09/2025,-16.468545,-71.484455,V-140925073031-25056-1,,,V-140925115226-25056-95,Peru Rabies Control,Arequipa,Characato (MR_21),vac01ch,VANCAN formulario 2025 General,Dog,,No,8.1,perro,revac,1_mayor
Sep,14/09/2025,11:52 AM,14/09/2025,-16.46851,-71.4843987,V-140925073031-25056-1,,,V-140925115220-25056-94,Peru Rabies Control,Arequipa,Characato (MR_21),vac01ch,VANCAN formulario 2025 General,Dog,,No,8.1,perro,revac,1_mayor
Sep,14/09/2025,11:52 AM,14/09/2025,-16.4685232,-71.4844245,V-140925073031-25056-1,,,V-140925115203-25056-93,Peru Rabies Control,Arequipa,Characato (MR_21),vac01ch,VANCAN formulario 2025 General,Dog,,No,8.1,perro,revac,1_mayor
Sep,14/09/2025,11:51 AM,14/09/2025,-16.4685467,-71.48447,V-140925073031-25056-1,,,V-140925115151-25056-92,Peru Rabies Control,Arequipa,Characato (MR_21),vac01ch,VANCAN formulario 2025 General,Dog,,No,8.1,perro,revac,1_mayor
Sep,14/09/2025,11:39 AM,14/09/2025,-16.4685284,-71.4844682,V-140925073031-25056-1,,,V-140925113944-25056-91,Peru Rabies Control,Arequipa,Characato (MR_21),vac01ch,VANCAN formulario 2025 General,Dog,,No,8.1,perro,revac,1_mayor
Sep,14/09/2025,11:29 AM,14/09/2025,-16.4685098,-71.4844462,V-140925073031-25056-1,,,V-140925112940-25056-90,Peru Rabies Control,Arequipa,Characato (MR_21),vac01ch,VANCAN formulario 2025 General,Dog,,No,8.1,perro,revac,1_mayor
Sep,14/09/2025,11:29 AM,14/09/2025,-16.4684974,-71.4844385,V-140925073031-25056-1,,,V-140925112933-25056-89,Peru Rabies Control,Arequipa,Characato (MR_21),vac01ch,VANCAN formulario 2025 General,Dog,,No,8.1,perro,revac,1_mayor
Sep,14/09/2025,11:29 AM,14/09/2025,-16.46848,-71.48444,V-140925073031-25056-1,,,V-140925112928-25056-88,Peru Rabies Control,Arequipa,Characato (MR_21),vac01ch,VANCAN formulario 2025 General,Dog,,No,8.1,perro,revac,1_mayor
Sep,14/09/2025,11:29 AM,14/09/2025,-16.4684816,-71.4844415,V-140925073031-25056-1,,,V-140925112923-25056-87,Peru Rabies Control,Arequipa,Characato (MR_21),vac01ch,VANCAN formulario 2025 General,Dog,,No,8.1,perro,revac,1_mayor
Sep,14/09/2025,11:29 AM,14/09/2025,-16.4684818,-71.4844383,V-140925073031-25056-1,,,V-140925112916-25056-86,Peru Rabies Control,Arequipa,Characato (MR_21),vac01ch,VANCAN formulario 2025 General,Dog,,No,8.1,perro,revac,1_mayor
Sep,14/09/2025,11:29 AM,14/09/2025,-16.4685212,-71.4844543,V-140925073031-25056-1,,,V-140925112902-25056-85,Peru Rabies Control,Arequipa,Characato (MR_21),vac01ch,VANCAN formulario 2025 General,Dog,,No,8.1,perro,revac,1_mayor
Sep,14/09/2025,11:28 AM,14/09/2025,-16.468525,-71.484438,V-140925073031-25056-1,,,V-140925112853-25056-84,Peru Rabies Control,Arequipa,Characato (MR_21),vac01ch,VANCAN formulario 2025 General,Dog,,No,8.1,perro,primovac,1_mayor
Sep,14/09/2025,11:28 AM,14/09/2025,-16.4684504,-71.4842029,V-140925073031-25056-1,,,V-140925112847-25056-83,Peru Rabies Control,Arequipa,Characato (MR_21),vac01ch,VANCAN formulario 2025 General,Dog,,No,8.1,perro,primovac,1_mayor
Sep,14/09/2025,11:28 AM,14/09/2025,-16.46853,-71.4844117,V-140925073031-25056-1,,,V-140925112841-25056-82,Peru Rabies Control,Arequipa,Characato (MR_21),vac01ch,VANCAN formulario 2025 General,Dog,,No,8.1,perro,primovac,1_mayor
Sep,14/09/2025,11:27 AM,14/09/2025,-16.4683586,-71.4842094,V-140925073031-25056-1,,,V-140925112712-25056-81,Peru Rabies Control,Arequipa,Characato (MR_21),vac01ch,VANCAN formulario 2025 General,Dog,,No,8.1,perro,revac,1_mayor
Sep,14/09/2025,11:27 AM,14/09/2025,-16.4684439,-71.4843888,V-140925073031-25056-1,,,V-140925112706-25056-80,Peru Rabies Control,Arequipa,Characato (MR_21),vac01ch,VANCAN formulario 2025 General,Dog,,No,8.1,perro,revac,1_mayor
Sep,14/09/2025,11:27 AM,14/09/2025,-16.4684548,-71.4843993,V-140925073031-25056-1,,,V-140925112701-25056-79,Peru Rabies Control,Arequipa,Characato (MR_21),vac01ch,VANCAN formulario 2025 General,Dog,,No,8.1,perro,revac,1_mayor
Sep,14/09/2025,11:26 AM,14/09/2025,-16.4685417,-71.4844551,V-140925073031-25056-1,,,V-140925112653-25056-78,Peru Rabies Control,Arequipa,Characato (MR_21),vac01ch,VANCAN formulario 2025 General,Dog,,No,8.1,perro,revac,1_mayor
Sep,14/09/2025,11:26 AM,14/09/2025,-16.4685418,-71.4844591,V-140925073031-25056-1,,,V-140925112648-25056-77,Peru Rabies Control,Arequipa,Characato (MR_21),vac01ch,VANCAN formulario 2025 General,Dog,,No,8.1,perro,revac,1_mayor
Sep,14/09/2025,11:26 AM,14/09/2025,-16.4685067,-71.4844382,V-140925073031-25056-1,,,V-140925112644-25056-76,Peru Rabies Control,Arequipa,Characato (MR_21),vac01ch,VANCAN formulario 2025 General,Dog,,No,8.1,perro,revac,1_mayor
Sep,14/09/2025,11:26 AM,14/09/2025,-16.4685084,-71.4844313,V-140925073031-25056-1,,,V-140925112639-25056-75,Peru Rabies Control,Arequipa,Characato (MR_21),vac01ch,VANCAN formulario 2025 General,Dog,,No,8.1,perro,revac,1_mayor
Sep,14/09/2025,11:26 AM,14/09/2025,-16.46851,-71.4844217,V-140925073031-25056-1,,,V-140925112632-25056-74,Peru Rabies Control,Arequipa,Characato (MR_21),vac01ch,VANCAN formulario 2025 General,Dog,,No,8.1,perro,revac,1_mayor
Sep,14/09/2025,11:15 AM,14/09/2025,-16.468515,-71.4844433,V-140925073031-25056-1,,,V-140925111535-25056-73,Peru Rabies Control,Arequipa,Characato (MR_21),vac01ch,VANCAN formulario 2025 General,Dog,,No,8.1,perro,revac,1_mayor
Sep,14/09/2025,11:14 AM,14/09/2025,-16.46853,-71.4844633,V-140925073031-25056-1,,,V-140925111442-25056-72,Peru Rabies Control,Arequipa,Characato (MR_21),vac01ch,VANCAN formulario 2025 General,Dog,,No,8.1,perro,revac,1_mayor
Sep,14/09/2025,11:02 AM,14/09/2025,-16.4685383,-71.48446,V-140925073031-25056-1,,,V-140925110235-25056-71,Peru Rabies Control,Arequipa,Characato (MR_21),vac01ch,VANCAN formulario 2025 General,Dog,,No,8.1,perro,revac,1_mayor
Sep,14/09/2025,11:02 AM,14/09/2025,-16.4685456,-71.4844439,V-140925073031-25056-1,,,V-140925110229-25056-70,Peru Rabies Control,Arequipa,Characato (MR_21),vac01ch,VANCAN formulario 2025 General,Dog,,No,8.1,perro,revac,1_mayor
Sep,14/09/2025,11:02 AM,14/09/2025,-16.4684583,-71.48437,V-140925073031-25056-1,,,V-140925110221-25056-69,Peru Rabies Control,Arequipa,Characato (MR_21),vac01ch,VANCAN formulario 2025 General,Dog,,No,8.1,perro,revac,1_mayor
Sep,14/09/2025,11:02 AM,14/09/2025,-16.4685367,-71.4844584,V-140925073031-25056-1,,,V-140925110216-25056-68,Peru Rabies Control,Arequipa,Characato (MR_21),vac01ch,VANCAN formulario 2025 General,Dog,,No,8.1,perro,revac,1_mayor
Sep,14/09/2025,11:02 AM,14/09/2025,-16.4685364,-71.4844619,V-140925073031-25056-1,,,V-140925110211-25056-67,Peru Rabies Control,Arequipa,Characato (MR_21),vac01ch,VANCAN formulario 2025 General,Dog,,No,8.1,perro,revac,1_mayor
Sep,14/09/2025,11:02 AM,14/09/2025,-16.4685433,-71.484455,V-140925073031-25056-1,,,V-140925110204-25056-66,Peru Rabies Control,Arequipa,Characato (MR_21),vac01ch,VANCAN formulario 2025 General,Dog,,No,8.1,perro,revac,1_mayor
Sep,14/09/2025,10:46 AM,14/09/2025,-16.4685518,-71.48447,V-140925073031-25056-1,,,V-140925104609-25056-65,Peru Rabies Control,Arequipa,Characato (MR_21),vac01ch,VANCAN formulario 2025 General,Dog,,No,8.1,perro,revac,1_mayor
Sep,14/09/2025,10:46 AM,14/09/2025,-16.4685544,-71.4844683,V-140925073031-25056-1,,,V-140925104603-25056-64,Peru Rabies Control,Arequipa,Characato (MR_21),vac01ch,VANCAN formulario 2025 General,Dog,,No,8.1,perro,revac,1_mayor
Sep,14/09/2025,10:45 AM,14/09/2025,-16.468405,-71.4842612,V-140925073031-25056-1,,,V-140925104558-25056-63,Peru Rabies Control,Arequipa,Characato (MR_21),vac01ch,VANCAN formulario 2025 General,Dog,,No,8.1,perro,primovac,1_mayor
Sep,14/09/2025,10:45 AM,14/09/2025,-16.4685499,-71.4844651,V-140925073031-25056-1,,,V-140925104552-25056-62,Peru Rabies Control,Arequipa,Characato (MR_21),vac01ch,VANCAN formulario 2025 General,Dog,,No,8.1,perro,revac,1_mayor
Sep,14/09/2025,10:45 AM,14/09/2025,-16.4685466,-71.4844735,V-140925073031-25056-1,,,V-140925104548-25056-61,Peru Rabies Control,Arequipa,Characato (MR_21),vac01ch,VANCAN formulario 2025 General,Dog,,No,8.1,perro,revac,1_mayor
Sep,14/09/2025,10:45 AM,14/09/2025,-16.4685509,-71.4844777,V-140925073031-25056-1,,,V-140925104532-25056-60,Peru Rabies Control,Arequipa,Characato (MR_21),vac01ch,VANCAN formulario 2025 General,Dog,,No,8.1,perro,primovac,menor_1
Sep,14/09/2025,10:44 AM,14/09/2025,-16.4684559,-71.4841512,V-140925073031-25056-1,,,V-140925104413-25056-59,Peru Rabies Control,Arequipa,Characato (MR_21),vac01ch,VANCAN formulario 2025 General,Dog,,No,8.1,perro,revac,1_mayor
Sep,14/09/2025,10:43 AM,14/09/2025,-16.4685688,-71.4845203,V-140925073031-25056-1,,,V-140925104331-25056-58,Peru Rabies Control,Arequipa,Characato (MR_21),vac01ch,VANCAN formulario 2025 General,Dog,,No,8.1,perro,revac,1_mayor
Sep,14/09/2025,10:43 AM,14/09/2025,-16.4685809,-71.4845264,V-140925073031-25056-1,,,V-140925104324-25056-57,Peru Rabies Control,Arequipa,Characato (MR_21),vac01ch,VANCAN formulario 2025 General,Dog,,No,8.1,perro,revac,1_mayor
Sep,14/09/2025,10:43 AM,14/09/2025,-16.4685728,-71.4845172,V-140925073031-25056-1,,,V-140925104316-25056-56,Peru Rabies Control,Arequipa,Characato (MR_21),vac01ch,VANCAN formulario 2025 General,Dog,,No,8.1,perro,revac,1_mayor
Sep,14/09/2025,10:43 AM,14/09/2025,-16.4685319,-71.4844983,V-140925073031-25056-1,,,V-140925104307-25056-55,Peru Rabies Control,Arequipa,Characato (MR_21),vac01ch,VANCAN formulario 2025 General,Dog,,No,8.1,perro,primovac,1_mayor
Sep,14/09/2025,10:42 AM,14/09/2025,-16.4685384,-71.4845027,V-140925073031-25056-1,,,V-140925104259-25056-54,Peru Rabies Control,Arequipa,Characato (MR_21),vac01ch,VANCAN formulario 2025 General,Dog,,No,8.1,perro,revac,1_mayor
Sep,14/09/2025,10:42 AM,14/09/2025,-16.4685295,-71.4845037,V-140925073031-25056-1,,,V-140925104254-25056-53,Peru Rabies Control,Arequipa,Characato (MR_21),vac01ch,VANCAN formulario 2025 General,Dog,,No,8.1,perro,revac,1_mayor
Sep,14/09/2025,10:42 AM,14/09/2025,-16.468552,-71.4844751,V-140925073031-25056-1,,,V-140925104236-25056-52,Peru Rabies Control,Arequipa,Characato (MR_21),vac01ch,VANCAN formulario 2025 General,Dog,,No,8.1,perro,revac,1_mayor
Sep,14/09/2025,10:21 AM,14/09/2025,-16.4685187,-71.4844838,V-140925073031-25056-1,,,V-140925102111-25056-51,Peru Rabies Control,Arequipa,Characato (MR_21),vac01ch,VANCAN formulario 2025 General,Dog,,No,18.132,perro,revac,1_mayor
Sep,14/09/2025,10:21 AM,14/09/2025,-16.4685253,-71.4844948,V-140925073031-25056-1,,,V-140925102106-25056-50,Peru Rabies Control,Arequipa,Characato (MR_21),vac01ch,VANCAN formulario 2025 General,Dog,,No,18.132,perro,revac,1_mayor
Sep,14/09/2025,10:21 AM,14/09/2025,-16.4685361,-71.4845214,V-140925073031-25056-1,,,V-140925102102-25056-49,Peru Rabies Control,Arequipa,Characato (MR_21),vac01ch,VANCAN formulario 2025 General,Dog,,No,18.132,perro,revac,1_mayor
Sep,14/09/2025,10:20 AM,14/09/2025,-16.468476,-71.4843277,V-140925073031-25056-1,,,V-140925102057-25056-48,Peru Rabies Control,Arequipa,Characato (MR_21),vac01ch,VANCAN formulario 2025 General,Dog,,No,18.132,gato,,
Sep,14/09/2025,10:20 AM,14/09/2025,-16.4684798,-71.4844165,V-140925073031-25056-1,,,V-140925102040-25056-47,Peru Rabies Control,Arequipa,Characato (MR_21),vac01ch,VANCAN formulario 2025 General,Dog,,No,18.132,perro,revac,1_mayor
Sep,14/09/2025,10:20 AM,14/09/2025,-16.4685421,-71.484471,V-140925073031-25056-1,,,V-140925102035-25056-46,Peru Rabies Control,Arequipa,Characato (MR_21),vac01ch,VANCAN formulario 2025 General,Dog,,No,18.132,perro,revac,1_mayor
Sep,14/09/2025,10:20 AM,14/09/2025,-16.4685648,-71.4843675,V-140925073031-25056-1,,,V-140925102028-25056-45,Peru Rabies Control,Arequipa,Characato (MR_21),vac01ch,VANCAN formulario 2025 General,Dog,,No,18.132,perro,revac,1_mayor
Sep,14/09/2025,10:20 AM,14/09/2025,-16.4685593,-71.4844851,V-140925073031-25056-1,,,V-140925102022-25056-44,Peru Rabies Control,Arequipa,Characato (MR_21),vac01ch,VANCAN formulario 2025 General,Dog,,No,18.132,perro,revac,1_mayor
Sep,14/09/2025,10:13 AM,14/09/2025,-16.4685767,-71.4845037,V-140925073031-25056-1,,,V-140925101341-25056-43,Peru Rabies Control,Arequipa,Characato (MR_21),vac01ch,VANCAN formulario 2025 General,Dog,,No,18.132,perro,revac,1_mayor
Sep,14/09/2025,10:13 AM,14/09/2025,-16.4685703,-71.4842397,V-140925073031-25056-1,,,V-140925101336-25056-42,Peru Rabies Control,Arequipa,Characato (MR_21),vac01ch,VANCAN formulario 2025 General,Dog,,No,18.132,perro,revac,1_mayor
Sep,14/09/2025,10:07 AM,14/09/2025,-16.46857,-71.4844921,V-140925073031-25056-1,,,V-140925100723-25056-41,Peru Rabies Control,Arequipa,Characato (MR_21),vac01ch,VANCAN formulario 2025 General,Dog,,No,18.132,perro,revac,1_mayor
Sep,14/09/2025,10:07 AM,14/09/2025,-16.4685383,-71.4845,V-140925073031-25056-1,,,V-140925100718-25056-40,Peru Rabies Control,Arequipa,Characato (MR_21),vac01ch,VANCAN formulario 2025 General,Dog,,No,18.132,perro,revac,1_mayor
Sep,14/09/2025,10:01 AM,14/09/2025,-16.468545,-71.4843983,V-140925073031-25056-1,,,V-140925100146-25056-39,Peru Rabies Control,Arequipa,Characato (MR_21),vac01ch,VANCAN formulario 2025 General,Dog,,No,18.132,perro,revac,1_mayor
Sep,14/09/2025,10:00 AM,14/09/2025,-16.4684554,-71.4841502,V-140925073031-25056-1,,,V-140925100011-25056-38,Peru Rabies Control,Arequipa,Characato (MR_21),vac01ch,VANCAN formulario 2025 General,Dog,,No,18.132,perro,revac,1_mayor
Sep,14/09/2025,09:52 AM,14/09/2025,-16.4685754,-71.4844375,V-140925073031-25056-1,,,V-140925095230-25056-37,Peru Rabies Control,Arequipa,Characato (MR_21),vac01ch,VANCAN formulario 2025 General,Dog,,No,18.132,perro,revac,1_mayor
Sep,14/09/2025,09:52 AM,14/09/2025,-16.468585,-71.4844567,V-140925073031-25056-1,,,V-140925095223-25056-36,Peru Rabies Control,Arequipa,Characato (MR_21),vac01ch,VANCAN formulario 2025 General,Dog,,No,18.132,perro,revac,1_mayor
Sep,14/09/2025,09:50 AM,14/09/2025,-16.4685565,-71.4843891,V-140925073031-25056-1,,,V-140925095040-25056-35,Peru Rabies Control,Arequipa,Characato (MR_21),vac01ch,VANCAN formulario 2025 General,Dog,,No,18.132,perro,revac,1_mayor
Sep,14/09/2025,09:50 AM,14/09/2025,-16.4685421,-71.48441,V-140925073031-25056-1,,,V-140925095018-25056-34,Peru Rabies Control,Arequipa,Characato (MR_21),vac01ch,VANCAN formulario 2025 General,Dog,,No,18.132,perro,revac,1_mayor
Sep,14/09/2025,09:50 AM,14/09/2025,-16.4685438,-71.4844251,V-140925073031-25056-1,,,V-140925095012-25056-33,Peru Rabies Control,Arequipa,Characato (MR_21),vac01ch,VANCAN formulario 2025 General,Dog,,No,18.132,perro,revac,1_mayor
Sep,14/09/2025,09:50 AM,14/09/2025,-16.4685483,-71.48449,V-140925073031-25056-1,,,V-140925095007-25056-32,Peru Rabies Control,Arequipa,Characato (MR_21),vac01ch,VANCAN formulario 2025 General,Dog,,No,18.132,perro,revac,1_mayor
Sep,14/09/2025,09:43 AM,14/09/2025,-16.4683705,-71.4842247,V-140925073031-25056-1,,,V-140925094305-25056-31,Peru Rabies Control,Arequipa,Characato (MR_21),vac01ch,VANCAN formulario 2025 General,Dog,,No,18.132,perro,revac,1_mayor
Sep,14/09/2025,09:35 AM,14/09/2025,-16.4685463,-71.4844424,V-140925073031-25056-1,,,V-140925093540-25056-30,Peru Rabies Control,Arequipa,Characato (MR_21),vac01ch,VANCAN formulario 2025 General,Dog,,No,18.132,perro,revac,1_mayor
Sep,14/09/2025,09:35 AM,14/09/2025,-16.4685733,-71.4844583,V-140925073031-25056-1,,,V-140925093535-25056-29,Peru Rabies Control,Arequipa,Characato (MR_21),vac01ch,VANCAN formulario 2025 General,Dog,,No,18.132,perro,revac,1_mayor
Sep,14/09/2025,09:31 AM,14/09/2025,-16.4685419,-71.4844672,V-140925073031-25056-1,,,V-140925093138-25056-28,Peru Rabies Control,Arequipa,Characato (MR_21),vac01ch,VANCAN formulario 2025 General,Dog,,No,18.132,perro,revac,1_mayor
Sep,14/09/2025,09:31 AM,14/09/2025,-16.4685267,-71.4844367,V-140925073031-25056-1,,,V-140925093134-25056-27,Peru Rabies Control,Arequipa,Characato (MR_21),vac01ch,VANCAN formulario 2025 General,Dog,,No,18.132,perro,revac,1_mayor
Sep,14/09/2025,09:30 AM,14/09/2025,-16.4685422,-71.4844466,V-140925073031-25056-1,,,V-140925093026-25056-26,Peru Rabies Control,Arequipa,Characato (MR_21),vac01ch,VANCAN formulario 2025 General,Dog,,No,18.132,perro,primovac,menor_1
Sep,14/09/2025,09:30 AM,14/09/2025,-16.4685533,-71.4844433,V-140925073031-25056-1,,,V-140925093013-25056-25,Peru Rabies Control,Arequipa,Characato (MR_21),vac01ch,VANCAN formulario 2025 General,Dog,,No,18.132,perro,primovac,menor_1
Sep,14/09/2025,09:22 AM,14/09/2025,-16.4685504,-71.4844813,V-140925073031-25056-1,,,V-140925092226-25056-24,Peru Rabies Control,Arequipa,Characato (MR_21),vac01ch,VANCAN formulario 2025 General,Dog,,No,18.132,perro,revac,1_mayor
Sep,14/09/2025,09:18 AM,14/09/2025,-16.4685439,-71.4844293,V-140925073031-25056-1,,,V-140925091833-25056-23,Peru Rabies Control,Arequipa,Characato (MR_21),vac01ch,VANCAN formulario 2025 General,Dog,,No,18.132,perro,revac,1_mayor
Sep,14/09/2025,09:18 AM,14/09/2025,-16.468565,-71.4844683,V-140925073031-25056-1,,,V-140925091828-25056-22,Peru Rabies Control,Arequipa,Characato (MR_21),vac01ch,VANCAN formulario 2025 General,Dog,,No,18.132,perro,revac,1_mayor
Sep,14/09/2025,09:13 AM,14/09/2025,-16.4685467,-71.4844483,V-140925073031-25056-1,,,V-140925091301-25056-21,Peru Rabies Control,Arequipa,Characato (MR_21),vac01ch,VANCAN formulario 2025 General,Dog,,No,18.132,perro,primovac,1_mayor
Sep,14/09/2025,09:09 AM,14/09/2025,-16.4685571,-71.4844931,V-140925073031-25056-1,,,V-140925090930-25056-20,Peru Rabies Control,Arequipa,Characato (MR_21),vac01ch,VANCAN formulario 2025 General,Dog,,No,18.132,perro,revac,1_mayor
Sep,14/09/2025,09:09 AM,14/09/2025,-16.4685883,-71.484495,V-140925073031-25056-1,,,V-140925090924-25056-19,Peru Rabies Control,Arequipa,Characato (MR_21),vac01ch,VANCAN formulario 2025 General,Dog,,No,18.132,perro,revac,1_mayor
Sep,14/09/2025,09:00 AM,14/09/2025,-16.4684444,-71.484383,V-140925073031-25056-1,,,V-140925090036-25056-18,Peru Rabies Control,Arequipa,Characato (MR_21),vac01ch,VANCAN formulario 2025 General,Dog,,No,18.132,perro,revac,1_mayor
Sep,14/09/2025,08:57 AM,14/09/2025,-16.46855,-71.4844867,V-140925073031-25056-1,,,V-140925085724-25056-17,Peru Rabies Control,Arequipa,Characato (MR_21),vac01ch,VANCAN formulario 2025 General,Dog,,No,15.04,perro,revac,1_mayor
Sep,14/09/2025,08:55 AM,14/09/2025,-16.4683772,-71.4840994,V-140925073031-25056-1,,,V-140925085535-25056-16,Peru Rabies Control,Arequipa,Characato (MR_21),vac01ch,VANCAN formulario 2025 General,Dog,,No,15.04,perro,revac,1_mayor
Sep,14/09/2025,08:51 AM,14/09/2025,-16.4685531,-71.4844377,V-140925073031-25056-1,,,V-140925085120-25056-15,Peru Rabies Control,Arequipa,Characato (MR_21),vac01ch,VANCAN formulario 2025 General,Dog,,No,15.04,perro,revac,1_mayor
Sep,14/09/2025,08:51 AM,14/09/2025,-16.4685483,-71.4844,V-140925073031-25056-1,,,V-140925085110-25056-14,Peru Rabies Control,Arequipa,Characato (MR_21),vac01ch,VANCAN formulario 2025 General,Dog,,No,15.04,perro,primovac,menor_1
Sep,14/09/2025,08:46 AM,14/09/2025,-16.4683673,-71.4841161,V-140925073031-25056-1,,,V-140925084657-25056-13,Peru Rabies Control,Arequipa,Characato (MR_21),vac01ch,VANCAN formulario 2025 General,Dog,,No,15.04,perro,revac,1_mayor
Sep,14/09/2025,08:30 AM,14/09/2025,-16.4685533,-71.48448,V-140925073031-25056-1,,,V-140925083033-25056-12,Peru Rabies Control,Arequipa,Characato (MR_21),vac01ch,VANCAN formulario 2025 General,Dog,,No,15.04,perro,primovac,1_mayor
Sep,14/09/2025,08:27 AM,14/09/2025,-16.4685532,-71.4845003,V-140925073031-25056-1,,,V-140925082748-25056-11,Peru Rabies Control,Arequipa,Characato (MR_21),vac01ch,VANCAN formulario 2025 General,Dog,,No,15.04,perro,revac,1_mayor
Sep,14/09/2025,08:27 AM,14/09/2025,-16.4685333,-71.4844467,V-140925073031-25056-1,,,V-140925082738-25056-10,Peru Rabies Control,Arequipa,Characato (MR_21),vac01ch,VANCAN formulario 2025 General,Dog,,No,15.04,perro,revac,1_mayor
Sep,14/09/2025,08:21 AM,14/09/2025,-16.468425,-71.4843067,V-140925073031-25056-1,,,V-140925082159-25056-9,Peru Rabies Control,Arequipa,Characato (MR_21),vac01ch,VANCAN formulario 2025 General,Dog,,No,15.04,perro,revac,1_mayor
Sep,14/09/2025,08:14 AM,14/09/2025,-16.4684691,-71.4841362,V-140925073031-25056-1,,,V-140925081446-25056-8,Peru Rabies Control,Arequipa,Characato (MR_21),vac01ch,VANCAN formulario 2025 General,Dog,,No,15.04,perro,primovac,menor_1
Sep,14/09/2025,08:14 AM,14/09/2025,-16.4684409,-71.4843688,V-140925073031-25056-1,,,V-140925081432-25056-7,Peru Rabies Control,Arequipa,Characato (MR_21),vac01ch,VANCAN formulario 2025 General,Dog,,No,15.04,perro,primovac,menor_1
Sep,14/09/2025,08:05 AM,14/09/2025,-16.468481,-71.4843152,V-140925073031-25056-1,,,V-140925080503-25056-6,Peru Rabies Control,Arequipa,Characato (MR_21),vac01ch,VANCAN formulario 2025 General,Dog,,No,31.077,perro,revac,1_mayor
Sep,14/09/2025,08:04 AM,14/09/2025,-16.4685182,-71.484338,V-140925073031-25056-1,,,V-140925080457-25056-5,Peru Rabies Control,Arequipa,Characato (MR_21),vac01ch,VANCAN formulario 2025 General,Dog,,No,31.077,perro,revac,1_mayor
Sep,14/09/2025,08:04 AM,14/09/2025,-16.4685041,-71.4842805,V-140925073031-25056-1,,,V-140925080449-25056-4,Peru Rabies Control,Arequipa,Characato (MR_21),vac01ch,VANCAN formulario 2025 General,Dog,,No,31.077,perro,revac,1_mayor
Sep,14/09/2025,07:53 AM,14/09/2025,-16.4684747,-71.484167,V-140925073031-25056-1,,,V-140925075313-25056-3,Peru Rabies Control,Arequipa,Characato (MR_21),vac01ch,VANCAN formulario 2025 General,Dog,,No,31.077,perro,revac,1_mayor
Sep,14/09/2025,07:53 AM,14/09/2025,-16.4684433,-71.4840117,V-140925073031-25056-1,,,V-140925075309-25056-2,Peru Rabies Control,Arequipa,Characato (MR_21),vac01ch,VANCAN formulario 2025 General,Dog,,No,31.077,perro,revac,1_mayor
Sep,14/09/2025,07:52 AM,14/09/2025,-16.4685194,-71.484256,V-140925073031-25056-1,,,V-140925075233-25056-1,Peru Rabies Control,Arequipa,Characato (MR_21),vac01ch,VANCAN formulario 2025 General,Dog,,No,31.077,perro,primovac,menor_1
Sep,14/09/2025,12:29 PM,14/09/2025,-16.4793067,-71.49906,V-140925090522-25070-1,,,V-140925122931-25070-43,Peru Rabies Control,Arequipa,Characato (MR_21),vac15ch,VANCAN formulario 2025 General,Dog,,No,8.191,perro,revac,1_mayor
Sep,14/09/2025,12:29 PM,14/09/2025,-16.4791659,-71.499166,V-140925090522-25070-1,,,V-140925122903-25070-42,Peru Rabies Control,Arequipa,Characato (MR_21),vac15ch,VANCAN formulario 2025 General,Dog,,No,8.191,perro,revac,1_mayor
Sep,14/09/2025,12:26 PM,14/09/2025,-16.4794067,-71.499255,V-140925090522-25070-1,,,V-140925122617-25070-41,Peru Rabies Control,Arequipa,Characato (MR_21),vac15ch,VANCAN formulario 2025 General,Dog,,No,8.191,perro,revac,1_mayor
Sep,14/09/2025,12:24 PM,14/09/2025,-16.4793497,-71.4992972,V-140925090522-25070-1,,,V-140925122441-25070-40,Peru Rabies Control,Arequipa,Characato (MR_21),vac15ch,VANCAN formulario 2025 General,Dog,,No,8.191,perro,primovac,1_mayor
Sep,14/09/2025,12:07 PM,14/09/2025,-16.4784676,-71.4966248,V-140925090522-25070-1,,,V-140925120754-25070-39,Peru Rabies Control,Arequipa,Characato (MR_21),vac15ch,VANCAN formulario 2025 General,Dog,,No,8.191,perro,revac,1_mayor
Sep,14/09/2025,11:54 AM,14/09/2025,-16.4785867,-71.4972583,V-140925090522-25070-1,,,V-140925115422-25070-38,Peru Rabies Control,Arequipa,Characato (MR_21),vac15ch,VANCAN formulario 2025 General,Dog,,No,8.191,perro,revac,1_mayor
Sep,14/09/2025,11:48 AM,14/09/2025,-16.4787267,-71.4973317,V-140925090522-25070-1,,,V-140925114801-25070-37,Peru Rabies Control,Arequipa,Characato (MR_21),vac15ch,VANCAN formulario 2025 General,Dog,,No,8.191,perro,revac,1_mayor
Sep,14/09/2025,11:40 AM,14/09/2025,-16.47948,-71.4972217,V-140925090522-25070-1,,,V-140925114006-25070-36,Peru Rabies Control,Arequipa,Characato (MR_21),vac15ch,VANCAN formulario 2025 General,Dog,,No,8.191,perro,revac,1_mayor
Sep,14/09/2025,11:40 AM,14/09/2025,-16.4794533,-71.4972117,V-140925090522-25070-1,,,V-140925114002-25070-35,Peru Rabies Control,Arequipa,Characato (MR_21),vac15ch,VANCAN formulario 2025 General,Dog,,No,8.191,perro,revac,1_mayor
Sep,14/09/2025,11:38 AM,14/09/2025,-16.47939,-71.4973267,V-140925090522-25070-1,,,V-140925113800-25070-34,Peru Rabies Control,Arequipa,Characato (MR_21),vac15ch,VANCAN formulario 2025 General,Dog,,No,8.191,perro,revac,1_mayor
Sep,14/09/2025,11:37 AM,14/09/2025,-16.47938,-71.4974117,V-140925090522-25070-1,,,V-140925113745-25070-33,Peru Rabies Control,Arequipa,Characato (MR_21),vac15ch,VANCAN formulario 2025 General,Dog,,No,8.191,gato,,
Sep,14/09/2025,11:20 AM,14/09/2025,-16.4793677,-71.4972754,V-140925090522-25070-1,,,V-140925112005-25070-32,Peru Rabies Control,Arequipa,Characato (MR_21),vac15ch,VANCAN formulario 2025 General,Dog,,No,8.191,perro,revac,1_mayor
Sep,14/09/2025,11:20 AM,14/09/2025,-16.4793677,-71.4972754,V-140925090522-25070-1,,,V-140925112002-25070-31,Peru Rabies Control,Arequipa,Characato (MR_21),vac15ch,VANCAN formulario 2025 General,Dog,,No,8.191,gato,,
Sep,14/09/2025,11:09 AM,14/09/2025,-16.4793802,-71.4972495,V-140925090522-25070-1,,,V-140925110944-25070-30,Peru Rabies Control,Arequipa,Characato (MR_21),vac15ch,VANCAN formulario 2025 General,Dog,,No,8.191,perro,revac,1_mayor
Sep,14/09/2025,11:02 AM,14/09/2025,-16.4795287,-71.4979168,V-140925090522-25070-1,,,V-140925110211-25070-29,Peru Rabies Control,Arequipa,Characato (MR_21),vac15ch,VANCAN formulario 2025 General,Dog,,No,8.191,perro,revac,1_mayor
Sep,14/09/2025,10:54 AM,14/09/2025,-16.4793933,-71.497305,V-140925090522-25070-1,,,V-140925105418-25070-28,Peru Rabies Control,Arequipa,Characato (MR_21),vac15ch,VANCAN formulario 2025 General,Dog,,No,8.191,perro,primovac,1_mayor
Sep,14/09/2025,10:54 AM,14/09/2025,-16.4794433,-71.49729,V-140925090522-25070-1,,,V-140925105410-25070-27,Peru Rabies Control,Arequipa,Characato (MR_21),vac15ch,VANCAN formulario 2025 General,Dog,,No,8.191,perro,primovac,1_mayor
Sep,14/09/2025,10:54 AM,14/09/2025,-16.4793873,-71.4972676,V-140925090522-25070-1,,,V-140925105404-25070-26,Peru Rabies Control,Arequipa,Characato (MR_21),vac15ch,VANCAN formulario 2025 General,Dog,,No,8.191,perro,revac,1_mayor
Sep,14/09/2025,10:36 AM,14/09/2025,-16.4793458,-71.4974267,V-140925090522-25070-1,,,V-140925103630-25070-25,Peru Rabies Control,Arequipa,Characato (MR_21),vac15ch,VANCAN formulario 2025 General,Dog,,No,8.191,perro,primovac,menor_1
Sep,14/09/2025,10:28 AM,14/09/2025,-16.4794034,-71.4972519,V-140925090522-25070-1,,,V-140925102829-25070-24,Peru Rabies Control,Arequipa,Characato (MR_21),vac15ch,VANCAN formulario 2025 General,Dog,,No,8.191,perro,revac,1_mayor
Sep,14/09/2025,10:18 AM,14/09/2025,-16.4794617,-71.4972883,V-140925090522-25070-1,,,V-140925101826-25070-23,Peru Rabies Control,Arequipa,Characato (MR_21),vac15ch,VANCAN formulario 2025 General,Dog,,No,8.191,perro,revac,1_mayor
Sep,14/09/2025,10:17 AM,14/09/2025,-16.4794333,-71.4972933,V-140925090522-25070-1,,,V-140925101727-25070-22,Peru Rabies Control,Arequipa,Characato (MR_21),vac15ch,VANCAN formulario 2025 General,Dog,,No,8.191,perro,revac,1_mayor
Sep,14/09/2025,10:15 AM,14/09/2025,-16.4793901,-71.4972123,V-140925090522-25070-1,,,V-140925101530-25070-21,Peru Rabies Control,Arequipa,Characato (MR_21),vac15ch,VANCAN formulario 2025 General,Dog,,No,8.191,perro,revac,1_mayor
Sep,14/09/2025,10:13 AM,14/09/2025,-16.4794074,-71.4971944,V-140925090522-25070-1,,,V-140925101337-25070-20,Peru Rabies Control,Arequipa,Characato (MR_21),vac15ch,VANCAN formulario 2025 General,Dog,,No,8.191,perro,revac,1_mayor
Sep,14/09/2025,10:06 AM,14/09/2025,-16.479435,-71.497295,V-140925090522-25070-1,,,V-140925100629-25070-19,Peru Rabies Control,Arequipa,Characato (MR_21),vac15ch,VANCAN formulario 2025 General,Dog,,No,8.191,perro,revac,1_mayor
Sep,14/09/2025,10:00 AM,14/09/2025,-16.4793528,-71.4973286,V-140925090522-25070-1,,,V-140925100035-25070-18,Peru Rabies Control,Arequipa,Characato (MR_21),vac15ch,VANCAN formulario 2025 General,Dog,,No,8.191,perro,revac,1_mayor
Sep,14/09/2025,09:44 AM,14/09/2025,-16.479405,-71.4972117,V-140925090522-25070-1,,,V-140925094421-25070-17,Peru Rabies Control,Arequipa,Characato (MR_21),vac15ch,VANCAN formulario 2025 General,Dog,,No,8.191,perro,revac,1_mayor
Sep,14/09/2025,09:44 AM,14/09/2025,-16.47936,-71.4972683,V-140925090522-25070-1,,,V-140925094417-25070-16,Peru Rabies Control,Arequipa,Characato (MR_21),vac15ch,VANCAN formulario 2025 General,Dog,,No,8.191,perro,revac,1_mayor
Sep,14/09/2025,09:41 AM,14/09/2025,-16.4793617,-71.4971967,V-140925090522-25070-1,,,V-140925094129-25070-15,Peru Rabies Control,Arequipa,Characato (MR_21),vac15ch,VANCAN formulario 2025 General,Dog,,No,8.191,perro,revac,1_mayor
Sep,14/09/2025,09:41 AM,14/09/2025,-16.4793675,-71.4973134,V-140925090522-25070-1,,,V-140925094125-25070-14,Peru Rabies Control,Arequipa,Characato (MR_21),vac15ch,VANCAN formulario 2025 General,Dog,,No,8.191,perro,revac,1_mayor
Sep,14/09/2025,09:38 AM,14/09/2025,-16.4794467,-71.497345,V-140925090522-25070-1,,,V-140925093824-25070-13,Peru Rabies Control,Arequipa,Characato (MR_21),vac15ch,VANCAN formulario 2025 General,Dog,,No,8.191,perro,revac,1_mayor
Sep,14/09/2025,09:36 AM,14/09/2025,-16.4793767,-71.4973,V-140925090522-25070-1,,,V-140925093655-25070-12,Peru Rabies Control,Arequipa,Characato (MR_21),vac15ch,VANCAN formulario 2025 General,Dog,,No,8.191,perro,primovac,1_mayor
Sep,14/09/2025,09:34 AM,14/09/2025,-16.4794083,-71.4972283,V-140925090522-25070-1,,,V-140925093445-25070-11,Peru Rabies Control,Arequipa,Characato (MR_21),vac15ch,VANCAN formulario 2025 General,Dog,,No,8.191,perro,primovac,1_mayor
Sep,14/09/2025,09:33 AM,14/09/2025,-16.4793604,-71.4972945,V-140925090522-25070-1,,,V-140925093356-25070-10,Peru Rabies Control,Arequipa,Characato (MR_21),vac15ch,VANCAN formulario 2025 General,Dog,,No,8.191,perro,revac,1_mayor
Sep,14/09/2025,09:26 AM,14/09/2025,-16.47941,-71.4973617,V-140925090522-25070-1,,,V-140925092607-25070-9,Peru Rabies Control,Arequipa,Characato (MR_21),vac15ch,VANCAN formulario 2025 General,Dog,,No,8.191,perro,primovac,1_mayor
Sep,14/09/2025,09:24 AM,14/09/2025,-16.47937,-71.497245,V-140925090522-25070-1,,,V-140925092445-25070-8,Peru Rabies Control,Arequipa,Characato (MR_21),vac15ch,VANCAN formulario 2025 General,Dog,,No,8.191,perro,primovac,1_mayor
Sep,14/09/2025,09:24 AM,14/09/2025,-16.4793733,-71.4973933,V-140925090522-25070-1,,,V-140925092439-25070-7,Peru Rabies Control,Arequipa,Characato (MR_21),vac15ch,VANCAN formulario 2025 General,Dog,,No,8.191,perro,revac,1_mayor
Sep,14/09/2025,09:22 AM,14/09/2025,-16.4794317,-71.4973217,V-140925090522-25070-1,,,V-140925092242-25070-6,Peru Rabies Control,Arequipa,Characato (MR_21),vac15ch,VANCAN formulario 2025 General,Dog,,No,8.191,perro,primovac,1_mayor
Sep,14/09/2025,09:21 AM,14/09/2025,-16.47939,-71.49731,V-140925090522-25070-1,,,V-140925092128-25070-5,Peru Rabies Control,Arequipa,Characato (MR_21),vac15ch,VANCAN formulario 2025 General,Dog,,No,8.191,perro,revac,1_mayor
Sep,14/09/2025,09:21 AM,14/09/2025,-16.4793967,-71.4973083,V-140925090522-25070-1,,,V-140925092124-25070-4,Peru Rabies Control,Arequipa,Characato (MR_21),vac15ch,VANCAN formulario 2025 General,Dog,,No,8.191,perro,revac,1_mayor
Sep,14/09/2025,09:21 AM,14/09/2025,-16.4793933,-71.497305,V-140925090522-25070-1,,,V-140925092120-25070-3,Peru Rabies Control,Arequipa,Characato (MR_21),vac15ch,VANCAN formulario 2025 General,Dog,,No,8.191,perro,primovac,1_mayor
Sep,14/09/2025,09:21 AM,14/09/2025,-16.4794683,-71.4972817,V-140925090522-25070-1,,,V-140925092109-25070-2,Peru Rabies Control,Arequipa,Characato (MR_21),vac15ch,VANCAN formulario 2025 General,Dog,,No,8.191,perro,primovac,1_mayor
Sep,14/09/2025,09:05 AM,14/09/2025,-16.47942,-71.49731,V-140925090522-25070-1,,,V-140925090535-25070-1,Peru Rabies Control,Arequipa,Characato (MR_21),vac15ch,VANCAN formulario 2025 General,Dog,,No,8.191,perro,revac,1_mayor
Sep,14/09/2025,01:06 PM,14/09/2025,-16.4681672,-71.4854531,V-140925073226-25068-1,,,V-140925130637-25068-107,Peru Rabies Control,Arequipa,Characato (MR_21),vac13ch,VANCAN formulario 2025 General,Dog,,No,22.527,perro,primovac,menor_1
Sep,14/09/2025,12:46 PM,14/09/2025,-16.4769085,-71.492584,V-140925073226-25068-1,,,V-140925124625-25068-106,Peru Rabies Control,Arequipa,Characato (MR_21),vac13ch,VANCAN formulario 2025 General,Dog,,No,22.527,perro,revac,1_mayor
Sep,14/09/2025,12:46 PM,14/09/2025,-16.4769829,-71.4925483,V-140925073226-25068-1,,,V-140925124618-25068-105,Peru Rabies Control,Arequipa,Characato (MR_21),vac13ch,VANCAN formulario 2025 General,Dog,,No,22.527,perro,revac,1_mayor
Sep,14/09/2025,12:44 PM,14/09/2025,-16.4769891,-71.4925345,V-140925073226-25068-1,,,V-140925124413-25068-104,Peru Rabies Control,Arequipa,Characato (MR_21),vac13ch,VANCAN formulario 2025 General,Dog,,No,22.527,perro,revac,1_mayor
Sep,14/09/2025,12:39 PM,14/09/2025,-16.4768807,-71.4924723,V-140925073226-25068-1,,,V-140925123949-25068-103,Peru Rabies Control,Arequipa,Characato (MR_21),vac13ch,VANCAN formulario 2025 General,Dog,,No,22.527,perro,revac,1_mayor
Sep,14/09/2025,12:32 PM,14/09/2025,-16.4770205,-71.4924805,V-140925073226-25068-1,,,V-140925123229-25068-102,Peru Rabies Control,Arequipa,Characato (MR_21),vac13ch,VANCAN formulario 2025 General,Dog,,No,22.527,perro,primovac,menor_1
Sep,14/09/2025,12:23 PM,14/09/2025,-16.4769499,-71.4925325,V-140925073226-25068-1,,,V-140925122329-25068-101,Peru Rabies Control,Arequipa,Characato (MR_21),vac13ch,VANCAN formulario 2025 General,Dog,,No,22.527,perro,revac,1_mayor
Sep,14/09/2025,12:23 PM,14/09/2025,-16.477018,-71.4924817,V-140925073226-25068-1,,,V-140925122320-25068-100,Peru Rabies Control,Arequipa,Characato (MR_21),vac13ch,VANCAN formulario 2025 General,Dog,,No,22.527,perro,revac,1_mayor
Sep,14/09/2025,12:22 PM,14/09/2025,-16.4768434,-71.492585,V-140925073226-25068-1,,,V-140925122218-25068-99,Peru Rabies Control,Arequipa,Characato (MR_21),vac13ch,VANCAN formulario 2025 General,Dog,,No,22.527,perro,revac,1_mayor
Sep,14/09/2025,12:18 PM,14/09/2025,-16.4768969,-71.4925818,V-140925073226-25068-1,,,V-140925121809-25068-98,Peru Rabies Control,Arequipa,Characato (MR_21),vac13ch,VANCAN formulario 2025 General,Dog,,No,22.527,perro,revac,1_mayor
Sep,14/09/2025,12:18 PM,14/09/2025,-16.4768799,-71.4925853,V-140925073226-25068-1,,,V-140925121801-25068-97,Peru Rabies Control,Arequipa,Characato (MR_21),vac13ch,VANCAN formulario 2025 General,Dog,,No,22.527,perro,revac,1_mayor
Sep,14/09/2025,12:17 PM,14/09/2025,-16.4768495,-71.4926049,V-140925073226-25068-1,,,V-140925121756-25068-96,Peru Rabies Control,Arequipa,Characato (MR_21),vac13ch,VANCAN formulario 2025 General,Dog,,No,22.527,gato,,
Sep,14/09/2025,12:14 PM,14/09/2025,-16.4769685,-71.4925604,V-140925073226-25068-1,,,V-140925121400-25068-95,Peru Rabies Control,Arequipa,Characato (MR_21),vac13ch,VANCAN formulario 2025 General,Dog,,No,22.527,gato,,
Sep,14/09/2025,12:13 PM,14/09/2025,-16.4769547,-71.4925664,V-140925073226-25068-1,,,V-140925121351-25068-94,Peru Rabies Control,Arequipa,Characato (MR_21),vac13ch,VANCAN formulario 2025 General,Dog,,No,22.527,perro,revac,1_mayor
Sep,14/09/2025,12:10 PM,14/09/2025,-16.4769362,-71.4925805,V-140925073226-25068-1,,,V-140925121053-25068-93,Peru Rabies Control,Arequipa,Characato (MR_21),vac13ch,VANCAN formulario 2025 General,Dog,,No,22.527,perro,revac,1_mayor
Sep,14/09/2025,12:05 PM,14/09/2025,-16.4769213,-71.4925347,V-140925073226-25068-1,,,V-140925120540-25068-92,Peru Rabies Control,Arequipa,Characato (MR_21),vac13ch,VANCAN formulario 2025 General,Dog,,No,22.527,perro,revac,1_mayor
Sep,14/09/2025,12:05 PM,14/09/2025,-16.4770289,-71.492496,V-140925073226-25068-1,,,V-140925120528-25068-91,Peru Rabies Control,Arequipa,Characato (MR_21),vac13ch,VANCAN formulario 2025 General,Dog,,No,22.527,perro,revac,1_mayor
Sep,14/09/2025,12:03 PM,14/09/2025,-16.4770059,-71.4925699,V-140925073226-25068-1,,,V-140925120337-25068-90,Peru Rabies Control,Arequipa,Characato (MR_21),vac13ch,VANCAN formulario 2025 General,Dog,,No,22.527,perro,revac,menor_1
Sep,14/09/2025,12:01 PM,14/09/2025,-16.4769902,-71.4925409,V-140925073226-25068-1,,,V-140925120103-25068-89,Peru Rabies Control,Arequipa,Characato (MR_21),vac13ch,VANCAN formulario 2025 General,Dog,,No,22.527,perro,revac,1_mayor
Sep,14/09/2025,11:59 AM,14/09/2025,-16.4769881,-71.4925335,V-140925073226-25068-1,,,V-140925115953-25068-88,Peru Rabies Control,Arequipa,Characato (MR_21),vac13ch,VANCAN formulario 2025 General,Dog,,No,22.527,perro,revac,1_mayor
Sep,14/09/2025,11:59 AM,14/09/2025,-16.4769887,-71.4925294,V-140925073226-25068-1,,,V-140925115932-25068-87,Peru Rabies Control,Arequipa,Characato (MR_21),vac13ch,VANCAN formulario 2025 General,Dog,,No,22.527,perro,primovac,1_mayor
Sep,14/09/2025,11:58 AM,14/09/2025,-16.4769947,-71.4925322,V-140925073226-25068-1,,,V-140925115813-25068-86,Peru Rabies Control,Arequipa,Characato (MR_21),vac13ch,VANCAN formulario 2025 General,Dog,,No,22.527,perro,revac,1_mayor
Sep,14/09/2025,11:58 AM,14/09/2025,-16.4769945,-71.4925294,V-140925073226-25068-1,,,V-140925115803-25068-85,Peru Rabies Control,Arequipa,Characato (MR_21),vac13ch,VANCAN formulario 2025 General,Dog,,No,22.527,gato,,
Sep,14/09/2025,11:57 AM,14/09/2025,-16.4769913,-71.4925283,V-140925073226-25068-1,,,V-140925115754-25068-84,Peru Rabies Control,Arequipa,Characato (MR_21),vac13ch,VANCAN formulario 2025 General,Dog,,No,22.527,perro,revac,1_mayor
Sep,14/09/2025,11:57 AM,14/09/2025,-16.4769943,-71.4925233,V-140925073226-25068-1,,,V-140925115728-25068-83,Peru Rabies Control,Arequipa,Characato (MR_21),vac13ch,VANCAN formulario 2025 General,Dog,,No,22.527,perro,revac,1_mayor
Sep,14/09/2025,11:57 AM,14/09/2025,-16.4769874,-71.4925335,V-140925073226-25068-1,,,V-140925115717-25068-82,Peru Rabies Control,Arequipa,Characato (MR_21),vac13ch,VANCAN formulario 2025 General,Dog,,No,22.527,perro,revac,1_mayor
Sep,14/09/2025,11:57 AM,14/09/2025,-16.476982,-71.4925472,V-140925073226-25068-1,,,V-140925115709-25068-81,Peru Rabies Control,Arequipa,Characato (MR_21),vac13ch,VANCAN formulario 2025 General,Dog,,No,22.527,perro,revac,1_mayor
Sep,14/09/2025,11:50 AM,14/09/2025,-16.4770228,-71.4925678,V-140925073226-25068-1,,,V-140925115014-25068-80,Peru Rabies Control,Arequipa,Characato (MR_21),vac13ch,VANCAN formulario 2025 General,Dog,,No,22.527,perro,primovac,1_mayor
Sep,14/09/2025,11:50 AM,14/09/2025,-16.4768838,-71.492754,V-140925073226-25068-1,,,V-140925115008-25068-79,Peru Rabies Control,Arequipa,Characato (MR_21),vac13ch,VANCAN formulario 2025 General,Dog,,No,22.527,gato,,
Sep,14/09/2025,11:50 AM,14/09/2025,-16.477066,-71.4925019,V-140925073226-25068-1,,,V-140925115002-25068-78,Peru Rabies Control,Arequipa,Characato (MR_21),vac13ch,VANCAN formulario 2025 General,Dog,,No,22.527,perro,revac,1_mayor
Sep,14/09/2025,11:45 AM,14/09/2025,-16.4769944,-71.4925142,V-140925073226-25068-1,,,V-140925114546-25068-77,Peru Rabies Control,Arequipa,Characato (MR_21),vac13ch,VANCAN formulario 2025 General,Dog,,No,22.527,perro,revac,1_mayor
Sep,14/09/2025,11:41 AM,14/09/2025,-16.4770396,-71.4926051,V-140925073226-25068-1,,,V-140925114111-25068-76,Peru Rabies Control,Arequipa,Characato (MR_21),vac13ch,VANCAN formulario 2025 General,Dog,,No,22.527,perro,revac,1_mayor
Sep,14/09/2025,11:41 AM,14/09/2025,-16.4770503,-71.4925734,V-140925073226-25068-1,,,V-140925114104-25068-75,Peru Rabies Control,Arequipa,Characato (MR_21),vac13ch,VANCAN formulario 2025 General,Dog,,No,22.527,perro,revac,1_mayor
Sep,14/09/2025,11:38 AM,14/09/2025,-16.4770603,-71.4925591,V-140925073226-25068-1,,,V-140925113837-25068-74,Peru Rabies Control,Arequipa,Characato (MR_21),vac13ch,VANCAN formulario 2025 General,Dog,,No,22.527,perro,revac,1_mayor
Sep,14/09/2025,11:31 AM,14/09/2025,-16.4769789,-71.4925786,V-140925073226-25068-1,,,V-140925113102-25068-73,Peru Rabies Control,Arequipa,Characato (MR_21),vac13ch,VANCAN formulario 2025 General,Dog,,No,22.527,perro,primovac,menor_1
Sep,14/09/2025,11:27 AM,14/09/2025,-16.4769913,-71.4925116,V-140925073226-25068-1,,,V-140925112718-25068-72,Peru Rabies Control,Arequipa,Characato (MR_21),vac13ch,VANCAN formulario 2025 General,Dog,,No,22.527,gato,,
Sep,14/09/2025,11:26 AM,14/09/2025,-16.4770002,-71.4925511,V-140925073226-25068-1,,,V-140925112619-25068-71,Peru Rabies Control,Arequipa,Characato (MR_21),vac13ch,VANCAN formulario 2025 General,Dog,,No,22.527,perro,revac,1_mayor
Sep,14/09/2025,11:23 AM,14/09/2025,-16.4770002,-71.4925703,V-140925073226-25068-1,,,V-140925112311-25068-70,Peru Rabies Control,Arequipa,Characato (MR_21),vac13ch,VANCAN formulario 2025 General,Dog,,No,22.527,perro,primovac,1_mayor
Sep,14/09/2025,11:23 AM,14/09/2025,-16.4770034,-71.4925473,V-140925073226-25068-1,,,V-140925112301-25068-69,Peru Rabies Control,Arequipa,Characato (MR_21),vac13ch,VANCAN formulario 2025 General,Dog,,No,22.527,perro,revac,1_mayor
Sep,14/09/2025,11:22 AM,14/09/2025,-16.477036,-71.4925515,V-140925073226-25068-1,,,V-140925112245-25068-68,Peru Rabies Control,Arequipa,Characato (MR_21),vac13ch,VANCAN formulario 2025 General,Dog,,No,22.527,perro,primovac,1_mayor
Sep,14/09/2025,11:20 AM,14/09/2025,-16.4769478,-71.4925658,V-140925073226-25068-1,,,V-140925112023-25068-67,Peru Rabies Control,Arequipa,Characato (MR_21),vac13ch,VANCAN formulario 2025 General,Dog,,No,22.527,perro,revac,1_mayor
Sep,14/09/2025,11:12 AM,14/09/2025,-16.4769648,-71.4925419,V-140925073226-25068-1,,,V-140925111204-25068-66,Peru Rabies Control,Arequipa,Characato (MR_21),vac13ch,VANCAN formulario 2025 General,Dog,,No,22.527,perro,revac,1_mayor
Sep,14/09/2025,11:04 AM,14/09/2025,-16.4769735,-71.4925501,V-140925073226-25068-1,,,V-140925110402-25068-65,Peru Rabies Control,Arequipa,Characato (MR_21),vac13ch,VANCAN formulario 2025 General,Dog,,No,22.527,perro,revac,1_mayor
Sep,14/09/2025,11:03 AM,14/09/2025,-16.47703,-71.492496,V-140925073226-25068-1,,,V-140925110352-25068-64,Peru Rabies Control,Arequipa,Characato (MR_21),vac13ch,VANCAN formulario 2025 General,Dog,,No,22.527,perro,revac,1_mayor
Sep,14/09/2025,11:02 AM,14/09/2025,-16.4769801,-71.4925014,V-140925073226-25068-1,,,V-140925110235-25068-63,Peru Rabies Control,Arequipa,Characato (MR_21),vac13ch,VANCAN formulario 2025 General,Dog,,No,22.527,perro,revac,1_mayor
Sep,14/09/2025,11:02 AM,14/09/2025,-16.4770097,-71.4926145,V-140925073226-25068-1,,,V-140925110222-25068-62,Peru Rabies Control,Arequipa,Characato (MR_21),vac13ch,VANCAN formulario 2025 General,Dog,,No,22.527,perro,primovac,1_mayor
Sep,14/09/2025,10:59 AM,14/09/2025,-16.4770457,-71.4925653,V-140925073226-25068-1,,,V-140925105909-25068-61,Peru Rabies Control,Arequipa,Characato (MR_21),vac13ch,VANCAN formulario 2025 General,Dog,,No,22.527,perro,revac,1_mayor
Sep,14/09/2025,10:57 AM,14/09/2025,-16.4770527,-71.4926146,V-140925073226-25068-1,,,V-140925105708-25068-60,Peru Rabies Control,Arequipa,Characato (MR_21),vac13ch,VANCAN formulario 2025 General,Dog,,No,22.527,perro,revac,1_mayor
Sep,14/09/2025,10:55 AM,14/09/2025,-16.477028,-71.4924983,V-140925073226-25068-1,,,V-140925105531-25068-59,Peru Rabies Control,Arequipa,Characato (MR_21),vac13ch,VANCAN formulario 2025 General,Dog,,No,22.527,perro,primovac,menor_1
Sep,14/09/2025,10:54 AM,14/09/2025,-16.4769442,-71.4925376,V-140925073226-25068-1,,,V-140925105433-25068-58,Peru Rabies Control,Arequipa,Characato (MR_21),vac13ch,VANCAN formulario 2025 General,Dog,,No,22.527,gato,,
Sep,14/09/2025,10:54 AM,14/09/2025,-16.4769386,-71.4925095,V-140925073226-25068-1,,,V-140925105423-25068-57,Peru Rabies Control,Arequipa,Characato (MR_21),vac13ch,VANCAN formulario 2025 General,Dog,,No,22.527,perro,revac,1_mayor
Sep,14/09/2025,10:49 AM,14/09/2025,-16.4769749,-71.4925035,V-140925073226-25068-1,,,V-140925104928-25068-56,Peru Rabies Control,Arequipa,Characato (MR_21),vac13ch,VANCAN formulario 2025 General,Dog,,No,22.527,perro,primovac,menor_1
Sep,14/09/2025,10:49 AM,14/09/2025,-16.4769778,-71.49251,V-140925073226-25068-1,,,V-140925104912-25068-55,Peru Rabies Control,Arequipa,Characato (MR_21),vac13ch,VANCAN formulario 2025 General,Dog,,No,22.527,perro,revac,1_mayor
Sep,14/09/2025,10:49 AM,14/09/2025,-16.4769751,-71.4925374,V-140925073226-25068-1,,,V-140925104905-25068-54,Peru Rabies Control,Arequipa,Characato (MR_21),vac13ch,VANCAN formulario 2025 General,Dog,,No,22.527,perro,revac,1_mayor
Sep,14/09/2025,10:43 AM,14/09/2025,-16.4769825,-71.4925128,V-140925073226-25068-1,,,V-140925104341-25068-53,Peru Rabies Control,Arequipa,Characato (MR_21),vac13ch,VANCAN formulario 2025 General,Dog,,No,22.527,perro,revac,1_mayor
Sep,14/09/2025,10:43 AM,14/09/2025,-16.4770128,-71.492428,V-140925073226-25068-1,,,V-140925104337-25068-52,Peru Rabies Control,Arequipa,Characato (MR_21),vac13ch,VANCAN formulario 2025 General,Dog,,No,22.527,gato,,
Sep,14/09/2025,10:35 AM,14/09/2025,-16.4769011,-71.4925336,V-140925073226-25068-1,,,V-140925103538-25068-51,Peru Rabies Control,Arequipa,Characato (MR_21),vac13ch,VANCAN formulario 2025 General,Dog,,No,22.527,gato,,
Sep,14/09/2025,10:32 AM,14/09/2025,-16.4769564,-71.4925391,V-140925073226-25068-1,,,V-140925103202-25068-50,Peru Rabies Control,Arequipa,Characato (MR_21),vac13ch,VANCAN formulario 2025 General,Dog,,No,22.527,perro,revac,1_mayor
Sep,14/09/2025,10:31 AM,14/09/2025,-16.4769638,-71.4925141,V-140925073226-25068-1,,,V-140925103153-25068-49,Peru Rabies Control,Arequipa,Characato (MR_21),vac13ch,VANCAN formulario 2025 General,Dog,,No,22.527,perro,revac,1_mayor
Sep,14/09/2025,10:30 AM,14/09/2025,-16.4769561,-71.492527,V-140925073226-25068-1,,,V-140925103033-25068-48,Peru Rabies Control,Arequipa,Characato (MR_21),vac13ch,VANCAN formulario 2025 General,Dog,,No,22.527,perro,revac,1_mayor
Sep,14/09/2025,10:27 AM,14/09/2025,-16.4769384,-71.4925358,V-140925073226-25068-1,,,V-140925102758-25068-47,Peru Rabies Control,Arequipa,Characato (MR_21),vac13ch,VANCAN formulario 2025 General,Dog,,No,22.527,perro,primovac,menor_1
Sep,14/09/2025,10:17 AM,14/09/2025,-16.4769969,-71.4925514,V-140925073226-25068-1,,,V-140925101700-25068-46,Peru Rabies Control,Arequipa,Characato (MR_21),vac13ch,VANCAN formulario 2025 General,Dog,,No,22.527,perro,revac,1_mayor
Sep,14/09/2025,10:15 AM,14/09/2025,-16.4770059,-71.4925581,V-140925073226-25068-1,,,V-140925101507-25068-45,Peru Rabies Control,Arequipa,Characato (MR_21),vac13ch,VANCAN formulario 2025 General,Dog,,No,22.527,gato,,
Sep,14/09/2025,10:09 AM,14/09/2025,-16.4769928,-71.4925493,V-140925073226-25068-1,,,V-140925100952-25068-44,Peru Rabies Control,Arequipa,Characato (MR_21),vac13ch,VANCAN formulario 2025 General,Dog,,No,22.527,gato,,
Sep,14/09/2025,10:08 AM,14/09/2025,-16.4769929,-71.4925563,V-140925073226-25068-1,,,V-140925100834-25068-43,Peru Rabies Control,Arequipa,Characato (MR_21),vac13ch,VANCAN formulario 2025 General,Dog,,No,22.527,perro,primovac,menor_1
Sep,14/09/2025,10:08 AM,14/09/2025,-16.4769861,-71.492567,V-140925073226-25068-1,,,V-140925100829-25068-42,Peru Rabies Control,Arequipa,Characato (MR_21),vac13ch,VANCAN formulario 2025 General,Dog,,No,22.527,perro,revac,1_mayor
Sep,14/09/2025,10:08 AM,14/09/2025,-16.4769698,-71.4925458,V-140925073226-25068-1,,,V-140925100824-25068-41,Peru Rabies Control,Arequipa,Characato (MR_21),vac13ch,VANCAN formulario 2025 General,Dog,,No,22.527,perro,revac,1_mayor
Sep,14/09/2025,10:06 AM,14/09/2025,-16.4769637,-71.4925435,V-140925073226-25068-1,,,V-140925100634-25068-40,Peru Rabies Control,Arequipa,Characato (MR_21),vac13ch,VANCAN formulario 2025 General,Dog,,No,22.527,perro,revac,1_mayor
Sep,14/09/2025,10:06 AM,14/09/2025,-16.4734558,-71.491418,V-140925073226-25068-1,,,V-140925100628-25068-39,Peru Rabies Control,Arequipa,Characato (MR_21),vac13ch,VANCAN formulario 2025 General,Dog,,No,22.527,gato,,
Sep,14/09/2025,10:04 AM,14/09/2025,-16.4769665,-71.4925462,V-140925073226-25068-1,,,V-140925100420-25068-38,Peru Rabies Control,Arequipa,Characato (MR_21),vac13ch,VANCAN formulario 2025 General,Dog,,No,22.527,gato,,
Sep,14/09/2025,10:03 AM,14/09/2025,-16.4769719,-71.4925514,V-140925073226-25068-1,,,V-140925100354-25068-37,Peru Rabies Control,Arequipa,Characato (MR_21),vac13ch,VANCAN formulario 2025 General,Dog,,No,22.527,perro,primovac,1_mayor
Sep,14/09/2025,10:01 AM,14/09/2025,-16.4770203,-71.4924678,V-140925073226-25068-1,,,V-140925100133-25068-36,Peru Rabies Control,Arequipa,Characato (MR_21),vac13ch,VANCAN formulario 2025 General,Dog,,No,22.527,perro,primovac,1_mayor
Sep,14/09/2025,09:53 AM,14/09/2025,-16.4770441,-71.4925253,V-140925073226-25068-1,,,V-140925095324-25068-35,Peru Rabies Control,Arequipa,Characato (MR_21),vac13ch,VANCAN formulario 2025 General,Dog,,No,22.527,perro,primovac,1_mayor
Sep,14/09/2025,09:48 AM,14/09/2025,-16.4771695,-71.4925439,V-140925073226-25068-1,,,V-140925094851-25068-34,Peru Rabies Control,Arequipa,Characato (MR_21),vac13ch,VANCAN formulario 2025 General,Dog,,No,22.527,perro,primovac,1_mayor
Sep,14/09/2025,09:48 AM,14/09/2025,-16.4771939,-71.4925597,V-140925073226-25068-1,,,V-140925094846-25068-33,Peru Rabies Control,Arequipa,Characato (MR_21),vac13ch,VANCAN formulario 2025 General,Dog,,No,22.527,gato,,
Sep,14/09/2025,09:37 AM,14/09/2025,-16.4770167,-71.492558,V-140925073226-25068-1,,,V-140925093741-25068-32,Peru Rabies Control,Arequipa,Characato (MR_21),vac13ch,VANCAN formulario 2025 General,Dog,,No,22.527,perro,primovac,1_mayor
Sep,14/09/2025,09:36 AM,14/09/2025,-16.4770437,-71.4926151,V-140925073226-25068-1,,,V-140925093619-25068-31,Peru Rabies Control,Arequipa,Characato (MR_21),vac13ch,VANCAN formulario 2025 General,Dog,,No,22.527,perro,revac,1_mayor
Sep,14/09/2025,09:36 AM,14/09/2025,-16.4768959,-71.4925118,V-140925073226-25068-1,,,V-140925093610-25068-30,Peru Rabies Control,Arequipa,Characato (MR_21),vac13ch,VANCAN formulario 2025 General,Dog,,No,22.527,perro,revac,1_mayor
Sep,14/09/2025,09:35 AM,14/09/2025,-16.4770053,-71.4925518,V-140925073226-25068-1,,,V-140925093551-25068-29,Peru Rabies Control,Arequipa,Characato (MR_21),vac13ch,VANCAN formulario 2025 General,Dog,,No,22.527,perro,revac,1_mayor
Sep,14/09/2025,09:33 AM,14/09/2025,-16.4770285,-71.4925652,V-140925073226-25068-1,,,V-140925093313-25068-28,Peru Rabies Control,Arequipa,Characato (MR_21),vac13ch,VANCAN formulario 2025 General,Dog,,No,22.527,gato,,
Sep,14/09/2025,09:23 AM,14/09/2025,-16.4770286,-71.4925755,V-140925073226-25068-1,,,V-140925092309-25068-27,Peru Rabies Control,Arequipa,Characato (MR_21),vac13ch,VANCAN formulario 2025 General,Dog,,No,22.527,perro,revac,1_mayor
Sep,14/09/2025,09:22 AM,14/09/2025,-16.4770308,-71.4924834,V-140925073226-25068-1,,,V-140925092258-25068-26,Peru Rabies Control,Arequipa,Characato (MR_21),vac13ch,VANCAN formulario 2025 General,Dog,,No,22.527,perro,revac,1_mayor
Sep,14/09/2025,09:14 AM,14/09/2025,-16.4769767,-71.4925332,V-140925073226-25068-1,,,V-140925091416-25068-25,Peru Rabies Control,Arequipa,Characato (MR_21),vac13ch,VANCAN formulario 2025 General,Dog,,No,22.527,perro,revac,1_mayor
Sep,14/09/2025,09:09 AM,14/09/2025,-16.4770675,-71.4924995,V-140925073226-25068-1,,,V-140925090904-25068-24,Peru Rabies Control,Arequipa,Characato (MR_21),vac13ch,VANCAN formulario 2025 General,Dog,,No,22.527,perro,revac,1_mayor
Sep,14/09/2025,09:08 AM,14/09/2025,-16.476981,-71.4925896,V-140925073226-25068-1,,,V-140925090854-25068-23,Peru Rabies Control,Arequipa,Characato (MR_21),vac13ch,VANCAN formulario 2025 General,Dog,,No,22.527,perro,revac,1_mayor
Sep,14/09/2025,09:08 AM,14/09/2025,-16.476996,-71.4925939,V-140925073226-25068-1,,,V-140925090847-25068-22,Peru Rabies Control,Arequipa,Characato (MR_21),vac13ch,VANCAN formulario 2025 General,Dog,,No,22.527,perro,revac,1_mayor
Sep,14/09/2025,09:08 AM,14/09/2025,-16.4769618,-71.4926148,V-140925073226-25068-1,,,V-140925090831-25068-21,Peru Rabies Control,Arequipa,Characato (MR_21),vac13ch,VANCAN formulario 2025 General,Dog,,No,22.527,perro,primovac,menor_1
Sep,14/09/2025,09:08 AM,14/09/2025,-16.4770089,-71.4925187,V-140925073226-25068-1,,,V-140925090823-25068-20,Peru Rabies Control,Arequipa,Characato (MR_21),vac13ch,VANCAN formulario 2025 General,Dog,,No,22.527,perro,primovac,1_mayor
Sep,14/09/2025,09:03 AM,14/09/2025,-16.4769066,-71.4926718,V-140925073226-25068-1,,,V-140925090326-25068-19,Peru Rabies Control,Arequipa,Characato (MR_21),vac13ch,VANCAN formulario 2025 General,Dog,,No,22.527,perro,revac,1_mayor
Sep,14/09/2025,09:01 AM,14/09/2025,-16.4769889,-71.4925605,V-140925073226-25068-1,,,V-140925090104-25068-18,Peru Rabies Control,Arequipa,Characato (MR_21),vac13ch,VANCAN formulario 2025 General,Dog,,No,22.527,perro,revac,1_mayor
Sep,14/09/2025,09:00 AM,14/09/2025,-16.4769912,-71.4925615,V-140925073226-25068-1,,,V-140925090053-25068-17,Peru Rabies Control,Arequipa,Characato (MR_21),vac13ch,VANCAN formulario 2025 General,Dog,,No,22.527,perro,primovac,1_mayor
Sep,14/09/2025,09:00 AM,14/09/2025,-16.4770052,-71.4925591,V-140925073226-25068-1,,,V-140925090006-25068-16,Peru Rabies Control,Arequipa,Characato (MR_21),vac13ch,VANCAN formulario 2025 General,Dog,,No,22.527,perro,revac,1_mayor
Sep,14/09/2025,08:59 AM,14/09/2025,-16.4769892,-71.4925565,V-140925073226-25068-1,,,V-140925085957-25068-15,Peru Rabies Control,Arequipa,Characato (MR_21),vac13ch,VANCAN formulario 2025 General,Dog,,No,22.527,perro,primovac,1_mayor
Sep,14/09/2025,08:59 AM,14/09/2025,-16.4769655,-71.4925504,V-140925073226-25068-1,,,V-140925085949-25068-14,Peru Rabies Control,Arequipa,Characato (MR_21),vac13ch,VANCAN formulario 2025 General,Dog,,No,22.527,perro,primovac,1_mayor
Sep,14/09/2025,08:58 AM,14/09/2025,-16.4769786,-71.4925865,V-140925073226-25068-1,,,V-140925085805-25068-13,Peru Rabies Control,Arequipa,Characato (MR_21),vac13ch,VANCAN formulario 2025 General,Dog,,No,22.527,perro,revac,1_mayor
Sep,14/09/2025,08:57 AM,14/09/2025,-16.4769954,-71.4925915,V-140925073226-25068-1,,,V-140925085758-25068-12,Peru Rabies Control,Arequipa,Characato (MR_21),vac13ch,VANCAN formulario 2025 General,Dog,,No,22.527,perro,revac,1_mayor
Sep,14/09/2025,08:57 AM,14/09/2025,-16.4769781,-71.4926301,V-140925073226-25068-1,,,V-140925085752-25068-11,Peru Rabies Control,Arequipa,Characato (MR_21),vac13ch,VANCAN formulario 2025 General,Dog,,No,22.527,perro,revac,1_mayor
Sep,14/09/2025,08:55 AM,14/09/2025,-16.4770031,-71.4925644,V-140925073226-25068-1,,,V-140925085553-25068-10,Peru Rabies Control,Arequipa,Characato (MR_21),vac13ch,VANCAN formulario 2025 General,Dog,,No,22.527,perro,revac,1_mayor
Sep,14/09/2025,08:47 AM,14/09/2025,-16.4770281,-71.4925658,V-140925073226-25068-1,,,V-140925084743-25068-9,Peru Rabies Control,Arequipa,Characato (MR_21),vac13ch,VANCAN formulario 2025 General,Dog,,No,22.527,perro,primovac,menor_1
Sep,14/09/2025,08:44 AM,14/09/2025,-16.4769775,-71.4925161,V-140925073226-25068-1,,,V-140925084435-25068-8,Peru Rabies Control,Arequipa,Characato (MR_21),vac13ch,VANCAN formulario 2025 General,Dog,,No,22.527,perro,primovac,menor_1
Sep,14/09/2025,08:44 AM,14/09/2025,-16.4769823,-71.4925233,V-140925073226-25068-1,,,V-140925084430-25068-7,Peru Rabies Control,Arequipa,Characato (MR_21),vac13ch,VANCAN formulario 2025 General,Dog,,No,22.527,gato,,
Sep,14/09/2025,08:42 AM,14/09/2025,-16.476986,-71.4925337,V-140925073226-25068-1,,,V-140925084254-25068-6,Peru Rabies Control,Arequipa,Characato (MR_21),vac13ch,VANCAN formulario 2025 General,Dog,,No,22.527,perro,revac,1_mayor
Sep,14/09/2025,08:41 AM,14/09/2025,-16.4769519,-71.4925761,V-140925073226-25068-1,,,V-140925084156-25068-5,Peru Rabies Control,Arequipa,Characato (MR_21),vac13ch,VANCAN formulario 2025 General,Dog,,No,22.527,perro,revac,1_mayor
Sep,14/09/2025,08:41 AM,14/09/2025,-16.4769323,-71.4926599,V-140925073226-25068-1,,,V-140925084149-25068-4,Peru Rabies Control,Arequipa,Characato (MR_21),vac13ch,VANCAN formulario 2025 General,Dog,,No,22.527,perro,primovac,menor_1
Sep,14/09/2025,08:39 AM,14/09/2025,-16.4769657,-71.4925578,V-140925073226-25068-1,,,V-140925083937-25068-3,Peru Rabies Control,Arequipa,Characato (MR_21),vac13ch,VANCAN formulario 2025 General,Dog,,No,22.527,perro,primovac,menor_1
Sep,14/09/2025,08:34 AM,14/09/2025,-16.4770192,-71.4925535,V-140925073226-25068-1,,,V-140925083459-25068-2,Peru Rabies Control,Arequipa,Characato (MR_21),vac13ch,VANCAN formulario 2025 General,Dog,,No,22.527,perro,revac,menor_1
Sep,14/09/2025,08:16 AM,14/09/2025,-16.4769791,-71.4925445,V-140925073226-25068-1,,,V-140925081643-25068-1,Peru Rabies Control,Arequipa,Characato (MR_21),vac13ch,VANCAN formulario 2025 General,Dog,,No,4.194,perro,revac,1_mayor
Sep,14/09/2025,12:54 PM,14/09/2025,-16.479138,-71.4928541,V-140925081806-25069-1,,,V-140925125434-25069-129,Peru Rabies Control,Arequipa,Characato (MR_21),vac14ch,VANCAN formulario 2025 General,Dog,,No,13.5,perro,revac,1_mayor
Sep,14/09/2025,12:52 PM,14/09/2025,-16.479097,-71.4928392,V-140925081806-25069-1,,,V-140925125201-25069-128,Peru Rabies Control,Arequipa,Characato (MR_21),vac14ch,VANCAN formulario 2025 General,Dog,,No,13.5,perro,primovac,1_mayor
Sep,14/09/2025,12:51 PM,14/09/2025,-16.4790722,-71.4928518,V-140925081806-25069-1,,,V-140925125148-25069-127,Peru Rabies Control,Arequipa,Characato (MR_21),vac14ch,VANCAN formulario 2025 General,Dog,,No,13.5,perro,revac,1_mayor
Sep,14/09/2025,12:50 PM,14/09/2025,-16.4791333,-71.4928799,V-140925081806-25069-1,,,V-140925125042-25069-126,Peru Rabies Control,Arequipa,Characato (MR_21),vac14ch,VANCAN formulario 2025 General,Dog,,No,13.5,perro,revac,1_mayor
Sep,14/09/2025,12:39 PM,14/09/2025,-16.4791205,-71.4928705,V-140925081806-25069-1,,,V-140925123926-25069-125,Peru Rabies Control,Arequipa,Characato (MR_21),vac14ch,VANCAN formulario 2025 General,Dog,,No,13.5,perro,revac,1_mayor
Sep,14/09/2025,12:38 PM,14/09/2025,-16.4791363,-71.4928576,V-140925081806-25069-1,,,V-140925123809-25069-124,Peru Rabies Control,Arequipa,Characato (MR_21),vac14ch,VANCAN formulario 2025 General,Dog,,No,13.5,perro,revac,1_mayor
Sep,14/09/2025,12:34 PM,14/09/2025,-16.4791144,-71.4928455,V-140925081806-25069-1,,,V-140925123443-25069-123,Peru Rabies Control,Arequipa,Characato (MR_21),vac14ch,VANCAN formulario 2025 General,Dog,,No,13.5,perro,primovac,1_mayor
Sep,14/09/2025,12:29 PM,14/09/2025,-16.4791069,-71.4928366,V-140925081806-25069-1,,,V-140925122958-25069-122,Peru Rabies Control,Arequipa,Characato (MR_21),vac14ch,VANCAN formulario 2025 General,Dog,,No,13.5,perro,revac,1_mayor
Sep,14/09/2025,12:24 PM,14/09/2025,-16.4791373,-71.4928479,V-140925081806-25069-1,,,V-140925122413-25069-121,Peru Rabies Control,Arequipa,Characato (MR_21),vac14ch,VANCAN formulario 2025 General,Dog,,No,13.5,perro,revac,1_mayor
Sep,14/09/2025,12:17 PM,14/09/2025,-16.4791254,-71.4928461,V-140925081806-25069-1,,,V-140925121743-25069-120,Peru Rabies Control,Arequipa,Characato (MR_21),vac14ch,VANCAN formulario 2025 General,Dog,,No,13.5,perro,revac,1_mayor
Sep,14/09/2025,12:16 PM,14/09/2025,-16.4791262,-71.4928341,V-140925081806-25069-1,,,V-140925121610-25069-119,Peru Rabies Control,Arequipa,Characato (MR_21),vac14ch,VANCAN formulario 2025 General,Dog,,No,13.5,perro,revac,1_mayor
Sep,14/09/2025,12:10 PM,14/09/2025,-16.47913,-71.4928522,V-140925081806-25069-1,,,V-140925121045-25069-118,Peru Rabies Control,Arequipa,Characato (MR_21),vac14ch,VANCAN formulario 2025 General,Dog,,No,13.5,perro,revac,1_mayor
Sep,14/09/2025,11:57 AM,14/09/2025,-16.4790563,-71.4928459,V-140925081806-25069-1,,,V-140925115742-25069-117,Peru Rabies Control,Arequipa,Characato (MR_21),vac14ch,VANCAN formulario 2025 General,Dog,,No,13.5,perro,revac,1_mayor
Sep,14/09/2025,11:41 AM,14/09/2025,-16.4791524,-71.4928864,V-140925081806-25069-1,,,V-140925114154-25069-116,Peru Rabies Control,Arequipa,Characato (MR_21),vac14ch,VANCAN formulario 2025 General,Dog,,No,13.5,perro,primovac,1_mayor
Sep,14/09/2025,11:40 AM,14/09/2025,-16.4791051,-71.492834,V-140925081806-25069-1,,,V-140925114025-25069-115,Peru Rabies Control,Arequipa,Characato (MR_21),vac14ch,VANCAN formulario 2025 General,Dog,,No,13.5,perro,revac,1_mayor
Sep,14/09/2025,11:39 AM,14/09/2025,-16.4791112,-71.492833,V-140925081806-25069-1,,,V-140925113948-25069-114,Peru Rabies Control,Arequipa,Characato (MR_21),vac14ch,VANCAN formulario 2025 General,Dog,,No,13.5,perro,revac,1_mayor
Sep,14/09/2025,11:38 AM,14/09/2025,-16.4790936,-71.4928496,V-140925081806-25069-1,,,V-140925113849-25069-113,Peru Rabies Control,Arequipa,Characato (MR_21),vac14ch,VANCAN formulario 2025 General,Dog,,No,13.5,perro,revac,1_mayor
Sep,14/09/2025,11:38 AM,14/09/2025,-16.4791656,-71.4929048,V-140925081806-25069-1,,,V-140925113830-25069-112,Peru Rabies Control,Arequipa,Characato (MR_21),vac14ch,VANCAN formulario 2025 General,Dog,,No,13.5,perro,revac,1_mayor
Sep,14/09/2025,11:38 AM,14/09/2025,-16.479131,-71.4928958,V-140925081806-25069-1,,,V-140925113824-25069-111,Peru Rabies Control,Arequipa,Characato (MR_21),vac14ch,VANCAN formulario 2025 General,Dog,,No,13.5,perro,revac,1_mayor
Sep,14/09/2025,11:38 AM,14/09/2025,-16.4791532,-71.4928528,V-140925081806-25069-1,,,V-140925113817-25069-110,Peru Rabies Control,Arequipa,Characato (MR_21),vac14ch,VANCAN formulario 2025 General,Dog,,No,13.5,perro,revac,1_mayor
Sep,14/09/2025,11:38 AM,14/09/2025,-16.4791087,-71.4928366,V-140925081806-25069-1,,,V-140925113810-25069-109,Peru Rabies Control,Arequipa,Characato (MR_21),vac14ch,VANCAN formulario 2025 General,Dog,,No,13.5,perro,revac,1_mayor
Sep,14/09/2025,11:37 AM,14/09/2025,-16.4791004,-71.4928634,V-140925081806-25069-1,,,V-140925113756-25069-108,Peru Rabies Control,Arequipa,Characato (MR_21),vac14ch,VANCAN formulario 2025 General,Dog,,No,13.5,perro,revac,1_mayor
Sep,14/09/2025,11:37 AM,14/09/2025,-16.4791007,-71.4928236,V-140925081806-25069-1,,,V-140925113745-25069-107,Peru Rabies Control,Arequipa,Characato (MR_21),vac14ch,VANCAN formulario 2025 General,Dog,,No,13.5,perro,revac,1_mayor
Sep,14/09/2025,11:36 AM,14/09/2025,-16.4789702,-71.4927818,V-140925081806-25069-1,,,V-140925113639-25069-106,Peru Rabies Control,Arequipa,Characato (MR_21),vac14ch,VANCAN formulario 2025 General,Dog,,No,13.5,perro,revac,1_mayor
Sep,14/09/2025,11:24 AM,14/09/2025,-16.479148,-71.492864,V-140925081806-25069-1,,,V-140925112451-25069-105,Peru Rabies Control,Arequipa,Characato (MR_21),vac14ch,VANCAN formulario 2025 General,Dog,,No,13.5,perro,revac,1_mayor
Sep,14/09/2025,11:13 AM,14/09/2025,-16.4791115,-71.4928555,V-140925081806-25069-1,,,V-140925111324-25069-104,Peru Rabies Control,Arequipa,Characato (MR_21),vac14ch,VANCAN formulario 2025 General,Dog,,No,13.5,perro,revac,1_mayor
Sep,14/09/2025,11:12 AM,14/09/2025,-16.4791004,-71.4928518,V-140925081806-25069-1,,,V-140925111231-25069-103,Peru Rabies Control,Arequipa,Characato (MR_21),vac14ch,VANCAN formulario 2025 General,Dog,,No,13.5,perro,revac,1_mayor
Sep,14/09/2025,11:12 AM,14/09/2025,-16.4791039,-71.4928447,V-140925081806-25069-1,,,V-140925111218-25069-102,Peru Rabies Control,Arequipa,Characato (MR_21),vac14ch,VANCAN formulario 2025 General,Dog,,No,13.5,perro,revac,1_mayor
Sep,14/09/2025,11:12 AM,14/09/2025,-16.4791039,-71.4928447,V-140925081806-25069-1,,,V-140925111207-25069-101,Peru Rabies Control,Arequipa,Characato (MR_21),vac14ch,VANCAN formulario 2025 General,Dog,,No,13.5,perro,primovac,1_mayor
Sep,14/09/2025,11:06 AM,14/09/2025,-16.4791203,-71.4928478,V-140925081806-25069-1,,,V-140925110647-25069-100,Peru Rabies Control,Arequipa,Characato (MR_21),vac14ch,VANCAN formulario 2025 General,Dog,,No,13.5,perro,revac,1_mayor
Sep,14/09/2025,11:04 AM,14/09/2025,-16.4790949,-71.4928231,V-140925081806-25069-1,,,V-140925110436-25069-99,Peru Rabies Control,Arequipa,Characato (MR_21),vac14ch,VANCAN formulario 2025 General,Dog,,No,13.5,perro,revac,1_mayor
Sep,14/09/2025,11:04 AM,14/09/2025,-16.4791088,-71.4928467,V-140925081806-25069-1,,,V-140925110426-25069-98,Peru Rabies Control,Arequipa,Characato (MR_21),vac14ch,VANCAN formulario 2025 General,Dog,,No,13.5,perro,revac,1_mayor
Sep,14/09/2025,11:03 AM,14/09/2025,-16.4791135,-71.4928397,V-140925081806-25069-1,,,V-140925110328-25069-97,Peru Rabies Control,Arequipa,Characato (MR_21),vac14ch,VANCAN formulario 2025 General,Dog,,No,13.5,perro,primovac,1_mayor
Sep,14/09/2025,11:03 AM,14/09/2025,-16.4791135,-71.4928397,V-140925081806-25069-1,,,V-140925110321-25069-96,Peru Rabies Control,Arequipa,Characato (MR_21),vac14ch,VANCAN formulario 2025 General,Dog,,No,13.5,perro,primovac,1_mayor
Sep,14/09/2025,10:56 AM,14/09/2025,-16.4791076,-71.4928434,V-140925081806-25069-1,,,V-140925105659-25069-95,Peru Rabies Control,Arequipa,Characato (MR_21),vac14ch,VANCAN formulario 2025 General,Dog,,No,13.5,perro,revac,1_mayor
Sep,14/09/2025,10:56 AM,14/09/2025,-16.4790847,-71.4928479,V-140925081806-25069-1,,,V-140925105629-25069-94,Peru Rabies Control,Arequipa,Characato (MR_21),vac14ch,VANCAN formulario 2025 General,Dog,,No,13.5,perro,revac,1_mayor
Sep,14/09/2025,10:55 AM,14/09/2025,-16.479092,-71.4928388,V-140925081806-25069-1,,,V-140925105548-25069-93,Peru Rabies Control,Arequipa,Characato (MR_21),vac14ch,VANCAN formulario 2025 General,Dog,,No,13.5,perro,revac,1_mayor
Sep,14/09/2025,10:53 AM,14/09/2025,-16.4791052,-71.4928146,V-140925081806-25069-1,,,V-140925105354-25069-92,Peru Rabies Control,Arequipa,Characato (MR_21),vac14ch,VANCAN formulario 2025 General,Dog,,No,13.5,perro,revac,1_mayor
Sep,14/09/2025,10:53 AM,14/09/2025,-16.4791031,-71.4928285,V-140925081806-25069-1,,,V-140925105342-25069-91,Peru Rabies Control,Arequipa,Characato (MR_21),vac14ch,VANCAN formulario 2025 General,Dog,,No,13.5,perro,revac,1_mayor
Sep,14/09/2025,10:51 AM,14/09/2025,-16.4791141,-71.4928413,V-140925081806-25069-1,,,V-140925105143-25069-90,Peru Rabies Control,Arequipa,Characato (MR_21),vac14ch,VANCAN formulario 2025 General,Dog,,No,13.5,perro,revac,1_mayor
Sep,14/09/2025,10:51 AM,14/09/2025,-16.4791161,-71.4928422,V-140925081806-25069-1,,,V-140925105110-25069-89,Peru Rabies Control,Arequipa,Characato (MR_21),vac14ch,VANCAN formulario 2025 General,Dog,,No,13.5,perro,revac,1_mayor
Sep,14/09/2025,10:45 AM,14/09/2025,-16.4791009,-71.4928268,V-140925081806-25069-1,,,V-140925104523-25069-88,Peru Rabies Control,Arequipa,Characato (MR_21),vac14ch,VANCAN formulario 2025 General,Dog,,No,13.5,perro,revac,1_mayor
Sep,14/09/2025,10:43 AM,14/09/2025,-16.4791287,-71.4928436,V-140925081806-25069-1,,,V-140925104313-25069-87,Peru Rabies Control,Arequipa,Characato (MR_21),vac14ch,VANCAN formulario 2025 General,Dog,,No,13.5,perro,primovac,menor_1
Sep,14/09/2025,10:43 AM,14/09/2025,-16.4791314,-71.4928502,V-140925081806-25069-1,,,V-140925104307-25069-86,Peru Rabies Control,Arequipa,Characato (MR_21),vac14ch,VANCAN formulario 2025 General,Dog,,No,13.5,perro,revac,1_mayor
Sep,14/09/2025,10:41 AM,14/09/2025,-16.4790981,-71.4927995,V-140925081806-25069-1,,,V-140925104141-25069-85,Peru Rabies Control,Arequipa,Characato (MR_21),vac14ch,VANCAN formulario 2025 General,Dog,,No,13.5,perro,revac,1_mayor
Sep,14/09/2025,10:39 AM,14/09/2025,-16.479117,-71.4928418,V-140925081806-25069-1,,,V-140925103932-25069-84,Peru Rabies Control,Arequipa,Characato (MR_21),vac14ch,VANCAN formulario 2025 General,Dog,,No,13.5,perro,primovac,1_mayor
Sep,14/09/2025,10:38 AM,14/09/2025,-16.4791217,-71.4928234,V-140925081806-25069-1,,,V-140925103828-25069-83,Peru Rabies Control,Arequipa,Characato (MR_21),vac14ch,VANCAN formulario 2025 General,Dog,,No,13.5,perro,revac,1_mayor
Sep,14/09/2025,10:37 AM,14/09/2025,-16.4791342,-71.4928471,V-140925081806-25069-1,,,V-140925103748-25069-82,Peru Rabies Control,Arequipa,Characato (MR_21),vac14ch,VANCAN formulario 2025 General,Dog,,No,13.5,perro,revac,1_mayor
Sep,14/09/2025,10:37 AM,14/09/2025,-16.4791152,-71.4928165,V-140925081806-25069-1,,,V-140925103708-25069-81,Peru Rabies Control,Arequipa,Characato (MR_21),vac14ch,VANCAN formulario 2025 General,Dog,,No,13.5,perro,revac,1_mayor
Sep,14/09/2025,10:35 AM,14/09/2025,-16.4791051,-71.4928115,V-140925081806-25069-1,,,V-140925103545-25069-80,Peru Rabies Control,Arequipa,Characato (MR_21),vac14ch,VANCAN formulario 2025 General,Dog,,No,13.5,perro,revac,1_mayor
Sep,14/09/2025,10:34 AM,14/09/2025,-16.479128,-71.4928518,V-140925081806-25069-1,,,V-140925103448-25069-79,Peru Rabies Control,Arequipa,Characato (MR_21),vac14ch,VANCAN formulario 2025 General,Dog,,No,13.5,perro,primovac,1_mayor
Sep,14/09/2025,10:34 AM,14/09/2025,-16.4791223,-71.4928448,V-140925081806-25069-1,,,V-140925103403-25069-78,Peru Rabies Control,Arequipa,Characato (MR_21),vac14ch,VANCAN formulario 2025 General,Dog,,No,13.5,perro,revac,1_mayor
Sep,14/09/2025,10:33 AM,14/09/2025,-16.4791196,-71.4928452,V-140925081806-25069-1,,,V-140925103329-25069-77,Peru Rabies Control,Arequipa,Characato (MR_21),vac14ch,VANCAN formulario 2025 General,Dog,,No,13.5,perro,revac,1_mayor
Sep,14/09/2025,10:32 AM,14/09/2025,-16.4791179,-71.4928199,V-140925081806-25069-1,,,V-140925103231-25069-76,Peru Rabies Control,Arequipa,Characato (MR_21),vac14ch,VANCAN formulario 2025 General,Dog,,No,13.5,perro,revac,1_mayor
Sep,14/09/2025,10:30 AM,14/09/2025,-16.4791158,-71.4928518,V-140925081806-25069-1,,,V-140925103042-25069-75,Peru Rabies Control,Arequipa,Characato (MR_21),vac14ch,VANCAN formulario 2025 General,Dog,,No,13.5,perro,revac,1_mayor
Sep,14/09/2025,10:30 AM,14/09/2025,-16.4791171,-71.4928487,V-140925081806-25069-1,,,V-140925103028-25069-74,Peru Rabies Control,Arequipa,Characato (MR_21),vac14ch,VANCAN formulario 2025 General,Dog,,No,13.5,perro,revac,1_mayor
Sep,14/09/2025,10:26 AM,14/09/2025,-16.4790995,-71.4927904,V-140925081806-25069-1,,,V-140925102653-25069-73,Peru Rabies Control,Arequipa,Characato (MR_21),vac14ch,VANCAN formulario 2025 General,Dog,,No,13.5,perro,revac,1_mayor
Sep,14/09/2025,10:26 AM,14/09/2025,-16.4791272,-71.492849,V-140925081806-25069-1,,,V-140925102608-25069-72,Peru Rabies Control,Arequipa,Characato (MR_21),vac14ch,VANCAN formulario 2025 General,Dog,,No,13.5,perro,revac,1_mayor
Sep,14/09/2025,10:24 AM,14/09/2025,-16.4790947,-71.4928202,V-140925081806-25069-1,,,V-140925102434-25069-71,Peru Rabies Control,Arequipa,Characato (MR_21),vac14ch,VANCAN formulario 2025 General,Dog,,No,13.5,perro,revac,1_mayor
Sep,14/09/2025,10:23 AM,14/09/2025,-16.4791053,-71.492842,V-140925081806-25069-1,,,V-140925102323-25069-70,Peru Rabies Control,Arequipa,Characato (MR_21),vac14ch,VANCAN formulario 2025 General,Dog,,No,13.5,perro,revac,1_mayor
Sep,14/09/2025,10:21 AM,14/09/2025,-16.4791147,-71.4928469,V-140925081806-25069-1,,,V-140925102156-25069-69,Peru Rabies Control,Arequipa,Characato (MR_21),vac14ch,VANCAN formulario 2025 General,Dog,,No,13.5,perro,primovac,menor_1
Sep,14/09/2025,10:21 AM,14/09/2025,-16.4791035,-71.492814,V-140925081806-25069-1,,,V-140925102150-25069-68,Peru Rabies Control,Arequipa,Characato (MR_21),vac14ch,VANCAN formulario 2025 General,Dog,,No,13.5,perro,revac,1_mayor
Sep,14/09/2025,10:21 AM,14/09/2025,-16.4791202,-71.4928326,V-140925081806-25069-1,,,V-140925102142-25069-67,Peru Rabies Control,Arequipa,Characato (MR_21),vac14ch,VANCAN formulario 2025 General,Dog,,No,13.5,perro,revac,1_mayor
Sep,14/09/2025,10:21 AM,14/09/2025,-16.4791202,-71.4928326,V-140925081806-25069-1,,,V-140925102136-25069-66,Peru Rabies Control,Arequipa,Characato (MR_21),vac14ch,VANCAN formulario 2025 General,Dog,,No,13.5,perro,revac,1_mayor
Sep,14/09/2025,10:19 AM,14/09/2025,-16.4791582,-71.4928457,V-140925081806-25069-1,,,V-140925101906-25069-65,Peru Rabies Control,Arequipa,Characato (MR_21),vac14ch,VANCAN formulario 2025 General,Dog,,No,13.5,perro,revac,1_mayor
Sep,14/09/2025,10:18 AM,14/09/2025,-16.479147,-71.4928782,V-140925081806-25069-1,,,V-140925101846-25069-64,Peru Rabies Control,Arequipa,Characato (MR_21),vac14ch,VANCAN formulario 2025 General,Dog,,No,13.5,perro,revac,1_mayor
Sep,14/09/2025,10:18 AM,14/09/2025,-16.4791205,-71.4928967,V-140925081806-25069-1,,,V-140925101804-25069-63,Peru Rabies Control,Arequipa,Characato (MR_21),vac14ch,VANCAN formulario 2025 General,Dog,,No,13.5,perro,primovac,menor_1
Sep,14/09/2025,10:12 AM,14/09/2025,-16.47909,-71.4928481,V-140925081806-25069-1,,,V-140925101245-25069-62,Peru Rabies Control,Arequipa,Characato (MR_21),vac14ch,VANCAN formulario 2025 General,Dog,,No,13.5,perro,primovac,menor_1
Sep,14/09/2025,10:12 AM,14/09/2025,-16.4791296,-71.4928565,V-140925081806-25069-1,,,V-140925101207-25069-61,Peru Rabies Control,Arequipa,Characato (MR_21),vac14ch,VANCAN formulario 2025 General,Dog,,No,13.5,perro,revac,menor_1
Sep,14/09/2025,10:09 AM,14/09/2025,-16.4791213,-71.4928614,V-140925081806-25069-1,,,V-140925100952-25069-60,Peru Rabies Control,Arequipa,Characato (MR_21),vac14ch,VANCAN formulario 2025 General,Dog,,No,13.5,perro,revac,1_mayor
Sep,14/09/2025,10:08 AM,14/09/2025,-16.4791258,-71.492852,V-140925081806-25069-1,,,V-140925100859-25069-59,Peru Rabies Control,Arequipa,Characato (MR_21),vac14ch,VANCAN formulario 2025 General,Dog,,No,13.5,perro,primovac,menor_1
Sep,14/09/2025,10:08 AM,14/09/2025,-16.4791274,-71.4928673,V-140925081806-25069-1,,,V-140925100822-25069-58,Peru Rabies Control,Arequipa,Characato (MR_21),vac14ch,VANCAN formulario 2025 General,Dog,,No,13.5,perro,revac,1_mayor
Sep,14/09/2025,10:06 AM,14/09/2025,-16.4790804,-71.4929129,V-140925081806-25069-1,,,V-140925100645-25069-57,Peru Rabies Control,Arequipa,Characato (MR_21),vac14ch,VANCAN formulario 2025 General,Dog,,No,13.5,perro,revac,1_mayor
Sep,14/09/2025,10:06 AM,14/09/2025,-16.4790595,-71.4929433,V-140925081806-25069-1,,,V-140925100624-25069-56,Peru Rabies Control,Arequipa,Characato (MR_21),vac14ch,VANCAN formulario 2025 General,Dog,,No,13.5,perro,revac,1_mayor
Sep,14/09/2025,10:06 AM,14/09/2025,-16.4791121,-71.492894,V-140925081806-25069-1,,,V-140925100603-25069-55,Peru Rabies Control,Arequipa,Characato (MR_21),vac14ch,VANCAN formulario 2025 General,Dog,,No,13.5,perro,revac,1_mayor
Sep,14/09/2025,10:04 AM,14/09/2025,-16.4791208,-71.4928458,V-140925081806-25069-1,,,V-140925100421-25069-54,Peru Rabies Control,Arequipa,Characato (MR_21),vac14ch,VANCAN formulario 2025 General,Dog,,No,13.5,perro,primovac,menor_1
Sep,14/09/2025,10:03 AM,14/09/2025,-16.4791249,-71.4928506,V-140925081806-25069-1,,,V-140925100344-25069-53,Peru Rabies Control,Arequipa,Characato (MR_21),vac14ch,VANCAN formulario 2025 General,Dog,,No,13.5,perro,revac,1_mayor
Sep,14/09/2025,10:00 AM,14/09/2025,-16.4791219,-71.4928262,V-140925081806-25069-1,,,V-140925100031-25069-52,Peru Rabies Control,Arequipa,Characato (MR_21),vac14ch,VANCAN formulario 2025 General,Dog,,No,13.5,perro,revac,1_mayor
Sep,14/09/2025,09:56 AM,14/09/2025,-16.4791219,-71.4928444,V-140925081806-25069-1,,,V-140925095616-25069-51,Peru Rabies Control,Arequipa,Characato (MR_21),vac14ch,VANCAN formulario 2025 General,Dog,,No,13.5,perro,revac,1_mayor
Sep,14/09/2025,09:52 AM,14/09/2025,-16.4791257,-71.4928396,V-140925081806-25069-1,,,V-140925095234-25069-50,Peru Rabies Control,Arequipa,Characato (MR_21),vac14ch,VANCAN formulario 2025 General,Dog,,No,13.5,perro,revac,1_mayor
Sep,14/09/2025,09:52 AM,14/09/2025,-16.4791257,-71.4928396,V-140925081806-25069-1,,,V-140925095221-25069-49,Peru Rabies Control,Arequipa,Characato (MR_21),vac14ch,VANCAN formulario 2025 General,Dog,,No,13.5,perro,revac,1_mayor
Sep,14/09/2025,09:44 AM,14/09/2025,-16.4791514,-71.4928697,V-140925081806-25069-1,,,V-140925094457-25069-48,Peru Rabies Control,Arequipa,Characato (MR_21),vac14ch,VANCAN formulario 2025 General,Dog,,No,13.5,perro,revac,1_mayor
Sep,14/09/2025,09:43 AM,14/09/2025,-16.4791407,-71.4928736,V-140925081806-25069-1,,,V-140925094343-25069-47,Peru Rabies Control,Arequipa,Characato (MR_21),vac14ch,VANCAN formulario 2025 General,Dog,,No,13.5,perro,revac,1_mayor
Sep,14/09/2025,09:42 AM,14/09/2025,-16.4791349,-71.4928676,V-140925081806-25069-1,,,V-140925094256-25069-46,Peru Rabies Control,Arequipa,Characato (MR_21),vac14ch,VANCAN formulario 2025 General,Dog,,No,13.5,perro,revac,1_mayor
Sep,14/09/2025,09:41 AM,14/09/2025,-16.4791265,-71.4928586,V-140925081806-25069-1,,,V-140925094158-25069-45,Peru Rabies Control,Arequipa,Characato (MR_21),vac14ch,VANCAN formulario 2025 General,Dog,,No,13.5,perro,primovac,1_mayor
Sep,14/09/2025,09:41 AM,14/09/2025,-16.4791189,-71.4928355,V-140925081806-25069-1,,,V-140925094123-25069-44,Peru Rabies Control,Arequipa,Characato (MR_21),vac14ch,VANCAN formulario 2025 General,Dog,,No,13.5,perro,primovac,menor_1
Sep,14/09/2025,09:40 AM,14/09/2025,-16.4791381,-71.4928469,V-140925081806-25069-1,,,V-140925094027-25069-43,Peru Rabies Control,Arequipa,Characato (MR_21),vac14ch,VANCAN formulario 2025 General,Dog,,No,13.5,perro,revac,1_mayor
Sep,14/09/2025,09:39 AM,14/09/2025,-16.479127,-71.492839,V-140925081806-25069-1,,,V-140925093936-25069-42,Peru Rabies Control,Arequipa,Characato (MR_21),vac14ch,VANCAN formulario 2025 General,Dog,,No,13.5,perro,revac,1_mayor
Sep,14/09/2025,09:38 AM,14/09/2025,-16.4791322,-71.4928353,V-140925081806-25069-1,,,V-140925093832-25069-41,Peru Rabies Control,Arequipa,Characato (MR_21),vac14ch,VANCAN formulario 2025 General,Dog,,No,13.5,perro,revac,1_mayor
Sep,14/09/2025,09:36 AM,14/09/2025,-16.4791127,-71.4928615,V-140925081806-25069-1,,,V-140925093611-25069-40,Peru Rabies Control,Arequipa,Characato (MR_21),vac14ch,VANCAN formulario 2025 General,Dog,,No,13.5,perro,revac,1_mayor
Sep,14/09/2025,09:35 AM,14/09/2025,-16.4791194,-71.4928511,V-140925081806-25069-1,,,V-140925093532-25069-39,Peru Rabies Control,Arequipa,Characato (MR_21),vac14ch,VANCAN formulario 2025 General,Dog,,No,13.5,perro,primovac,1_mayor
Sep,14/09/2025,09:34 AM,14/09/2025,-16.4791089,-71.4928406,V-140925081806-25069-1,,,V-140925093437-25069-38,Peru Rabies Control,Arequipa,Characato (MR_21),vac14ch,VANCAN formulario 2025 General,Dog,,No,13.5,perro,revac,1_mayor
Sep,14/09/2025,09:33 AM,14/09/2025,-16.4791077,-71.4928477,V-140925081806-25069-1,,,V-140925093348-25069-37,Peru Rabies Control,Arequipa,Characato (MR_21),vac14ch,VANCAN formulario 2025 General,Dog,,No,13.5,perro,revac,1_mayor
Sep,14/09/2025,09:33 AM,14/09/2025,-16.4791474,-71.4928738,V-140925081806-25069-1,,,V-140925093305-25069-36,Peru Rabies Control,Arequipa,Characato (MR_21),vac14ch,VANCAN formulario 2025 General,Dog,,No,13.5,perro,revac,1_mayor
Sep,14/09/2025,09:32 AM,14/09/2025,-16.4791264,-71.4928174,V-140925081806-25069-1,,,V-140925093214-25069-35,Peru Rabies Control,Arequipa,Characato (MR_21),vac14ch,VANCAN formulario 2025 General,Dog,,No,13.5,perro,primovac,1_mayor
Sep,14/09/2025,09:31 AM,14/09/2025,-16.4791451,-71.4928512,V-140925081806-25069-1,,,V-140925093140-25069-34,Peru Rabies Control,Arequipa,Characato (MR_21),vac14ch,VANCAN formulario 2025 General,Dog,,No,13.5,perro,primovac,1_mayor
Sep,14/09/2025,09:31 AM,14/09/2025,-16.4791427,-71.4928446,V-140925081806-25069-1,,,V-140925093118-25069-33,Peru Rabies Control,Arequipa,Characato (MR_21),vac14ch,VANCAN formulario 2025 General,Dog,,No,13.5,perro,primovac,1_mayor
Sep,14/09/2025,09:30 AM,14/09/2025,-16.4791093,-71.4928296,V-140925081806-25069-1,,,V-140925093053-25069-32,Peru Rabies Control,Arequipa,Characato (MR_21),vac14ch,VANCAN formulario 2025 General,Dog,,No,13.5,perro,primovac,1_mayor
Sep,14/09/2025,09:30 AM,14/09/2025,-16.479114,-71.4928364,V-140925081806-25069-1,,,V-140925093023-25069-31,Peru Rabies Control,Arequipa,Characato (MR_21),vac14ch,VANCAN formulario 2025 General,Dog,,No,13.5,perro,revac,1_mayor
Sep,14/09/2025,09:29 AM,14/09/2025,-16.4791236,-71.4928772,V-140925081806-25069-1,,,V-140925092929-25069-30,Peru Rabies Control,Arequipa,Characato (MR_21),vac14ch,VANCAN formulario 2025 General,Dog,,No,13.5,perro,primovac,menor_1
Sep,14/09/2025,09:27 AM,14/09/2025,-16.4791416,-71.4928836,V-140925081806-25069-1,,,V-140925092737-25069-29,Peru Rabies Control,Arequipa,Characato (MR_21),vac14ch,VANCAN formulario 2025 General,Dog,,No,13.5,perro,revac,1_mayor
Sep,14/09/2025,09:27 AM,14/09/2025,-16.4791416,-71.4928836,V-140925081806-25069-1,,,V-140925092731-25069-28,Peru Rabies Control,Arequipa,Characato (MR_21),vac14ch,VANCAN formulario 2025 General,Dog,,No,13.5,perro,primovac,1_mayor
Sep,14/09/2025,09:26 AM,14/09/2025,-16.4791184,-71.4928571,V-140925081806-25069-1,,,V-140925092636-25069-27,Peru Rabies Control,Arequipa,Characato (MR_21),vac14ch,VANCAN formulario 2025 General,Dog,,No,13.5,perro,primovac,1_mayor
Sep,14/09/2025,09:24 AM,14/09/2025,-16.4791306,-71.4928684,V-140925081806-25069-1,,,V-140925092439-25069-26,Peru Rabies Control,Arequipa,Characato (MR_21),vac14ch,VANCAN formulario 2025 General,Dog,,No,13.5,perro,primovac,1_mayor
Sep,14/09/2025,09:24 AM,14/09/2025,-16.4791293,-71.4928673,V-140925081806-25069-1,,,V-140925092433-25069-25,Peru Rabies Control,Arequipa,Characato (MR_21),vac14ch,VANCAN formulario 2025 General,Dog,,No,13.5,perro,revac,1_mayor
Sep,14/09/2025,09:23 AM,14/09/2025,-16.4791214,-71.4928294,V-140925081806-25069-1,,,V-140925092319-25069-24,Peru Rabies Control,Arequipa,Characato (MR_21),vac14ch,VANCAN formulario 2025 General,Dog,,No,13.5,perro,revac,1_mayor
Sep,14/09/2025,09:23 AM,14/09/2025,-16.4791078,-71.492888,V-140925081806-25069-1,,,V-140925092307-25069-23,Peru Rabies Control,Arequipa,Characato (MR_21),vac14ch,VANCAN formulario 2025 General,Dog,,No,13.5,perro,revac,1_mayor
Sep,14/09/2025,09:21 AM,14/09/2025,-16.4791401,-71.4928246,V-140925081806-25069-1,,,V-140925092149-25069-22,Peru Rabies Control,Arequipa,Characato (MR_21),vac14ch,VANCAN formulario 2025 General,Dog,,No,13.5,perro,revac,1_mayor
Sep,14/09/2025,09:20 AM,14/09/2025,-16.4791277,-71.4928358,V-140925081806-25069-1,,,V-140925092018-25069-21,Peru Rabies Control,Arequipa,Characato (MR_21),vac14ch,VANCAN formulario 2025 General,Dog,,No,13.5,perro,primovac,1_mayor
Sep,14/09/2025,09:19 AM,14/09/2025,-16.4791382,-71.4928767,V-140925081806-25069-1,,,V-140925091950-25069-20,Peru Rabies Control,Arequipa,Characato (MR_21),vac14ch,VANCAN formulario 2025 General,Dog,,No,13.5,perro,primovac,1_mayor
Sep,14/09/2025,09:18 AM,14/09/2025,-16.4791532,-71.492848,V-140925081806-25069-1,,,V-140925091856-25069-19,Peru Rabies Control,Arequipa,Characato (MR_21),vac14ch,VANCAN formulario 2025 General,Dog,,No,13.5,perro,revac,1_mayor
Sep,14/09/2025,09:17 AM,14/09/2025,-16.4791311,-71.4928394,V-140925081806-25069-1,,,V-140925091745-25069-18,Peru Rabies Control,Arequipa,Characato (MR_21),vac14ch,VANCAN formulario 2025 General,Dog,,No,13.5,perro,revac,1_mayor
Sep,14/09/2025,09:16 AM,14/09/2025,-16.4791784,-71.4928736,V-140925081806-25069-1,,,V-140925091615-25069-17,Peru Rabies Control,Arequipa,Characato (MR_21),vac14ch,VANCAN formulario 2025 General,Dog,,No,13.5,perro,revac,1_mayor
Sep,14/09/2025,09:12 AM,14/09/2025,-16.4791179,-71.4928513,V-140925081806-25069-1,,,V-140925091206-25069-16,Peru Rabies Control,Arequipa,Characato (MR_21),vac14ch,VANCAN formulario 2025 General,Dog,,No,13.5,perro,revac,1_mayor
Sep,14/09/2025,09:11 AM,14/09/2025,-16.4791223,-71.492839,V-140925081806-25069-1,,,V-140925091135-25069-15,Peru Rabies Control,Arequipa,Characato (MR_21),vac14ch,VANCAN formulario 2025 General,Dog,,No,13.5,perro,primovac,1_mayor
Sep,14/09/2025,09:06 AM,14/09/2025,-16.4791287,-71.4928471,V-140925081806-25069-1,,,V-140925090601-25069-14,Peru Rabies Control,Arequipa,Characato (MR_21),vac14ch,VANCAN formulario 2025 General,Dog,,No,13.5,perro,revac,1_mayor
Sep,14/09/2025,09:03 AM,14/09/2025,-16.4791077,-71.4928525,V-140925081806-25069-1,,,V-140925090302-25069-13,Peru Rabies Control,Arequipa,Characato (MR_21),vac14ch,VANCAN formulario 2025 General,Dog,,No,13.5,perro,primovac,1_mayor
Sep,14/09/2025,09:00 AM,14/09/2025,-16.4791334,-71.4928823,V-140925081806-25069-1,,,V-140925090005-25069-12,Peru Rabies Control,Arequipa,Characato (MR_21),vac14ch,VANCAN formulario 2025 General,Dog,,No,13.5,perro,revac,1_mayor
Sep,14/09/2025,08:59 AM,14/09/2025,-16.4791398,-71.4928547,V-140925081806-25069-1,,,V-140925085945-25069-11,Peru Rabies Control,Arequipa,Characato (MR_21),vac14ch,VANCAN formulario 2025 General,Dog,,No,13.5,perro,primovac,menor_1
Sep,14/09/2025,08:53 AM,14/09/2025,-16.4791051,-71.4928481,V-140925081806-25069-1,,,V-140925085347-25069-10,Peru Rabies Control,Arequipa,Characato (MR_21),vac14ch,VANCAN formulario 2025 General,Dog,,No,13.5,perro,primovac,1_mayor
Sep,14/09/2025,08:51 AM,14/09/2025,-16.4791091,-71.4928388,V-140925081806-25069-1,,,V-140925085151-25069-9,Peru Rabies Control,Arequipa,Characato (MR_21),vac14ch,VANCAN formulario 2025 General,Dog,,No,13.5,perro,revac,1_mayor
Sep,14/09/2025,08:50 AM,14/09/2025,-16.4791135,-71.4928482,V-140925081806-25069-1,,,V-140925085057-25069-8,Peru Rabies Control,Arequipa,Characato (MR_21),vac14ch,VANCAN formulario 2025 General,Dog,,No,13.5,perro,revac,1_mayor
Sep,14/09/2025,08:47 AM,14/09/2025,-16.4791181,-71.4928578,V-140925081806-25069-1,,,V-140925084759-25069-7,Peru Rabies Control,Arequipa,Characato (MR_21),vac14ch,VANCAN formulario 2025 General,Dog,,No,13.5,perro,revac,1_mayor
Sep,14/09/2025,08:39 AM,14/09/2025,-16.4791142,-71.4928743,V-140925081806-25069-1,,,V-140925083944-25069-6,Peru Rabies Control,Arequipa,Characato (MR_21),vac14ch,VANCAN formulario 2025 General,Dog,,No,13.5,perro,primovac,1_mayor
Sep,14/09/2025,08:36 AM,14/09/2025,-16.4791002,-71.4928427,V-140925081806-25069-1,,,V-140925083656-25069-5,Peru Rabies Control,Arequipa,Characato (MR_21),vac14ch,VANCAN formulario 2025 General,Dog,,No,13.5,perro,revac,1_mayor
Sep,14/09/2025,08:32 AM,14/09/2025,-16.4791432,-71.4929787,V-140925081806-25069-1,,,V-140925083252-25069-4,Peru Rabies Control,Arequipa,Characato (MR_21),vac14ch,VANCAN formulario 2025 General,Dog,,No,13.5,perro,revac,1_mayor
Sep,14/09/2025,08:32 AM,14/09/2025,-16.4790931,-71.4928319,V-140925081806-25069-1,,,V-140925083246-25069-3,Peru Rabies Control,Arequipa,Characato (MR_21),vac14ch,VANCAN formulario 2025 General,Dog,,No,13.5,perro,primovac,1_mayor
Sep,14/09/2025,08:32 AM,14/09/2025,-16.4789943,-71.492628,V-140925081806-25069-1,,,V-140925083240-25069-2,Peru Rabies Control,Arequipa,Characato (MR_21),vac14ch,VANCAN formulario 2025 General,Dog,,No,13.5,perro,revac,1_mayor
Sep,14/09/2025,08:32 AM,14/09/2025,-16.4791449,-71.492988,V-140925081806-25069-1,,,V-140925083223-25069-1,Peru Rabies Control,Arequipa,Characato (MR_21),vac14ch,VANCAN formulario 2025 General,Dog,,No,13.5,perro,revac,1_mayor
Sep,21/09/2025,09:33 AM,21/09/2025,-16.4619482717513,-71.4845739122109,V-2109250930-25067-25,,,V-2109250931-25067-26,Peru Rabies Control,Arequipa,Characato (MR_21),vac12ch,VANCAN formulario 2025 General,Dog,,No,3.7502944591916503,perro,revac,menor_1
Sep,21/09/2025,09:33 AM,21/09/2025,-16.4619349394585,-71.4845773187788,V-2109250930-25067-25,,,V-2109250933-25067-27,Peru Rabies Control,Arequipa,Characato (MR_21),vac12ch,VANCAN formulario 2025 General,Dog,,No,3.7502944591916503,perro,revac,1_mayor
Sep,21/09/2025,09:33 AM,21/09/2025,-16.4619273095579,-71.4845819156045,V-2109250930-25067-25,,,V-2109250933-25067-28,Peru Rabies Control,Arequipa,Characato (MR_21),vac12ch,VANCAN formulario 2025 General,Dog,,No,3.7502944591916503,perro,revac,1_mayor
Sep,21/09/2025,09:35 AM,21/09/2025,-16.4618359771309,-71.4845785093956,V-2109250930-25067-25,,,V-2109250935-25067-29,Peru Rabies Control,Arequipa,Characato (MR_21),vac12ch,VANCAN formulario 2025 General,Dog,,No,3.7502944591916503,perro,revac,1_mayor
Sep,21/09/2025,09:37 AM,21/09/2025,-16.4618875122757,-71.4845929885764,V-2109250930-25067-25,,,V-2109250937-25067-30,Peru Rabies Control,Arequipa,Characato (MR_21),vac12ch,VANCAN formulario 2025 General,Dog,,No,3.7502944591916503,gato,,
Sep,21/09/2025,09:38 AM,21/09/2025,-16.4618803716239,-71.4845840810873,V-2109250930-25067-25,,,V-2109250938-25067-31,Peru Rabies Control,Arequipa,Characato (MR_21),vac12ch,VANCAN formulario 2025 General,Dog,,No,3.7502944591916503,gato,,
Sep,21/09/2025,09:13 AM,21/09/2025,-16.4726785,-71.5202636,V-210925084350-25063-1,,,V-210925091356-25063-5,Peru Rabies Control,Arequipa,Characato (MR_21),vac08ch,VANCAN formulario 2025 General,Dog,,No,87.6,perro,revac,1_mayor
Sep,21/09/2025,09:13 AM,21/09/2025,-16.472674,-71.5202681,V-210925084350-25063-1,,,V-210925091346-25063-4,Peru Rabies Control,Arequipa,Characato (MR_21),vac08ch,VANCAN formulario 2025 General,Dog,,No,87.6,perro,revac,1_mayor
Sep,21/09/2025,09:13 AM,21/09/2025,-16.4726754,-71.5202896,V-210925084350-25063-1,,,V-210925091341-25063-3,Peru Rabies Control,Arequipa,Characato (MR_21),vac08ch,VANCAN formulario 2025 General,Dog,,No,87.6,perro,revac,1_mayor
Sep,21/09/2025,08:58 AM,21/09/2025,-16.4726399,-71.5233328,V-210925084350-25063-1,,,V-210925085804-25063-2,Peru Rabies Control,Arequipa,Characato (MR_21),vac08ch,VANCAN formulario 2025 General,Dog,,No,87.6,gato,,
Sep,21/09/2025,08:44 AM,21/09/2025,-16.472722,-71.5202446,V-210925084350-25063-1,,,V-210925084413-25063-1,Peru Rabies Control,Arequipa,Characato (MR_21),vac08ch,VANCAN formulario 2025 General,Dog,,No,87.6,perro,revac,1_mayor
Sep,21/09/2025,09:52 AM,21/09/2025,-16.4609474,-71.4892693,V-210925084311-25066-1,,,V-210925095244-25066-18,Peru Rabies Control,Arequipa,Characato (MR_21),vac11ch,VANCAN formulario 2025 General,Dog,,No,29.366,perro,revac,1_mayor
Sep,21/09/2025,09:46 AM,21/09/2025,-16.4612445,-71.489618,V-210925084311-25066-1,,,V-210925094616-25066-17,Peru Rabies Control,Arequipa,Characato (MR_21),vac11ch,VANCAN formulario 2025 General,Dog,,No,29.366,perro,revac,1_mayor
Sep,21/09/2025,09:45 AM,21/09/2025,-16.4612389,-71.4896253,V-210925084311-25066-1,,,V-210925094557-25066-16,Peru Rabies Control,Arequipa,Characato (MR_21),vac11ch,VANCAN formulario 2025 General,Dog,,No,29.366,perro,revac,1_mayor
Sep,21/09/2025,09:29 AM,21/09/2025,-16.4612516,-71.4894807,V-210925084311-25066-1,,,V-210925092944-25066-15,Peru Rabies Control,Arequipa,Characato (MR_21),vac11ch,VANCAN formulario 2025 General,Dog,,No,29.366,perro,revac,1_mayor
Sep,21/09/2025,09:21 AM,21/09/2025,-16.4612557,-71.4894593,V-210925084311-25066-1,,,V-210925092159-25066-14,Peru Rabies Control,Arequipa,Characato (MR_21),vac11ch,VANCAN formulario 2025 General,Dog,,No,29.366,perro,revac,1_mayor
Sep,21/09/2025,09:10 AM,21/09/2025,-16.4612503,-71.4895831,V-210925084311-25066-1,,,V-210925091014-25066-13,Peru Rabies Control,Arequipa,Characato (MR_21),vac11ch,VANCAN formulario 2025 General,Dog,,No,29.366,gato,,
Sep,21/09/2025,09:10 AM,21/09/2025,-16.4612521,-71.4895956,V-210925084311-25066-1,,,V-210925091008-25066-12,Peru Rabies Control,Arequipa,Characato (MR_21),vac11ch,VANCAN formulario 2025 General,Dog,,No,29.366,perro,primovac,menor_1
Sep,21/09/2025,08:59 AM,21/09/2025,-16.4606886,-71.4901693,V-210925084311-25066-1,,,V-210925085937-25066-11,Peru Rabies Control,Arequipa,Characato (MR_21),vac11ch,VANCAN formulario 2025 General,Dog,,No,29.366,perro,primovac,menor_1
Sep,21/09/2025,08:59 AM,21/09/2025,-16.4606795,-71.4901796,V-210925084311-25066-1,,,V-210925085932-25066-10,Peru Rabies Control,Arequipa,Characato (MR_21),vac11ch,VANCAN formulario 2025 General,Dog,,No,29.366,perro,revac,menor_1
Sep,21/09/2025,08:59 AM,21/09/2025,-16.4606808,-71.4902006,V-210925084311-25066-1,,,V-210925085928-25066-9,Peru Rabies Control,Arequipa,Characato (MR_21),vac11ch,VANCAN formulario 2025 General,Dog,,No,29.366,perro,revac,1_mayor
Sep,21/09/2025,08:59 AM,21/09/2025,-16.4607029,-71.4902281,V-210925084311-25066-1,,,V-210925085924-25066-8,Peru Rabies Control,Arequipa,Characato (MR_21),vac11ch,VANCAN formulario 2025 General,Dog,,No,29.366,perro,revac,1_mayor
Sep,21/09/2025,08:59 AM,21/09/2025,-16.4608659,-71.4901114,V-210925084311-25066-1,,,V-210925085914-25066-7,Peru Rabies Control,Arequipa,Characato (MR_21),vac11ch,VANCAN formulario 2025 General,Dog,,No,29.366,perro,revac,1_mayor
Sep,21/09/2025,08:44 AM,21/09/2025,-16.4612349,-71.4895071,V-210925084311-25066-1,,,V-210925084420-25066-6,Peru Rabies Control,Arequipa,Characato (MR_21),vac11ch,VANCAN formulario 2025 General,Dog,,No,29.366,perro,revac,1_mayor
Sep,21/09/2025,08:44 AM,21/09/2025,-16.4612349,-71.4895069,V-210925084311-25066-1,,,V-210925084406-25066-5,Peru Rabies Control,Arequipa,Characato (MR_21),vac11ch,VANCAN formulario 2025 General,Dog,,No,29.366,perro,primovac,menor_1
Sep,21/09/2025,08:44 AM,21/09/2025,-16.4612379,-71.4895079,V-210925084311-25066-1,,,V-210925084401-25066-4,Peru Rabies Control,Arequipa,Characato (MR_21),vac11ch,VANCAN formulario 2025 General,Dog,,No,29.366,perro,revac,1_mayor
Sep,21/09/2025,08:43 AM,21/09/2025,-16.4612386,-71.4895087,V-210925084311-25066-1,,,V-210925084355-25066-3,Peru Rabies Control,Arequipa,Characato (MR_21),vac11ch,VANCAN formulario 2025 General,Dog,,No,29.366,perro,revac,1_mayor
Sep,21/09/2025,08:43 AM,21/09/2025,-16.4612359,-71.4895077,V-210925084311-25066-1,,,V-210925084349-25066-2,Peru Rabies Control,Arequipa,Characato (MR_21),vac11ch,VANCAN formulario 2025 General,Dog,,No,29.366,perro,primovac,menor_1
Sep,21/09/2025,08:43 AM,21/09/2025,-16.4612387,-71.4895067,V-210925084311-25066-1,,,V-210925084331-25066-1,Peru Rabies Control,Arequipa,Characato (MR_21),vac11ch,VANCAN formulario 2025 General,Dog,,No,29.366,perro,primovac,1_mayor
Sep,21/09/2025,09:48 AM,21/09/2025,-16.4604071960857,-71.4866793550875,V-2109250948-25067-32,,,V-2109250948-25067-33,Peru Rabies Control,Arequipa,Characato (MR_21),vac12ch,VANCAN formulario 2025 General,Dog,,No,2.6178203058386686,perro,revac,1_mayor
Sep,21/09/2025,11:33 AM,21/09/2025,-16.4494084230201,-71.4921518517764,V-2109251132-25067-34,,,V-2109251133-25067-35,Peru Rabies Control,Arequipa,Characato (MR_21),vac12ch,VANCAN formulario 2025 General,Dog,,No,3.1880966797060917,perro,revac,1_mayor
Sep,21/09/2025,11:33 AM,21/09/2025,-16.4494106388089,-71.4921570335929,V-2109251132-25067-34,,,V-2109251133-25067-36,Peru Rabies Control,Arequipa,Characato (MR_21),vac12ch,VANCAN formulario 2025 General,Dog,,No,3.1880966797060917,perro,primovac,1_mayor
Sep,21/09/2025,11:33 AM,21/09/2025,-16.4493908448197,-71.4921672212436,V-2109251132-25067-34,,,V-2109251133-25067-37,Peru Rabies Control,Arequipa,Characato (MR_21),vac12ch,VANCAN formulario 2025 General,Dog,,No,3.1880966797060917,perro,primovac,1_mayor
Sep,21/09/2025,11:34 AM,21/09/2025,-16.4493722242238,-71.4921743447265,V-2109251132-25067-34,,,V-2109251133-25067-38,Peru Rabies Control,Arequipa,Characato (MR_21),vac12ch,VANCAN formulario 2025 General,Dog,,No,3.1880966797060917,perro,revac,1_mayor
Sep,21/09/2025,11:34 AM,21/09/2025,-16.4493974249841,-71.4921811106413,V-2109251132-25067-34,,,V-2109251134-25067-39,Peru Rabies Control,Arequipa,Characato (MR_21),vac12ch,VANCAN formulario 2025 General,Dog,,No,3.1880966797060917,perro,primovac,menor_1
Sep,21/09/2025,11:34 AM,21/09/2025,-16.4493854642032,-71.4921864118554,V-2109251132-25067-34,,,V-2109251134-25067-40,Peru Rabies Control,Arequipa,Characato (MR_21),vac12ch,VANCAN formulario 2025 General,Dog,,No,3.1880966797060917,perro,primovac,1_mayor
Sep,21/09/2025,11:34 AM,21/09/2025,-16.4493860283361,-71.4921886784749,V-2109251132-25067-34,,,V-2109251134-25067-41,Peru Rabies Control,Arequipa,Characato (MR_21),vac12ch,VANCAN formulario 2025 General,Dog,,No,3.1880966797060917,perro,revac,1_mayor
Sep,21/09/2025,11:34 AM,21/09/2025,-16.4493869727891,-71.4921907040755,V-2109251132-25067-34,,,V-2109251134-25067-42,Peru Rabies Control,Arequipa,Characato (MR_21),vac12ch,VANCAN formulario 2025 General,Dog,,No,3.1880966797060917,perro,revac,1_mayor
Sep,21/09/2025,11:34 AM,21/09/2025,-16.4493849764256,-71.4921947176726,V-2109251132-25067-34,,,V-2109251134-25067-43,Peru Rabies Control,Arequipa,Characato (MR_21),vac12ch,VANCAN formulario 2025 General,Dog,,No,3.1880966797060917,perro,revac,1_mayor
Sep,21/09/2025,11:34 AM,21/09/2025,-16.4493842201519,-71.4921927094491,V-2109251132-25067-34,,,V-2109251134-25067-44,Peru Rabies Control,Arequipa,Characato (MR_21),vac12ch,VANCAN formulario 2025 General,Dog,,No,3.1880966797060917,perro,primovac,1_mayor
Sep,21/09/2025,11:34 AM,21/09/2025,-16.4493890445876,-71.4921961764693,V-2109251132-25067-34,,,V-2109251134-25067-45,Peru Rabies Control,Arequipa,Characato (MR_21),vac12ch,VANCAN formulario 2025 General,Dog,,No,3.1880966797060917,perro,primovac,menor_1
Sep,21/09/2025,11:35 AM,21/09/2025,-16.4493934839417,-71.4921908734664,V-2109251132-25067-34,,,V-2109251135-25067-46,Peru Rabies Control,Arequipa,Characato (MR_21),vac12ch,VANCAN formulario 2025 General,Dog,,No,3.1880966797060917,perro,revac,1_mayor
Sep,21/09/2025,11:35 AM,21/09/2025,-16.4493937236611,-71.4922012659615,V-2109251132-25067-34,,,V-2109251135-25067-47,Peru Rabies Control,Arequipa,Characato (MR_21),vac12ch,VANCAN formulario 2025 General,Dog,,No,3.1880966797060917,perro,revac,1_mayor
Sep,21/09/2025,11:35 AM,21/09/2025,-16.4493830543751,-71.4921822270685,V-2109251132-25067-34,,,V-2109251135-25067-48,Peru Rabies Control,Arequipa,Characato (MR_21),vac12ch,VANCAN formulario 2025 General,Dog,,No,3.1880966797060917,perro,revac,1_mayor
Sep,21/09/2025,11:35 AM,21/09/2025,-16.4493976607212,-71.49217139676,V-2109251132-25067-34,,,V-2109251135-25067-49,Peru Rabies Control,Arequipa,Characato (MR_21),vac12ch,VANCAN formulario 2025 General,Dog,,No,3.1880966797060917,perro,revac,1_mayor
Sep,21/09/2025,11:35 AM,21/09/2025,-16.4493874253029,-71.4921695458099,V-2109251132-25067-34,,,V-2109251135-25067-50,Peru Rabies Control,Arequipa,Characato (MR_21),vac12ch,VANCAN formulario 2025 General,Dog,,No,3.1880966797060917,perro,revac,1_mayor
Sep,21/09/2025,11:36 AM,21/09/2025,-16.4493853045139,-71.4921858580282,V-2109251132-25067-34,,,V-2109251135-25067-51,Peru Rabies Control,Arequipa,Characato (MR_21),vac12ch,VANCAN formulario 2025 General,Dog,,No,3.1880966797060917,perro,revac,1_mayor
Sep,21/09/2025,11:36 AM,21/09/2025,-16.449385910927,-71.4921938054306,V-2109251132-25067-34,,,V-2109251136-25067-52,Peru Rabies Control,Arequipa,Characato (MR_21),vac12ch,VANCAN formulario 2025 General,Dog,,No,3.1880966797060917,perro,revac,1_mayor
Sep,21/09/2025,11:36 AM,21/09/2025,-16.4493811957061,-71.4921972579755,V-2109251132-25067-34,,,V-2109251136-25067-53,Peru Rabies Control,Arequipa,Characato (MR_21),vac12ch,VANCAN formulario 2025 General,Dog,,No,3.1880966797060917,perro,revac,1_mayor
Sep,21/09/2025,11:36 AM,21/09/2025,-16.4493733328752,-71.4922033683489,V-2109251132-25067-34,,,V-2109251136-25067-54,Peru Rabies Control,Arequipa,Characato (MR_21),vac12ch,VANCAN formulario 2025 General,Dog,,No,3.1880966797060917,perro,revac,1_mayor
Sep,21/09/2025,11:36 AM,21/09/2025,-16.4493928540234,-71.4921917083227,V-2109251132-25067-34,,,V-2109251136-25067-55,Peru Rabies Control,Arequipa,Characato (MR_21),vac12ch,VANCAN formulario 2025 General,Dog,,No,3.1880966797060917,perro,revac,1_mayor
Sep,21/09/2025,11:36 AM,21/09/2025,-16.4493921335214,-71.4921851403226,V-2109251132-25067-34,,,V-2109251136-25067-56,Peru Rabies Control,Arequipa,Characato (MR_21),vac12ch,VANCAN formulario 2025 General,Dog,,No,3.1880966797060917,perro,primovac,menor_1
Sep,21/09/2025,11:36 AM,21/09/2025,-16.4494043928634,-71.4921805235837,V-2109251132-25067-34,,,V-2109251136-25067-57,Peru Rabies Control,Arequipa,Characato (MR_21),vac12ch,VANCAN formulario 2025 General,Dog,,No,3.1880966797060917,perro,revac,1_mayor
Sep,21/09/2025,11:36 AM,21/09/2025,-16.4493956001714,-71.4921773225801,V-2109251132-25067-34,,,V-2109251136-25067-58,Peru Rabies Control,Arequipa,Characato (MR_21),vac12ch,VANCAN formulario 2025 General,Dog,,No,3.1880966797060917,perro,primovac,menor_1
Sep,21/09/2025,11:36 AM,21/09/2025,-16.4493965866894,-71.4921837786354,V-2109251132-25067-34,,,V-2109251136-25067-59,Peru Rabies Control,Arequipa,Characato (MR_21),vac12ch,VANCAN formulario 2025 General,Dog,,No,3.1880966797060917,perro,primovac,menor_1
Sep,21/09/2025,11:36 AM,21/09/2025,-16.4494023199573,-71.4921818986931,V-2109251132-25067-34,,,V-2109251136-25067-60,Peru Rabies Control,Arequipa,Characato (MR_21),vac12ch,VANCAN formulario 2025 General,Dog,,No,3.1880966797060917,perro,revac,1_mayor
Sep,21/09/2025,11:37 AM,21/09/2025,-16.449400963439,-71.4921793019046,V-2109251132-25067-34,,,V-2109251137-25067-61,Peru Rabies Control,Arequipa,Characato (MR_21),vac12ch,VANCAN formulario 2025 General,Dog,,No,3.1880966797060917,perro,revac,1_mayor
Sep,21/09/2025,11:37 AM,21/09/2025,-16.4493904546132,-71.4921867171104,V-2109251132-25067-34,,,V-2109251137-25067-62,Peru Rabies Control,Arequipa,Characato (MR_21),vac12ch,VANCAN formulario 2025 General,Dog,,No,3.1880966797060917,perro,revac,1_mayor
Sep,21/09/2025,11:37 AM,21/09/2025,-16.4493849146615,-71.4921874097507,V-2109251132-25067-34,,,V-2109251137-25067-63,Peru Rabies Control,Arequipa,Characato (MR_21),vac12ch,VANCAN formulario 2025 General,Dog,,No,3.1880966797060917,perro,revac,1_mayor
Sep,21/09/2025,11:37 AM,21/09/2025,-16.4493891365745,-71.4921839707987,V-2109251132-25067-34,,,V-2109251137-25067-64,Peru Rabies Control,Arequipa,Characato (MR_21),vac12ch,VANCAN formulario 2025 General,Dog,,No,3.1880966797060917,perro,primovac,menor_1
Sep,21/09/2025,11:39 AM,21/09/2025,-16.4493987081833,-71.4921655101106,V-2109251132-25067-34,,,V-2109251139-25067-66,Peru Rabies Control,Arequipa,Characato (MR_21),vac12ch,VANCAN formulario 2025 General,Dog,,No,3.1880966797060917,perro,primovac,menor_1
Sep,21/09/2025,11:39 AM,21/09/2025,-16.4494017286368,-71.4921610341849,V-2109251132-25067-34,,,V-2109251139-25067-67,Peru Rabies Control,Arequipa,Characato (MR_21),vac12ch,VANCAN formulario 2025 General,Dog,,No,3.1880966797060917,perro,revac,1_mayor
Sep,21/09/2025,11:41 AM,21/09/2025,-16.4493849848274,-71.4921825081964,V-2109251132-25067-34,,,V-2109251141-25067-69,Peru Rabies Control,Arequipa,Characato (MR_21),vac12ch,VANCAN formulario 2025 General,Dog,,No,3.1880966797060917,perro,revac,1_mayor
Sep,21/09/2025,11:41 AM,21/09/2025,-16.4493864136807,-71.4921756360911,V-2109251132-25067-34,,,V-2109251141-25067-70,Peru Rabies Control,Arequipa,Characato (MR_21),vac12ch,VANCAN formulario 2025 General,Dog,,No,3.1880966797060917,perro,revac,1_mayor
Sep,21/09/2025,11:45 AM,21/09/2025,-16.4478241934459,-71.4915530727014,V-2109251132-25067-34,,,V-2109251145-25067-72,Peru Rabies Control,Arequipa,Characato (MR_21),vac12ch,VANCAN formulario 2025 General,Dog,,No,3.1880966797060917,perro,revac,1_mayor
Sep,21/09/2025,11:51 AM,21/09/2025,-16.4596133,-71.5076686,V-210925103754-25067-1,,,V-210925115132-25067-27,Peru Rabies Control,Arequipa,Characato (MR_21),vac12ch,VANCAN formulario 2025 General,Dog,,No,18.796,perro,revac,1_mayor
Sep,21/09/2025,11:51 AM,21/09/2025,-16.4596316,-71.5073599,V-210925103754-25067-1,,,V-210925115127-25067-26,Peru Rabies Control,Arequipa,Characato (MR_21),vac12ch,VANCAN formulario 2025 General,Dog,,No,18.796,perro,revac,1_mayor
Sep,21/09/2025,11:51 AM,21/09/2025,-16.4596751,-71.5068687,V-210925103754-25067-1,,,V-210925115123-25067-25,Peru Rabies Control,Arequipa,Characato (MR_21),vac12ch,VANCAN formulario 2025 General,Dog,,No,18.796,perro,primovac,menor_1
Sep,21/09/2025,11:51 AM,21/09/2025,-16.4596989,-71.5065206,V-210925103754-25067-1,,,V-210925115117-25067-24,Peru Rabies Control,Arequipa,Characato (MR_21),vac12ch,VANCAN formulario 2025 General,Dog,,No,18.796,perro,primovac,menor_1
Sep,21/09/2025,11:51 AM,21/09/2025,-16.4598219,-71.5061043,V-210925103754-25067-1,,,V-210925115112-25067-23,Peru Rabies Control,Arequipa,Characato (MR_21),vac12ch,VANCAN formulario 2025 General,Dog,,No,18.796,perro,primovac,menor_1
Sep,21/09/2025,11:51 AM,21/09/2025,-16.4598906,-71.5060618,V-210925103754-25067-1,,,V-210925115104-25067-22,Peru Rabies Control,Arequipa,Characato (MR_21),vac12ch,VANCAN formulario 2025 General,Dog,,No,18.796,perro,primovac,menor_1
Sep,21/09/2025,11:50 AM,21/09/2025,-16.4600101,-71.5060668,V-210925103754-25067-1,,,V-210925115059-25067-21,Peru Rabies Control,Arequipa,Characato (MR_21),vac12ch,VANCAN formulario 2025 General,Dog,,No,18.796,perro,primovac,menor_1
Sep,21/09/2025,11:50 AM,21/09/2025,-16.4601931,-71.5060851,V-210925103754-25067-1,,,V-210925115049-25067-20,Peru Rabies Control,Arequipa,Characato (MR_21),vac12ch,VANCAN formulario 2025 General,Dog,,No,18.796,perro,primovac,menor_1
Sep,21/09/2025,11:50 AM,21/09/2025,-16.4609819,-71.5062045,V-210925103754-25067-1,,,V-210925115043-25067-19,Peru Rabies Control,Arequipa,Characato (MR_21),vac12ch,VANCAN formulario 2025 General,Dog,,No,18.796,perro,revac,1_mayor
Sep,21/09/2025,11:50 AM,21/09/2025,-16.4618783,-71.5063323,V-210925103754-25067-1,,,V-210925115038-25067-18,Peru Rabies Control,Arequipa,Characato (MR_21),vac12ch,VANCAN formulario 2025 General,Dog,,No,18.796,perro,revac,1_mayor
Sep,21/09/2025,11:44 AM,21/09/2025,-16.4616655,-71.5052519,V-210925103754-25067-1,,,V-210925114439-25067-17,Peru Rabies Control,Arequipa,Characato (MR_21),vac12ch,VANCAN formulario 2025 General,Dog,,No,18.796,perro,primovac,1_mayor
Sep,21/09/2025,11:44 AM,21/09/2025,-16.4615882,-71.5053509,V-210925103754-25067-1,,,V-210925114429-25067-16,Peru Rabies Control,Arequipa,Characato (MR_21),vac12ch,VANCAN formulario 2025 General,Dog,,No,18.796,perro,revac,1_mayor
Sep,21/09/2025,11:44 AM,21/09/2025,-16.4615471,-71.5054724,V-210925103754-25067-1,,,V-210925114423-25067-15,Peru Rabies Control,Arequipa,Characato (MR_21),vac12ch,VANCAN formulario 2025 General,Dog,,No,18.796,perro,primovac,menor_1
Sep,21/09/2025,11:44 AM,21/09/2025,-16.4615364,-71.5055609,V-210925103754-25067-1,,,V-210925114419-25067-14,Peru Rabies Control,Arequipa,Characato (MR_21),vac12ch,VANCAN formulario 2025 General,Dog,,No,18.796,perro,primovac,menor_1
Sep,21/09/2025,11:44 AM,21/09/2025,-16.461545,-71.5056593,V-210925103754-25067-1,,,V-210925114415-25067-13,Peru Rabies Control,Arequipa,Characato (MR_21),vac12ch,VANCAN formulario 2025 General,Dog,,No,18.796,perro,primovac,menor_1
Sep,21/09/2025,11:44 AM,21/09/2025,-16.4615514,-71.505729,V-210925103754-25067-1,,,V-210925114411-25067-12,Peru Rabies Control,Arequipa,Characato (MR_21),vac12ch,VANCAN formulario 2025 General,Dog,,No,18.796,perro,primovac,menor_1
Sep,21/09/2025,11:44 AM,21/09/2025,-16.4615337,-71.5058199,V-210925103754-25067-1,,,V-210925114407-25067-11,Peru Rabies Control,Arequipa,Characato (MR_21),vac12ch,VANCAN formulario 2025 General,Dog,,No,18.796,perro,primovac,menor_1
Sep,21/09/2025,11:44 AM,21/09/2025,-16.4614981,-71.5059525,V-210925103754-25067-1,,,V-210925114404-25067-10,Peru Rabies Control,Arequipa,Characato (MR_21),vac12ch,VANCAN formulario 2025 General,Dog,,No,18.796,perro,primovac,menor_1
Sep,21/09/2025,11:43 AM,21/09/2025,-16.4614789,-71.5061229,V-210925103754-25067-1,,,V-210925114359-25067-9,Peru Rabies Control,Arequipa,Characato (MR_21),vac12ch,VANCAN formulario 2025 General,Dog,,No,18.796,perro,primovac,menor_1
Sep,21/09/2025,11:43 AM,21/09/2025,-16.4610327,-71.5061226,V-210925103754-25067-1,,,V-210925114347-25067-8,Peru Rabies Control,Arequipa,Characato (MR_21),vac12ch,VANCAN formulario 2025 General,Dog,,No,18.796,perro,primovac,menor_1
Sep,21/09/2025,11:13 AM,21/09/2025,-16.462943,-71.5042078,V-210925103754-25067-1,,,V-210925111336-25067-7,Peru Rabies Control,Arequipa,Characato (MR_21),vac12ch,VANCAN formulario 2025 General,Dog,,No,18.796,perro,revac,1_mayor
Sep,21/09/2025,10:50 AM,21/09/2025,-16.4630176,-71.5074232,V-210925103754-25067-1,,,V-210925105043-25067-6,Peru Rabies Control,Arequipa,Characato (MR_21),vac12ch,VANCAN formulario 2025 General,Dog,,No,18.796,perro,primovac,menor_1
Sep,21/09/2025,10:50 AM,21/09/2025,-16.4630286,-71.5074854,V-210925103754-25067-1,,,V-210925105025-25067-5,Peru Rabies Control,Arequipa,Characato (MR_21),vac12ch,VANCAN formulario 2025 General,Dog,,No,18.796,perro,primovac,menor_1
Sep,21/09/2025,10:50 AM,21/09/2025,-16.4630563,-71.5074218,V-210925103754-25067-1,,,V-210925105021-25067-4,Peru Rabies Control,Arequipa,Characato (MR_21),vac12ch,VANCAN formulario 2025 General,Dog,,No,18.796,perro,primovac,menor_1
Sep,21/09/2025,10:50 AM,21/09/2025,-16.4629966,-71.5073687,V-210925103754-25067-1,,,V-210925105017-25067-3,Peru Rabies Control,Arequipa,Characato (MR_21),vac12ch,VANCAN formulario 2025 General,Dog,,No,18.796,perro,primovac,menor_1
Sep,21/09/2025,10:50 AM,21/09/2025,-16.4631415,-71.5073361,V-210925103754-25067-1,,,V-210925105012-25067-2,Peru Rabies Control,Arequipa,Characato (MR_21),vac12ch,VANCAN formulario 2025 General,Dog,,No,18.796,perro,primovac,menor_1
Sep,21/09/2025,10:38 AM,21/09/2025,-16.4630101,-71.5054954,V-210925103754-25067-1,,,V-210925103815-25067-1,Peru Rabies Control,Arequipa,Characato (MR_21),vac12ch,VANCAN formulario 2025 General,Dog,,No,18.796,perro,primovac,1_mayor
Sep,21/09/2025,12:12 PM,21/09/2025,-16.4618959,-71.5165183,V-210925082616-25065-1,,,V-210925121217-25065-75,Peru Rabies Control,Arequipa,Characato (MR_21),vac10ch,VANCAN formulario 2025 General,Dog,,Yes,0.0,gato,,
Sep,21/09/2025,12:12 PM,21/09/2025,-16.4619044,-71.5165096,V-210925082616-25065-1,,,V-210925121213-25065-74,Peru Rabies Control,Arequipa,Characato (MR_21),vac10ch,VANCAN formulario 2025 General,Dog,,Yes,0.0,gato,,
Sep,21/09/2025,12:12 PM,21/09/2025,-16.4618755,-71.5165608,V-210925082616-25065-1,,,V-210925121208-25065-73,Peru Rabies Control,Arequipa,Characato (MR_21),vac10ch,VANCAN formulario 2025 General,Dog,,Yes,0.0,gato,,
Sep,21/09/2025,11:54 AM,21/09/2025,-16.4577538,-71.5108361,V-210925082616-25065-1,,,V-210925115400-25065-72,Peru Rabies Control,Arequipa,Characato (MR_21),vac10ch,VANCAN formulario 2025 General,Dog,,Yes,0.0,perro,revac,1_mayor
Sep,21/09/2025,11:53 AM,21/09/2025,-16.4577534,-71.5108362,V-210925082616-25065-1,,,V-210925115357-25065-71,Peru Rabies Control,Arequipa,Characato (MR_21),vac10ch,VANCAN formulario 2025 General,Dog,,Yes,0.0,gato,,
Sep,21/09/2025,11:43 AM,21/09/2025,-16.4597546,-71.5134795,V-210925082616-25065-1,,,V-210925114335-25065-70,Peru Rabies Control,Arequipa,Characato (MR_21),vac10ch,VANCAN formulario 2025 General,Dog,,Yes,0.0,perro,revac,1_mayor
Sep,21/09/2025,11:43 AM,21/09/2025,-16.459764,-71.5134971,V-210925082616-25065-1,,,V-210925114329-25065-69,Peru Rabies Control,Arequipa,Characato (MR_21),vac10ch,VANCAN formulario 2025 General,Dog,,Yes,0.0,gato,,
Sep,21/09/2025,11:41 AM,21/09/2025,-16.4598398,-71.5136798,V-210925082616-25065-1,,,V-210925114149-25065-68,Peru Rabies Control,Arequipa,Characato (MR_21),vac10ch,VANCAN formulario 2025 General,Dog,,Yes,0.0,perro,revac,1_mayor
Sep,21/09/2025,11:41 AM,21/09/2025,-16.4598509,-71.5136674,V-210925082616-25065-1,,,V-210925114134-25065-67,Peru Rabies Control,Arequipa,Characato (MR_21),vac10ch,VANCAN formulario 2025 General,Dog,,Yes,0.0,perro,revac,1_mayor
Sep,21/09/2025,11:31 AM,21/09/2025,-16.4587114,-71.5127136,V-210925082616-25065-1,,,V-210925113156-25065-66,Peru Rabies Control,Arequipa,Characato (MR_21),vac10ch,VANCAN formulario 2025 General,Dog,,Yes,0.0,perro,revac,1_mayor
Sep,21/09/2025,11:31 AM,21/09/2025,-16.4587278,-71.51269,V-210925082616-25065-1,,,V-210925113137-25065-65,Peru Rabies Control,Arequipa,Characato (MR_21),vac10ch,VANCAN formulario 2025 General,Dog,,Yes,0.0,perro,revac,1_mayor
Sep,21/09/2025,11:22 AM,21/09/2025,-16.4575393,-71.5115622,V-210925082616-25065-1,,,V-210925112240-25065-64,Peru Rabies Control,Arequipa,Characato (MR_21),vac10ch,VANCAN formulario 2025 General,Dog,,Yes,0.0,perro,revac,1_mayor
Sep,21/09/2025,11:22 AM,21/09/2025,-16.4575387,-71.51156,V-210925082616-25065-1,,,V-210925112235-25065-63,Peru Rabies Control,Arequipa,Characato (MR_21),vac10ch,VANCAN formulario 2025 General,Dog,,Yes,0.0,perro,revac,1_mayor
Sep,21/09/2025,11:07 AM,21/09/2025,-16.4592542,-71.5119694,V-210925082616-25065-1,,,V-210925110712-25065-62,Peru Rabies Control,Arequipa,Characato (MR_21),vac10ch,VANCAN formulario 2025 General,Dog,,No,0.0,perro,revac,1_mayor
Sep,21/09/2025,11:06 AM,21/09/2025,-16.4592951,-71.5119732,V-210925082616-25065-1,,,V-210925110627-25065-61,Peru Rabies Control,Arequipa,Characato (MR_21),vac10ch,VANCAN formulario 2025 General,Dog,,No,0.0,perro,revac,1_mayor
Sep,21/09/2025,11:06 AM,21/09/2025,-16.4592948,-71.5119651,V-210925082616-25065-1,,,V-210925110615-25065-60,Peru Rabies Control,Arequipa,Characato (MR_21),vac10ch,VANCAN formulario 2025 General,Dog,,No,0.0,perro,revac,1_mayor
Sep,21/09/2025,11:06 AM,21/09/2025,-16.4592667,-71.5119597,V-210925082616-25065-1,,,V-210925110608-25065-59,Peru Rabies Control,Arequipa,Characato (MR_21),vac10ch,VANCAN formulario 2025 General,Dog,,No,0.0,perro,revac,1_mayor
Sep,21/09/2025,11:06 AM,21/09/2025,-16.4592719,-71.5119791,V-210925082616-25065-1,,,V-210925110602-25065-58,Peru Rabies Control,Arequipa,Characato (MR_21),vac10ch,VANCAN formulario 2025 General,Dog,,No,0.0,perro,revac,1_mayor
Sep,21/09/2025,11:05 AM,21/09/2025,-16.4592886,-71.5119767,V-210925082616-25065-1,,,V-210925110524-25065-57,Peru Rabies Control,Arequipa,Characato (MR_21),vac10ch,VANCAN formulario 2025 General,Dog,,No,0.0,perro,revac,1_mayor
Sep,21/09/2025,11:04 AM,21/09/2025,-16.4592951,-71.5119772,V-210925082616-25065-1,,,V-210925110438-25065-56,Peru Rabies Control,Arequipa,Characato (MR_21),vac10ch,VANCAN formulario 2025 General,Dog,,No,0.0,perro,revac,1_mayor
Sep,21/09/2025,11:04 AM,21/09/2025,-16.459295,-71.5119533,V-210925082616-25065-1,,,V-210925110421-25065-55,Peru Rabies Control,Arequipa,Characato (MR_21),vac10ch,VANCAN formulario 2025 General,Dog,,No,0.0,perro,revac,1_mayor
Sep,21/09/2025,11:04 AM,21/09/2025,-16.4592955,-71.5119504,V-210925082616-25065-1,,,V-210925110415-25065-54,Peru Rabies Control,Arequipa,Characato (MR_21),vac10ch,VANCAN formulario 2025 General,Dog,,No,0.0,perro,revac,1_mayor
Sep,21/09/2025,11:04 AM,21/09/2025,-16.4593022,-71.5119588,V-210925082616-25065-1,,,V-210925110401-25065-53,Peru Rabies Control,Arequipa,Characato (MR_21),vac10ch,VANCAN formulario 2025 General,Dog,,No,0.0,perro,revac,1_mayor
Sep,21/09/2025,10:46 AM,21/09/2025,-16.4593006,-71.5119489,V-210925082616-25065-1,,,V-210925104616-25065-52,Peru Rabies Control,Arequipa,Characato (MR_21),vac10ch,VANCAN formulario 2025 General,Dog,,No,0.0,perro,revac,1_mayor
Sep,21/09/2025,10:46 AM,21/09/2025,-16.4630814,-71.5121422,V-210925082616-25065-1,,,V-210925104607-25065-51,Peru Rabies Control,Arequipa,Characato (MR_21),vac10ch,VANCAN formulario 2025 General,Dog,,No,0.0,perro,revac,1_mayor
Sep,21/09/2025,10:39 AM,21/09/2025,-16.4630724,-71.5120023,V-210925082616-25065-1,,,V-210925103910-25065-50,Peru Rabies Control,Arequipa,Characato (MR_21),vac10ch,VANCAN formulario 2025 General,Dog,,No,0.0,perro,revac,1_mayor
Sep,21/09/2025,10:38 AM,21/09/2025,-16.4630822,-71.5120007,V-210925082616-25065-1,,,V-210925103835-25065-49,Peru Rabies Control,Arequipa,Characato (MR_21),vac10ch,VANCAN formulario 2025 General,Dog,,No,0.0,perro,revac,1_mayor
Sep,21/09/2025,10:38 AM,21/09/2025,-16.463016,-71.5120118,V-210925082616-25065-1,,,V-210925103825-25065-48,Peru Rabies Control,Arequipa,Characato (MR_21),vac10ch,VANCAN formulario 2025 General,Dog,,No,0.0,perro,revac,1_mayor
Sep,21/09/2025,10:31 AM,21/09/2025,-16.4630618,-71.5119847,V-210925082616-25065-1,,,V-210925103124-25065-47,Peru Rabies Control,Arequipa,Characato (MR_21),vac10ch,VANCAN formulario 2025 General,Dog,,No,0.0,perro,revac,1_mayor
Sep,21/09/2025,10:29 AM,21/09/2025,-16.463062,-71.5120168,V-210925082616-25065-1,,,V-210925102905-25065-46,Peru Rabies Control,Arequipa,Characato (MR_21),vac10ch,VANCAN formulario 2025 General,Dog,,No,0.0,perro,revac,1_mayor
Sep,21/09/2025,10:28 AM,21/09/2025,-16.4630568,-71.5120077,V-210925082616-25065-1,,,V-210925102849-25065-45,Peru Rabies Control,Arequipa,Characato (MR_21),vac10ch,VANCAN formulario 2025 General,Dog,,No,0.0,perro,revac,1_mayor
Sep,21/09/2025,10:25 AM,21/09/2025,-16.4630561,-71.5120105,V-210925082616-25065-1,,,V-210925102510-25065-44,Peru Rabies Control,Arequipa,Characato (MR_21),vac10ch,VANCAN formulario 2025 General,Dog,,No,0.0,perro,revac,1_mayor
Sep,21/09/2025,10:12 AM,21/09/2025,-16.4631117,-71.51157,V-210925082616-25065-1,,,V-210925101256-25065-43,Peru Rabies Control,Arequipa,Characato (MR_21),vac10ch,VANCAN formulario 2025 General,Dog,,No,0.0,perro,revac,1_mayor
Sep,21/09/2025,10:12 AM,21/09/2025,-16.4631083,-71.5115667,V-210925082616-25065-1,,,V-210925101250-25065-42,Peru Rabies Control,Arequipa,Characato (MR_21),vac10ch,VANCAN formulario 2025 General,Dog,,No,0.0,perro,revac,1_mayor
Sep,21/09/2025,10:09 AM,21/09/2025,-16.4631133,-71.5115383,V-210925082616-25065-1,,,V-210925100956-25065-41,Peru Rabies Control,Arequipa,Characato (MR_21),vac10ch,VANCAN formulario 2025 General,Dog,,No,0.0,perro,revac,menor_1
Sep,21/09/2025,10:06 AM,21/09/2025,-16.463127,-71.5116351,V-210925082616-25065-1,,,V-210925100649-25065-40,Peru Rabies Control,Arequipa,Characato (MR_21),vac10ch,VANCAN formulario 2025 General,Dog,,No,0.0,perro,revac,1_mayor
Sep,21/09/2025,10:06 AM,21/09/2025,-16.4632086,-71.5117051,V-210925082616-25065-1,,,V-210925100638-25065-39,Peru Rabies Control,Arequipa,Characato (MR_21),vac10ch,VANCAN formulario 2025 General,Dog,,No,0.0,perro,revac,1_mayor
Sep,21/09/2025,10:05 AM,21/09/2025,-16.4631083,-71.5115875,V-210925082616-25065-1,,,V-210925100552-25065-38,Peru Rabies Control,Arequipa,Characato (MR_21),vac10ch,VANCAN formulario 2025 General,Dog,,No,0.0,perro,revac,1_mayor
Sep,21/09/2025,10:05 AM,21/09/2025,-16.4631041,-71.5115672,V-210925082616-25065-1,,,V-210925100533-25065-37,Peru Rabies Control,Arequipa,Characato (MR_21),vac10ch,VANCAN formulario 2025 General,Dog,,No,0.0,perro,primovac,menor_1
Sep,21/09/2025,10:04 AM,21/09/2025,-16.4631395,-71.511565,V-210925082616-25065-1,,,V-210925100416-25065-36,Peru Rabies Control,Arequipa,Characato (MR_21),vac10ch,VANCAN formulario 2025 General,Dog,,No,0.0,perro,primovac,1_mayor
Sep,21/09/2025,10:04 AM,21/09/2025,-16.4631022,-71.5113636,V-210925082616-25065-1,,,V-210925100410-25065-35,Peru Rabies Control,Arequipa,Characato (MR_21),vac10ch,VANCAN formulario 2025 General,Dog,,No,0.0,perro,primovac,menor_1
Sep,21/09/2025,10:02 AM,21/09/2025,-16.4630932,-71.5113308,V-210925082616-25065-1,,,V-210925100259-25065-34,Peru Rabies Control,Arequipa,Characato (MR_21),vac10ch,VANCAN formulario 2025 General,Dog,,No,0.0,perro,primovac,menor_1
Sep,21/09/2025,09:58 AM,21/09/2025,-16.4631261,-71.5113574,V-210925082616-25065-1,,,V-210925095844-25065-33,Peru Rabies Control,Arequipa,Characato (MR_21),vac10ch,VANCAN formulario 2025 General,Dog,,No,0.0,perro,primovac,menor_1
Sep,21/09/2025,09:44 AM,21/09/2025,-16.459926,-71.5126516,V-210925082616-25065-1,,,V-210925094437-25065-32,Peru Rabies Control,Arequipa,Characato (MR_21),vac10ch,VANCAN formulario 2025 General,Dog,,No,0.0,perro,revac,1_mayor
Sep,21/09/2025,09:44 AM,21/09/2025,-16.4599272,-71.5126475,V-210925082616-25065-1,,,V-210925094427-25065-31,Peru Rabies Control,Arequipa,Characato (MR_21),vac10ch,VANCAN formulario 2025 General,Dog,,No,0.0,perro,primovac,1_mayor
Sep,21/09/2025,09:41 AM,21/09/2025,-16.4596378,-71.5127017,V-210925082616-25065-1,,,V-210925094138-25065-30,Peru Rabies Control,Arequipa,Characato (MR_21),vac10ch,VANCAN formulario 2025 General,Dog,,No,0.0,gato,,
Sep,21/09/2025,09:41 AM,21/09/2025,-16.4596321,-71.512695,V-210925082616-25065-1,,,V-210925094125-25065-29,Peru Rabies Control,Arequipa,Characato (MR_21),vac10ch,VANCAN formulario 2025 General,Dog,,No,0.0,perro,primovac,menor_1
Sep,21/09/2025,09:41 AM,21/09/2025,-16.459649,-71.5126899,V-210925082616-25065-1,,,V-210925094118-25065-28,Peru Rabies Control,Arequipa,Characato (MR_21),vac10ch,VANCAN formulario 2025 General,Dog,,No,0.0,perro,primovac,1_mayor
Sep,21/09/2025,09:41 AM,21/09/2025,-16.459658,-71.5126825,V-210925082616-25065-1,,,V-210925094114-25065-27,Peru Rabies Control,Arequipa,Characato (MR_21),vac10ch,VANCAN formulario 2025 General,Dog,,No,0.0,gato,,
Sep,21/09/2025,09:41 AM,21/09/2025,-16.4596165,-71.512803,V-210925082616-25065-1,,,V-210925094111-25065-26,Peru Rabies Control,Arequipa,Characato (MR_21),vac10ch,VANCAN formulario 2025 General,Dog,,No,0.0,gato,,
Sep,21/09/2025,09:33 AM,21/09/2025,-16.4601983,-71.5131967,V-210925082616-25065-1,,,V-210925093349-25065-25,Peru Rabies Control,Arequipa,Characato (MR_21),vac10ch,VANCAN formulario 2025 General,Dog,,No,0.0,perro,primovac,1_mayor
Sep,21/09/2025,09:33 AM,21/09/2025,-16.4601983,-71.5131967,V-210925082616-25065-1,,,V-210925093343-25065-24,Peru Rabies Control,Arequipa,Characato (MR_21),vac10ch,VANCAN formulario 2025 General,Dog,,No,0.0,perro,revac,1_mayor
Sep,21/09/2025,09:30 AM,21/09/2025,-16.4605279,-71.5133707,V-210925082616-25065-1,,,V-210925093016-25065-23,Peru Rabies Control,Arequipa,Characato (MR_21),vac10ch,VANCAN formulario 2025 General,Dog,,No,0.0,perro,revac,1_mayor
Sep,21/09/2025,09:30 AM,21/09/2025,-16.4605293,-71.5133621,V-210925082616-25065-1,,,V-210925093008-25065-22,Peru Rabies Control,Arequipa,Characato (MR_21),vac10ch,VANCAN formulario 2025 General,Dog,,No,0.0,perro,primovac,1_mayor
Sep,21/09/2025,09:18 AM,21/09/2025,-16.4616412,-71.514527,V-210925082616-25065-1,,,V-210925091812-25065-21,Peru Rabies Control,Arequipa,Characato (MR_21),vac10ch,VANCAN formulario 2025 General,Dog,,No,0.0,gato,,
Sep,21/09/2025,09:18 AM,21/09/2025,-16.4616341,-71.514535,V-210925082616-25065-1,,,V-210925091802-25065-20,Peru Rabies Control,Arequipa,Characato (MR_21),vac10ch,VANCAN formulario 2025 General,Dog,,No,0.0,perro,primovac,1_mayor
Sep,21/09/2025,09:17 AM,21/09/2025,-16.4616461,-71.5145305,V-210925082616-25065-1,,,V-210925091756-25065-19,Peru Rabies Control,Arequipa,Characato (MR_21),vac10ch,VANCAN formulario 2025 General,Dog,,No,0.0,perro,revac,menor_1
Sep,21/09/2025,09:13 AM,21/09/2025,-16.4614274,-71.5143108,V-210925082616-25065-1,,,V-210925091322-25065-18,Peru Rabies Control,Arequipa,Characato (MR_21),vac10ch,VANCAN formulario 2025 General,Dog,,No,0.0,perro,primovac,1_mayor
Sep,21/09/2025,09:13 AM,21/09/2025,-16.4614136,-71.5142844,V-210925082616-25065-1,,,V-210925091314-25065-17,Peru Rabies Control,Arequipa,Characato (MR_21),vac10ch,VANCAN formulario 2025 General,Dog,,No,0.0,perro,primovac,1_mayor
Sep,21/09/2025,09:09 AM,21/09/2025,-16.4613752,-71.5146199,V-210925082616-25065-1,,,V-210925090920-25065-16,Peru Rabies Control,Arequipa,Characato (MR_21),vac10ch,VANCAN formulario 2025 General,Dog,,No,0.0,perro,revac,1_mayor
Sep,21/09/2025,09:09 AM,21/09/2025,-16.4613699,-71.5146217,V-210925082616-25065-1,,,V-210925090914-25065-15,Peru Rabies Control,Arequipa,Characato (MR_21),vac10ch,VANCAN formulario 2025 General,Dog,,No,0.0,perro,primovac,menor_1
Sep,21/09/2025,09:09 AM,21/09/2025,-16.461372,-71.5146339,V-210925082616-25065-1,,,V-210925090909-25065-14,Peru Rabies Control,Arequipa,Characato (MR_21),vac10ch,VANCAN formulario 2025 General,Dog,,No,0.0,perro,primovac,1_mayor
Sep,21/09/2025,09:09 AM,21/09/2025,-16.4613809,-71.5146279,V-210925082616-25065-1,,,V-210925090906-25065-13,Peru Rabies Control,Arequipa,Characato (MR_21),vac10ch,VANCAN formulario 2025 General,Dog,,No,0.0,gato,,
Sep,21/09/2025,09:09 AM,21/09/2025,-16.4613822,-71.5146283,V-210925082616-25065-1,,,V-210925090901-25065-12,Peru Rabies Control,Arequipa,Characato (MR_21),vac10ch,VANCAN formulario 2025 General,Dog,,No,0.0,gato,,
Sep,21/09/2025,09:08 AM,21/09/2025,-16.4613824,-71.5146098,V-210925082616-25065-1,,,V-210925090855-25065-11,Peru Rabies Control,Arequipa,Characato (MR_21),vac10ch,VANCAN formulario 2025 General,Dog,,No,0.0,gato,,
Sep,21/09/2025,09:00 AM,21/09/2025,-16.4623988,-71.515461,V-210925082616-25065-1,,,V-210925090000-25065-10,Peru Rabies Control,Arequipa,Characato (MR_21),vac10ch,VANCAN formulario 2025 General,Dog,,No,0.0,gato,,
Sep,21/09/2025,08:59 AM,21/09/2025,-16.4624495,-71.5154526,V-210925082616-25065-1,,,V-210925085957-25065-9,Peru Rabies Control,Arequipa,Characato (MR_21),vac10ch,VANCAN formulario 2025 General,Dog,,No,0.0,gato,,
Sep,21/09/2025,08:57 AM,21/09/2025,-16.4625921,-71.5154196,V-210925082616-25065-1,,,V-210925085725-25065-8,Peru Rabies Control,Arequipa,Characato (MR_21),vac10ch,VANCAN formulario 2025 General,Dog,,No,0.0,perro,revac,1_mayor
Sep,21/09/2025,08:57 AM,21/09/2025,-16.4626069,-71.5154081,V-210925082616-25065-1,,,V-210925085713-25065-7,Peru Rabies Control,Arequipa,Characato (MR_21),vac10ch,VANCAN formulario 2025 General,Dog,,No,0.0,perro,revac,1_mayor
Sep,21/09/2025,08:49 AM,21/09/2025,-16.4627116,-71.5161958,V-210925082616-25065-1,,,V-210925084953-25065-6,Peru Rabies Control,Arequipa,Characato (MR_21),vac10ch,VANCAN formulario 2025 General,Dog,,No,0.0,gato,,
Sep,21/09/2025,08:47 AM,21/09/2025,-16.4628151,-71.5164602,V-210925082616-25065-1,,,V-210925084731-25065-5,Peru Rabies Control,Arequipa,Characato (MR_21),vac10ch,VANCAN formulario 2025 General,Dog,,No,0.0,perro,primovac,1_mayor
Sep,21/09/2025,08:41 AM,21/09/2025,-16.4629917,-71.5167647,V-210925082616-25065-1,,,V-210925084113-25065-4,Peru Rabies Control,Arequipa,Characato (MR_21),vac10ch,VANCAN formulario 2025 General,Dog,,No,0.0,perro,primovac,1_mayor
Sep,21/09/2025,08:37 AM,21/09/2025,-16.4629883,-71.5167867,V-210925082616-25065-1,,,V-210925083719-25065-3,Peru Rabies Control,Arequipa,Characato (MR_21),vac10ch,VANCAN formulario 2025 General,Dog,,No,0.0,perro,primovac,1_mayor
Sep,21/09/2025,08:33 AM,21/09/2025,-16.4594488,-71.5196151,V-210925082616-25065-1,,,V-210925083334-25065-2,Peru Rabies Control,Arequipa,Characato (MR_21),vac10ch,VANCAN formulario 2025 General,Dog,,No,0.0,perro,primovac,menor_1
Sep,21/09/2025,08:27 AM,21/09/2025,-16.4629933,-71.5167717,V-210925082616-25065-1,,,V-210925082714-25065-1,Peru Rabies Control,Arequipa,Characato (MR_21),vac10ch,VANCAN formulario 2025 General,Dog,,No,4.9,perro,primovac,1_mayor
Sep,21/09/2025,11:50 AM,21/09/2025,-16.4487468071783,-71.4922465135944,V-2109250930-25067-25,,,V-2109251150-25067-74,Peru Rabies Control,Arequipa,Characato (MR_21),vac12ch,VANCAN formulario 2025 General,Dog,,No,3.7502944591916503,perro,revac,1_mayor
Sep,21/09/2025,11:52 AM,21/09/2025,-16.4492990076317,-71.4927238827086,V-2109250930-25067-25,,,V-2109251152-25067-75,Peru Rabies Control,Arequipa,Characato (MR_21),vac12ch,VANCAN formulario 2025 General,Dog,,No,3.7502944591916503,perro,revac,1_mayor
Sep,21/09/2025,11:52 AM,21/09/2025,-16.4493037829381,-71.4927276281647,V-2109250930-25067-25,,,V-2109251152-25067-76,Peru Rabies Control,Arequipa,Characato (MR_21),vac12ch,VANCAN formulario 2025 General,Dog,,No,3.7502944591916503,perro,revac,1_mayor
Sep,21/09/2025,11:55 AM,21/09/2025,-16.4496074434527,-71.4929228203816,V-2109250930-25067-25,,,V-2109251155-25067-77,Peru Rabies Control,Arequipa,Characato (MR_21),vac12ch,VANCAN formulario 2025 General,Dog,,No,3.7502944591916503,perro,revac,1_mayor
Sep,21/09/2025,11:57 AM,21/09/2025,-16.4495766562745,-71.4929166449373,V-2109250930-25067-25,,,V-2109251157-25067-78,Peru Rabies Control,Arequipa,Characato (MR_21),vac12ch,VANCAN formulario 2025 General,Dog,,No,3.7502944591916503,perro,revac,1_mayor
Sep,21/09/2025,12:11 PM,21/09/2025,-16.4597287,-71.4868054,V-210925111422-25066-1,,,V-210925121114-25066-59,Peru Rabies Control,Arequipa,Characato (MR_21),vac11ch,VANCAN formulario 2025 General,Dog,,No,0.0,perro,revac,1_mayor
Sep,21/09/2025,12:11 PM,21/09/2025,-16.4597371,-71.4868034,V-210925111422-25066-1,,,V-210925121111-25066-58,Peru Rabies Control,Arequipa,Characato (MR_21),vac11ch,VANCAN formulario 2025 General,Dog,,No,0.0,perro,revac,1_mayor
Sep,21/09/2025,12:11 PM,21/09/2025,-16.4597443,-71.4868021,V-210925111422-25066-1,,,V-210925121105-25066-57,Peru Rabies Control,Arequipa,Characato (MR_21),vac11ch,VANCAN formulario 2025 General,Dog,,No,0.0,perro,primovac,1_mayor
Sep,21/09/2025,11:47 AM,21/09/2025,-16.4597087,-71.4867414,V-210925111422-25066-1,,,V-210925114747-25066-56,Peru Rabies Control,Arequipa,Characato (MR_21),vac11ch,VANCAN formulario 2025 General,Dog,,No,48.793,perro,revac,1_mayor
Sep,21/09/2025,11:47 AM,21/09/2025,-16.4597097,-71.4867388,V-210925111422-25066-1,,,V-210925114743-25066-55,Peru Rabies Control,Arequipa,Characato (MR_21),vac11ch,VANCAN formulario 2025 General,Dog,,No,48.793,perro,revac,1_mayor
Sep,21/09/2025,11:47 AM,21/09/2025,-16.4597096,-71.486739,V-210925111422-25066-1,,,V-210925114740-25066-54,Peru Rabies Control,Arequipa,Characato (MR_21),vac11ch,VANCAN formulario 2025 General,Dog,,No,48.793,perro,revac,1_mayor
Sep,21/09/2025,11:47 AM,21/09/2025,-16.4597107,-71.4867362,V-210925111422-25066-1,,,V-210925114737-25066-53,Peru Rabies Control,Arequipa,Characato (MR_21),vac11ch,VANCAN formulario 2025 General,Dog,,No,48.793,perro,revac,1_mayor
Sep,21/09/2025,11:47 AM,21/09/2025,-16.4597107,-71.4867363,V-210925111422-25066-1,,,V-210925114728-25066-52,Peru Rabies Control,Arequipa,Characato (MR_21),vac11ch,VANCAN formulario 2025 General,Dog,,No,48.793,perro,primovac,1_mayor
Sep,21/09/2025,11:47 AM,21/09/2025,-16.4597102,-71.4867372,V-210925111422-25066-1,,,V-210925114724-25066-51,Peru Rabies Control,Arequipa,Characato (MR_21),vac11ch,VANCAN formulario 2025 General,Dog,,No,48.793,perro,primovac,1_mayor
Sep,21/09/2025,11:47 AM,21/09/2025,-16.459712,-71.4867405,V-210925111422-25066-1,,,V-210925114719-25066-50,Peru Rabies Control,Arequipa,Characato (MR_21),vac11ch,VANCAN formulario 2025 General,Dog,,No,48.793,perro,revac,1_mayor
Sep,21/09/2025,11:47 AM,21/09/2025,-16.4597255,-71.4867499,V-210925111422-25066-1,,,V-210925114716-25066-49,Peru Rabies Control,Arequipa,Characato (MR_21),vac11ch,VANCAN formulario 2025 General,Dog,,No,48.793,perro,revac,1_mayor
Sep,21/09/2025,11:47 AM,21/09/2025,-16.4597313,-71.4867852,V-210925111422-25066-1,,,V-210925114709-25066-48,Peru Rabies Control,Arequipa,Characato (MR_21),vac11ch,VANCAN formulario 2025 General,Dog,,No,48.793,perro,primovac,1_mayor
Sep,21/09/2025,11:47 AM,21/09/2025,-16.4596777,-71.4867704,V-210925111422-25066-1,,,V-210925114705-25066-47,Peru Rabies Control,Arequipa,Characato (MR_21),vac11ch,VANCAN formulario 2025 General,Dog,,No,48.793,perro,primovac,menor_1
Sep,21/09/2025,11:46 AM,21/09/2025,-16.459707,-71.4868296,V-210925111422-25066-1,,,V-210925114656-25066-46,Peru Rabies Control,Arequipa,Characato (MR_21),vac11ch,VANCAN formulario 2025 General,Dog,,No,48.793,perro,primovac,1_mayor
Sep,21/09/2025,11:46 AM,21/09/2025,-16.4597287,-71.4867078,V-210925111422-25066-1,,,V-210925114649-25066-45,Peru Rabies Control,Arequipa,Characato (MR_21),vac11ch,VANCAN formulario 2025 General,Dog,,No,48.793,perro,revac,1_mayor
Sep,21/09/2025,11:46 AM,21/09/2025,-16.4597287,-71.4867078,V-210925111422-25066-1,,,V-210925114643-25066-44,Peru Rabies Control,Arequipa,Characato (MR_21),vac11ch,VANCAN formulario 2025 General,Dog,,No,48.793,perro,primovac,1_mayor
Sep,21/09/2025,11:46 AM,21/09/2025,-16.4597093,-71.4868359,V-210925111422-25066-1,,,V-210925114639-25066-43,Peru Rabies Control,Arequipa,Characato (MR_21),vac11ch,VANCAN formulario 2025 General,Dog,,No,48.793,perro,primovac,menor_1
Sep,21/09/2025,11:46 AM,21/09/2025,-16.4596869,-71.4867915,V-210925111422-25066-1,,,V-210925114629-25066-42,Peru Rabies Control,Arequipa,Characato (MR_21),vac11ch,VANCAN formulario 2025 General,Dog,,No,48.793,perro,revac,1_mayor
Sep,21/09/2025,11:46 AM,21/09/2025,-16.4596869,-71.4867915,V-210925111422-25066-1,,,V-210925114626-25066-41,Peru Rabies Control,Arequipa,Characato (MR_21),vac11ch,VANCAN formulario 2025 General,Dog,,No,48.793,perro,revac,1_mayor
Sep,21/09/2025,11:46 AM,21/09/2025,-16.4596869,-71.4867915,V-210925111422-25066-1,,,V-210925114622-25066-40,Peru Rabies Control,Arequipa,Characato (MR_21),vac11ch,VANCAN formulario 2025 General,Dog,,No,48.793,perro,revac,1_mayor
Sep,21/09/2025,11:46 AM,21/09/2025,-16.4596869,-71.4867915,V-210925111422-25066-1,,,V-210925114619-25066-39,Peru Rabies Control,Arequipa,Characato (MR_21),vac11ch,VANCAN formulario 2025 General,Dog,,No,48.793,perro,revac,1_mayor
Sep,21/09/2025,11:46 AM,21/09/2025,-16.4597013,-71.4868305,V-210925111422-25066-1,,,V-210925114615-25066-38,Peru Rabies Control,Arequipa,Characato (MR_21),vac11ch,VANCAN formulario 2025 General,Dog,,No,48.793,perro,revac,1_mayor
Sep,21/09/2025,11:20 AM,21/09/2025,-16.4606591,-71.4865119,V-210925111422-25066-1,,,V-210925112053-25066-37,Peru Rabies Control,Arequipa,Characato (MR_21),vac11ch,VANCAN formulario 2025 General,Dog,,No,48.793,perro,primovac,1_mayor
Sep,21/09/2025,11:20 AM,21/09/2025,-16.4606591,-71.4865119,V-210925111422-25066-1,,,V-210925112050-25066-36,Peru Rabies Control,Arequipa,Characato (MR_21),vac11ch,VANCAN formulario 2025 General,Dog,,No,48.793,perro,primovac,1_mayor
Sep,21/09/2025,11:20 AM,21/09/2025,-16.4606429,-71.4866092,V-210925111422-25066-1,,,V-210925112045-25066-35,Peru Rabies Control,Arequipa,Characato (MR_21),vac11ch,VANCAN formulario 2025 General,Dog,,No,48.793,perro,primovac,1_mayor
Sep,21/09/2025,11:20 AM,21/09/2025,-16.4606925,-71.4866839,V-210925111422-25066-1,,,V-210925112038-25066-34,Peru Rabies Control,Arequipa,Characato (MR_21),vac11ch,VANCAN formulario 2025 General,Dog,,No,48.793,perro,revac,1_mayor
Sep,21/09/2025,11:20 AM,21/09/2025,-16.4604939,-71.4865134,V-210925111422-25066-1,,,V-210925112034-25066-33,Peru Rabies Control,Arequipa,Characato (MR_21),vac11ch,VANCAN formulario 2025 General,Dog,,No,48.793,perro,revac,1_mayor
Sep,21/09/2025,11:19 AM,21/09/2025,-16.4605888,-71.4865453,V-210925111422-25066-1,,,V-210925111953-25066-32,Peru Rabies Control,Arequipa,Characato (MR_21),vac11ch,VANCAN formulario 2025 General,Dog,,No,48.793,perro,primovac,menor_1
Sep,21/09/2025,11:19 AM,21/09/2025,-16.4606417,-71.4865492,V-210925111422-25066-1,,,V-210925111945-25066-31,Peru Rabies Control,Arequipa,Characato (MR_21),vac11ch,VANCAN formulario 2025 General,Dog,,No,48.793,perro,revac,1_mayor
Sep,21/09/2025,11:19 AM,21/09/2025,-16.4606417,-71.4865492,V-210925111422-25066-1,,,V-210925111942-25066-30,Peru Rabies Control,Arequipa,Characato (MR_21),vac11ch,VANCAN formulario 2025 General,Dog,,No,48.793,perro,revac,1_mayor
Sep,21/09/2025,11:19 AM,21/09/2025,-16.4606426,-71.4865489,V-210925111422-25066-1,,,V-210925111938-25066-29,Peru Rabies Control,Arequipa,Characato (MR_21),vac11ch,VANCAN formulario 2025 General,Dog,,No,48.793,perro,revac,1_mayor
Sep,21/09/2025,11:19 AM,21/09/2025,-16.4605679,-71.4865764,V-210925111422-25066-1,,,V-210925111934-25066-28,Peru Rabies Control,Arequipa,Characato (MR_21),vac11ch,VANCAN formulario 2025 General,Dog,,No,48.793,perro,revac,1_mayor
Sep,21/09/2025,11:19 AM,21/09/2025,-16.4607239,-71.486441,V-210925111422-25066-1,,,V-210925111928-25066-27,Peru Rabies Control,Arequipa,Characato (MR_21),vac11ch,VANCAN formulario 2025 General,Dog,,No,48.793,perro,revac,1_mayor
Sep,21/09/2025,11:19 AM,21/09/2025,-16.4607239,-71.486441,V-210925111422-25066-1,,,V-210925111925-25066-26,Peru Rabies Control,Arequipa,Characato (MR_21),vac11ch,VANCAN formulario 2025 General,Dog,,No,48.793,perro,revac,1_mayor
Sep,21/09/2025,11:19 AM,21/09/2025,-16.460599,-71.4865407,V-210925111422-25066-1,,,V-210925111921-25066-25,Peru Rabies Control,Arequipa,Characato (MR_21),vac11ch,VANCAN formulario 2025 General,Dog,,No,48.793,perro,revac,1_mayor
Sep,21/09/2025,11:19 AM,21/09/2025,-16.4607845,-71.4863988,V-210925111422-25066-1,,,V-210925111916-25066-24,Peru Rabies Control,Arequipa,Characato (MR_21),vac11ch,VANCAN formulario 2025 General,Dog,,No,48.793,perro,revac,1_mayor
Sep,21/09/2025,11:19 AM,21/09/2025,-16.4607845,-71.4863988,V-210925111422-25066-1,,,V-210925111913-25066-23,Peru Rabies Control,Arequipa,Characato (MR_21),vac11ch,VANCAN formulario 2025 General,Dog,,No,48.793,perro,revac,1_mayor
Sep,21/09/2025,11:19 AM,21/09/2025,-16.4607688,-71.486438,V-210925111422-25066-1,,,V-210925111910-25066-22,Peru Rabies Control,Arequipa,Characato (MR_21),vac11ch,VANCAN formulario 2025 General,Dog,,No,48.793,perro,revac,1_mayor
Sep,21/09/2025,11:19 AM,21/09/2025,-16.4607688,-71.486438,V-210925111422-25066-1,,,V-210925111907-25066-21,Peru Rabies Control,Arequipa,Characato (MR_21),vac11ch,VANCAN formulario 2025 General,Dog,,No,48.793,perro,revac,1_mayor
Sep,21/09/2025,11:19 AM,21/09/2025,-16.4607573,-71.4864541,V-210925111422-25066-1,,,V-210925111903-25066-20,Peru Rabies Control,Arequipa,Characato (MR_21),vac11ch,VANCAN formulario 2025 General,Dog,,No,48.793,perro,revac,1_mayor
Sep,21/09/2025,11:18 AM,21/09/2025,-16.4607573,-71.4864541,V-210925111422-25066-1,,,V-210925111857-25066-19,Peru Rabies Control,Arequipa,Characato (MR_21),vac11ch,VANCAN formulario 2025 General,Dog,,No,48.793,perro,revac,1_mayor
Sep,21/09/2025,11:18 AM,21/09/2025,-16.4606464,-71.4866014,V-210925111422-25066-1,,,V-210925111854-25066-18,Peru Rabies Control,Arequipa,Characato (MR_21),vac11ch,VANCAN formulario 2025 General,Dog,,No,48.793,perro,revac,1_mayor
Sep,21/09/2025,11:18 AM,21/09/2025,-16.4605352,-71.4865459,V-210925111422-25066-1,,,V-210925111836-25066-17,Peru Rabies Control,Arequipa,Characato (MR_21),vac11ch,VANCAN formulario 2025 General,Dog,,No,48.793,perro,primovac,menor_1
Sep,21/09/2025,11:18 AM,21/09/2025,-16.4607069,-71.486485,V-210925111422-25066-1,,,V-210925111831-25066-16,Peru Rabies Control,Arequipa,Characato (MR_21),vac11ch,VANCAN formulario 2025 General,Dog,,No,48.793,perro,revac,1_mayor
Sep,21/09/2025,11:18 AM,21/09/2025,-16.4606271,-71.4866003,V-210925111422-25066-1,,,V-210925111823-25066-15,Peru Rabies Control,Arequipa,Characato (MR_21),vac11ch,VANCAN formulario 2025 General,Dog,,No,48.793,perro,primovac,menor_1
Sep,21/09/2025,11:18 AM,21/09/2025,-16.4606597,-71.4864421,V-210925111422-25066-1,,,V-210925111813-25066-14,Peru Rabies Control,Arequipa,Characato (MR_21),vac11ch,VANCAN formulario 2025 General,Dog,,No,48.793,perro,revac,1_mayor
Sep,21/09/2025,11:18 AM,21/09/2025,-16.4606597,-71.4864421,V-210925111422-25066-1,,,V-210925111810-25066-13,Peru Rabies Control,Arequipa,Characato (MR_21),vac11ch,VANCAN formulario 2025 General,Dog,,No,48.793,perro,revac,1_mayor
Sep,21/09/2025,11:18 AM,21/09/2025,-16.4605104,-71.4865247,V-210925111422-25066-1,,,V-210925111807-25066-12,Peru Rabies Control,Arequipa,Characato (MR_21),vac11ch,VANCAN formulario 2025 General,Dog,,No,48.793,perro,revac,1_mayor
Sep,21/09/2025,11:17 AM,21/09/2025,-16.4606299,-71.4865822,V-210925111422-25066-1,,,V-210925111758-25066-11,Peru Rabies Control,Arequipa,Characato (MR_21),vac11ch,VANCAN formulario 2025 General,Dog,,No,48.793,perro,revac,1_mayor
Sep,21/09/2025,11:17 AM,21/09/2025,-16.4606984,-71.4863967,V-210925111422-25066-1,,,V-210925111751-25066-10,Peru Rabies Control,Arequipa,Characato (MR_21),vac11ch,VANCAN formulario 2025 General,Dog,,No,48.793,perro,primovac,menor_1
Sep,21/09/2025,11:17 AM,21/09/2025,-16.4606067,-71.4864198,V-210925111422-25066-1,,,V-210925111746-25066-9,Peru Rabies Control,Arequipa,Characato (MR_21),vac11ch,VANCAN formulario 2025 General,Dog,,No,48.793,perro,primovac,1_mayor
Sep,21/09/2025,11:17 AM,21/09/2025,-16.4604792,-71.4864361,V-210925111422-25066-1,,,V-210925111739-25066-8,Peru Rabies Control,Arequipa,Characato (MR_21),vac11ch,VANCAN formulario 2025 General,Dog,,No,48.793,perro,primovac,menor_1
Sep,21/09/2025,11:17 AM,21/09/2025,-16.4607637,-71.4865034,V-210925111422-25066-1,,,V-210925111733-25066-7,Peru Rabies Control,Arequipa,Characato (MR_21),vac11ch,VANCAN formulario 2025 General,Dog,,No,48.793,perro,revac,1_mayor
Sep,21/09/2025,11:17 AM,21/09/2025,-16.4607637,-71.4865034,V-210925111422-25066-1,,,V-210925111729-25066-6,Peru Rabies Control,Arequipa,Characato (MR_21),vac11ch,VANCAN formulario 2025 General,Dog,,No,48.793,perro,revac,1_mayor
Sep,21/09/2025,11:17 AM,21/09/2025,-16.4607206,-71.4866427,V-210925111422-25066-1,,,V-210925111725-25066-5,Peru Rabies Control,Arequipa,Characato (MR_21),vac11ch,VANCAN formulario 2025 General,Dog,,No,48.793,perro,revac,1_mayor
Sep,21/09/2025,11:17 AM,21/09/2025,-16.4609355,-71.4862911,V-210925111422-25066-1,,,V-210925111720-25066-4,Peru Rabies Control,Arequipa,Characato (MR_21),vac11ch,VANCAN formulario 2025 General,Dog,,No,48.793,perro,revac,1_mayor
Sep,21/09/2025,11:17 AM,21/09/2025,-16.4609355,-71.4862911,V-210925111422-25066-1,,,V-210925111717-25066-3,Peru Rabies Control,Arequipa,Characato (MR_21),vac11ch,VANCAN formulario 2025 General,Dog,,No,48.793,perro,revac,1_mayor
Sep,21/09/2025,11:17 AM,21/09/2025,-16.4608266,-71.4863674,V-210925111422-25066-1,,,V-210925111714-25066-2,Peru Rabies Control,Arequipa,Characato (MR_21),vac11ch,VANCAN formulario 2025 General,Dog,,No,48.793,perro,revac,1_mayor
Sep,21/09/2025,11:14 AM,21/09/2025,-16.4608288,-71.4863513,V-210925111422-25066-1,,,V-210925111457-25066-1,Peru Rabies Control,Arequipa,Characato (MR_21),vac11ch,VANCAN formulario 2025 General,Dog,,No,48.793,perro,revac,1_mayor
Sep,21/09/2025,12:22 PM,21/09/2025,-16.4459869,-71.4976705,V-210925080212-25059-1,,,V-210925122221-25059-73,Peru Rabies Control,Arequipa,Characato (MR_21),vac04ch,VANCAN formulario 2025 General,Dog,,No,98.4,perro,revac,1_mayor
Sep,21/09/2025,12:19 PM,21/09/2025,-16.4458158,-71.4975661,V-210925080212-25059-1,,,V-210925121946-25059-72,Peru Rabies Control,Arequipa,Characato (MR_21),vac04ch,VANCAN formulario 2025 General,Dog,,No,98.4,perro,revac,1_mayor
Sep,21/09/2025,12:19 PM,21/09/2025,-16.4457867,-71.4976234,V-210925080212-25059-1,,,V-210925121942-25059-71,Peru Rabies Control,Arequipa,Characato (MR_21),vac04ch,VANCAN formulario 2025 General,Dog,,No,98.4,perro,revac,1_mayor
Sep,21/09/2025,12:14 PM,21/09/2025,-16.4449375,-71.4970246,V-210925080212-25059-1,,,V-210925121433-25059-70,Peru Rabies Control,Arequipa,Characato (MR_21),vac04ch,VANCAN formulario 2025 General,Dog,,No,98.4,perro,revac,1_mayor
Sep,21/09/2025,12:09 PM,21/09/2025,-16.4445919,-71.4968511,V-210925080212-25059-1,,,V-210925120944-25059-69,Peru Rabies Control,Arequipa,Characato (MR_21),vac04ch,VANCAN formulario 2025 General,Dog,,No,98.4,perro,primovac,menor_1
Sep,21/09/2025,12:09 PM,21/09/2025,-16.444228,-71.4959104,V-210925080212-25059-1,,,V-210925120939-25059-68,Peru Rabies Control,Arequipa,Characato (MR_21),vac04ch,VANCAN formulario 2025 General,Dog,,No,98.4,perro,revac,1_mayor
Sep,21/09/2025,12:00 PM,21/09/2025,-16.4439815,-71.4957749,V-210925080212-25059-1,,,V-210925120036-25059-67,Peru Rabies Control,Arequipa,Characato (MR_21),vac04ch,VANCAN formulario 2025 General,Dog,,No,98.4,perro,revac,1_mayor
Sep,21/09/2025,11:57 AM,21/09/2025,-16.4439814,-71.4957744,V-210925080212-25059-1,,,V-210925115709-25059-66,Peru Rabies Control,Arequipa,Characato (MR_21),vac04ch,VANCAN formulario 2025 General,Dog,,No,98.4,perro,primovac,1_mayor
Sep,21/09/2025,11:56 AM,21/09/2025,-16.443995,-71.4957736,V-210925080212-25059-1,,,V-210925115659-25059-65,Peru Rabies Control,Arequipa,Characato (MR_21),vac04ch,VANCAN formulario 2025 General,Dog,,No,98.4,perro,revac,1_mayor
Sep,21/09/2025,11:56 AM,21/09/2025,-16.4440692,-71.495854,V-210925080212-25059-1,,,V-210925115648-25059-64,Peru Rabies Control,Arequipa,Characato (MR_21),vac04ch,VANCAN formulario 2025 General,Dog,,No,98.4,perro,primovac,menor_1
Sep,21/09/2025,11:30 AM,21/09/2025,-16.4434597,-71.4953204,V-210925080212-25059-1,,,V-210925113030-25059-63,Peru Rabies Control,Arequipa,Characato (MR_21),vac04ch,VANCAN formulario 2025 General,Dog,,No,98.4,perro,revac,1_mayor
Sep,21/09/2025,11:30 AM,21/09/2025,-16.4432868,-71.4952102,V-210925080212-25059-1,,,V-210925113011-25059-62,Peru Rabies Control,Arequipa,Characato (MR_21),vac04ch,VANCAN formulario 2025 General,Dog,,No,98.4,perro,revac,1_mayor
Sep,21/09/2025,11:30 AM,21/09/2025,-16.4432866,-71.495212,V-210925080212-25059-1,,,V-210925113007-25059-61,Peru Rabies Control,Arequipa,Characato (MR_21),vac04ch,VANCAN formulario 2025 General,Dog,,No,98.4,perro,revac,1_mayor
Sep,21/09/2025,11:29 AM,21/09/2025,-16.4432633,-71.4951899,V-210925080212-25059-1,,,V-210925112945-25059-60,Peru Rabies Control,Arequipa,Characato (MR_21),vac04ch,VANCAN formulario 2025 General,Dog,,No,98.4,perro,primovac,menor_1
Sep,21/09/2025,11:13 AM,21/09/2025,-16.4433457,-71.4952354,V-210925080212-25059-1,,,V-210925111342-25059-59,Peru Rabies Control,Arequipa,Characato (MR_21),vac04ch,VANCAN formulario 2025 General,Dog,,No,98.4,perro,primovac,menor_1
Sep,21/09/2025,11:03 AM,21/09/2025,-16.4434602,-71.4952592,V-210925080212-25059-1,,,V-210925110328-25059-58,Peru Rabies Control,Arequipa,Characato (MR_21),vac04ch,VANCAN formulario 2025 General,Dog,,No,98.4,perro,primovac,1_mayor
Sep,21/09/2025,11:03 AM,21/09/2025,-16.443481,-71.4951756,V-210925080212-25059-1,,,V-210925110324-25059-57,Peru Rabies Control,Arequipa,Characato (MR_21),vac04ch,VANCAN formulario 2025 General,Dog,,No,98.4,perro,revac,1_mayor
Sep,21/09/2025,11:03 AM,21/09/2025,-16.4433484,-71.4952984,V-210925080212-25059-1,,,V-210925110320-25059-56,Peru Rabies Control,Arequipa,Characato (MR_21),vac04ch,VANCAN formulario 2025 General,Dog,,No,98.4,perro,revac,1_mayor
Sep,21/09/2025,11:00 AM,21/09/2025,-16.4433776,-71.4952295,V-210925080212-25059-1,,,V-210925110051-25059-55,Peru Rabies Control,Arequipa,Characato (MR_21),vac04ch,VANCAN formulario 2025 General,Dog,,No,98.4,perro,revac,1_mayor
Sep,21/09/2025,10:59 AM,21/09/2025,-16.4433516,-71.4952503,V-210925080212-25059-1,,,V-210925105911-25059-54,Peru Rabies Control,Arequipa,Characato (MR_21),vac04ch,VANCAN formulario 2025 General,Dog,,No,98.4,perro,revac,1_mayor
Sep,21/09/2025,10:59 AM,21/09/2025,-16.4434036,-71.4951978,V-210925080212-25059-1,,,V-210925105905-25059-53,Peru Rabies Control,Arequipa,Characato (MR_21),vac04ch,VANCAN formulario 2025 General,Dog,,No,98.4,perro,primovac,1_mayor
Sep,21/09/2025,10:42 AM,21/09/2025,-16.443512,-71.4954024,V-210925080212-25059-1,,,V-210925104209-25059-52,Peru Rabies Control,Arequipa,Characato (MR_21),vac04ch,VANCAN formulario 2025 General,Dog,,No,98.4,perro,primovac,1_mayor
Sep,21/09/2025,10:41 AM,21/09/2025,-16.443277,-71.4952298,V-210925080212-25059-1,,,V-210925104158-25059-51,Peru Rabies Control,Arequipa,Characato (MR_21),vac04ch,VANCAN formulario 2025 General,Dog,,No,98.4,perro,primovac,1_mayor
Sep,21/09/2025,10:41 AM,21/09/2025,-16.4432632,-71.4952066,V-210925080212-25059-1,,,V-210925104140-25059-50,Peru Rabies Control,Arequipa,Characato (MR_21),vac04ch,VANCAN formulario 2025 General,Dog,,No,98.4,perro,revac,menor_1
Sep,21/09/2025,10:41 AM,21/09/2025,-16.4434663,-71.4953423,V-210925080212-25059-1,,,V-210925104134-25059-49,Peru Rabies Control,Arequipa,Characato (MR_21),vac04ch,VANCAN formulario 2025 General,Dog,,No,98.4,perro,revac,1_mayor
Sep,21/09/2025,10:40 AM,21/09/2025,-16.4432697,-71.495183,V-210925080212-25059-1,,,V-210925104017-25059-48,Peru Rabies Control,Arequipa,Characato (MR_21),vac04ch,VANCAN formulario 2025 General,Dog,,No,98.4,perro,primovac,1_mayor
Sep,21/09/2025,10:40 AM,21/09/2025,-16.4432684,-71.4951831,V-210925080212-25059-1,,,V-210925104011-25059-47,Peru Rabies Control,Arequipa,Characato (MR_21),vac04ch,VANCAN formulario 2025 General,Dog,,No,98.4,perro,revac,1_mayor
Sep,21/09/2025,10:40 AM,21/09/2025,-16.4432652,-71.4951893,V-210925080212-25059-1,,,V-210925104006-25059-46,Peru Rabies Control,Arequipa,Characato (MR_21),vac04ch,VANCAN formulario 2025 General,Dog,,No,98.4,perro,revac,1_mayor
Sep,21/09/2025,10:39 AM,21/09/2025,-16.443285,-71.4951883,V-210925080212-25059-1,,,V-210925103959-25059-45,Peru Rabies Control,Arequipa,Characato (MR_21),vac04ch,VANCAN formulario 2025 General,Dog,,No,98.4,perro,primovac,1_mayor
Sep,21/09/2025,10:39 AM,21/09/2025,-16.4432847,-71.495188,V-210925080212-25059-1,,,V-210925103954-25059-44,Peru Rabies Control,Arequipa,Characato (MR_21),vac04ch,VANCAN formulario 2025 General,Dog,,No,98.4,perro,primovac,1_mayor
Sep,21/09/2025,10:39 AM,21/09/2025,-16.4432854,-71.4951842,V-210925080212-25059-1,,,V-210925103949-25059-43,Peru Rabies Control,Arequipa,Characato (MR_21),vac04ch,VANCAN formulario 2025 General,Dog,,No,98.4,perro,primovac,1_mayor
Sep,21/09/2025,10:39 AM,21/09/2025,-16.4435119,-71.4952139,V-210925080212-25059-1,,,V-210925103937-25059-42,Peru Rabies Control,Arequipa,Characato (MR_21),vac04ch,VANCAN formulario 2025 General,Dog,,No,98.4,perro,revac,1_mayor
Sep,21/09/2025,10:28 AM,21/09/2025,-16.44353,-71.4952419,V-210925080212-25059-1,,,V-210925102853-25059-41,Peru Rabies Control,Arequipa,Characato (MR_21),vac04ch,VANCAN formulario 2025 General,Dog,,No,98.4,perro,primovac,1_mayor
Sep,21/09/2025,10:20 AM,21/09/2025,-16.4450209,-71.4957022,V-210925080212-25059-1,,,V-210925102000-25059-40,Peru Rabies Control,Arequipa,Characato (MR_21),vac04ch,VANCAN formulario 2025 General,Dog,,No,98.4,perro,revac,1_mayor
Sep,21/09/2025,10:18 AM,21/09/2025,-16.4449341,-71.4956321,V-210925080212-25059-1,,,V-210925101824-25059-39,Peru Rabies Control,Arequipa,Characato (MR_21),vac04ch,VANCAN formulario 2025 General,Dog,,No,98.4,perro,primovac,menor_1
Sep,21/09/2025,10:18 AM,21/09/2025,-16.4451721,-71.4956593,V-210925080212-25059-1,,,V-210925101819-25059-38,Peru Rabies Control,Arequipa,Characato (MR_21),vac04ch,VANCAN formulario 2025 General,Dog,,No,98.4,perro,primovac,menor_1
Sep,21/09/2025,10:09 AM,21/09/2025,-16.4449074,-71.4956097,V-210925080212-25059-1,,,V-210925100915-25059-37,Peru Rabies Control,Arequipa,Characato (MR_21),vac04ch,VANCAN formulario 2025 General,Dog,,No,98.4,perro,revac,1_mayor
Sep,21/09/2025,10:09 AM,21/09/2025,-16.444815,-71.49554,V-210925080212-25059-1,,,V-210925100911-25059-36,Peru Rabies Control,Arequipa,Characato (MR_21),vac04ch,VANCAN formulario 2025 General,Dog,,No,98.4,perro,revac,1_mayor
Sep,21/09/2025,09:57 AM,21/09/2025,-16.4449386,-71.4956151,V-210925080212-25059-1,,,V-210925095715-25059-35,Peru Rabies Control,Arequipa,Characato (MR_21),vac04ch,VANCAN formulario 2025 General,Dog,,No,98.4,perro,revac,1_mayor
Sep,21/09/2025,09:28 AM,21/09/2025,-16.4449183,-71.49563,V-210925080212-25059-1,,,V-210925092850-25059-34,Peru Rabies Control,Arequipa,Characato (MR_21),vac04ch,VANCAN formulario 2025 General,Dog,,No,98.4,perro,revac,1_mayor
Sep,21/09/2025,09:27 AM,21/09/2025,-16.4449944,-71.4956348,V-210925080212-25059-1,,,V-210925092719-25059-33,Peru Rabies Control,Arequipa,Characato (MR_21),vac04ch,VANCAN formulario 2025 General,Dog,,No,98.4,perro,revac,1_mayor
Sep,21/09/2025,09:27 AM,21/09/2025,-16.4449708,-71.49554,V-210925080212-25059-1,,,V-210925092714-25059-32,Peru Rabies Control,Arequipa,Characato (MR_21),vac04ch,VANCAN formulario 2025 General,Dog,,No,98.4,perro,revac,1_mayor
Sep,21/09/2025,09:25 AM,21/09/2025,-16.444781,-71.4954384,V-210925080212-25059-1,,,V-210925092553-25059-31,Peru Rabies Control,Arequipa,Characato (MR_21),vac04ch,VANCAN formulario 2025 General,Dog,,No,98.4,perro,revac,1_mayor
Sep,21/09/2025,09:25 AM,21/09/2025,-16.444781,-71.4954384,V-210925080212-25059-1,,,V-210925092550-25059-30,Peru Rabies Control,Arequipa,Characato (MR_21),vac04ch,VANCAN formulario 2025 General,Dog,,No,98.4,perro,revac,1_mayor
Sep,21/09/2025,09:25 AM,21/09/2025,-16.444781,-71.4954384,V-210925080212-25059-1,,,V-210925092546-25059-29,Peru Rabies Control,Arequipa,Characato (MR_21),vac04ch,VANCAN formulario 2025 General,Dog,,No,98.4,perro,revac,1_mayor
Sep,21/09/2025,09:25 AM,21/09/2025,-16.444781,-71.4954384,V-210925080212-25059-1,,,V-210925092542-25059-28,Peru Rabies Control,Arequipa,Characato (MR_21),vac04ch,VANCAN formulario 2025 General,Dog,,No,98.4,perro,revac,1_mayor
Sep,21/09/2025,09:25 AM,21/09/2025,-16.4451312,-71.4956605,V-210925080212-25059-1,,,V-210925092538-25059-27,Peru Rabies Control,Arequipa,Characato (MR_21),vac04ch,VANCAN formulario 2025 General,Dog,,No,98.4,perro,revac,1_mayor
Sep,21/09/2025,09:12 AM,21/09/2025,-16.4449058,-71.4956173,V-210925080212-25059-1,,,V-210925091243-25059-26,Peru Rabies Control,Arequipa,Characato (MR_21),vac04ch,VANCAN formulario 2025 General,Dog,,No,98.4,perro,revac,1_mayor
Sep,21/09/2025,09:06 AM,21/09/2025,-16.4449178,-71.4956321,V-210925080212-25059-1,,,V-210925090610-25059-25,Peru Rabies Control,Arequipa,Characato (MR_21),vac04ch,VANCAN formulario 2025 General,Dog,,No,98.4,perro,revac,1_mayor
Sep,21/09/2025,08:57 AM,21/09/2025,-16.444895,-71.4955919,V-210925080212-25059-1,,,V-210925085738-25059-24,Peru Rabies Control,Arequipa,Characato (MR_21),vac04ch,VANCAN formulario 2025 General,Dog,,No,98.4,gato,,
Sep,21/09/2025,08:57 AM,21/09/2025,-16.4451746,-71.49566,V-210925080212-25059-1,,,V-210925085735-25059-23,Peru Rabies Control,Arequipa,Characato (MR_21),vac04ch,VANCAN formulario 2025 General,Dog,,No,98.4,gato,,
Sep,21/09/2025,08:43 AM,21/09/2025,-16.4450659,-71.495652,V-210925080212-25059-1,,,V-210925084350-25059-22,Peru Rabies Control,Arequipa,Characato (MR_21),vac04ch,VANCAN formulario 2025 General,Dog,,No,98.4,perro,revac,1_mayor
Sep,21/09/2025,08:42 AM,21/09/2025,-16.4450238,-71.4957108,V-210925080212-25059-1,,,V-210925084248-25059-21,Peru Rabies Control,Arequipa,Characato (MR_21),vac04ch,VANCAN formulario 2025 General,Dog,,No,98.4,perro,revac,1_mayor
Sep,21/09/2025,08:42 AM,21/09/2025,-16.444889,-71.4955906,V-210925080212-25059-1,,,V-210925084240-25059-20,Peru Rabies Control,Arequipa,Characato (MR_21),vac04ch,VANCAN formulario 2025 General,Dog,,No,98.4,perro,revac,1_mayor
Sep,21/09/2025,08:38 AM,21/09/2025,-16.4451519,-71.495665,V-210925080212-25059-1,,,V-210925083828-25059-19,Peru Rabies Control,Arequipa,Characato (MR_21),vac04ch,VANCAN formulario 2025 General,Dog,,No,98.4,perro,primovac,menor_1
Sep,21/09/2025,08:38 AM,21/09/2025,-16.4451713,-71.4956447,V-210925080212-25059-1,,,V-210925083823-25059-18,Peru Rabies Control,Arequipa,Characato (MR_21),vac04ch,VANCAN formulario 2025 General,Dog,,No,98.4,perro,primovac,menor_1
Sep,21/09/2025,08:36 AM,21/09/2025,-16.4449424,-71.4956252,V-210925080212-25059-1,,,V-210925083613-25059-17,Peru Rabies Control,Arequipa,Characato (MR_21),vac04ch,VANCAN formulario 2025 General,Dog,,No,98.4,perro,revac,1_mayor
Sep,21/09/2025,08:36 AM,21/09/2025,-16.4451474,-71.4956327,V-210925080212-25059-1,,,V-210925083609-25059-16,Peru Rabies Control,Arequipa,Characato (MR_21),vac04ch,VANCAN formulario 2025 General,Dog,,No,98.4,perro,revac,1_mayor
Sep,21/09/2025,08:33 AM,21/09/2025,-16.4451337,-71.4956098,V-210925080212-25059-1,,,V-210925083342-25059-15,Peru Rabies Control,Arequipa,Characato (MR_21),vac04ch,VANCAN formulario 2025 General,Dog,,No,98.4,perro,primovac,1_mayor
Sep,21/09/2025,08:33 AM,21/09/2025,-16.4451327,-71.4956057,V-210925080212-25059-1,,,V-210925083337-25059-14,Peru Rabies Control,Arequipa,Characato (MR_21),vac04ch,VANCAN formulario 2025 General,Dog,,No,98.4,perro,primovac,menor_1
Sep,21/09/2025,08:33 AM,21/09/2025,-16.4450467,-71.4956267,V-210925080212-25059-1,,,V-210925083332-25059-13,Peru Rabies Control,Arequipa,Characato (MR_21),vac04ch,VANCAN formulario 2025 General,Dog,,No,98.4,perro,revac,1_mayor
Sep,21/09/2025,08:28 AM,21/09/2025,-16.4450256,-71.4956268,V-210925080212-25059-1,,,V-210925082824-25059-12,Peru Rabies Control,Arequipa,Characato (MR_21),vac04ch,VANCAN formulario 2025 General,Dog,,No,98.4,perro,revac,1_mayor
Sep,21/09/2025,08:28 AM,21/09/2025,-16.4453228,-71.4953859,V-210925080212-25059-1,,,V-210925082819-25059-11,Peru Rabies Control,Arequipa,Characato (MR_21),vac04ch,VANCAN formulario 2025 General,Dog,,No,98.4,perro,revac,1_mayor
Sep,21/09/2025,08:25 AM,21/09/2025,-16.4450897,-71.4956023,V-210925080212-25059-1,,,V-210925082514-25059-10,Peru Rabies Control,Arequipa,Characato (MR_21),vac04ch,VANCAN formulario 2025 General,Dog,,No,98.4,perro,revac,1_mayor
Sep,21/09/2025,08:23 AM,21/09/2025,-16.445085,-71.4956305,V-210925080212-25059-1,,,V-210925082341-25059-9,Peru Rabies Control,Arequipa,Characato (MR_21),vac04ch,VANCAN formulario 2025 General,Dog,,No,98.4,perro,primovac,menor_1
Sep,21/09/2025,08:23 AM,21/09/2025,-16.4450612,-71.4956412,V-210925080212-25059-1,,,V-210925082336-25059-8,Peru Rabies Control,Arequipa,Characato (MR_21),vac04ch,VANCAN formulario 2025 General,Dog,,No,98.4,perro,primovac,menor_1
Sep,21/09/2025,08:23 AM,21/09/2025,-16.444786,-71.4954314,V-210925080212-25059-1,,,V-210925082330-25059-7,Peru Rabies Control,Arequipa,Characato (MR_21),vac04ch,VANCAN formulario 2025 General,Dog,,No,98.4,perro,revac,1_mayor
Sep,21/09/2025,08:20 AM,21/09/2025,-16.4450444,-71.4956046,V-210925080212-25059-1,,,V-210925082021-25059-6,Peru Rabies Control,Arequipa,Characato (MR_21),vac04ch,VANCAN formulario 2025 General,Dog,,No,98.4,perro,revac,1_mayor
Sep,21/09/2025,08:20 AM,21/09/2025,-16.4450148,-71.4956292,V-210925080212-25059-1,,,V-210925082017-25059-5,Peru Rabies Control,Arequipa,Characato (MR_21),vac04ch,VANCAN formulario 2025 General,Dog,,No,98.4,perro,revac,1_mayor
Sep,21/09/2025,08:20 AM,21/09/2025,-16.4451182,-71.4956317,V-210925080212-25059-1,,,V-210925082013-25059-4,Peru Rabies Control,Arequipa,Characato (MR_21),vac04ch,VANCAN formulario 2025 General,Dog,,No,98.4,perro,revac,1_mayor
Sep,21/09/2025,08:20 AM,21/09/2025,-16.4451083,-71.4956173,V-210925080212-25059-1,,,V-210925082009-25059-3,Peru Rabies Control,Arequipa,Characato (MR_21),vac04ch,VANCAN formulario 2025 General,Dog,,No,98.4,perro,revac,1_mayor
Sep,21/09/2025,08:20 AM,21/09/2025,-16.4451537,-71.4955546,V-210925080212-25059-1,,,V-210925082000-25059-2,Peru Rabies Control,Arequipa,Characato (MR_21),vac04ch,VANCAN formulario 2025 General,Dog,,No,98.4,perro,revac,1_mayor
Sep,21/09/2025,08:02 AM,21/09/2025,-16.4449157,-71.4956265,V-210925080212-25059-1,,,V-210925080228-25059-1,Peru Rabies Control,Arequipa,Characato (MR_21),vac04ch,VANCAN formulario 2025 General,Dog,,No,98.4,perro,revac,1_mayor
Sep,21/09/2025,12:47 PM,21/09/2025,-16.4545865,-71.4982079,V-210925081339-25057-1,,,V-210925124748-25057-72,Peru Rabies Control,Arequipa,Characato (MR_21),vac02ch,VANCAN formulario 2025 General,Dog,,No,6.405,perro,revac,1_mayor
Sep,21/09/2025,12:47 PM,21/09/2025,-16.4565028,-71.4994079,V-210925081339-25057-1,,,V-210925124740-25057-71,Peru Rabies Control,Arequipa,Characato (MR_21),vac02ch,VANCAN formulario 2025 General,Dog,,No,6.405,perro,revac,1_mayor
Sep,21/09/2025,12:45 PM,21/09/2025,-16.4569228,-71.4961694,V-210925081339-25057-1,,,V-210925124534-25057-70,Peru Rabies Control,Arequipa,Characato (MR_21),vac02ch,VANCAN formulario 2025 General,Dog,,No,6.405,perro,revac,1_mayor
Sep,21/09/2025,12:45 PM,21/09/2025,-16.4574257,-71.4957046,V-210925081339-25057-1,,,V-210925124521-25057-69,Peru Rabies Control,Arequipa,Characato (MR_21),vac02ch,VANCAN formulario 2025 General,Dog,,No,6.405,perro,revac,1_mayor
Sep,21/09/2025,12:45 PM,21/09/2025,-16.4574725,-71.4945053,V-210925081339-25057-1,,,V-210925124504-25057-68,Peru Rabies Control,Arequipa,Characato (MR_21),vac02ch,VANCAN formulario 2025 General,Dog,,No,6.405,perro,revac,1_mayor
Sep,21/09/2025,12:39 PM,21/09/2025,-16.4569503,-71.4940157,V-210925081339-25057-1,,,V-210925123957-25057-67,Peru Rabies Control,Arequipa,Characato (MR_21),vac02ch,VANCAN formulario 2025 General,Dog,,No,6.405,perro,primovac,menor_1
Sep,21/09/2025,12:36 PM,21/09/2025,-16.4566042,-71.4946695,V-210925081339-25057-1,,,V-210925123621-25057-66,Peru Rabies Control,Arequipa,Characato (MR_21),vac02ch,VANCAN formulario 2025 General,Dog,,No,6.405,perro,revac,1_mayor
Sep,21/09/2025,12:36 PM,21/09/2025,-16.4567481,-71.494536,V-210925081339-25057-1,,,V-210925123615-25057-65,Peru Rabies Control,Arequipa,Characato (MR_21),vac02ch,VANCAN formulario 2025 General,Dog,,No,6.405,perro,revac,1_mayor
Sep,21/09/2025,12:33 PM,21/09/2025,-16.4567129,-71.4945559,V-210925081339-25057-1,,,V-210925123313-25057-64,Peru Rabies Control,Arequipa,Characato (MR_21),vac02ch,VANCAN formulario 2025 General,Dog,,No,6.405,gato,,
Sep,21/09/2025,12:25 PM,21/09/2025,-16.4567805,-71.4945174,V-210925081339-25057-1,,,V-210925122506-25057-63,Peru Rabies Control,Arequipa,Characato (MR_21),vac02ch,VANCAN formulario 2025 General,Dog,,No,6.405,perro,revac,1_mayor
Sep,21/09/2025,12:25 PM,21/09/2025,-16.4567835,-71.4945185,V-210925081339-25057-1,,,V-210925122500-25057-62,Peru Rabies Control,Arequipa,Characato (MR_21),vac02ch,VANCAN formulario 2025 General,Dog,,No,6.405,perro,revac,1_mayor
Sep,21/09/2025,12:24 PM,21/09/2025,-16.4567272,-71.4945378,V-210925081339-25057-1,,,V-210925122447-25057-61,Peru Rabies Control,Arequipa,Characato (MR_21),vac02ch,VANCAN formulario 2025 General,Dog,,No,6.405,perro,revac,1_mayor
Sep,21/09/2025,12:24 PM,21/09/2025,-16.4566183,-71.4945764,V-210925081339-25057-1,,,V-210925122442-25057-60,Peru Rabies Control,Arequipa,Characato (MR_21),vac02ch,VANCAN formulario 2025 General,Dog,,No,6.405,perro,primovac,1_mayor
Sep,21/09/2025,12:09 PM,21/09/2025,-16.4567714,-71.4945128,V-210925081339-25057-1,,,V-210925120955-25057-59,Peru Rabies Control,Arequipa,Characato (MR_21),vac02ch,VANCAN formulario 2025 General,Dog,,No,6.405,perro,revac,1_mayor
Sep,21/09/2025,12:09 PM,21/09/2025,-16.4566605,-71.4946537,V-210925081339-25057-1,,,V-210925120940-25057-58,Peru Rabies Control,Arequipa,Characato (MR_21),vac02ch,VANCAN formulario 2025 General,Dog,,No,6.405,perro,revac,1_mayor
Sep,21/09/2025,12:07 PM,21/09/2025,-16.4567799,-71.4945061,V-210925081339-25057-1,,,V-210925120725-25057-57,Peru Rabies Control,Arequipa,Characato (MR_21),vac02ch,VANCAN formulario 2025 General,Dog,,No,6.405,perro,revac,1_mayor
Sep,21/09/2025,12:05 PM,21/09/2025,-16.4568007,-71.4944847,V-210925081339-25057-1,,,V-210925120546-25057-56,Peru Rabies Control,Arequipa,Characato (MR_21),vac02ch,VANCAN formulario 2025 General,Dog,,No,6.405,perro,revac,1_mayor
Sep,21/09/2025,11:39 AM,21/09/2025,-16.4567863,-71.4945617,V-210925081339-25057-1,,,V-210925113933-25057-55,Peru Rabies Control,Arequipa,Characato (MR_21),vac02ch,VANCAN formulario 2025 General,Dog,,No,6.405,perro,revac,1_mayor
Sep,21/09/2025,11:32 AM,21/09/2025,-16.4567036,-71.4945794,V-210925081339-25057-1,,,V-210925113218-25057-54,Peru Rabies Control,Arequipa,Characato (MR_21),vac02ch,VANCAN formulario 2025 General,Dog,,No,6.405,perro,revac,1_mayor
Sep,21/09/2025,11:27 AM,21/09/2025,-16.4567912,-71.4945141,V-210925081339-25057-1,,,V-210925112737-25057-53,Peru Rabies Control,Arequipa,Characato (MR_21),vac02ch,VANCAN formulario 2025 General,Dog,,No,6.405,perro,revac,1_mayor
Sep,21/09/2025,11:27 AM,21/09/2025,-16.4567915,-71.494509,V-210925081339-25057-1,,,V-210925112731-25057-52,Peru Rabies Control,Arequipa,Characato (MR_21),vac02ch,VANCAN formulario 2025 General,Dog,,No,6.405,perro,revac,1_mayor
Sep,21/09/2025,11:25 AM,21/09/2025,-16.4567591,-71.4946269,V-210925081339-25057-1,,,V-210925112527-25057-51,Peru Rabies Control,Arequipa,Characato (MR_21),vac02ch,VANCAN formulario 2025 General,Dog,,No,6.405,perro,revac,1_mayor
Sep,21/09/2025,11:24 AM,21/09/2025,-16.4567969,-71.4945105,V-210925081339-25057-1,,,V-210925112404-25057-50,Peru Rabies Control,Arequipa,Characato (MR_21),vac02ch,VANCAN formulario 2025 General,Dog,,No,6.405,perro,revac,1_mayor
Sep,21/09/2025,11:13 AM,21/09/2025,-16.4567808,-71.4944913,V-210925081339-25057-1,,,V-210925111356-25057-49,Peru Rabies Control,Arequipa,Characato (MR_21),vac02ch,VANCAN formulario 2025 General,Dog,,No,6.405,perro,revac,1_mayor
Sep,21/09/2025,11:13 AM,21/09/2025,-16.456832,-71.4945183,V-210925081339-25057-1,,,V-210925111341-25057-48,Peru Rabies Control,Arequipa,Characato (MR_21),vac02ch,VANCAN formulario 2025 General,Dog,,No,6.405,perro,primovac,menor_1
Sep,21/09/2025,11:06 AM,21/09/2025,-16.4567943,-71.4945296,V-210925081339-25057-1,,,V-210925110650-25057-47,Peru Rabies Control,Arequipa,Characato (MR_21),vac02ch,VANCAN formulario 2025 General,Dog,,No,6.405,perro,revac,1_mayor
Sep,21/09/2025,11:04 AM,21/09/2025,-16.4567281,-71.4946362,V-210925081339-25057-1,,,V-210925110409-25057-46,Peru Rabies Control,Arequipa,Characato (MR_21),vac02ch,VANCAN formulario 2025 General,Dog,,No,6.405,perro,revac,1_mayor
Sep,21/09/2025,10:57 AM,21/09/2025,-16.4569211,-71.4946107,V-210925081339-25057-1,,,V-210925105732-25057-45,Peru Rabies Control,Arequipa,Characato (MR_21),vac02ch,VANCAN formulario 2025 General,Dog,,No,6.405,perro,primovac,1_mayor
Sep,21/09/2025,10:39 AM,21/09/2025,-16.4567887,-71.4945298,V-210925081339-25057-1,,,V-210925103953-25057-44,Peru Rabies Control,Arequipa,Characato (MR_21),vac02ch,VANCAN formulario 2025 General,Dog,,No,6.405,perro,revac,1_mayor
Sep,21/09/2025,10:37 AM,21/09/2025,-16.456775,-71.4945165,V-210925081339-25057-1,,,V-210925103711-25057-43,Peru Rabies Control,Arequipa,Characato (MR_21),vac02ch,VANCAN formulario 2025 General,Dog,,No,6.405,perro,revac,1_mayor
Sep,21/09/2025,10:33 AM,21/09/2025,-16.4568037,-71.4945258,V-210925081339-25057-1,,,V-210925103351-25057-42,Peru Rabies Control,Arequipa,Characato (MR_21),vac02ch,VANCAN formulario 2025 General,Dog,,No,6.405,perro,revac,1_mayor
Sep,21/09/2025,10:21 AM,21/09/2025,-16.456781,-71.4945523,V-210925081339-25057-1,,,V-210925102125-25057-41,Peru Rabies Control,Arequipa,Characato (MR_21),vac02ch,VANCAN formulario 2025 General,Dog,,No,6.405,perro,revac,1_mayor
Sep,21/09/2025,10:21 AM,21/09/2025,-16.4567849,-71.494568,V-210925081339-25057-1,,,V-210925102111-25057-40,Peru Rabies Control,Arequipa,Characato (MR_21),vac02ch,VANCAN formulario 2025 General,Dog,,No,6.405,perro,revac,1_mayor
Sep,21/09/2025,10:21 AM,21/09/2025,-16.4566452,-71.4945695,V-210925081339-25057-1,,,V-210925102101-25057-39,Peru Rabies Control,Arequipa,Characato (MR_21),vac02ch,VANCAN formulario 2025 General,Dog,,No,6.405,perro,primovac,1_mayor
Sep,21/09/2025,10:13 AM,21/09/2025,-16.4566467,-71.4946017,V-210925081339-25057-1,,,V-210925101330-25057-38,Peru Rabies Control,Arequipa,Characato (MR_21),vac02ch,VANCAN formulario 2025 General,Dog,,No,6.405,perro,primovac,1_mayor
Sep,21/09/2025,10:11 AM,21/09/2025,-16.4568123,-71.4945053,V-210925081339-25057-1,,,V-210925101115-25057-37,Peru Rabies Control,Arequipa,Characato (MR_21),vac02ch,VANCAN formulario 2025 General,Dog,,No,6.405,perro,revac,1_mayor
Sep,21/09/2025,10:11 AM,21/09/2025,-16.4568208,-71.4945102,V-210925081339-25057-1,,,V-210925101106-25057-36,Peru Rabies Control,Arequipa,Characato (MR_21),vac02ch,VANCAN formulario 2025 General,Dog,,No,6.405,perro,revac,1_mayor
Sep,21/09/2025,10:11 AM,21/09/2025,-16.4569329,-71.4945931,V-210925081339-25057-1,,,V-210925101100-25057-35,Peru Rabies Control,Arequipa,Characato (MR_21),vac02ch,VANCAN formulario 2025 General,Dog,,No,6.405,perro,revac,1_mayor
Sep,21/09/2025,09:53 AM,21/09/2025,-16.4568994,-71.4945334,V-210925081339-25057-1,,,V-210925095322-25057-34,Peru Rabies Control,Arequipa,Characato (MR_21),vac02ch,VANCAN formulario 2025 General,Dog,,No,6.405,perro,revac,1_mayor
Sep,21/09/2025,09:52 AM,21/09/2025,-16.4568087,-71.4945646,V-210925081339-25057-1,,,V-210925095202-25057-33,Peru Rabies Control,Arequipa,Characato (MR_21),vac02ch,VANCAN formulario 2025 General,Dog,,No,6.405,perro,revac,1_mayor
Sep,21/09/2025,09:45 AM,21/09/2025,-16.4567763,-71.4945592,V-210925081339-25057-1,,,V-210925094501-25057-32,Peru Rabies Control,Arequipa,Characato (MR_21),vac02ch,VANCAN formulario 2025 General,Dog,,No,6.405,perro,revac,1_mayor
Sep,21/09/2025,09:44 AM,21/09/2025,-16.4568115,-71.4945694,V-210925081339-25057-1,,,V-210925094448-25057-31,Peru Rabies Control,Arequipa,Characato (MR_21),vac02ch,VANCAN formulario 2025 General,Dog,,No,6.405,perro,revac,1_mayor
Sep,21/09/2025,09:30 AM,21/09/2025,-16.4567559,-71.4945469,V-210925081339-25057-1,,,V-210925093037-25057-30,Peru Rabies Control,Arequipa,Characato (MR_21),vac02ch,VANCAN formulario 2025 General,Dog,,No,6.405,perro,revac,1_mayor
Sep,21/09/2025,09:30 AM,21/09/2025,-16.4568323,-71.4945844,V-210925081339-25057-1,,,V-210925093025-25057-29,Peru Rabies Control,Arequipa,Characato (MR_21),vac02ch,VANCAN formulario 2025 General,Dog,,No,6.405,perro,revac,1_mayor
Sep,21/09/2025,09:30 AM,21/09/2025,-16.4568029,-71.4945443,V-210925081339-25057-1,,,V-210925093020-25057-28,Peru Rabies Control,Arequipa,Characato (MR_21),vac02ch,VANCAN formulario 2025 General,Dog,,No,6.405,perro,revac,1_mayor
Sep,21/09/2025,09:26 AM,21/09/2025,-16.4567976,-71.4945506,V-210925081339-25057-1,,,V-210925092617-25057-27,Peru Rabies Control,Arequipa,Characato (MR_21),vac02ch,VANCAN formulario 2025 General,Dog,,No,6.405,perro,revac,1_mayor
Sep,21/09/2025,09:25 AM,21/09/2025,-16.4567272,-71.4945841,V-210925081339-25057-1,,,V-210925092525-25057-26,Peru Rabies Control,Arequipa,Characato (MR_21),vac02ch,VANCAN formulario 2025 General,Dog,,No,6.405,perro,revac,1_mayor
Sep,21/09/2025,09:25 AM,21/09/2025,-16.4566791,-71.4946573,V-210925081339-25057-1,,,V-210925092520-25057-25,Peru Rabies Control,Arequipa,Characato (MR_21),vac02ch,VANCAN formulario 2025 General,Dog,,No,6.405,perro,revac,1_mayor
Sep,21/09/2025,09:22 AM,21/09/2025,-16.4568223,-71.4945533,V-210925081339-25057-1,,,V-210925092241-25057-24,Peru Rabies Control,Arequipa,Characato (MR_21),vac02ch,VANCAN formulario 2025 General,Dog,,No,6.405,perro,revac,1_mayor
Sep,21/09/2025,09:20 AM,21/09/2025,-16.4568348,-71.4945135,V-210925081339-25057-1,,,V-210925092023-25057-23,Peru Rabies Control,Arequipa,Characato (MR_21),vac02ch,VANCAN formulario 2025 General,Dog,,No,6.405,perro,primovac,menor_1
Sep,21/09/2025,09:20 AM,21/09/2025,-16.4567749,-71.49452,V-210925081339-25057-1,,,V-210925092014-25057-22,Peru Rabies Control,Arequipa,Characato (MR_21),vac02ch,VANCAN formulario 2025 General,Dog,,No,6.405,perro,revac,1_mayor
Sep,21/09/2025,09:18 AM,21/09/2025,-16.4567819,-71.49451,V-210925081339-25057-1,,,V-210925091833-25057-21,Peru Rabies Control,Arequipa,Characato (MR_21),vac02ch,VANCAN formulario 2025 General,Dog,,No,6.405,perro,revac,1_mayor
Sep,21/09/2025,09:18 AM,21/09/2025,-16.4567779,-71.4945142,V-210925081339-25057-1,,,V-210925091819-25057-20,Peru Rabies Control,Arequipa,Characato (MR_21),vac02ch,VANCAN formulario 2025 General,Dog,,No,6.405,perro,revac,1_mayor
Sep,21/09/2025,09:16 AM,21/09/2025,-16.4567617,-71.4944956,V-210925081339-25057-1,,,V-210925091638-25057-19,Peru Rabies Control,Arequipa,Characato (MR_21),vac02ch,VANCAN formulario 2025 General,Dog,,No,6.405,perro,revac,1_mayor
Sep,21/09/2025,09:16 AM,21/09/2025,-16.4567532,-71.494503,V-210925081339-25057-1,,,V-210925091633-25057-18,Peru Rabies Control,Arequipa,Characato (MR_21),vac02ch,VANCAN formulario 2025 General,Dog,,No,6.405,perro,revac,1_mayor
Sep,21/09/2025,09:16 AM,21/09/2025,-16.4567728,-71.4945122,V-210925081339-25057-1,,,V-210925091627-25057-17,Peru Rabies Control,Arequipa,Characato (MR_21),vac02ch,VANCAN formulario 2025 General,Dog,,No,6.405,perro,revac,1_mayor
Sep,21/09/2025,09:13 AM,21/09/2025,-16.4567326,-71.4945926,V-210925081339-25057-1,,,V-210925091318-25057-16,Peru Rabies Control,Arequipa,Characato (MR_21),vac02ch,VANCAN formulario 2025 General,Dog,,No,6.405,perro,revac,1_mayor
Sep,21/09/2025,09:11 AM,21/09/2025,-16.456727,-71.4945115,V-210925081339-25057-1,,,V-210925091159-25057-15,Peru Rabies Control,Arequipa,Characato (MR_21),vac02ch,VANCAN formulario 2025 General,Dog,,No,6.405,perro,primovac,menor_1
Sep,21/09/2025,09:11 AM,21/09/2025,-16.4567535,-71.4945453,V-210925081339-25057-1,,,V-210925091134-25057-14,Peru Rabies Control,Arequipa,Characato (MR_21),vac02ch,VANCAN formulario 2025 General,Dog,,No,6.405,perro,revac,1_mayor
Sep,21/09/2025,09:11 AM,21/09/2025,-16.4567674,-71.4945543,V-210925081339-25057-1,,,V-210925091123-25057-13,Peru Rabies Control,Arequipa,Characato (MR_21),vac02ch,VANCAN formulario 2025 General,Dog,,No,6.405,perro,revac,1_mayor
Sep,21/09/2025,08:28 AM,21/09/2025,-16.4567721,-71.4945454,V-210925081339-25057-1,,,V-210925082849-25057-12,Peru Rabies Control,Arequipa,Characato (MR_21),vac02ch,VANCAN formulario 2025 General,Dog,,No,6.405,perro,revac,1_mayor
Sep,21/09/2025,08:28 AM,21/09/2025,-16.4567648,-71.4945132,V-210925081339-25057-1,,,V-210925082838-25057-11,Peru Rabies Control,Arequipa,Characato (MR_21),vac02ch,VANCAN formulario 2025 General,Dog,,No,5.312,perro,revac,1_mayor
Sep,21/09/2025,08:28 AM,21/09/2025,-16.4567907,-71.4945508,V-210925081339-25057-1,,,V-210925082828-25057-10,Peru Rabies Control,Arequipa,Characato (MR_21),vac02ch,VANCAN formulario 2025 General,Dog,,No,5.312,perro,revac,1_mayor
Sep,21/09/2025,08:28 AM,21/09/2025,-16.4567745,-71.4946598,V-210925081339-25057-1,,,V-210925082822-25057-9,Peru Rabies Control,Arequipa,Characato (MR_21),vac02ch,VANCAN formulario 2025 General,Dog,,No,5.312,perro,revac,1_mayor
Sep,21/09/2025,08:24 AM,21/09/2025,-16.4567921,-71.49453,V-210925081339-25057-1,,,V-210925082424-25057-8,Peru Rabies Control,Arequipa,Characato (MR_21),vac02ch,VANCAN formulario 2025 General,Dog,,No,5.312,perro,primovac,1_mayor
Sep,21/09/2025,08:23 AM,21/09/2025,-16.4567904,-71.4945279,V-210925081339-25057-1,,,V-210925082300-25057-7,Peru Rabies Control,Arequipa,Characato (MR_21),vac02ch,VANCAN formulario 2025 General,Dog,,No,5.312,perro,revac,1_mayor
Sep,21/09/2025,08:22 AM,21/09/2025,-16.4567902,-71.4945269,V-210925081339-25057-1,,,V-210925082252-25057-6,Peru Rabies Control,Arequipa,Characato (MR_21),vac02ch,VANCAN formulario 2025 General,Dog,,No,5.312,perro,primovac,1_mayor
Sep,21/09/2025,08:21 AM,21/09/2025,-16.456788,-71.4945257,V-210925081339-25057-1,,,V-210925082153-25057-5,Peru Rabies Control,Arequipa,Characato (MR_21),vac02ch,VANCAN formulario 2025 General,Dog,,No,5.312,perro,revac,1_mayor
Sep,21/09/2025,08:20 AM,21/09/2025,-16.456791,-71.4945273,V-210925081339-25057-1,,,V-210925082056-25057-4,Peru Rabies Control,Arequipa,Characato (MR_21),vac02ch,VANCAN formulario 2025 General,Dog,,No,5.312,perro,revac,1_mayor
Sep,21/09/2025,08:20 AM,21/09/2025,-16.456791,-71.4945276,V-210925081339-25057-1,,,V-210925082050-25057-3,Peru Rabies Control,Arequipa,Characato (MR_21),vac02ch,VANCAN formulario 2025 General,Dog,,No,5.312,perro,revac,1_mayor
Sep,21/09/2025,08:20 AM,21/09/2025,-16.4567915,-71.4945313,V-210925081339-25057-1,,,V-210925082043-25057-2,Peru Rabies Control,Arequipa,Characato (MR_21),vac02ch,VANCAN formulario 2025 General,Dog,,No,5.312,perro,revac,1_mayor
Sep,21/09/2025,08:20 AM,21/09/2025,-16.4567915,-71.4945328,V-210925081339-25057-1,,,V-210925082022-25057-1,Peru Rabies Control,Arequipa,Characato (MR_21),vac02ch,VANCAN formulario 2025 General,Dog,,No,5.312,perro,revac,1_mayor
Sep,21/09/2025,12:13 PM,21/09/2025,-16.443107,-71.484562,V-210925082206-25061-1,,,V-210925121315-25061-147,Peru Rabies Control,Arequipa,Characato (MR_21),vac06ch,VANCAN formulario 2025 General,Dog,,Yes,24.667,gato,,
Sep,21/09/2025,12:13 PM,21/09/2025,-16.4430949,-71.484578,V-210925082206-25061-1,,,V-210925121313-25061-146,Peru Rabies Control,Arequipa,Characato (MR_21),vac06ch,VANCAN formulario 2025 General,Dog,,Yes,24.667,gato,,
Sep,21/09/2025,12:09 PM,21/09/2025,-16.4430902,-71.4845836,V-210925082206-25061-1,,,V-210925120959-25061-145,Peru Rabies Control,Arequipa,Characato (MR_21),vac06ch,VANCAN formulario 2025 General,Dog,,Yes,24.667,gato,,
Sep,21/09/2025,12:09 PM,21/09/2025,-16.443077,-71.4845796,V-210925082206-25061-1,,,V-210925120956-25061-144,Peru Rabies Control,Arequipa,Characato (MR_21),vac06ch,VANCAN formulario 2025 General,Dog,,Yes,24.667,gato,,
Sep,21/09/2025,12:04 PM,21/09/2025,-16.4431001,-71.4845842,V-210925082206-25061-1,,,V-210925120418-25061-143,Peru Rabies Control,Arequipa,Characato (MR_21),vac06ch,VANCAN formulario 2025 General,Dog,,Yes,24.667,perro,primovac,menor_1
Sep,21/09/2025,12:03 PM,21/09/2025,-16.4429777,-71.4840482,V-210925082206-25061-1,,,V-210925120357-25061-142,Peru Rabies Control,Arequipa,Characato (MR_21),vac06ch,VANCAN formulario 2025 General,Dog,,Yes,24.667,perro,revac,1_mayor
Sep,21/09/2025,11:54 AM,21/09/2025,-16.4429777,-71.4840482,V-210925082206-25061-1,,,V-210925115458-25061-141,Peru Rabies Control,Arequipa,Characato (MR_21),vac06ch,VANCAN formulario 2025 General,Dog,,Yes,24.667,perro,revac,1_mayor
Sep,21/09/2025,11:54 AM,21/09/2025,-16.4405516,-71.4833463,V-210925082206-25061-1,,,V-210925115454-25061-140,Peru Rabies Control,Arequipa,Characato (MR_21),vac06ch,VANCAN formulario 2025 General,Dog,,Yes,24.667,perro,revac,1_mayor
Sep,21/09/2025,11:46 AM,21/09/2025,-16.4359516,-71.4857087,V-210925082206-25061-1,,,V-210925114658-25061-139,Peru Rabies Control,Arequipa,Characato (MR_21),vac06ch,VANCAN formulario 2025 General,Dog,,Yes,24.667,perro,revac,1_mayor
Sep,21/09/2025,11:44 AM,21/09/2025,-16.4405442,-71.4833194,V-210925082206-25061-1,,,V-210925114432-25061-138,Peru Rabies Control,Arequipa,Characato (MR_21),vac06ch,VANCAN formulario 2025 General,Dog,,Yes,24.667,perro,revac,1_mayor
Sep,21/09/2025,11:43 AM,21/09/2025,-16.4405437,-71.4831896,V-210925082206-25061-1,,,V-210925114324-25061-137,Peru Rabies Control,Arequipa,Characato (MR_21),vac06ch,VANCAN formulario 2025 General,Dog,,Yes,24.667,perro,revac,1_mayor
Sep,21/09/2025,11:42 AM,21/09/2025,-16.440544,-71.4832074,V-210925082206-25061-1,,,V-210925114229-25061-136,Peru Rabies Control,Arequipa,Characato (MR_21),vac06ch,VANCAN formulario 2025 General,Dog,,Yes,24.667,perro,revac,1_mayor
Sep,21/09/2025,11:40 AM,21/09/2025,-16.4405433,-71.4831986,V-210925082206-25061-1,,,V-210925114048-25061-135,Peru Rabies Control,Arequipa,Characato (MR_21),vac06ch,VANCAN formulario 2025 General,Dog,,Yes,24.667,perro,revac,1_mayor
Sep,21/09/2025,11:39 AM,21/09/2025,-16.4405423,-71.4833319,V-210925082206-25061-1,,,V-210925113919-25061-134,Peru Rabies Control,Arequipa,Characato (MR_21),vac06ch,VANCAN formulario 2025 General,Dog,,Yes,24.667,perro,revac,1_mayor
Sep,21/09/2025,11:37 AM,21/09/2025,-16.4405442,-71.4832635,V-210925082206-25061-1,,,V-210925113759-25061-133,Peru Rabies Control,Arequipa,Characato (MR_21),vac06ch,VANCAN formulario 2025 General,Dog,,Yes,24.667,perro,revac,1_mayor
Sep,21/09/2025,11:36 AM,21/09/2025,-16.4405338,-71.4833366,V-210925082206-25061-1,,,V-210925113635-25061-132,Peru Rabies Control,Arequipa,Characato (MR_21),vac06ch,VANCAN formulario 2025 General,Dog,,Yes,24.667,perro,revac,1_mayor
Sep,21/09/2025,11:36 AM,21/09/2025,-16.4405338,-71.4833366,V-210925082206-25061-1,,,V-210925113631-25061-131,Peru Rabies Control,Arequipa,Characato (MR_21),vac06ch,VANCAN formulario 2025 General,Dog,,Yes,24.667,perro,revac,1_mayor
Sep,21/09/2025,11:36 AM,21/09/2025,-16.4405943,-71.4832835,V-210925082206-25061-1,,,V-210925113628-25061-130,Peru Rabies Control,Arequipa,Characato (MR_21),vac06ch,VANCAN formulario 2025 General,Dog,,Yes,24.667,perro,revac,1_mayor
Sep,21/09/2025,11:21 AM,21/09/2025,-16.450435,-71.4851482,V-210925082206-25061-1,,,V-210925112132-25061-129,Peru Rabies Control,Arequipa,Characato (MR_21),vac06ch,VANCAN formulario 2025 General,Dog,,Yes,24.667,gato,,
Sep,21/09/2025,11:16 AM,21/09/2025,-16.450435,-71.4851482,V-210925082206-25061-1,,,V-210925111614-25061-128,Peru Rabies Control,Arequipa,Characato (MR_21),vac06ch,VANCAN formulario 2025 General,Dog,,Yes,24.667,perro,primovac,menor_1
Sep,21/09/2025,11:16 AM,21/09/2025,-16.4492019,-71.4834642,V-210925082206-25061-1,,,V-210925111607-25061-127,Peru Rabies Control,Arequipa,Characato (MR_21),vac06ch,VANCAN formulario 2025 General,Dog,,Yes,24.667,perro,revac,1_mayor
Sep,21/09/2025,11:14 AM,21/09/2025,-16.4495147,-71.4844405,V-210925082206-25061-1,,,V-210925111457-25061-126,Peru Rabies Control,Arequipa,Characato (MR_21),vac06ch,VANCAN formulario 2025 General,Dog,,Yes,24.667,perro,revac,1_mayor
Sep,21/09/2025,11:14 AM,21/09/2025,-16.4493215,-71.4839355,V-210925082206-25061-1,,,V-210925111450-25061-125,Peru Rabies Control,Arequipa,Characato (MR_21),vac06ch,VANCAN formulario 2025 General,Dog,,Yes,24.667,perro,primovac,menor_1
Sep,21/09/2025,11:08 AM,21/09/2025,-16.4501823,-71.4851626,V-210925082206-25061-1,,,V-210925110835-25061-124,Peru Rabies Control,Arequipa,Characato (MR_21),vac06ch,VANCAN formulario 2025 General,Dog,,Yes,24.667,perro,revac,1_mayor
Sep,21/09/2025,11:08 AM,21/09/2025,-16.4501808,-71.4851662,V-210925082206-25061-1,,,V-210925110826-25061-123,Peru Rabies Control,Arequipa,Characato (MR_21),vac06ch,VANCAN formulario 2025 General,Dog,,Yes,24.667,perro,primovac,menor_1
Sep,21/09/2025,11:07 AM,21/09/2025,-16.4501852,-71.4851686,V-210925082206-25061-1,,,V-210925110734-25061-122,Peru Rabies Control,Arequipa,Characato (MR_21),vac06ch,VANCAN formulario 2025 General,Dog,,Yes,24.667,perro,revac,1_mayor
Sep,21/09/2025,11:07 AM,21/09/2025,-16.4501886,-71.4851678,V-210925082206-25061-1,,,V-210925110706-25061-121,Peru Rabies Control,Arequipa,Characato (MR_21),vac06ch,VANCAN formulario 2025 General,Dog,,Yes,24.667,perro,primovac,1_mayor
Sep,21/09/2025,10:53 AM,21/09/2025,-16.44401,-71.4834148,V-210925082206-25061-1,,,V-210925105342-25061-120,Peru Rabies Control,Arequipa,Characato (MR_21),vac06ch,VANCAN formulario 2025 General,Dog,,Yes,24.667,gato,,
Sep,21/09/2025,10:53 AM,21/09/2025,-16.4439881,-71.4834422,V-210925082206-25061-1,,,V-210925105339-25061-119,Peru Rabies Control,Arequipa,Characato (MR_21),vac06ch,VANCAN formulario 2025 General,Dog,,Yes,24.667,gato,,
Sep,21/09/2025,10:51 AM,21/09/2025,-16.4440296,-71.483369,V-210925082206-25061-1,,,V-210925105108-25061-118,Peru Rabies Control,Arequipa,Characato (MR_21),vac06ch,VANCAN formulario 2025 General,Dog,,Yes,24.667,perro,revac,1_mayor
Sep,21/09/2025,10:51 AM,21/09/2025,-16.4440182,-71.4834058,V-210925082206-25061-1,,,V-210925105104-25061-117,Peru Rabies Control,Arequipa,Characato (MR_21),vac06ch,VANCAN formulario 2025 General,Dog,,Yes,24.667,perro,revac,1_mayor
Sep,21/09/2025,10:50 AM,21/09/2025,-16.4440024,-71.4833676,V-210925082206-25061-1,,,V-210925105057-25061-116,Peru Rabies Control,Arequipa,Characato (MR_21),vac06ch,VANCAN formulario 2025 General,Dog,,Yes,24.667,perro,revac,1_mayor
Sep,21/09/2025,10:50 AM,21/09/2025,-16.4440024,-71.4833676,V-210925082206-25061-1,,,V-210925105054-25061-115,Peru Rabies Control,Arequipa,Characato (MR_21),vac06ch,VANCAN formulario 2025 General,Dog,,Yes,24.667,perro,primovac,menor_1
Sep,21/09/2025,10:50 AM,21/09/2025,-16.4440531,-71.4833797,V-210925082206-25061-1,,,V-210925105051-25061-114,Peru Rabies Control,Arequipa,Characato (MR_21),vac06ch,VANCAN formulario 2025 General,Dog,,Yes,24.667,perro,primovac,menor_1
Sep,21/09/2025,10:50 AM,21/09/2025,-16.4440531,-71.4833797,V-210925082206-25061-1,,,V-210925105047-25061-113,Peru Rabies Control,Arequipa,Characato (MR_21),vac06ch,VANCAN formulario 2025 General,Dog,,Yes,24.667,perro,primovac,menor_1
Sep,21/09/2025,10:50 AM,21/09/2025,-16.4440808,-71.4833757,V-210925082206-25061-1,,,V-210925105035-25061-112,Peru Rabies Control,Arequipa,Characato (MR_21),vac06ch,VANCAN formulario 2025 General,Dog,,Yes,24.667,perro,primovac,menor_1
Sep,21/09/2025,10:50 AM,21/09/2025,-16.4440353,-71.4834545,V-210925082206-25061-1,,,V-210925105027-25061-111,Peru Rabies Control,Arequipa,Characato (MR_21),vac06ch,VANCAN formulario 2025 General,Dog,,Yes,24.667,perro,revac,1_mayor
Sep,21/09/2025,10:50 AM,21/09/2025,-16.4440353,-71.4834545,V-210925082206-25061-1,,,V-210925105021-25061-110,Peru Rabies Control,Arequipa,Characato (MR_21),vac06ch,VANCAN formulario 2025 General,Dog,,Yes,24.667,perro,revac,1_mayor
Sep,21/09/2025,10:50 AM,21/09/2025,-16.4439648,-71.4834464,V-210925082206-25061-1,,,V-210925105013-25061-109,Peru Rabies Control,Arequipa,Characato (MR_21),vac06ch,VANCAN formulario 2025 General,Dog,,Yes,24.667,perro,primovac,menor_1
Sep,21/09/2025,10:50 AM,21/09/2025,-16.4439696,-71.4833974,V-210925082206-25061-1,,,V-210925105008-25061-108,Peru Rabies Control,Arequipa,Characato (MR_21),vac06ch,VANCAN formulario 2025 General,Dog,,Yes,24.667,perro,primovac,menor_1
Sep,21/09/2025,10:47 AM,21/09/2025,-16.4439612,-71.4834352,V-210925082206-25061-1,,,V-210925104750-25061-107,Peru Rabies Control,Arequipa,Characato (MR_21),vac06ch,VANCAN formulario 2025 General,Dog,,Yes,24.667,perro,revac,1_mayor
Sep,21/09/2025,10:47 AM,21/09/2025,-16.4440331,-71.4833869,V-210925082206-25061-1,,,V-210925104744-25061-106,Peru Rabies Control,Arequipa,Characato (MR_21),vac06ch,VANCAN formulario 2025 General,Dog,,Yes,24.667,perro,revac,1_mayor
Sep,21/09/2025,10:47 AM,21/09/2025,-16.4440332,-71.4834068,V-210925082206-25061-1,,,V-210925104739-25061-105,Peru Rabies Control,Arequipa,Characato (MR_21),vac06ch,VANCAN formulario 2025 General,Dog,,Yes,24.667,perro,revac,1_mayor
Sep,21/09/2025,10:47 AM,21/09/2025,-16.4440087,-71.483385,V-210925082206-25061-1,,,V-210925104733-25061-104,Peru Rabies Control,Arequipa,Characato (MR_21),vac06ch,VANCAN formulario 2025 General,Dog,,Yes,24.667,perro,primovac,menor_1
Sep,21/09/2025,10:47 AM,21/09/2025,-16.4440087,-71.483385,V-210925082206-25061-1,,,V-210925104728-25061-103,Peru Rabies Control,Arequipa,Characato (MR_21),vac06ch,VANCAN formulario 2025 General,Dog,,Yes,24.667,perro,revac,1_mayor
Sep,21/09/2025,10:47 AM,21/09/2025,-16.4439871,-71.4834298,V-210925082206-25061-1,,,V-210925104724-25061-102,Peru Rabies Control,Arequipa,Characato (MR_21),vac06ch,VANCAN formulario 2025 General,Dog,,Yes,24.667,perro,revac,1_mayor
Sep,21/09/2025,10:47 AM,21/09/2025,-16.4439871,-71.4834298,V-210925082206-25061-1,,,V-210925104717-25061-101,Peru Rabies Control,Arequipa,Characato (MR_21),vac06ch,VANCAN formulario 2025 General,Dog,,Yes,24.667,perro,revac,1_mayor
Sep,21/09/2025,10:47 AM,21/09/2025,-16.4440066,-71.4833779,V-210925082206-25061-1,,,V-210925104704-25061-100,Peru Rabies Control,Arequipa,Characato (MR_21),vac06ch,VANCAN formulario 2025 General,Dog,,Yes,24.667,perro,revac,1_mayor
Sep,21/09/2025,10:47 AM,21/09/2025,-16.4440137,-71.4833814,V-210925082206-25061-1,,,V-210925104700-25061-99,Peru Rabies Control,Arequipa,Characato (MR_21),vac06ch,VANCAN formulario 2025 General,Dog,,Yes,24.667,perro,revac,1_mayor
Sep,21/09/2025,10:46 AM,21/09/2025,-16.4440137,-71.4833814,V-210925082206-25061-1,,,V-210925104656-25061-98,Peru Rabies Control,Arequipa,Characato (MR_21),vac06ch,VANCAN formulario 2025 General,Dog,,Yes,24.667,perro,revac,1_mayor
Sep,21/09/2025,10:46 AM,21/09/2025,-16.4439792,-71.4833872,V-210925082206-25061-1,,,V-210925104649-25061-97,Peru Rabies Control,Arequipa,Characato (MR_21),vac06ch,VANCAN formulario 2025 General,Dog,,Yes,24.667,perro,primovac,menor_1
Sep,21/09/2025,10:46 AM,21/09/2025,-16.4439647,-71.4833903,V-210925082206-25061-1,,,V-210925104644-25061-96,Peru Rabies Control,Arequipa,Characato (MR_21),vac06ch,VANCAN formulario 2025 General,Dog,,Yes,24.667,perro,primovac,menor_1
Sep,21/09/2025,10:46 AM,21/09/2025,-16.4439967,-71.4834225,V-210925082206-25061-1,,,V-210925104639-25061-95,Peru Rabies Control,Arequipa,Characato (MR_21),vac06ch,VANCAN formulario 2025 General,Dog,,Yes,24.667,perro,primovac,1_mayor
Sep,21/09/2025,10:46 AM,21/09/2025,-16.4439967,-71.4834225,V-210925082206-25061-1,,,V-210925104633-25061-94,Peru Rabies Control,Arequipa,Characato (MR_21),vac06ch,VANCAN formulario 2025 General,Dog,,Yes,24.667,perro,primovac,1_mayor
Sep,21/09/2025,10:46 AM,21/09/2025,-16.4439734,-71.4834492,V-210925082206-25061-1,,,V-210925104628-25061-93,Peru Rabies Control,Arequipa,Characato (MR_21),vac06ch,VANCAN formulario 2025 General,Dog,,Yes,24.667,perro,revac,1_mayor
Sep,21/09/2025,10:46 AM,21/09/2025,-16.4440334,-71.483377,V-210925082206-25061-1,,,V-210925104622-25061-92,Peru Rabies Control,Arequipa,Characato (MR_21),vac06ch,VANCAN formulario 2025 General,Dog,,Yes,24.667,perro,revac,1_mayor
Sep,21/09/2025,10:46 AM,21/09/2025,-16.4440334,-71.483377,V-210925082206-25061-1,,,V-210925104614-25061-91,Peru Rabies Control,Arequipa,Characato (MR_21),vac06ch,VANCAN formulario 2025 General,Dog,,Yes,24.667,perro,primovac,1_mayor
Sep,21/09/2025,10:46 AM,21/09/2025,-16.4439788,-71.4833724,V-210925082206-25061-1,,,V-210925104609-25061-90,Peru Rabies Control,Arequipa,Characato (MR_21),vac06ch,VANCAN formulario 2025 General,Dog,,Yes,24.667,perro,revac,1_mayor
Sep,21/09/2025,10:46 AM,21/09/2025,-16.4439788,-71.4833724,V-210925082206-25061-1,,,V-210925104606-25061-89,Peru Rabies Control,Arequipa,Characato (MR_21),vac06ch,VANCAN formulario 2025 General,Dog,,Yes,24.667,perro,revac,1_mayor
Sep,21/09/2025,10:46 AM,21/09/2025,-16.4440165,-71.4833876,V-210925082206-25061-1,,,V-210925104602-25061-88,Peru Rabies Control,Arequipa,Characato (MR_21),vac06ch,VANCAN formulario 2025 General,Dog,,Yes,24.667,perro,revac,1_mayor
Sep,21/09/2025,10:45 AM,21/09/2025,-16.4440165,-71.4833876,V-210925082206-25061-1,,,V-210925104558-25061-87,Peru Rabies Control,Arequipa,Characato (MR_21),vac06ch,VANCAN formulario 2025 General,Dog,,Yes,24.667,perro,revac,1_mayor
Sep,21/09/2025,10:45 AM,21/09/2025,-16.4439846,-71.4833957,V-210925082206-25061-1,,,V-210925104555-25061-86,Peru Rabies Control,Arequipa,Characato (MR_21),vac06ch,VANCAN formulario 2025 General,Dog,,Yes,24.667,perro,revac,1_mayor
Sep,21/09/2025,10:45 AM,21/09/2025,-16.4439846,-71.4833957,V-210925082206-25061-1,,,V-210925104551-25061-85,Peru Rabies Control,Arequipa,Characato (MR_21),vac06ch,VANCAN formulario 2025 General,Dog,,Yes,24.667,perro,revac,1_mayor
Sep,21/09/2025,10:45 AM,21/09/2025,-16.4440001,-71.4834133,V-210925082206-25061-1,,,V-210925104545-25061-84,Peru Rabies Control,Arequipa,Characato (MR_21),vac06ch,VANCAN formulario 2025 General,Dog,,Yes,24.667,perro,revac,1_mayor
Sep,21/09/2025,10:45 AM,21/09/2025,-16.4440307,-71.4833518,V-210925082206-25061-1,,,V-210925104528-25061-83,Peru Rabies Control,Arequipa,Characato (MR_21),vac06ch,VANCAN formulario 2025 General,Dog,,Yes,24.667,perro,revac,1_mayor
Sep,21/09/2025,10:45 AM,21/09/2025,-16.4440452,-71.4833885,V-210925082206-25061-1,,,V-210925104507-25061-82,Peru Rabies Control,Arequipa,Characato (MR_21),vac06ch,VANCAN formulario 2025 General,Dog,,Yes,24.667,perro,revac,1_mayor
Sep,21/09/2025,10:44 AM,21/09/2025,-16.4440144,-71.4833459,V-210925082206-25061-1,,,V-210925104459-25061-81,Peru Rabies Control,Arequipa,Characato (MR_21),vac06ch,VANCAN formulario 2025 General,Dog,,Yes,24.667,perro,primovac,menor_1
Sep,21/09/2025,10:44 AM,21/09/2025,-16.4440144,-71.4833459,V-210925082206-25061-1,,,V-210925104455-25061-80,Peru Rabies Control,Arequipa,Characato (MR_21),vac06ch,VANCAN formulario 2025 General,Dog,,Yes,24.667,perro,revac,1_mayor
Sep,21/09/2025,10:44 AM,21/09/2025,-16.4440435,-71.483341,V-210925082206-25061-1,,,V-210925104451-25061-79,Peru Rabies Control,Arequipa,Characato (MR_21),vac06ch,VANCAN formulario 2025 General,Dog,,Yes,24.667,perro,revac,1_mayor
Sep,21/09/2025,10:44 AM,21/09/2025,-16.4440435,-71.483341,V-210925082206-25061-1,,,V-210925104446-25061-78,Peru Rabies Control,Arequipa,Characato (MR_21),vac06ch,VANCAN formulario 2025 General,Dog,,Yes,24.667,perro,revac,1_mayor
Sep,21/09/2025,10:44 AM,21/09/2025,-16.4440212,-71.4833738,V-210925082206-25061-1,,,V-210925104443-25061-77,Peru Rabies Control,Arequipa,Characato (MR_21),vac06ch,VANCAN formulario 2025 General,Dog,,Yes,24.667,perro,revac,1_mayor
Sep,21/09/2025,10:44 AM,21/09/2025,-16.4440262,-71.4833579,V-210925082206-25061-1,,,V-210925104436-25061-76,Peru Rabies Control,Arequipa,Characato (MR_21),vac06ch,VANCAN formulario 2025 General,Dog,,Yes,24.667,perro,revac,1_mayor
Sep,21/09/2025,10:44 AM,21/09/2025,-16.4440478,-71.4834068,V-210925082206-25061-1,,,V-210925104425-25061-75,Peru Rabies Control,Arequipa,Characato (MR_21),vac06ch,VANCAN formulario 2025 General,Dog,,Yes,24.667,perro,revac,1_mayor
Sep,21/09/2025,10:44 AM,21/09/2025,-16.4440508,-71.4833848,V-210925082206-25061-1,,,V-210925104418-25061-74,Peru Rabies Control,Arequipa,Characato (MR_21),vac06ch,VANCAN formulario 2025 General,Dog,,Yes,24.667,perro,primovac,menor_1
Sep,21/09/2025,10:44 AM,21/09/2025,-16.4440508,-71.4833848,V-210925082206-25061-1,,,V-210925104413-25061-73,Peru Rabies Control,Arequipa,Characato (MR_21),vac06ch,VANCAN formulario 2025 General,Dog,,Yes,24.667,perro,primovac,1_mayor
Sep,21/09/2025,10:42 AM,21/09/2025,-16.4440279,-71.4834238,V-210925082206-25061-1,,,V-210925104230-25061-72,Peru Rabies Control,Arequipa,Characato (MR_21),vac06ch,VANCAN formulario 2025 General,Dog,,Yes,24.667,perro,revac,1_mayor
Sep,21/09/2025,10:42 AM,21/09/2025,-16.4439193,-71.4834194,V-210925082206-25061-1,,,V-210925104226-25061-71,Peru Rabies Control,Arequipa,Characato (MR_21),vac06ch,VANCAN formulario 2025 General,Dog,,Yes,24.667,perro,revac,1_mayor
Sep,21/09/2025,10:42 AM,21/09/2025,-16.4439171,-71.48342,V-210925082206-25061-1,,,V-210925104219-25061-70,Peru Rabies Control,Arequipa,Characato (MR_21),vac06ch,VANCAN formulario 2025 General,Dog,,Yes,24.667,perro,revac,1_mayor
Sep,21/09/2025,10:40 AM,21/09/2025,-16.4439846,-71.4834632,V-210925082206-25061-1,,,V-210925104012-25061-69,Peru Rabies Control,Arequipa,Characato (MR_21),vac06ch,VANCAN formulario 2025 General,Dog,,Yes,24.667,perro,revac,1_mayor
Sep,21/09/2025,10:39 AM,21/09/2025,-16.4440218,-71.48343,V-210925082206-25061-1,,,V-210925103959-25061-68,Peru Rabies Control,Arequipa,Characato (MR_21),vac06ch,VANCAN formulario 2025 General,Dog,,Yes,24.667,perro,revac,1_mayor
Sep,21/09/2025,10:39 AM,21/09/2025,-16.4440216,-71.4833908,V-210925082206-25061-1,,,V-210925103942-25061-67,Peru Rabies Control,Arequipa,Characato (MR_21),vac06ch,VANCAN formulario 2025 General,Dog,,Yes,24.667,perro,primovac,1_mayor
Sep,21/09/2025,10:39 AM,21/09/2025,-16.4439895,-71.4833823,V-210925082206-25061-1,,,V-210925103938-25061-66,Peru Rabies Control,Arequipa,Characato (MR_21),vac06ch,VANCAN formulario 2025 General,Dog,,Yes,24.667,perro,primovac,1_mayor
Sep,21/09/2025,10:39 AM,21/09/2025,-16.4439895,-71.4833823,V-210925082206-25061-1,,,V-210925103930-25061-65,Peru Rabies Control,Arequipa,Characato (MR_21),vac06ch,VANCAN formulario 2025 General,Dog,,Yes,24.667,perro,primovac,1_mayor
Sep,21/09/2025,10:39 AM,21/09/2025,-16.4440381,-71.4833839,V-210925082206-25061-1,,,V-210925103921-25061-64,Peru Rabies Control,Arequipa,Characato (MR_21),vac06ch,VANCAN formulario 2025 General,Dog,,Yes,24.667,perro,revac,1_mayor
Sep,21/09/2025,10:39 AM,21/09/2025,-16.4440381,-71.4833839,V-210925082206-25061-1,,,V-210925103917-25061-63,Peru Rabies Control,Arequipa,Characato (MR_21),vac06ch,VANCAN formulario 2025 General,Dog,,Yes,24.667,perro,revac,1_mayor
Sep,21/09/2025,10:39 AM,21/09/2025,-16.4440289,-71.4834484,V-210925082206-25061-1,,,V-210925103913-25061-62,Peru Rabies Control,Arequipa,Characato (MR_21),vac06ch,VANCAN formulario 2025 General,Dog,,Yes,24.667,perro,revac,1_mayor
Sep,21/09/2025,10:39 AM,21/09/2025,-16.4440201,-71.4834217,V-210925082206-25061-1,,,V-210925103909-25061-61,Peru Rabies Control,Arequipa,Characato (MR_21),vac06ch,VANCAN formulario 2025 General,Dog,,Yes,24.667,perro,revac,1_mayor
Sep,21/09/2025,10:29 AM,21/09/2025,-16.4440371,-71.4833574,V-210925082206-25061-1,,,V-210925102923-25061-60,Peru Rabies Control,Arequipa,Characato (MR_21),vac06ch,VANCAN formulario 2025 General,Dog,,Yes,24.667,perro,revac,1_mayor
Sep,21/09/2025,10:29 AM,21/09/2025,-16.4439846,-71.4834028,V-210925082206-25061-1,,,V-210925102919-25061-59,Peru Rabies Control,Arequipa,Characato (MR_21),vac06ch,VANCAN formulario 2025 General,Dog,,Yes,24.667,perro,revac,1_mayor
Sep,21/09/2025,10:29 AM,21/09/2025,-16.4439846,-71.4834028,V-210925082206-25061-1,,,V-210925102914-25061-58,Peru Rabies Control,Arequipa,Characato (MR_21),vac06ch,VANCAN formulario 2025 General,Dog,,Yes,24.667,perro,revac,1_mayor
Sep,21/09/2025,10:29 AM,21/09/2025,-16.443934,-71.4833858,V-210925082206-25061-1,,,V-210925102908-25061-57,Peru Rabies Control,Arequipa,Characato (MR_21),vac06ch,VANCAN formulario 2025 General,Dog,,Yes,24.667,perro,primovac,menor_1
Sep,21/09/2025,10:29 AM,21/09/2025,-16.4439866,-71.4833988,V-210925082206-25061-1,,,V-210925102903-25061-56,Peru Rabies Control,Arequipa,Characato (MR_21),vac06ch,VANCAN formulario 2025 General,Dog,,Yes,24.667,perro,revac,1_mayor
Sep,21/09/2025,10:29 AM,21/09/2025,-16.4439866,-71.4833988,V-210925082206-25061-1,,,V-210925102900-25061-55,Peru Rabies Control,Arequipa,Characato (MR_21),vac06ch,VANCAN formulario 2025 General,Dog,,Yes,24.667,perro,revac,1_mayor
Sep,21/09/2025,10:28 AM,21/09/2025,-16.443992,-71.4834031,V-210925082206-25061-1,,,V-210925102856-25061-54,Peru Rabies Control,Arequipa,Characato (MR_21),vac06ch,VANCAN formulario 2025 General,Dog,,Yes,24.667,perro,revac,1_mayor
Sep,21/09/2025,10:28 AM,21/09/2025,-16.4440058,-71.4833912,V-210925082206-25061-1,,,V-210925102851-25061-53,Peru Rabies Control,Arequipa,Characato (MR_21),vac06ch,VANCAN formulario 2025 General,Dog,,Yes,24.667,perro,revac,1_mayor
Sep,21/09/2025,10:28 AM,21/09/2025,-16.4440058,-71.4833912,V-210925082206-25061-1,,,V-210925102848-25061-52,Peru Rabies Control,Arequipa,Characato (MR_21),vac06ch,VANCAN formulario 2025 General,Dog,,Yes,24.667,perro,revac,1_mayor
Sep,21/09/2025,10:28 AM,21/09/2025,-16.4440185,-71.4833259,V-210925082206-25061-1,,,V-210925102844-25061-51,Peru Rabies Control,Arequipa,Characato (MR_21),vac06ch,VANCAN formulario 2025 General,Dog,,Yes,24.667,perro,revac,1_mayor
Sep,21/09/2025,10:28 AM,21/09/2025,-16.4439986,-71.483366,V-210925082206-25061-1,,,V-210925102834-25061-50,Peru Rabies Control,Arequipa,Characato (MR_21),vac06ch,VANCAN formulario 2025 General,Dog,,Yes,24.667,perro,primovac,1_mayor
Sep,21/09/2025,10:28 AM,21/09/2025,-16.4439777,-71.483378,V-210925082206-25061-1,,,V-210925102828-25061-49,Peru Rabies Control,Arequipa,Characato (MR_21),vac06ch,VANCAN formulario 2025 General,Dog,,Yes,24.667,perro,revac,1_mayor
Sep,21/09/2025,10:28 AM,21/09/2025,-16.4440114,-71.4833856,V-210925082206-25061-1,,,V-210925102820-25061-48,Peru Rabies Control,Arequipa,Characato (MR_21),vac06ch,VANCAN formulario 2025 General,Dog,,Yes,24.667,perro,primovac,1_mayor
Sep,21/09/2025,10:28 AM,21/09/2025,-16.443948,-71.4833671,V-210925082206-25061-1,,,V-210925102815-25061-47,Peru Rabies Control,Arequipa,Characato (MR_21),vac06ch,VANCAN formulario 2025 General,Dog,,Yes,24.667,perro,revac,1_mayor
Sep,21/09/2025,10:28 AM,21/09/2025,-16.4440051,-71.4833611,V-210925082206-25061-1,,,V-210925102812-25061-46,Peru Rabies Control,Arequipa,Characato (MR_21),vac06ch,VANCAN formulario 2025 General,Dog,,Yes,24.667,perro,revac,1_mayor
Sep,21/09/2025,10:28 AM,21/09/2025,-16.4440051,-71.4833611,V-210925082206-25061-1,,,V-210925102807-25061-45,Peru Rabies Control,Arequipa,Characato (MR_21),vac06ch,VANCAN formulario 2025 General,Dog,,Yes,24.667,perro,revac,1_mayor
Sep,21/09/2025,10:28 AM,21/09/2025,-16.444011,-71.4833514,V-210925082206-25061-1,,,V-210925102800-25061-44,Peru Rabies Control,Arequipa,Characato (MR_21),vac06ch,VANCAN formulario 2025 General,Dog,,Yes,24.667,perro,primovac,menor_1
Sep,21/09/2025,10:27 AM,21/09/2025,-16.4440193,-71.4833809,V-210925082206-25061-1,,,V-210925102753-25061-43,Peru Rabies Control,Arequipa,Characato (MR_21),vac06ch,VANCAN formulario 2025 General,Dog,,Yes,24.667,perro,revac,1_mayor
Sep,21/09/2025,10:27 AM,21/09/2025,-16.4440017,-71.4834032,V-210925082206-25061-1,,,V-210925102746-25061-42,Peru Rabies Control,Arequipa,Characato (MR_21),vac06ch,VANCAN formulario 2025 General,Dog,,Yes,24.667,perro,primovac,menor_1
Sep,21/09/2025,10:27 AM,21/09/2025,-16.4440017,-71.4834032,V-210925082206-25061-1,,,V-210925102742-25061-41,Peru Rabies Control,Arequipa,Characato (MR_21),vac06ch,VANCAN formulario 2025 General,Dog,,Yes,24.667,perro,primovac,menor_1
Sep,21/09/2025,10:27 AM,21/09/2025,-16.4439589,-71.4833826,V-210925082206-25061-1,,,V-210925102738-25061-40,Peru Rabies Control,Arequipa,Characato (MR_21),vac06ch,VANCAN formulario 2025 General,Dog,,Yes,24.667,perro,revac,menor_1
Sep,21/09/2025,10:27 AM,21/09/2025,-16.4440227,-71.4833938,V-210925082206-25061-1,,,V-210925102732-25061-39,Peru Rabies Control,Arequipa,Characato (MR_21),vac06ch,VANCAN formulario 2025 General,Dog,,Yes,24.667,perro,primovac,1_mayor
Sep,21/09/2025,10:27 AM,21/09/2025,-16.4440227,-71.4833938,V-210925082206-25061-1,,,V-210925102728-25061-38,Peru Rabies Control,Arequipa,Characato (MR_21),vac06ch,VANCAN formulario 2025 General,Dog,,Yes,24.667,perro,primovac,menor_1
Sep,21/09/2025,10:27 AM,21/09/2025,-16.4439596,-71.4834228,V-210925082206-25061-1,,,V-210925102722-25061-37,Peru Rabies Control,Arequipa,Characato (MR_21),vac06ch,VANCAN formulario 2025 General,Dog,,Yes,24.667,perro,revac,1_mayor
Sep,21/09/2025,10:27 AM,21/09/2025,-16.4439916,-71.4834081,V-210925082206-25061-1,,,V-210925102718-25061-36,Peru Rabies Control,Arequipa,Characato (MR_21),vac06ch,VANCAN formulario 2025 General,Dog,,Yes,24.667,perro,revac,1_mayor
Sep,21/09/2025,10:27 AM,21/09/2025,-16.4439916,-71.4834081,V-210925082206-25061-1,,,V-210925102715-25061-35,Peru Rabies Control,Arequipa,Characato (MR_21),vac06ch,VANCAN formulario 2025 General,Dog,,Yes,24.667,perro,revac,1_mayor
Sep,21/09/2025,10:27 AM,21/09/2025,-16.4440142,-71.4834221,V-210925082206-25061-1,,,V-210925102711-25061-34,Peru Rabies Control,Arequipa,Characato (MR_21),vac06ch,VANCAN formulario 2025 General,Dog,,Yes,24.667,perro,revac,1_mayor
Sep,21/09/2025,10:27 AM,21/09/2025,-16.4440142,-71.4834221,V-210925082206-25061-1,,,V-210925102708-25061-33,Peru Rabies Control,Arequipa,Characato (MR_21),vac06ch,VANCAN formulario 2025 General,Dog,,Yes,24.667,perro,revac,1_mayor
Sep,21/09/2025,10:27 AM,21/09/2025,-16.4440021,-71.4834276,V-210925082206-25061-1,,,V-210925102700-25061-32,Peru Rabies Control,Arequipa,Characato (MR_21),vac06ch,VANCAN formulario 2025 General,Dog,,Yes,24.667,perro,revac,1_mayor
Sep,21/09/2025,10:26 AM,21/09/2025,-16.4439968,-71.4833962,V-210925082206-25061-1,,,V-210925102657-25061-31,Peru Rabies Control,Arequipa,Characato (MR_21),vac06ch,VANCAN formulario 2025 General,Dog,,Yes,24.667,perro,revac,1_mayor
Sep,21/09/2025,10:26 AM,21/09/2025,-16.4439968,-71.4833962,V-210925082206-25061-1,,,V-210925102653-25061-30,Peru Rabies Control,Arequipa,Characato (MR_21),vac06ch,VANCAN formulario 2025 General,Dog,,Yes,24.667,perro,revac,1_mayor
Sep,21/09/2025,10:26 AM,21/09/2025,-16.4439886,-71.483474,V-210925082206-25061-1,,,V-210925102649-25061-29,Peru Rabies Control,Arequipa,Characato (MR_21),vac06ch,VANCAN formulario 2025 General,Dog,,Yes,24.667,perro,revac,1_mayor
Sep,21/09/2025,10:26 AM,21/09/2025,-16.4440227,-71.4834496,V-210925082206-25061-1,,,V-210925102643-25061-28,Peru Rabies Control,Arequipa,Characato (MR_21),vac06ch,VANCAN formulario 2025 General,Dog,,Yes,24.667,perro,revac,1_mayor
Sep,21/09/2025,10:26 AM,21/09/2025,-16.4439981,-71.4834336,V-210925082206-25061-1,,,V-210925102633-25061-27,Peru Rabies Control,Arequipa,Characato (MR_21),vac06ch,VANCAN formulario 2025 General,Dog,,Yes,24.667,perro,primovac,1_mayor
Sep,21/09/2025,10:26 AM,21/09/2025,-16.4439418,-71.4834297,V-210925082206-25061-1,,,V-210925102622-25061-26,Peru Rabies Control,Arequipa,Characato (MR_21),vac06ch,VANCAN formulario 2025 General,Dog,,Yes,24.667,perro,revac,1_mayor
Sep,21/09/2025,10:26 AM,21/09/2025,-16.4439799,-71.4833939,V-210925082206-25061-1,,,V-210925102617-25061-25,Peru Rabies Control,Arequipa,Characato (MR_21),vac06ch,VANCAN formulario 2025 General,Dog,,Yes,24.667,perro,primovac,menor_1
Sep,21/09/2025,10:21 AM,21/09/2025,-16.4439302,-71.4834145,V-210925082206-25061-1,,,V-210925102121-25061-24,Peru Rabies Control,Arequipa,Characato (MR_21),vac06ch,VANCAN formulario 2025 General,Dog,,Yes,24.667,perro,revac,1_mayor
Sep,21/09/2025,09:53 AM,21/09/2025,-16.4440016,-71.4834323,V-210925082206-25061-1,,,V-210925095302-25061-23,Peru Rabies Control,Arequipa,Characato (MR_21),vac06ch,VANCAN formulario 2025 General,Dog,,Yes,24.667,perro,revac,1_mayor
Sep,21/09/2025,09:52 AM,21/09/2025,-16.4440702,-71.4833432,V-210925082206-25061-1,,,V-210925095257-25061-22,Peru Rabies Control,Arequipa,Characato (MR_21),vac06ch,VANCAN formulario 2025 General,Dog,,Yes,24.667,perro,revac,1_mayor
Sep,21/09/2025,09:52 AM,21/09/2025,-16.4440702,-71.4833432,V-210925082206-25061-1,,,V-210925095248-25061-21,Peru Rabies Control,Arequipa,Characato (MR_21),vac06ch,VANCAN formulario 2025 General,Dog,,Yes,24.667,perro,primovac,1_mayor
Sep,21/09/2025,09:52 AM,21/09/2025,-16.443996,-71.4834089,V-210925082206-25061-1,,,V-210925095245-25061-20,Peru Rabies Control,Arequipa,Characato (MR_21),vac06ch,VANCAN formulario 2025 General,Dog,,Yes,24.667,perro,revac,1_mayor
Sep,21/09/2025,09:52 AM,21/09/2025,-16.443996,-71.4834089,V-210925082206-25061-1,,,V-210925095236-25061-19,Peru Rabies Control,Arequipa,Characato (MR_21),vac06ch,VANCAN formulario 2025 General,Dog,,Yes,24.667,perro,primovac,menor_1
Sep,21/09/2025,09:52 AM,21/09/2025,-16.4440008,-71.483359,V-210925082206-25061-1,,,V-210925095231-25061-18,Peru Rabies Control,Arequipa,Characato (MR_21),vac06ch,VANCAN formulario 2025 General,Dog,,Yes,24.667,perro,revac,1_mayor
Sep,21/09/2025,09:52 AM,21/09/2025,-16.4440008,-71.483359,V-210925082206-25061-1,,,V-210925095228-25061-17,Peru Rabies Control,Arequipa,Characato (MR_21),vac06ch,VANCAN formulario 2025 General,Dog,,Yes,24.667,perro,revac,1_mayor
Sep,21/09/2025,09:52 AM,21/09/2025,-16.444029,-71.4833891,V-210925082206-25061-1,,,V-210925095224-25061-16,Peru Rabies Control,Arequipa,Characato (MR_21),vac06ch,VANCAN formulario 2025 General,Dog,,Yes,24.667,perro,revac,1_mayor
Sep,21/09/2025,09:52 AM,21/09/2025,-16.444029,-71.4833891,V-210925082206-25061-1,,,V-210925095221-25061-15,Peru Rabies Control,Arequipa,Characato (MR_21),vac06ch,VANCAN formulario 2025 General,Dog,,Yes,24.667,perro,revac,1_mayor
Sep,21/09/2025,09:52 AM,21/09/2025,-16.4440317,-71.4834117,V-210925082206-25061-1,,,V-210925095217-25061-14,Peru Rabies Control,Arequipa,Characato (MR_21),vac06ch,VANCAN formulario 2025 General,Dog,,Yes,24.667,perro,revac,1_mayor
Sep,07/09/2025,12:47 PM,26/09/2025,-16.487703,-71.4898691,V-070925100608-25067-1,,,V-070925124702-25067-75,Peru Rabies Control,Arequipa,Characato (MR_21),vac12ch,VANCAN formulario 2025 General,Dog,,No,26.318,perro,primovac,1_mayor
Sep,07/09/2025,12:32 PM,26/09/2025,-16.4875664,-71.4896926,V-070925100608-25067-1,,,V-070925123259-25067-74,Peru Rabies Control,Arequipa,Characato (MR_21),vac12ch,VANCAN formulario 2025 General,Dog,,No,26.318,perro,primovac,1_mayor
Sep,07/09/2025,12:32 PM,26/09/2025,-16.4875664,-71.4896926,V-070925100608-25067-1,,,V-070925123250-25067-73,Peru Rabies Control,Arequipa,Characato (MR_21),vac12ch,VANCAN formulario 2025 General,Dog,,No,26.318,perro,revac,1_mayor
Sep,07/09/2025,12:32 PM,26/09/2025,-16.4875664,-71.4896926,V-070925100608-25067-1,,,V-070925123239-25067-72,Peru Rabies Control,Arequipa,Characato (MR_21),vac12ch,VANCAN formulario 2025 General,Dog,,No,26.318,perro,revac,1_mayor
Sep,07/09/2025,12:32 PM,26/09/2025,-16.487567,-71.4896942,V-070925100608-25067-1,,,V-070925123233-25067-71,Peru Rabies Control,Arequipa,Characato (MR_21),vac12ch,VANCAN formulario 2025 General,Dog,,No,26.318,perro,revac,1_mayor
Sep,07/09/2025,12:32 PM,26/09/2025,-16.4876421,-71.4898463,V-070925100608-25067-1,,,V-070925123228-25067-70,Peru Rabies Control,Arequipa,Characato (MR_21),vac12ch,VANCAN formulario 2025 General,Dog,,No,26.318,perro,primovac,1_mayor
Sep,07/09/2025,12:32 PM,26/09/2025,-16.4876745,-71.4898925,V-070925100608-25067-1,,,V-070925123213-25067-69,Peru Rabies Control,Arequipa,Characato (MR_21),vac12ch,VANCAN formulario 2025 General,Dog,,No,26.318,perro,revac,1_mayor
Sep,07/09/2025,11:48 AM,26/09/2025,-16.487671,-71.489863,V-070925100608-25067-1,,,V-070925114825-25067-68,Peru Rabies Control,Arequipa,Characato (MR_21),vac12ch,VANCAN formulario 2025 General,Dog,,No,23.352,perro,revac,1_mayor
Sep,07/09/2025,11:39 AM,26/09/2025,-16.4876388,-71.4898747,V-070925100608-25067-1,,,V-070925113902-25067-67,Peru Rabies Control,Arequipa,Characato (MR_21),vac12ch,VANCAN formulario 2025 General,Dog,,No,23.352,perro,primovac,1_mayor
Sep,07/09/2025,11:38 AM,26/09/2025,-16.4875798,-71.4899306,V-070925100608-25067-1,,,V-070925113851-25067-66,Peru Rabies Control,Arequipa,Characato (MR_21),vac12ch,VANCAN formulario 2025 General,Dog,,No,23.352,perro,primovac,1_mayor
Sep,07/09/2025,11:38 AM,26/09/2025,-16.4876979,-71.4898522,V-070925100608-25067-1,,,V-070925113837-25067-65,Peru Rabies Control,Arequipa,Characato (MR_21),vac12ch,VANCAN formulario 2025 General,Dog,,No,23.352,perro,primovac,1_mayor
Sep,07/09/2025,11:38 AM,26/09/2025,-16.4877383,-71.4898214,V-070925100608-25067-1,,,V-070925113814-25067-64,Peru Rabies Control,Arequipa,Characato (MR_21),vac12ch,VANCAN formulario 2025 General,Dog,,No,23.352,perro,primovac,1_mayor
Sep,07/09/2025,11:38 AM,26/09/2025,-16.4877383,-71.4898214,V-070925100608-25067-1,,,V-070925113805-25067-63,Peru Rabies Control,Arequipa,Characato (MR_21),vac12ch,VANCAN formulario 2025 General,Dog,,No,23.352,perro,primovac,1_mayor
Sep,07/09/2025,11:38 AM,26/09/2025,-16.4877383,-71.4898214,V-070925100608-25067-1,,,V-070925113800-25067-62,Peru Rabies Control,Arequipa,Characato (MR_21),vac12ch,VANCAN formulario 2025 General,Dog,,No,23.352,perro,primovac,1_mayor
Sep,07/09/2025,11:37 AM,26/09/2025,-16.4877383,-71.4898214,V-070925100608-25067-1,,,V-070925113757-25067-61,Peru Rabies Control,Arequipa,Characato (MR_21),vac12ch,VANCAN formulario 2025 General,Dog,,No,23.352,perro,revac,1_mayor
Sep,07/09/2025,11:37 AM,26/09/2025,-16.4877383,-71.4898214,V-070925100608-25067-1,,,V-070925113754-25067-60,Peru Rabies Control,Arequipa,Characato (MR_21),vac12ch,VANCAN formulario 2025 General,Dog,,No,23.352,perro,revac,1_mayor
Sep,07/09/2025,11:37 AM,26/09/2025,-16.4877383,-71.4898214,V-070925100608-25067-1,,,V-070925113751-25067-59,Peru Rabies Control,Arequipa,Characato (MR_21),vac12ch,VANCAN formulario 2025 General,Dog,,No,23.352,perro,revac,1_mayor
Sep,07/09/2025,11:37 AM,26/09/2025,-16.4877383,-71.4898214,V-070925100608-25067-1,,,V-070925113746-25067-58,Peru Rabies Control,Arequipa,Characato (MR_21),vac12ch,VANCAN formulario 2025 General,Dog,,No,23.352,perro,revac,1_mayor
Sep,07/09/2025,11:37 AM,26/09/2025,-16.4877383,-71.4898214,V-070925100608-25067-1,,,V-070925113742-25067-57,Peru Rabies Control,Arequipa,Characato (MR_21),vac12ch,VANCAN formulario 2025 General,Dog,,No,23.352,perro,revac,1_mayor
Sep,07/09/2025,11:37 AM,26/09/2025,-16.4877383,-71.4898214,V-070925100608-25067-1,,,V-070925113738-25067-56,Peru Rabies Control,Arequipa,Characato (MR_21),vac12ch,VANCAN formulario 2025 General,Dog,,No,23.352,perro,revac,1_mayor
Sep,07/09/2025,11:37 AM,26/09/2025,-16.4877383,-71.4898214,V-070925100608-25067-1,,,V-070925113728-25067-55,Peru Rabies Control,Arequipa,Characato (MR_21),vac12ch,VANCAN formulario 2025 General,Dog,,No,23.352,perro,revac,1_mayor
Sep,07/09/2025,11:37 AM,26/09/2025,-16.4877383,-71.4898214,V-070925100608-25067-1,,,V-070925113722-25067-54,Peru Rabies Control,Arequipa,Characato (MR_21),vac12ch,VANCAN formulario 2025 General,Dog,,No,23.352,perro,revac,1_mayor
Sep,07/09/2025,11:37 AM,26/09/2025,-16.4877383,-71.4898214,V-070925100608-25067-1,,,V-070925113719-25067-53,Peru Rabies Control,Arequipa,Characato (MR_21),vac12ch,VANCAN formulario 2025 General,Dog,,No,23.352,perro,primovac,menor_1
Sep,07/09/2025,11:37 AM,26/09/2025,-16.4877383,-71.4898214,V-070925100608-25067-1,,,V-070925113709-25067-52,Peru Rabies Control,Arequipa,Characato (MR_21),vac12ch,VANCAN formulario 2025 General,Dog,,No,23.352,perro,primovac,menor_1
Sep,07/09/2025,11:37 AM,26/09/2025,-16.4877383,-71.4898214,V-070925100608-25067-1,,,V-070925113705-25067-51,Peru Rabies Control,Arequipa,Characato (MR_21),vac12ch,VANCAN formulario 2025 General,Dog,,No,23.352,perro,revac,1_mayor
Sep,07/09/2025,11:36 AM,26/09/2025,-16.4877383,-71.4898214,V-070925100608-25067-1,,,V-070925113659-25067-50,Peru Rabies Control,Arequipa,Characato (MR_21),vac12ch,VANCAN formulario 2025 General,Dog,,No,23.352,perro,primovac,1_mayor
Sep,07/09/2025,11:36 AM,26/09/2025,-16.4877383,-71.4898214,V-070925100608-25067-1,,,V-070925113656-25067-49,Peru Rabies Control,Arequipa,Characato (MR_21),vac12ch,VANCAN formulario 2025 General,Dog,,No,23.352,perro,primovac,1_mayor
Sep,07/09/2025,11:36 AM,26/09/2025,-16.4877383,-71.4898214,V-070925100608-25067-1,,,V-070925113645-25067-48,Peru Rabies Control,Arequipa,Characato (MR_21),vac12ch,VANCAN formulario 2025 General,Dog,,No,23.352,perro,primovac,1_mayor
Sep,07/09/2025,11:36 AM,26/09/2025,-16.4877383,-71.4898214,V-070925100608-25067-1,,,V-070925113641-25067-47,Peru Rabies Control,Arequipa,Characato (MR_21),vac12ch,VANCAN formulario 2025 General,Dog,,No,23.352,perro,revac,1_mayor
Sep,07/09/2025,11:36 AM,26/09/2025,-16.4877383,-71.4898214,V-070925100608-25067-1,,,V-070925113638-25067-46,Peru Rabies Control,Arequipa,Characato (MR_21),vac12ch,VANCAN formulario 2025 General,Dog,,No,23.352,perro,revac,1_mayor
Sep,07/09/2025,11:36 AM,26/09/2025,-16.4877383,-71.4898214,V-070925100608-25067-1,,,V-070925113635-25067-45,Peru Rabies Control,Arequipa,Characato (MR_21),vac12ch,VANCAN formulario 2025 General,Dog,,No,23.352,perro,revac,1_mayor
Sep,07/09/2025,11:36 AM,26/09/2025,-16.4877383,-71.4898214,V-070925100608-25067-1,,,V-070925113630-25067-44,Peru Rabies Control,Arequipa,Characato (MR_21),vac12ch,VANCAN formulario 2025 General,Dog,,No,23.352,perro,revac,1_mayor
Sep,07/09/2025,11:36 AM,26/09/2025,-16.4877383,-71.4898214,V-070925100608-25067-1,,,V-070925113627-25067-43,Peru Rabies Control,Arequipa,Characato (MR_21),vac12ch,VANCAN formulario 2025 General,Dog,,No,23.352,perro,revac,1_mayor
Sep,07/09/2025,11:36 AM,26/09/2025,-16.4877383,-71.4898214,V-070925100608-25067-1,,,V-070925113622-25067-42,Peru Rabies Control,Arequipa,Characato (MR_21),vac12ch,VANCAN formulario 2025 General,Dog,,No,23.352,perro,revac,1_mayor
Sep,07/09/2025,11:36 AM,26/09/2025,-16.4877383,-71.4898214,V-070925100608-25067-1,,,V-070925113619-25067-41,Peru Rabies Control,Arequipa,Characato (MR_21),vac12ch,VANCAN formulario 2025 General,Dog,,No,23.352,perro,revac,1_mayor
Sep,07/09/2025,11:36 AM,26/09/2025,-16.4876431,-71.4899387,V-070925100608-25067-1,,,V-070925113613-25067-40,Peru Rabies Control,Arequipa,Characato (MR_21),vac12ch,VANCAN formulario 2025 General,Dog,,No,23.352,perro,revac,1_mayor
Sep,07/09/2025,11:36 AM,26/09/2025,-16.4877992,-71.4898209,V-070925100608-25067-1,,,V-070925113608-25067-39,Peru Rabies Control,Arequipa,Characato (MR_21),vac12ch,VANCAN formulario 2025 General,Dog,,No,23.352,perro,primovac,1_mayor
Sep,07/09/2025,11:35 AM,26/09/2025,-16.4876181,-71.489748,V-070925100608-25067-1,,,V-070925113555-25067-38,Peru Rabies Control,Arequipa,Characato (MR_21),vac12ch,VANCAN formulario 2025 General,Dog,,No,23.352,perro,primovac,1_mayor
Sep,07/09/2025,10:26 AM,26/09/2025,-16.4876279,-71.4899921,V-070925100608-25067-1,,,V-070925102637-25067-37,Peru Rabies Control,Arequipa,Characato (MR_21),vac12ch,VANCAN formulario 2025 General,Dog,,No,23.352,perro,revac,1_mayor
Sep,07/09/2025,10:26 AM,26/09/2025,-16.4875277,-71.4898341,V-070925100608-25067-1,,,V-070925102616-25067-36,Peru Rabies Control,Arequipa,Characato (MR_21),vac12ch,VANCAN formulario 2025 General,Dog,,No,23.352,perro,primovac,menor_1
Sep,07/09/2025,10:09 AM,26/09/2025,-16.4876438,-71.4898021,V-070925100608-25067-1,,,V-070925100954-25067-35,Peru Rabies Control,Arequipa,Characato (MR_21),vac12ch,VANCAN formulario 2025 General,Dog,,No,23.352,perro,revac,1_mayor
Sep,07/09/2025,10:09 AM,26/09/2025,-16.4875937,-71.4898048,V-070925100608-25067-1,,,V-070925100951-25067-34,Peru Rabies Control,Arequipa,Characato (MR_21),vac12ch,VANCAN formulario 2025 General,Dog,,No,19.0,perro,revac,1_mayor
Sep,07/09/2025,10:09 AM,26/09/2025,-16.4875937,-71.4898048,V-070925100608-25067-1,,,V-070925100947-25067-33,Peru Rabies Control,Arequipa,Characato (MR_21),vac12ch,VANCAN formulario 2025 General,Dog,,No,19.0,perro,revac,1_mayor
Sep,07/09/2025,10:09 AM,26/09/2025,-16.4875937,-71.4898048,V-070925100608-25067-1,,,V-070925100944-25067-32,Peru Rabies Control,Arequipa,Characato (MR_21),vac12ch,VANCAN formulario 2025 General,Dog,,No,19.0,perro,revac,1_mayor
Sep,07/09/2025,10:09 AM,26/09/2025,-16.4875937,-71.4898048,V-070925100608-25067-1,,,V-070925100938-25067-31,Peru Rabies Control,Arequipa,Characato (MR_21),vac12ch,VANCAN formulario 2025 General,Dog,,No,19.0,perro,revac,1_mayor
Sep,07/09/2025,10:09 AM,26/09/2025,-16.4875937,-71.4898048,V-070925100608-25067-1,,,V-070925100932-25067-30,Peru Rabies Control,Arequipa,Characato (MR_21),vac12ch,VANCAN formulario 2025 General,Dog,,No,19.0,perro,primovac,1_mayor
Sep,07/09/2025,10:09 AM,26/09/2025,-16.4875937,-71.4898048,V-070925100608-25067-1,,,V-070925100927-25067-29,Peru Rabies Control,Arequipa,Characato (MR_21),vac12ch,VANCAN formulario 2025 General,Dog,,No,19.0,perro,revac,1_mayor
Sep,07/09/2025,10:09 AM,26/09/2025,-16.4875937,-71.4898048,V-070925100608-25067-1,,,V-070925100923-25067-28,Peru Rabies Control,Arequipa,Characato (MR_21),vac12ch,VANCAN formulario 2025 General,Dog,,No,19.0,perro,revac,1_mayor
Sep,07/09/2025,10:09 AM,26/09/2025,-16.4876252,-71.4897518,V-070925100608-25067-1,,,V-070925100919-25067-27,Peru Rabies Control,Arequipa,Characato (MR_21),vac12ch,VANCAN formulario 2025 General,Dog,,No,19.0,perro,revac,1_mayor
Sep,07/09/2025,10:09 AM,26/09/2025,-16.4877069,-71.4898304,V-070925100608-25067-1,,,V-070925100913-25067-26,Peru Rabies Control,Arequipa,Characato (MR_21),vac12ch,VANCAN formulario 2025 General,Dog,,No,19.0,perro,revac,1_mayor
Sep,07/09/2025,10:09 AM,26/09/2025,-16.4877757,-71.489726,V-070925100608-25067-1,,,V-070925100901-25067-25,Peru Rabies Control,Arequipa,Characato (MR_21),vac12ch,VANCAN formulario 2025 General,Dog,,No,19.0,perro,revac,1_mayor
Sep,07/09/2025,10:08 AM,26/09/2025,-16.4877757,-71.489726,V-070925100608-25067-1,,,V-070925100856-25067-24,Peru Rabies Control,Arequipa,Characato (MR_21),vac12ch,VANCAN formulario 2025 General,Dog,,No,19.0,perro,primovac,menor_1
Sep,07/09/2025,10:08 AM,26/09/2025,-16.4877757,-71.489726,V-070925100608-25067-1,,,V-070925100850-25067-23,Peru Rabies Control,Arequipa,Characato (MR_21),vac12ch,VANCAN formulario 2025 General,Dog,,No,19.0,perro,primovac,menor_1
Sep,07/09/2025,10:08 AM,26/09/2025,-16.4877757,-71.489726,V-070925100608-25067-1,,,V-070925100843-25067-22,Peru Rabies Control,Arequipa,Characato (MR_21),vac12ch,VANCAN formulario 2025 General,Dog,,No,19.0,perro,primovac,1_mayor
Sep,07/09/2025,10:08 AM,26/09/2025,-16.4877757,-71.489726,V-070925100608-25067-1,,,V-070925100840-25067-21,Peru Rabies Control,Arequipa,Characato (MR_21),vac12ch,VANCAN formulario 2025 General,Dog,,No,19.0,perro,revac,1_mayor
Sep,07/09/2025,10:08 AM,26/09/2025,-16.4877757,-71.489726,V-070925100608-25067-1,,,V-070925100836-25067-20,Peru Rabies Control,Arequipa,Characato (MR_21),vac12ch,VANCAN formulario 2025 General,Dog,,No,19.0,perro,revac,1_mayor
Sep,07/09/2025,10:08 AM,26/09/2025,-16.4877757,-71.489726,V-070925100608-25067-1,,,V-070925100826-25067-19,Peru Rabies Control,Arequipa,Characato (MR_21),vac12ch,VANCAN formulario 2025 General,Dog,,No,19.0,perro,revac,1_mayor
Sep,07/09/2025,10:08 AM,26/09/2025,-16.4877757,-71.489726,V-070925100608-25067-1,,,V-070925100819-25067-18,Peru Rabies Control,Arequipa,Characato (MR_21),vac12ch,VANCAN formulario 2025 General,Dog,,No,19.0,perro,primovac,1_mayor
Sep,07/09/2025,10:08 AM,26/09/2025,-16.4877757,-71.489726,V-070925100608-25067-1,,,V-070925100816-25067-17,Peru Rabies Control,Arequipa,Characato (MR_21),vac12ch,VANCAN formulario 2025 General,Dog,,No,19.0,perro,revac,1_mayor
Sep,07/09/2025,10:08 AM,26/09/2025,-16.4877757,-71.489726,V-070925100608-25067-1,,,V-070925100813-25067-16,Peru Rabies Control,Arequipa,Characato (MR_21),vac12ch,VANCAN formulario 2025 General,Dog,,No,19.0,perro,revac,1_mayor
Sep,07/09/2025,10:08 AM,26/09/2025,-16.4877757,-71.489726,V-070925100608-25067-1,,,V-070925100808-25067-15,Peru Rabies Control,Arequipa,Characato (MR_21),vac12ch,VANCAN formulario 2025 General,Dog,,No,19.0,perro,revac,1_mayor
Sep,07/09/2025,10:08 AM,26/09/2025,-16.4877757,-71.489726,V-070925100608-25067-1,,,V-070925100804-25067-14,Peru Rabies Control,Arequipa,Characato (MR_21),vac12ch,VANCAN formulario 2025 General,Dog,,No,19.0,perro,revac,1_mayor
Sep,07/09/2025,10:08 AM,26/09/2025,-16.4877757,-71.489726,V-070925100608-25067-1,,,V-070925100800-25067-13,Peru Rabies Control,Arequipa,Characato (MR_21),vac12ch,VANCAN formulario 2025 General,Dog,,No,19.0,perro,revac,1_mayor
Sep,07/09/2025,10:07 AM,26/09/2025,-16.4877757,-71.489726,V-070925100608-25067-1,,,V-070925100754-25067-12,Peru Rabies Control,Arequipa,Characato (MR_21),vac12ch,VANCAN formulario 2025 General,Dog,,No,19.0,perro,revac,1_mayor
Sep,07/09/2025,10:07 AM,26/09/2025,-16.4877757,-71.489726,V-070925100608-25067-1,,,V-070925100749-25067-11,Peru Rabies Control,Arequipa,Characato (MR_21),vac12ch,VANCAN formulario 2025 General,Dog,,No,19.0,perro,primovac,menor_1
Sep,07/09/2025,10:07 AM,26/09/2025,-16.4877757,-71.489726,V-070925100608-25067-1,,,V-070925100745-25067-10,Peru Rabies Control,Arequipa,Characato (MR_21),vac12ch,VANCAN formulario 2025 General,Dog,,No,19.0,perro,revac,1_mayor
Sep,07/09/2025,10:07 AM,26/09/2025,-16.4877757,-71.489726,V-070925100608-25067-1,,,V-070925100737-25067-9,Peru Rabies Control,Arequipa,Characato (MR_21),vac12ch,VANCAN formulario 2025 General,Dog,,No,19.0,perro,primovac,1_mayor
Sep,07/09/2025,10:07 AM,26/09/2025,-16.4877757,-71.489726,V-070925100608-25067-1,,,V-070925100733-25067-8,Peru Rabies Control,Arequipa,Characato (MR_21),vac12ch,VANCAN formulario 2025 General,Dog,,No,19.0,perro,primovac,1_mayor
Sep,07/09/2025,10:07 AM,26/09/2025,-16.4877757,-71.489726,V-070925100608-25067-1,,,V-070925100729-25067-7,Peru Rabies Control,Arequipa,Characato (MR_21),vac12ch,VANCAN formulario 2025 General,Dog,,No,19.0,perro,revac,1_mayor
Sep,07/09/2025,10:07 AM,26/09/2025,-16.4877757,-71.489726,V-070925100608-25067-1,,,V-070925100726-25067-6,Peru Rabies Control,Arequipa,Characato (MR_21),vac12ch,VANCAN formulario 2025 General,Dog,,No,19.0,perro,revac,1_mayor
Sep,07/09/2025,10:07 AM,26/09/2025,-16.4877757,-71.489726,V-070925100608-25067-1,,,V-070925100722-25067-5,Peru Rabies Control,Arequipa,Characato (MR_21),vac12ch,VANCAN formulario 2025 General,Dog,,No,19.0,perro,revac,1_mayor
Sep,07/09/2025,10:07 AM,26/09/2025,-16.4877757,-71.489726,V-070925100608-25067-1,,,V-070925100716-25067-4,Peru Rabies Control,Arequipa,Characato (MR_21),vac12ch,VANCAN formulario 2025 General,Dog,,No,19.0,perro,revac,1_mayor
Sep,07/09/2025,10:07 AM,26/09/2025,-16.4877757,-71.489726,V-070925100608-25067-1,,,V-070925100710-25067-3,Peru Rabies Control,Arequipa,Characato (MR_21),vac12ch,VANCAN formulario 2025 General,Dog,,No,19.0,perro,revac,1_mayor
Sep,07/09/2025,10:07 AM,26/09/2025,-16.4877122,-71.4898526,V-070925100608-25067-1,,,V-070925100701-25067-2,Peru Rabies Control,Arequipa,Characato (MR_21),vac12ch,VANCAN formulario 2025 General,Dog,,No,19.0,perro,primovac,1_mayor
Sep,07/09/2025,10:06 AM,26/09/2025,-16.4877119,-71.4898536,V-070925100608-25067-1,,,V-070925100646-25067-1,Peru Rabies Control,Arequipa,Characato (MR_21),vac12ch,VANCAN formulario 2025 General,Dog,,No,19.0,perro,primovac,menor_1
Sep,28/09/2025,12:08 PM,28/09/2025,-16.5285386,-71.4788916,V-280925093329-25065-2,,,V-280925120859-25065-40,Peru Rabies Control,Arequipa,Characato (MR_21),vac10ch,VANCAN formulario 2025 General,Dog,,No,0.0,perro,revac,1_mayor
Sep,28/09/2025,12:08 PM,28/09/2025,-16.5285303,-71.4788981,V-280925093329-25065-2,,,V-280925120853-25065-39,Peru Rabies Control,Arequipa,Characato (MR_21),vac10ch,VANCAN formulario 2025 General,Dog,,No,0.0,perro,revac,1_mayor
Sep,28/09/2025,11:58 AM,28/09/2025,-16.5285298,-71.4789167,V-280925093329-25065-2,,,V-280925115852-25065-38,Peru Rabies Control,Arequipa,Characato (MR_21),vac10ch,VANCAN formulario 2025 General,Dog,,No,0.0,perro,revac,1_mayor
Sep,28/09/2025,11:58 AM,28/09/2025,-16.5292264,-71.4789389,V-280925093329-25065-2,,,V-280925115800-25065-37,Peru Rabies Control,Arequipa,Characato (MR_21),vac10ch,VANCAN formulario 2025 General,Dog,,No,0.0,perro,revac,1_mayor
Sep,28/09/2025,11:57 AM,28/09/2025,-16.5292718,-71.4789091,V-280925093329-25065-2,,,V-280925115752-25065-36,Peru Rabies Control,Arequipa,Characato (MR_21),vac10ch,VANCAN formulario 2025 General,Dog,,No,0.0,gato,,
Sep,28/09/2025,11:55 AM,28/09/2025,-16.5292789,-71.4788804,V-280925093329-25065-2,,,V-280925115524-25065-35,Peru Rabies Control,Arequipa,Characato (MR_21),vac10ch,VANCAN formulario 2025 General,Dog,,No,0.0,perro,revac,1_mayor
Sep,28/09/2025,11:42 AM,28/09/2025,-16.5294232,-71.4786731,V-280925093329-25065-2,,,V-280925114219-25065-34,Peru Rabies Control,Arequipa,Characato (MR_21),vac10ch,VANCAN formulario 2025 General,Dog,,No,0.0,gato,,
Sep,28/09/2025,11:32 AM,28/09/2025,-16.528081,-71.4778189,V-280925093329-25065-2,,,V-280925113226-25065-33,Peru Rabies Control,Arequipa,Characato (MR_21),vac10ch,VANCAN formulario 2025 General,Dog,,No,0.0,perro,primovac,menor_1
Sep,28/09/2025,11:32 AM,28/09/2025,-16.5280934,-71.477826,V-280925093329-25065-2,,,V-280925113220-25065-32,Peru Rabies Control,Arequipa,Characato (MR_21),vac10ch,VANCAN formulario 2025 General,Dog,,No,0.0,perro,primovac,1_mayor
Sep,28/09/2025,11:14 AM,28/09/2025,-16.5291331,-71.475466,V-280925093329-25065-2,,,V-280925111449-25065-31,Peru Rabies Control,Arequipa,Characato (MR_21),vac10ch,VANCAN formulario 2025 General,Dog,,No,0.0,perro,revac,1_mayor
Sep,28/09/2025,11:13 AM,28/09/2025,-16.5290564,-71.4753215,V-280925093329-25065-2,,,V-280925111332-25065-30,Peru Rabies Control,Arequipa,Characato (MR_21),vac10ch,VANCAN formulario 2025 General,Dog,,No,0.0,perro,revac,1_mayor
Sep,28/09/2025,11:12 AM,28/09/2025,-16.5291564,-71.4754835,V-280925093329-25065-2,,,V-280925111252-25065-29,Peru Rabies Control,Arequipa,Characato (MR_21),vac10ch,VANCAN formulario 2025 General,Dog,,No,0.0,perro,revac,1_mayor
Sep,28/09/2025,11:12 AM,28/09/2025,-16.5291275,-71.4754939,V-280925093329-25065-2,,,V-280925111245-25065-28,Peru Rabies Control,Arequipa,Characato (MR_21),vac10ch,VANCAN formulario 2025 General,Dog,,No,0.0,perro,revac,1_mayor
Sep,28/09/2025,10:59 AM,28/09/2025,-16.5300303,-71.4718658,V-280925093329-25065-2,,,V-280925105916-25065-27,Peru Rabies Control,Arequipa,Characato (MR_21),vac10ch,VANCAN formulario 2025 General,Dog,,No,0.0,gato,,
Sep,28/09/2025,10:45 AM,28/09/2025,-16.5285819,-71.4727342,V-280925093329-25065-2,,,V-280925104539-25065-26,Peru Rabies Control,Arequipa,Characato (MR_21),vac10ch,VANCAN formulario 2025 General,Dog,,No,0.0,perro,revac,1_mayor
Sep,28/09/2025,10:36 AM,28/09/2025,-16.5284532,-71.4751249,V-280925093329-25065-2,,,V-280925103646-25065-25,Peru Rabies Control,Arequipa,Characato (MR_21),vac10ch,VANCAN formulario 2025 General,Dog,,No,0.0,perro,primovac,1_mayor
Sep,28/09/2025,10:36 AM,28/09/2025,-16.5284623,-71.4751245,V-280925093329-25065-2,,,V-280925103639-25065-24,Peru Rabies Control,Arequipa,Characato (MR_21),vac10ch,VANCAN formulario 2025 General,Dog,,No,0.0,perro,primovac,1_mayor
Sep,28/09/2025,10:36 AM,28/09/2025,-16.5284517,-71.4751417,V-280925093329-25065-2,,,V-280925103626-25065-23,Peru Rabies Control,Arequipa,Characato (MR_21),vac10ch,VANCAN formulario 2025 General,Dog,,No,0.0,perro,revac,1_mayor
Sep,28/09/2025,10:36 AM,28/09/2025,-16.5284517,-71.4751417,V-280925093329-25065-2,,,V-280925103622-25065-22,Peru Rabies Control,Arequipa,Characato (MR_21),vac10ch,VANCAN formulario 2025 General,Dog,,No,0.0,gato,,
Sep,28/09/2025,10:16 AM,28/09/2025,-16.5295846,-71.476315,V-280925093329-25065-2,,,V-280925101613-25065-21,Peru Rabies Control,Arequipa,Characato (MR_21),vac10ch,VANCAN formulario 2025 General,Dog,,No,0.0,perro,revac,1_mayor
Sep,28/09/2025,10:16 AM,28/09/2025,-16.5296105,-71.4763161,V-280925093329-25065-2,,,V-280925101606-25065-20,Peru Rabies Control,Arequipa,Characato (MR_21),vac10ch,VANCAN formulario 2025 General,Dog,,No,0.0,perro,revac,1_mayor
Sep,28/09/2025,10:16 AM,28/09/2025,-16.5296282,-71.4763079,V-280925093329-25065-2,,,V-280925101602-25065-19,Peru Rabies Control,Arequipa,Characato (MR_21),vac10ch,VANCAN formulario 2025 General,Dog,,No,0.0,perro,revac,1_mayor
Sep,28/09/2025,10:15 AM,28/09/2025,-16.5296271,-71.4763017,V-280925093329-25065-2,,,V-280925101557-25065-18,Peru Rabies Control,Arequipa,Characato (MR_21),vac10ch,VANCAN formulario 2025 General,Dog,,No,0.0,perro,revac,1_mayor
Sep,28/09/2025,10:15 AM,28/09/2025,-16.5296169,-71.4762985,V-280925093329-25065-2,,,V-280925101549-25065-17,Peru Rabies Control,Arequipa,Characato (MR_21),vac10ch,VANCAN formulario 2025 General,Dog,,No,0.0,perro,revac,1_mayor
Sep,28/09/2025,10:15 AM,28/09/2025,-16.5296155,-71.4763144,V-280925093329-25065-2,,,V-280925101546-25065-16,Peru Rabies Control,Arequipa,Characato (MR_21),vac10ch,VANCAN formulario 2025 General,Dog,,No,0.0,gato,,
Sep,28/09/2025,10:15 AM,28/09/2025,-16.5296038,-71.476343,V-280925093329-25065-2,,,V-280925101543-25065-15,Peru Rabies Control,Arequipa,Characato (MR_21),vac10ch,VANCAN formulario 2025 General,Dog,,No,0.0,gato,,
Sep,28/09/2025,10:15 AM,28/09/2025,-16.5296038,-71.476343,V-280925093329-25065-2,,,V-280925101540-25065-14,Peru Rabies Control,Arequipa,Characato (MR_21),vac10ch,VANCAN formulario 2025 General,Dog,,No,0.0,gato,,
Sep,28/09/2025,10:15 AM,28/09/2025,-16.5295523,-71.4763784,V-280925093329-25065-2,,,V-280925101534-25065-13,Peru Rabies Control,Arequipa,Characato (MR_21),vac10ch,VANCAN formulario 2025 General,Dog,,No,0.0,gato,,
Sep,28/09/2025,10:12 AM,28/09/2025,-16.5295999,-71.47631,V-280925093329-25065-2,,,V-280925101229-25065-12,Peru Rabies Control,Arequipa,Characato (MR_21),vac10ch,VANCAN formulario 2025 General,Dog,,No,0.0,perro,revac,1_mayor
Sep,28/09/2025,10:03 AM,28/09/2025,-16.5295668,-71.4752336,V-280925093329-25065-2,,,V-280925100353-25065-11,Peru Rabies Control,Arequipa,Characato (MR_21),vac10ch,VANCAN formulario 2025 General,Dog,,No,0.0,perro,revac,1_mayor
Sep,28/09/2025,10:03 AM,28/09/2025,-16.5295898,-71.475249,V-280925093329-25065-2,,,V-280925100345-25065-10,Peru Rabies Control,Arequipa,Characato (MR_21),vac10ch,VANCAN formulario 2025 General,Dog,,No,0.0,perro,revac,1_mayor
Sep,28/09/2025,10:03 AM,28/09/2025,-16.5295778,-71.4752367,V-280925093329-25065-2,,,V-280925100340-25065-9,Peru Rabies Control,Arequipa,Characato (MR_21),vac10ch,VANCAN formulario 2025 General,Dog,,No,0.0,perro,primovac,menor_1
Sep,28/09/2025,10:03 AM,28/09/2025,-16.5295623,-71.4752364,V-280925093329-25065-2,,,V-280925100331-25065-8,Peru Rabies Control,Arequipa,Characato (MR_21),vac10ch,VANCAN formulario 2025 General,Dog,,No,0.0,perro,primovac,1_mayor
Sep,28/09/2025,09:54 AM,28/09/2025,-16.5295106,-71.4742249,V-280925093329-25065-2,,,V-280925095405-25065-7,Peru Rabies Control,Arequipa,Characato (MR_21),vac10ch,VANCAN formulario 2025 General,Dog,,No,0.0,perro,primovac,1_mayor
Sep,28/09/2025,09:46 AM,28/09/2025,-16.5289617,-71.4738683,V-280925093329-25065-2,,,V-280925094621-25065-6,Peru Rabies Control,Arequipa,Characato (MR_21),vac10ch,VANCAN formulario 2025 General,Dog,,No,0.0,perro,revac,1_mayor
Sep,28/09/2025,09:45 AM,28/09/2025,-16.5289946,-71.4738962,V-280925093329-25065-2,,,V-280925094533-25065-5,Peru Rabies Control,Arequipa,Characato (MR_21),vac10ch,VANCAN formulario 2025 General,Dog,,No,0.0,perro,revac,1_mayor
Sep,28/09/2025,09:45 AM,28/09/2025,-16.5289859,-71.4738856,V-280925093329-25065-2,,,V-280925094530-25065-4,Peru Rabies Control,Arequipa,Characato (MR_21),vac10ch,VANCAN formulario 2025 General,Dog,,No,0.0,perro,revac,1_mayor
Sep,28/09/2025,09:44 AM,28/09/2025,-16.5290334,-71.4738967,V-280925093329-25065-2,,,V-280925094444-25065-3,Peru Rabies Control,Arequipa,Characato (MR_21),vac10ch,VANCAN formulario 2025 General,Dog,,No,0.0,perro,revac,1_mayor
Sep,28/09/2025,09:44 AM,28/09/2025,-16.5290349,-71.4738969,V-280925093329-25065-2,,,V-280925094438-25065-2,Peru Rabies Control,Arequipa,Characato (MR_21),vac10ch,VANCAN formulario 2025 General,Dog,,No,0.0,perro,revac,1_mayor
Sep,28/09/2025,09:33 AM,28/09/2025,-16.5335045,-71.479048,V-280925093329-25065-2,,,V-280925093337-25065-1,Peru Rabies Control,Arequipa,Characato (MR_21),vac10ch,VANCAN formulario 2025 General,Dog,,No,0.0,perro,revac,1_mayor
Sep,28/09/2025,11:43 AM,28/09/2025,-16.5232631,-71.4843991,V-280925081646-25066-1,,,V-280925114321-25066-66,Peru Rabies Control,Arequipa,Characato (MR_21),vac11ch,VANCAN formulario 2025 General,Dog,,No,3.278,perro,primovac,1_mayor
Sep,28/09/2025,11:40 AM,28/09/2025,-16.5232356,-71.4844694,V-280925081646-25066-1,,,V-280925114026-25066-65,Peru Rabies Control,Arequipa,Characato (MR_21),vac11ch,VANCAN formulario 2025 General,Dog,,No,3.278,perro,primovac,menor_1
Sep,28/09/2025,11:40 AM,28/09/2025,-16.5232842,-71.4845302,V-280925081646-25066-1,,,V-280925114021-25066-64,Peru Rabies Control,Arequipa,Characato (MR_21),vac11ch,VANCAN formulario 2025 General,Dog,,No,3.278,perro,primovac,menor_1
Sep,28/09/2025,11:25 AM,28/09/2025,-16.522819,-71.4865622,V-280925081646-25066-1,,,V-280925112540-25066-63,Peru Rabies Control,Arequipa,Characato (MR_21),vac11ch,VANCAN formulario 2025 General,Dog,,No,3.278,perro,revac,1_mayor
Sep,28/09/2025,11:25 AM,28/09/2025,-16.5228003,-71.4866026,V-280925081646-25066-1,,,V-280925112536-25066-62,Peru Rabies Control,Arequipa,Characato (MR_21),vac11ch,VANCAN formulario 2025 General,Dog,,No,3.278,perro,revac,1_mayor
Sep,28/09/2025,11:25 AM,28/09/2025,-16.5227788,-71.4866154,V-280925081646-25066-1,,,V-280925112532-25066-61,Peru Rabies Control,Arequipa,Characato (MR_21),vac11ch,VANCAN formulario 2025 General,Dog,,No,3.278,perro,revac,1_mayor
Sep,28/09/2025,11:25 AM,28/09/2025,-16.5227545,-71.4866214,V-280925081646-25066-1,,,V-280925112527-25066-60,Peru Rabies Control,Arequipa,Characato (MR_21),vac11ch,VANCAN formulario 2025 General,Dog,,No,3.278,perro,primovac,1_mayor
Sep,28/09/2025,11:25 AM,28/09/2025,-16.5227643,-71.4866221,V-280925081646-25066-1,,,V-280925112523-25066-59,Peru Rabies Control,Arequipa,Characato (MR_21),vac11ch,VANCAN formulario 2025 General,Dog,,No,3.278,perro,revac,1_mayor
Sep,28/09/2025,11:25 AM,28/09/2025,-16.5228759,-71.4865546,V-280925081646-25066-1,,,V-280925112520-25066-58,Peru Rabies Control,Arequipa,Characato (MR_21),vac11ch,VANCAN formulario 2025 General,Dog,,No,3.278,perro,primovac,menor_1
Sep,28/09/2025,11:25 AM,28/09/2025,-16.5227548,-71.4865767,V-280925081646-25066-1,,,V-280925112516-25066-57,Peru Rabies Control,Arequipa,Characato (MR_21),vac11ch,VANCAN formulario 2025 General,Dog,,No,3.278,perro,primovac,menor_1
Sep,28/09/2025,11:25 AM,28/09/2025,-16.5228445,-71.4865524,V-280925081646-25066-1,,,V-280925112512-25066-56,Peru Rabies Control,Arequipa,Characato (MR_21),vac11ch,VANCAN formulario 2025 General,Dog,,No,3.278,perro,primovac,menor_1
Sep,28/09/2025,11:25 AM,28/09/2025,-16.5226001,-71.4866017,V-280925081646-25066-1,,,V-280925112507-25066-55,Peru Rabies Control,Arequipa,Characato (MR_21),vac11ch,VANCAN formulario 2025 General,Dog,,No,3.278,perro,primovac,menor_1
Sep,28/09/2025,11:11 AM,28/09/2025,-16.5225007,-71.4858744,V-280925081646-25066-1,,,V-280925111132-25066-54,Peru Rabies Control,Arequipa,Characato (MR_21),vac11ch,VANCAN formulario 2025 General,Dog,,No,3.278,perro,primovac,menor_1
Sep,28/09/2025,10:51 AM,28/09/2025,-16.52269,-71.4918783,V-280925081646-25066-1,,,V-280925105129-25066-53,Peru Rabies Control,Arequipa,Characato (MR_21),vac11ch,VANCAN formulario 2025 General,Dog,,No,3.278,perro,revac,1_mayor
Sep,28/09/2025,10:51 AM,28/09/2025,-16.5092396,-71.4946807,V-280925081646-25066-1,,,V-280925105125-25066-52,Peru Rabies Control,Arequipa,Characato (MR_21),vac11ch,VANCAN formulario 2025 General,Dog,,No,3.278,perro,revac,1_mayor
Sep,28/09/2025,10:41 AM,28/09/2025,-16.5217117,-71.4900683,V-280925081646-25066-1,,,V-280925104105-25066-51,Peru Rabies Control,Arequipa,Characato (MR_21),vac11ch,VANCAN formulario 2025 General,Dog,,No,3.278,perro,revac,1_mayor
Sep,28/09/2025,10:40 AM,28/09/2025,-16.5211237,-71.4854057,V-280925081646-25066-1,,,V-280925104038-25066-50,Peru Rabies Control,Arequipa,Characato (MR_21),vac11ch,VANCAN formulario 2025 General,Dog,,No,3.278,perro,primovac,1_mayor
Sep,28/09/2025,10:34 AM,28/09/2025,-16.5214717,-71.4886883,V-280925081646-25066-1,,,V-280925103414-25066-49,Peru Rabies Control,Arequipa,Characato (MR_21),vac11ch,VANCAN formulario 2025 General,Dog,,No,3.278,perro,revac,1_mayor
Sep,28/09/2025,10:34 AM,28/09/2025,-16.521445,-71.4887117,V-280925081646-25066-1,,,V-280925103408-25066-48,Peru Rabies Control,Arequipa,Characato (MR_21),vac11ch,VANCAN formulario 2025 General,Dog,,No,3.278,perro,revac,1_mayor
Sep,28/09/2025,10:34 AM,28/09/2025,-16.5214117,-71.4886917,V-280925081646-25066-1,,,V-280925103404-25066-47,Peru Rabies Control,Arequipa,Characato (MR_21),vac11ch,VANCAN formulario 2025 General,Dog,,No,3.278,perro,revac,1_mayor
Sep,28/09/2025,10:32 AM,28/09/2025,-16.52141,-71.4887067,V-280925081646-25066-1,,,V-280925103251-25066-46,Peru Rabies Control,Arequipa,Characato (MR_21),vac11ch,VANCAN formulario 2025 General,Dog,,No,3.278,perro,revac,1_mayor
Sep,28/09/2025,10:19 AM,28/09/2025,-16.5218316,-71.4874078,V-280925081646-25066-1,,,V-280925101959-25066-45,Peru Rabies Control,Arequipa,Characato (MR_21),vac11ch,VANCAN formulario 2025 General,Dog,,No,3.278,perro,primovac,1_mayor
Sep,28/09/2025,10:18 AM,28/09/2025,-16.5216374,-71.4877211,V-280925081646-25066-1,,,V-280925101822-25066-44,Peru Rabies Control,Arequipa,Characato (MR_21),vac11ch,VANCAN formulario 2025 General,Dog,,No,3.278,perro,revac,1_mayor
Sep,28/09/2025,10:18 AM,28/09/2025,-16.5215058,-71.4878875,V-280925081646-25066-1,,,V-280925101817-25066-43,Peru Rabies Control,Arequipa,Characato (MR_21),vac11ch,VANCAN formulario 2025 General,Dog,,No,3.278,perro,revac,1_mayor
Sep,28/09/2025,10:08 AM,28/09/2025,-16.5229481,-71.486765,V-280925081646-25066-1,,,V-280925100815-25066-42,Peru Rabies Control,Arequipa,Characato (MR_21),vac11ch,VANCAN formulario 2025 General,Dog,,No,64.36,perro,revac,1_mayor
Sep,28/09/2025,10:04 AM,28/09/2025,-16.5230237,-71.4871931,V-280925081646-25066-1,,,V-280925100400-25066-41,Peru Rabies Control,Arequipa,Characato (MR_21),vac11ch,VANCAN formulario 2025 General,Dog,,No,64.36,perro,revac,1_mayor
Sep,28/09/2025,10:03 AM,28/09/2025,-16.5230223,-71.4871876,V-280925081646-25066-1,,,V-280925100305-25066-40,Peru Rabies Control,Arequipa,Characato (MR_21),vac11ch,VANCAN formulario 2025 General,Dog,,No,64.36,perro,revac,1_mayor
Sep,28/09/2025,10:02 AM,28/09/2025,-16.5230932,-71.4871434,V-280925081646-25066-1,,,V-280925100205-25066-39,Peru Rabies Control,Arequipa,Characato (MR_21),vac11ch,VANCAN formulario 2025 General,Dog,,No,64.36,perro,revac,1_mayor
Sep,28/09/2025,09:47 AM,28/09/2025,-16.5206135,-71.487038,V-280925081646-25066-1,,,V-280925094707-25066-38,Peru Rabies Control,Arequipa,Characato (MR_21),vac11ch,VANCAN formulario 2025 General,Dog,,No,64.36,perro,revac,1_mayor
Sep,28/09/2025,09:45 AM,28/09/2025,-16.520323,-71.4870184,V-280925081646-25066-1,,,V-280925094532-25066-37,Peru Rabies Control,Arequipa,Characato (MR_21),vac11ch,VANCAN formulario 2025 General,Dog,,No,64.36,perro,revac,1_mayor
Sep,28/09/2025,09:40 AM,28/09/2025,-16.5203267,-71.4870167,V-280925081646-25066-1,,,V-280925094017-25066-36,Peru Rabies Control,Arequipa,Characato (MR_21),vac11ch,VANCAN formulario 2025 General,Dog,,No,64.36,perro,revac,1_mayor
Sep,28/09/2025,09:37 AM,28/09/2025,-16.5203666,-71.4870868,V-280925081646-25066-1,,,V-280925093718-25066-35,Peru Rabies Control,Arequipa,Characato (MR_21),vac11ch,VANCAN formulario 2025 General,Dog,,No,64.36,perro,revac,1_mayor
Sep,28/09/2025,09:34 AM,28/09/2025,-16.5203779,-71.4872389,V-280925081646-25066-1,,,V-280925093428-25066-34,Peru Rabies Control,Arequipa,Characato (MR_21),vac11ch,VANCAN formulario 2025 General,Dog,,No,64.36,perro,revac,menor_1
Sep,28/09/2025,09:34 AM,28/09/2025,-16.5203793,-71.4872323,V-280925081646-25066-1,,,V-280925093423-25066-33,Peru Rabies Control,Arequipa,Characato (MR_21),vac11ch,VANCAN formulario 2025 General,Dog,,No,64.36,perro,primovac,menor_1
Sep,28/09/2025,09:32 AM,28/09/2025,-16.52051,-71.487195,V-280925081646-25066-1,,,V-280925093202-25066-32,Peru Rabies Control,Arequipa,Characato (MR_21),vac11ch,VANCAN formulario 2025 General,Dog,,No,64.36,perro,revac,1_mayor
Sep,28/09/2025,09:30 AM,28/09/2025,-16.5205333,-71.4871867,V-280925081646-25066-1,,,V-280925093007-25066-31,Peru Rabies Control,Arequipa,Characato (MR_21),vac11ch,VANCAN formulario 2025 General,Dog,,No,64.36,perro,revac,1_mayor
Sep,28/09/2025,09:30 AM,28/09/2025,-16.5205333,-71.4871867,V-280925081646-25066-1,,,V-280925093002-25066-30,Peru Rabies Control,Arequipa,Characato (MR_21),vac11ch,VANCAN formulario 2025 General,Dog,,No,64.36,perro,revac,1_mayor
Sep,28/09/2025,09:28 AM,28/09/2025,-16.5205233,-71.4872017,V-280925081646-25066-1,,,V-280925092845-25066-29,Peru Rabies Control,Arequipa,Characato (MR_21),vac11ch,VANCAN formulario 2025 General,Dog,,No,64.36,perro,revac,1_mayor
Sep,28/09/2025,09:27 AM,28/09/2025,-16.5201113,-71.4871545,V-280925081646-25066-1,,,V-280925092709-25066-28,Peru Rabies Control,Arequipa,Characato (MR_21),vac11ch,VANCAN formulario 2025 General,Dog,,No,64.36,perro,primovac,1_mayor
Sep,28/09/2025,09:22 AM,28/09/2025,-16.5200998,-71.4871242,V-280925081646-25066-1,,,V-280925092259-25066-27,Peru Rabies Control,Arequipa,Characato (MR_21),vac11ch,VANCAN formulario 2025 General,Dog,,No,64.36,perro,revac,1_mayor
Sep,28/09/2025,09:22 AM,28/09/2025,-16.5200867,-71.4871067,V-280925081646-25066-1,,,V-280925092217-25066-26,Peru Rabies Control,Arequipa,Characato (MR_21),vac11ch,VANCAN formulario 2025 General,Dog,,No,64.36,perro,revac,1_mayor
Sep,28/09/2025,09:21 AM,28/09/2025,-16.519643,-71.4872887,V-280925081646-25066-1,,,V-280925092119-25066-25,Peru Rabies Control,Arequipa,Characato (MR_21),vac11ch,VANCAN formulario 2025 General,Dog,,No,64.36,perro,primovac,1_mayor
Sep,28/09/2025,09:17 AM,28/09/2025,-16.5195094,-71.4873369,V-280925081646-25066-1,,,V-280925091731-25066-24,Peru Rabies Control,Arequipa,Characato (MR_21),vac11ch,VANCAN formulario 2025 General,Dog,,No,64.36,perro,revac,1_mayor
Sep,28/09/2025,09:17 AM,28/09/2025,-16.5195065,-71.4873271,V-280925081646-25066-1,,,V-280925091726-25066-23,Peru Rabies Control,Arequipa,Characato (MR_21),vac11ch,VANCAN formulario 2025 General,Dog,,No,64.36,perro,primovac,menor_1
Sep,28/09/2025,09:13 AM,28/09/2025,-16.5193703,-71.4868205,V-280925081646-25066-1,,,V-280925091342-25066-22,Peru Rabies Control,Arequipa,Characato (MR_21),vac11ch,VANCAN formulario 2025 General,Dog,,No,64.36,perro,revac,1_mayor
Sep,28/09/2025,09:05 AM,28/09/2025,-16.519373,-71.4868173,V-280925081646-25066-1,,,V-280925090538-25066-21,Peru Rabies Control,Arequipa,Characato (MR_21),vac11ch,VANCAN formulario 2025 General,Dog,,No,64.36,gato,,
Sep,28/09/2025,09:05 AM,28/09/2025,-16.519933,-71.4866231,V-280925081646-25066-1,,,V-280925090532-25066-20,Peru Rabies Control,Arequipa,Characato (MR_21),vac11ch,VANCAN formulario 2025 General,Dog,,No,64.36,perro,revac,1_mayor
Sep,28/09/2025,09:05 AM,28/09/2025,-16.5199711,-71.4866214,V-280925081646-25066-1,,,V-280925090528-25066-19,Peru Rabies Control,Arequipa,Characato (MR_21),vac11ch,VANCAN formulario 2025 General,Dog,,No,64.36,perro,revac,1_mayor
Sep,28/09/2025,09:05 AM,28/09/2025,-16.5199799,-71.4866198,V-280925081646-25066-1,,,V-280925090524-25066-18,Peru Rabies Control,Arequipa,Characato (MR_21),vac11ch,VANCAN formulario 2025 General,Dog,,No,64.36,perro,revac,1_mayor
Sep,28/09/2025,09:05 AM,28/09/2025,-16.5199751,-71.4866205,V-280925081646-25066-1,,,V-280925090510-25066-17,Peru Rabies Control,Arequipa,Characato (MR_21),vac11ch,VANCAN formulario 2025 General,Dog,,No,64.36,perro,revac,1_mayor
Sep,28/09/2025,09:05 AM,28/09/2025,-16.5199795,-71.486623,V-280925081646-25066-1,,,V-280925090500-25066-16,Peru Rabies Control,Arequipa,Characato (MR_21),vac11ch,VANCAN formulario 2025 General,Dog,,No,64.36,perro,revac,1_mayor
Sep,28/09/2025,09:00 AM,28/09/2025,-16.5199923,-71.4866273,V-280925081646-25066-1,,,V-280925090027-25066-15,Peru Rabies Control,Arequipa,Characato (MR_21),vac11ch,VANCAN formulario 2025 General,Dog,,No,64.36,perro,revac,1_mayor
Sep,28/09/2025,08:58 AM,28/09/2025,-16.5197655,-71.4868374,V-280925081646-25066-1,,,V-280925085827-25066-14,Peru Rabies Control,Arequipa,Characato (MR_21),vac11ch,VANCAN formulario 2025 General,Dog,,No,64.36,perro,revac,1_mayor
Sep,28/09/2025,08:53 AM,28/09/2025,-16.520292,-71.4866213,V-280925081646-25066-1,,,V-280925085351-25066-13,Peru Rabies Control,Arequipa,Characato (MR_21),vac11ch,VANCAN formulario 2025 General,Dog,,No,64.36,perro,revac,1_mayor
Sep,28/09/2025,08:53 AM,28/09/2025,-16.5203051,-71.4865996,V-280925081646-25066-1,,,V-280925085347-25066-12,Peru Rabies Control,Arequipa,Characato (MR_21),vac11ch,VANCAN formulario 2025 General,Dog,,No,64.36,perro,revac,1_mayor
Sep,28/09/2025,08:53 AM,28/09/2025,-16.5203008,-71.4865979,V-280925081646-25066-1,,,V-280925085343-25066-11,Peru Rabies Control,Arequipa,Characato (MR_21),vac11ch,VANCAN formulario 2025 General,Dog,,No,64.36,perro,primovac,1_mayor
Sep,28/09/2025,08:53 AM,28/09/2025,-16.5202975,-71.486598,V-280925081646-25066-1,,,V-280925085339-25066-10,Peru Rabies Control,Arequipa,Characato (MR_21),vac11ch,VANCAN formulario 2025 General,Dog,,No,64.36,perro,primovac,1_mayor
Sep,28/09/2025,08:45 AM,28/09/2025,-16.5208383,-71.4863828,V-280925081646-25066-1,,,V-280925084528-25066-9,Peru Rabies Control,Arequipa,Characato (MR_21),vac11ch,VANCAN formulario 2025 General,Dog,,No,64.36,perro,primovac,1_mayor
Sep,28/09/2025,08:44 AM,28/09/2025,-16.5209885,-71.4863343,V-280925081646-25066-1,,,V-280925084450-25066-8,Peru Rabies Control,Arequipa,Characato (MR_21),vac11ch,VANCAN formulario 2025 General,Dog,,No,64.36,perro,revac,1_mayor
Sep,28/09/2025,08:38 AM,28/09/2025,-16.5210081,-71.4846844,V-280925081646-25066-1,,,V-280925083834-25066-7,Peru Rabies Control,Arequipa,Characato (MR_21),vac11ch,VANCAN formulario 2025 General,Dog,,No,64.36,perro,primovac,1_mayor
Sep,28/09/2025,08:38 AM,28/09/2025,-16.5210097,-71.4846854,V-280925081646-25066-1,,,V-280925083829-25066-6,Peru Rabies Control,Arequipa,Characato (MR_21),vac11ch,VANCAN formulario 2025 General,Dog,,No,64.36,perro,revac,menor_1
Sep,28/09/2025,08:31 AM,28/09/2025,-16.521837,-71.4845209,V-280925081646-25066-1,,,V-280925083120-25066-5,Peru Rabies Control,Arequipa,Characato (MR_21),vac11ch,VANCAN formulario 2025 General,Dog,,No,64.36,perro,revac,1_mayor
Sep,28/09/2025,08:31 AM,28/09/2025,-16.5221294,-71.4845617,V-280925081646-25066-1,,,V-280925083115-25066-4,Peru Rabies Control,Arequipa,Characato (MR_21),vac11ch,VANCAN formulario 2025 General,Dog,,No,64.36,perro,revac,1_mayor
Sep,28/09/2025,08:29 AM,28/09/2025,-16.521954,-71.4845273,V-280925081646-25066-1,,,V-280925082926-25066-3,Peru Rabies Control,Arequipa,Characato (MR_21),vac11ch,VANCAN formulario 2025 General,Dog,,No,64.36,perro,revac,1_mayor
Sep,28/09/2025,08:27 AM,28/09/2025,-16.5220611,-71.4845737,V-280925081646-25066-1,,,V-280925082703-25066-2,Peru Rabies Control,Arequipa,Characato (MR_21),vac11ch,VANCAN formulario 2025 General,Dog,,No,64.36,perro,revac,1_mayor
Sep,28/09/2025,08:16 AM,28/09/2025,-16.522125,-71.48458,V-280925081646-25066-1,,,V-280925081658-25066-1,Peru Rabies Control,Arequipa,Characato (MR_21),vac11ch,VANCAN formulario 2025 General,Dog,,No,64.36,perro,revac,1_mayor
Sep,28/09/2025,10:52 AM,28/09/2025,-16.5204942,-71.4833876,V-280925082301-25059-1,,,V-280925105230-25059-24,Peru Rabies Control,Arequipa,Characato (MR_21),vac04ch,VANCAN formulario 2025 General,Dog,,No,1.98,perro,revac,1_mayor
Sep,28/09/2025,10:49 AM,28/09/2025,-16.5216197,-71.4831888,V-280925082301-25059-1,,,V-280925104924-25059-23,Peru Rabies Control,Arequipa,Characato (MR_21),vac04ch,VANCAN formulario 2025 General,Dog,,No,1.98,perro,primovac,menor_1
Sep,28/09/2025,10:43 AM,28/09/2025,-16.5223083,-71.4828633,V-280925082301-25059-1,,,V-280925104322-25059-22,Peru Rabies Control,Arequipa,Characato (MR_21),vac04ch,VANCAN formulario 2025 General,Dog,,No,1.98,perro,revac,1_mayor
Sep,28/09/2025,10:31 AM,28/09/2025,-16.5212218,-71.4821186,V-280925082301-25059-1,,,V-280925103112-25059-21,Peru Rabies Control,Arequipa,Characato (MR_21),vac04ch,VANCAN formulario 2025 General,Dog,,No,1.98,perro,revac,1_mayor
Sep,28/09/2025,10:27 AM,28/09/2025,-16.5213789,-71.4823438,V-280925082301-25059-1,,,V-280925102702-25059-20,Peru Rabies Control,Arequipa,Characato (MR_21),vac04ch,VANCAN formulario 2025 General,Dog,,No,1.98,perro,revac,1_mayor
Sep,28/09/2025,10:26 AM,28/09/2025,-16.5218469,-71.4813828,V-280925082301-25059-1,,,V-280925102658-25059-19,Peru Rabies Control,Arequipa,Characato (MR_21),vac04ch,VANCAN formulario 2025 General,Dog,,No,1.98,perro,revac,1_mayor
Sep,28/09/2025,09:42 AM,28/09/2025,-16.525076,-71.4791084,V-280925082301-25059-1,,,V-280925094218-25059-18,Peru Rabies Control,Arequipa,Characato (MR_21),vac04ch,VANCAN formulario 2025 General,Dog,,No,1.98,perro,revac,1_mayor
Sep,28/09/2025,09:42 AM,28/09/2025,-16.525082,-71.4790984,V-280925082301-25059-1,,,V-280925094213-25059-17,Peru Rabies Control,Arequipa,Characato (MR_21),vac04ch,VANCAN formulario 2025 General,Dog,,No,1.98,perro,revac,1_mayor
Sep,28/09/2025,09:37 AM,28/09/2025,-16.5250294,-71.4793208,V-280925082301-25059-1,,,V-280925093755-25059-16,Peru Rabies Control,Arequipa,Characato (MR_21),vac04ch,VANCAN formulario 2025 General,Dog,,No,1.98,perro,primovac,1_mayor
Sep,28/09/2025,09:35 AM,28/09/2025,-16.5249509,-71.479385,V-280925082301-25059-1,,,V-280925093503-25059-15,Peru Rabies Control,Arequipa,Characato (MR_21),vac04ch,VANCAN formulario 2025 General,Dog,,No,1.98,gato,,
Sep,28/09/2025,09:33 AM,28/09/2025,-16.5249563,-71.479385,V-280925082301-25059-1,,,V-280925093351-25059-14,Peru Rabies Control,Arequipa,Characato (MR_21),vac04ch,VANCAN formulario 2025 General,Dog,,No,1.98,perro,primovac,1_mayor
Sep,28/09/2025,09:33 AM,28/09/2025,-16.5248996,-71.4793928,V-280925082301-25059-1,,,V-280925093343-25059-13,Peru Rabies Control,Arequipa,Characato (MR_21),vac04ch,VANCAN formulario 2025 General,Dog,,No,1.98,perro,primovac,1_mayor
Sep,28/09/2025,09:29 AM,28/09/2025,-16.5251132,-71.4796394,V-280925082301-25059-1,,,V-280925092920-25059-12,Peru Rabies Control,Arequipa,Characato (MR_21),vac04ch,VANCAN formulario 2025 General,Dog,,No,1.98,perro,primovac,1_mayor
Sep,28/09/2025,09:23 AM,28/09/2025,-16.5246756,-71.4809501,V-280925082301-25059-1,,,V-280925092352-25059-11,Peru Rabies Control,Arequipa,Characato (MR_21),vac04ch,VANCAN formulario 2025 General,Dog,,No,1.98,perro,primovac,1_mayor
Sep,28/09/2025,09:22 AM,28/09/2025,-16.5242296,-71.4808184,V-280925082301-25059-1,,,V-280925092232-25059-10,Peru Rabies Control,Arequipa,Characato (MR_21),vac04ch,VANCAN formulario 2025 General,Dog,,No,1.98,perro,revac,1_mayor
Sep,28/09/2025,09:13 AM,28/09/2025,-16.5242368,-71.4809271,V-280925082301-25059-1,,,V-280925091303-25059-9,Peru Rabies Control,Arequipa,Characato (MR_21),vac04ch,VANCAN formulario 2025 General,Dog,,No,1.98,perro,revac,1_mayor
Sep,28/09/2025,09:03 AM,28/09/2025,-16.521791,-71.4814022,V-280925082301-25059-1,,,V-280925090351-25059-8,Peru Rabies Control,Arequipa,Characato (MR_21),vac04ch,VANCAN formulario 2025 General,Dog,,No,1.98,perro,primovac,1_mayor
Sep,28/09/2025,09:01 AM,28/09/2025,-16.5221014,-71.4810138,V-280925082301-25059-1,,,V-280925090121-25059-7,Peru Rabies Control,Arequipa,Characato (MR_21),vac04ch,VANCAN formulario 2025 General,Dog,,No,1.98,perro,primovac,1_mayor
Sep,28/09/2025,08:54 AM,28/09/2025,-16.5226397,-71.4808062,V-280925082301-25059-1,,,V-280925085435-25059-6,Peru Rabies Control,Arequipa,Characato (MR_21),vac04ch,VANCAN formulario 2025 General,Dog,,No,1.98,perro,revac,1_mayor
Sep,28/09/2025,08:45 AM,28/09/2025,-16.522807,-71.4807885,V-280925082301-25059-1,,,V-280925084519-25059-5,Peru Rabies Control,Arequipa,Characato (MR_21),vac04ch,VANCAN formulario 2025 General,Dog,,No,1.98,gato,,
Sep,28/09/2025,08:39 AM,28/09/2025,-16.5242107,-71.4814717,V-280925082301-25059-1,,,V-280925083921-25059-4,Peru Rabies Control,Arequipa,Characato (MR_21),vac04ch,VANCAN formulario 2025 General,Dog,,No,1.98,perro,revac,1_mayor
Sep,28/09/2025,08:39 AM,28/09/2025,-16.5243378,-71.4813349,V-280925082301-25059-1,,,V-280925083917-25059-3,Peru Rabies Control,Arequipa,Characato (MR_21),vac04ch,VANCAN formulario 2025 General,Dog,,No,1.98,perro,revac,1_mayor
Sep,28/09/2025,08:23 AM,28/09/2025,-16.5245717,-71.4822533,V-280925082301-25059-1,,,V-280925082328-25059-2,Peru Rabies Control,Arequipa,Characato (MR_21),vac04ch,VANCAN formulario 2025 General,Dog,,No,15.887,perro,primovac,1_mayor
Sep,28/09/2025,08:23 AM,28/09/2025,-16.5245367,-71.482005,V-280925082301-25059-1,,,V-280925082322-25059-1,Peru Rabies Control,Arequipa,Characato (MR_21),vac04ch,VANCAN formulario 2025 General,Dog,,No,15.887,perro,revac,1_mayor
Sep,28/09/2025,12:35 PM,28/09/2025,-16.5306113,-71.4814098,V-280925084138-25063-1,,,V-280925123534-25063-60,Peru Rabies Control,Arequipa,Characato (MR_21),vac08ch,VANCAN formulario 2025 General,Dog,,No,40.47,perro,primovac,menor_1
Sep,28/09/2025,12:28 PM,28/09/2025,-16.5313057,-71.4822124,V-280925084138-25063-1,,,V-280925122801-25063-59,Peru Rabies Control,Arequipa,Characato (MR_21),vac08ch,VANCAN formulario 2025 General,Dog,,No,40.47,perro,revac,1_mayor
Sep,28/09/2025,12:27 PM,28/09/2025,-16.5312781,-71.4822034,V-280925084138-25063-1,,,V-280925122754-25063-58,Peru Rabies Control,Arequipa,Characato (MR_21),vac08ch,VANCAN formulario 2025 General,Dog,,No,40.47,perro,primovac,1_mayor
Sep,28/09/2025,12:27 PM,28/09/2025,-16.5316833,-71.4821362,V-280925084138-25063-1,,,V-280925122744-25063-57,Peru Rabies Control,Arequipa,Characato (MR_21),vac08ch,VANCAN formulario 2025 General,Dog,,No,40.47,perro,revac,1_mayor
Sep,28/09/2025,12:27 PM,28/09/2025,-16.53251,-71.4820609,V-280925084138-25063-1,,,V-280925122731-25063-56,Peru Rabies Control,Arequipa,Characato (MR_21),vac08ch,VANCAN formulario 2025 General,Dog,,No,40.47,perro,revac,menor_1
Sep,28/09/2025,12:27 PM,28/09/2025,-16.5330264,-71.4821031,V-280925084138-25063-1,,,V-280925122721-25063-55,Peru Rabies Control,Arequipa,Characato (MR_21),vac08ch,VANCAN formulario 2025 General,Dog,,No,40.47,perro,revac,1_mayor
Sep,28/09/2025,12:27 PM,28/09/2025,-16.5329639,-71.4821222,V-280925084138-25063-1,,,V-280925122713-25063-54,Peru Rabies Control,Arequipa,Characato (MR_21),vac08ch,VANCAN formulario 2025 General,Dog,,No,40.47,perro,revac,1_mayor
Sep,28/09/2025,12:27 PM,28/09/2025,-16.5332643,-71.4820823,V-280925084138-25063-1,,,V-280925122705-25063-53,Peru Rabies Control,Arequipa,Characato (MR_21),vac08ch,VANCAN formulario 2025 General,Dog,,No,40.47,perro,revac,1_mayor
Sep,28/09/2025,12:26 PM,28/09/2025,-16.5343023,-71.4820765,V-280925084138-25063-1,,,V-280925122650-25063-52,Peru Rabies Control,Arequipa,Characato (MR_21),vac08ch,VANCAN formulario 2025 General,Dog,,No,40.47,perro,revac,1_mayor
Sep,28/09/2025,12:14 PM,28/09/2025,-16.5337655,-71.4820587,V-280925084138-25063-1,,,V-280925121454-25063-51,Peru Rabies Control,Arequipa,Characato (MR_21),vac08ch,VANCAN formulario 2025 General,Dog,,No,40.47,perro,revac,1_mayor
Sep,28/09/2025,12:14 PM,28/09/2025,-16.5337677,-71.482044,V-280925084138-25063-1,,,V-280925121442-25063-50,Peru Rabies Control,Arequipa,Characato (MR_21),vac08ch,VANCAN formulario 2025 General,Dog,,No,40.47,perro,revac,1_mayor
Sep,28/09/2025,12:14 PM,28/09/2025,-16.5339008,-71.482056,V-280925084138-25063-1,,,V-280925121426-25063-49,Peru Rabies Control,Arequipa,Characato (MR_21),vac08ch,VANCAN formulario 2025 General,Dog,,No,40.47,gato,,
Sep,28/09/2025,12:14 PM,28/09/2025,-16.5339198,-71.4820723,V-280925084138-25063-1,,,V-280925121419-25063-48,Peru Rabies Control,Arequipa,Characato (MR_21),vac08ch,VANCAN formulario 2025 General,Dog,,No,40.47,gato,,
Sep,28/09/2025,12:14 PM,28/09/2025,-16.5339819,-71.4821188,V-280925084138-25063-1,,,V-280925121408-25063-47,Peru Rabies Control,Arequipa,Characato (MR_21),vac08ch,VANCAN formulario 2025 General,Dog,,No,40.47,gato,,
Sep,28/09/2025,12:00 PM,28/09/2025,-16.533963,-71.4815767,V-280925084138-25063-1,,,V-280925120008-25063-46,Peru Rabies Control,Arequipa,Characato (MR_21),vac08ch,VANCAN formulario 2025 General,Dog,,No,40.47,perro,primovac,1_mayor
Sep,28/09/2025,11:46 AM,28/09/2025,-16.5338155,-71.4807973,V-280925084138-25063-1,,,V-280925114659-25063-45,Peru Rabies Control,Arequipa,Characato (MR_21),vac08ch,VANCAN formulario 2025 General,Dog,,No,40.47,perro,revac,1_mayor
Sep,28/09/2025,11:45 AM,28/09/2025,-16.5338249,-71.4807866,V-280925084138-25063-1,,,V-280925114535-25063-44,Peru Rabies Control,Arequipa,Characato (MR_21),vac08ch,VANCAN formulario 2025 General,Dog,,No,40.47,perro,revac,1_mayor
Sep,28/09/2025,11:43 AM,28/09/2025,-16.5338503,-71.4807436,V-280925084138-25063-1,,,V-280925114327-25063-43,Peru Rabies Control,Arequipa,Characato (MR_21),vac08ch,VANCAN formulario 2025 General,Dog,,No,40.47,gato,,
Sep,28/09/2025,11:40 AM,28/09/2025,-16.5337871,-71.480831,V-280925084138-25063-1,,,V-280925114044-25063-42,Peru Rabies Control,Arequipa,Characato (MR_21),vac08ch,VANCAN formulario 2025 General,Dog,,No,40.47,gato,,
Sep,28/09/2025,11:40 AM,28/09/2025,-16.5337808,-71.4808296,V-280925084138-25063-1,,,V-280925114032-25063-41,Peru Rabies Control,Arequipa,Characato (MR_21),vac08ch,VANCAN formulario 2025 General,Dog,,No,40.47,perro,revac,1_mayor
Sep,28/09/2025,11:40 AM,28/09/2025,-16.5337515,-71.4808489,V-280925084138-25063-1,,,V-280925114020-25063-40,Peru Rabies Control,Arequipa,Characato (MR_21),vac08ch,VANCAN formulario 2025 General,Dog,,No,40.47,perro,revac,1_mayor
Sep,28/09/2025,11:40 AM,28/09/2025,-16.5334369,-71.4800961,V-280925084138-25063-1,,,V-280925114010-25063-39,Peru Rabies Control,Arequipa,Characato (MR_21),vac08ch,VANCAN formulario 2025 General,Dog,,No,40.47,perro,revac,1_mayor
Sep,28/09/2025,10:49 AM,28/09/2025,-16.5335494,-71.4802231,V-280925084138-25063-1,,,V-280925104927-25063-38,Peru Rabies Control,Arequipa,Characato (MR_21),vac08ch,VANCAN formulario 2025 General,Dog,,No,40.47,perro,revac,1_mayor
Sep,28/09/2025,10:49 AM,28/09/2025,-16.5334765,-71.4800806,V-280925084138-25063-1,,,V-280925104916-25063-37,Peru Rabies Control,Arequipa,Characato (MR_21),vac08ch,VANCAN formulario 2025 General,Dog,,No,40.47,perro,revac,1_mayor
Sep,28/09/2025,10:49 AM,28/09/2025,-16.5334437,-71.4800289,V-280925084138-25063-1,,,V-280925104911-25063-36,Peru Rabies Control,Arequipa,Characato (MR_21),vac08ch,VANCAN formulario 2025 General,Dog,,No,40.47,perro,revac,1_mayor
Sep,28/09/2025,10:46 AM,28/09/2025,-16.533496,-71.4800707,V-280925084138-25063-1,,,V-280925104639-25063-35,Peru Rabies Control,Arequipa,Characato (MR_21),vac08ch,VANCAN formulario 2025 General,Dog,,No,40.47,perro,revac,1_mayor
Sep,28/09/2025,10:44 AM,28/09/2025,-16.5335324,-71.480006,V-280925084138-25063-1,,,V-280925104412-25063-34,Peru Rabies Control,Arequipa,Characato (MR_21),vac08ch,VANCAN formulario 2025 General,Dog,,No,40.47,perro,revac,1_mayor
Sep,28/09/2025,10:41 AM,28/09/2025,-16.5334562,-71.4801204,V-280925084138-25063-1,,,V-280925104147-25063-33,Peru Rabies Control,Arequipa,Characato (MR_21),vac08ch,VANCAN formulario 2025 General,Dog,,No,40.47,gato,,
Sep,28/09/2025,10:41 AM,28/09/2025,-16.5334248,-71.48004,V-280925084138-25063-1,,,V-280925104139-25063-32,Peru Rabies Control,Arequipa,Characato (MR_21),vac08ch,VANCAN formulario 2025 General,Dog,,No,40.47,perro,revac,1_mayor
Sep,28/09/2025,10:40 AM,28/09/2025,-16.5334596,-71.4800764,V-280925084138-25063-1,,,V-280925104006-25063-31,Peru Rabies Control,Arequipa,Characato (MR_21),vac08ch,VANCAN formulario 2025 General,Dog,,No,40.47,perro,revac,1_mayor
Sep,28/09/2025,10:40 AM,28/09/2025,-16.5334331,-71.4801199,V-280925084138-25063-1,,,V-280925104001-25063-30,Peru Rabies Control,Arequipa,Characato (MR_21),vac08ch,VANCAN formulario 2025 General,Dog,,No,40.47,perro,revac,1_mayor
Sep,28/09/2025,10:34 AM,28/09/2025,-16.5335079,-71.480025,V-280925084138-25063-1,,,V-280925103429-25063-29,Peru Rabies Control,Arequipa,Characato (MR_21),vac08ch,VANCAN formulario 2025 General,Dog,,No,40.47,perro,revac,1_mayor
Sep,28/09/2025,10:34 AM,28/09/2025,-16.5335237,-71.4800164,V-280925084138-25063-1,,,V-280925103417-25063-28,Peru Rabies Control,Arequipa,Characato (MR_21),vac08ch,VANCAN formulario 2025 General,Dog,,No,40.47,perro,primovac,menor_1
Sep,28/09/2025,10:33 AM,28/09/2025,-16.5335027,-71.4800535,V-280925084138-25063-1,,,V-280925103301-25063-27,Peru Rabies Control,Arequipa,Characato (MR_21),vac08ch,VANCAN formulario 2025 General,Dog,,No,40.47,perro,revac,1_mayor
Sep,28/09/2025,10:31 AM,28/09/2025,-16.533503,-71.480053,V-280925084138-25063-1,,,V-280925103150-25063-26,Peru Rabies Control,Arequipa,Characato (MR_21),vac08ch,VANCAN formulario 2025 General,Dog,,No,40.47,perro,primovac,1_mayor
Sep,28/09/2025,10:31 AM,28/09/2025,-16.5335004,-71.4799881,V-280925084138-25063-1,,,V-280925103137-25063-25,Peru Rabies Control,Arequipa,Characato (MR_21),vac08ch,VANCAN formulario 2025 General,Dog,,No,40.47,perro,primovac,1_mayor
Sep,28/09/2025,10:24 AM,28/09/2025,-16.5335681,-71.4798634,V-280925084138-25063-1,,,V-280925102429-25063-24,Peru Rabies Control,Arequipa,Characato (MR_21),vac08ch,VANCAN formulario 2025 General,Dog,,No,40.47,perro,primovac,1_mayor
Sep,28/09/2025,10:24 AM,28/09/2025,-16.5335765,-71.4798731,V-280925084138-25063-1,,,V-280925102418-25063-23,Peru Rabies Control,Arequipa,Characato (MR_21),vac08ch,VANCAN formulario 2025 General,Dog,,No,40.47,perro,primovac,1_mayor
Sep,28/09/2025,10:23 AM,28/09/2025,-16.5335767,-71.479882,V-280925084138-25063-1,,,V-280925102311-25063-22,Peru Rabies Control,Arequipa,Characato (MR_21),vac08ch,VANCAN formulario 2025 General,Dog,,No,40.47,perro,primovac,menor_1
Sep,28/09/2025,10:21 AM,28/09/2025,-16.5335882,-71.4798809,V-280925084138-25063-1,,,V-280925102150-25063-21,Peru Rabies Control,Arequipa,Characato (MR_21),vac08ch,VANCAN formulario 2025 General,Dog,,No,40.47,perro,revac,1_mayor
Sep,28/09/2025,10:20 AM,28/09/2025,-16.5335873,-71.4798805,V-280925084138-25063-1,,,V-280925102039-25063-20,Peru Rabies Control,Arequipa,Characato (MR_21),vac08ch,VANCAN formulario 2025 General,Dog,,No,40.47,perro,primovac,1_mayor
Sep,28/09/2025,10:20 AM,28/09/2025,-16.5335853,-71.4799634,V-280925084138-25063-1,,,V-280925102032-25063-19,Peru Rabies Control,Arequipa,Characato (MR_21),vac08ch,VANCAN formulario 2025 General,Dog,,No,40.47,perro,revac,1_mayor
Sep,28/09/2025,10:20 AM,28/09/2025,-16.5335341,-71.4798849,V-280925084138-25063-1,,,V-280925102025-25063-18,Peru Rabies Control,Arequipa,Characato (MR_21),vac08ch,VANCAN formulario 2025 General,Dog,,No,40.47,perro,revac,1_mayor
Sep,28/09/2025,10:16 AM,28/09/2025,-16.532877,-71.4802479,V-280925084138-25063-1,,,V-280925101635-25063-17,Peru Rabies Control,Arequipa,Characato (MR_21),vac08ch,VANCAN formulario 2025 General,Dog,,No,40.47,perro,primovac,1_mayor
Sep,28/09/2025,10:13 AM,28/09/2025,-16.5335275,-71.4798946,V-280925084138-25063-1,,,V-280925101350-25063-16,Peru Rabies Control,Arequipa,Characato (MR_21),vac08ch,VANCAN formulario 2025 General,Dog,,No,40.47,perro,primovac,menor_1
Sep,28/09/2025,10:12 AM,28/09/2025,-16.5335013,-71.4799124,V-280925084138-25063-1,,,V-280925101220-25063-15,Peru Rabies Control,Arequipa,Characato (MR_21),vac08ch,VANCAN formulario 2025 General,Dog,,No,40.47,perro,revac,1_mayor
Sep,28/09/2025,10:01 AM,28/09/2025,-16.5334936,-71.4798366,V-280925084138-25063-1,,,V-280925100147-25063-14,Peru Rabies Control,Arequipa,Characato (MR_21),vac08ch,VANCAN formulario 2025 General,Dog,,No,40.47,perro,primovac,1_mayor
Sep,28/09/2025,09:44 AM,28/09/2025,-16.5335213,-71.4798574,V-280925084138-25063-1,,,V-280925094438-25063-13,Peru Rabies Control,Arequipa,Characato (MR_21),vac08ch,VANCAN formulario 2025 General,Dog,,No,40.47,perro,primovac,1_mayor
Sep,28/09/2025,09:44 AM,28/09/2025,-16.5335001,-71.4798725,V-280925084138-25063-1,,,V-280925094415-25063-12,Peru Rabies Control,Arequipa,Characato (MR_21),vac08ch,VANCAN formulario 2025 General,Dog,,No,40.47,perro,revac,1_mayor
Sep,28/09/2025,09:34 AM,28/09/2025,-16.5335006,-71.4799838,V-280925084138-25063-1,,,V-280925093447-25063-11,Peru Rabies Control,Arequipa,Characato (MR_21),vac08ch,VANCAN formulario 2025 General,Dog,,No,40.47,perro,revac,1_mayor
Sep,28/09/2025,09:15 AM,28/09/2025,-16.5333837,-71.4801821,V-280925084138-25063-1,,,V-280925091553-25063-10,Peru Rabies Control,Arequipa,Characato (MR_21),vac08ch,VANCAN formulario 2025 General,Dog,,No,40.47,perro,primovac,1_mayor
Sep,28/09/2025,09:04 AM,28/09/2025,-16.5311769,-71.4823325,V-280925084138-25063-1,,,V-280925090455-25063-9,Peru Rabies Control,Arequipa,Characato (MR_21),vac08ch,VANCAN formulario 2025 General,Dog,,No,40.47,perro,primovac,menor_1
Sep,28/09/2025,09:04 AM,28/09/2025,-16.5311023,-71.4823717,V-280925084138-25063-1,,,V-280925090437-25063-8,Peru Rabies Control,Arequipa,Characato (MR_21),vac08ch,VANCAN formulario 2025 General,Dog,,No,40.47,perro,primovac,menor_1
Sep,28/09/2025,08:59 AM,28/09/2025,-16.5310782,-71.4823327,V-280925084138-25063-1,,,V-280925085918-25063-7,Peru Rabies Control,Arequipa,Characato (MR_21),vac08ch,VANCAN formulario 2025 General,Dog,,No,40.47,perro,primovac,menor_1
Sep,28/09/2025,08:54 AM,28/09/2025,-16.5310671,-71.4826009,V-280925084138-25063-1,,,V-280925085446-25063-6,Peru Rabies Control,Arequipa,Characato (MR_21),vac08ch,VANCAN formulario 2025 General,Dog,,No,40.47,perro,revac,1_mayor
Sep,28/09/2025,08:54 AM,28/09/2025,-16.5310645,-71.4826013,V-280925084138-25063-1,,,V-280925085436-25063-5,Peru Rabies Control,Arequipa,Characato (MR_21),vac08ch,VANCAN formulario 2025 General,Dog,,No,40.47,perro,primovac,1_mayor
Sep,28/09/2025,08:54 AM,28/09/2025,-16.5310664,-71.4826051,V-280925084138-25063-1,,,V-280925085423-25063-4,Peru Rabies Control,Arequipa,Characato (MR_21),vac08ch,VANCAN formulario 2025 General,Dog,,No,40.47,perro,primovac,1_mayor
Sep,28/09/2025,08:45 AM,28/09/2025,-16.5280063,-71.4828129,V-280925084138-25063-1,,,V-280925084509-25063-3,Peru Rabies Control,Arequipa,Characato (MR_21),vac08ch,VANCAN formulario 2025 General,Dog,,No,31.375,perro,revac,1_mayor
Sep,28/09/2025,08:44 AM,28/09/2025,-16.5279113,-71.4829673,V-280925084138-25063-1,,,V-280925084450-25063-2,Peru Rabies Control,Arequipa,Characato (MR_21),vac08ch,VANCAN formulario 2025 General,Dog,,No,31.375,perro,primovac,menor_1
Sep,28/09/2025,08:44 AM,28/09/2025,-16.5278922,-71.4829816,V-280925084138-25063-1,,,V-280925084438-25063-1,Peru Rabies Control,Arequipa,Characato (MR_21),vac08ch,VANCAN formulario 2025 General,Dog,,No,31.375,perro,revac,1_mayor
Sep,28/09/2025,12:34 PM,28/09/2025,-16.5235898,-71.4810698,V-280925093055-25061-1,,,V-280925123441-25061-42,Peru Rabies Control,Arequipa,Characato (MR_21),vac06ch,VANCAN formulario 2025 General,Dog,,No,0.0,perro,revac,1_mayor
Sep,28/09/2025,12:34 PM,28/09/2025,-16.5236135,-71.4810154,V-280925093055-25061-1,,,V-280925123438-25061-41,Peru Rabies Control,Arequipa,Characato (MR_21),vac06ch,VANCAN formulario 2025 General,Dog,,No,0.0,perro,revac,1_mayor
Sep,28/09/2025,12:27 PM,28/09/2025,-16.524421,-71.480832,V-280925093055-25061-1,,,V-280925122745-25061-40,Peru Rabies Control,Arequipa,Characato (MR_21),vac06ch,VANCAN formulario 2025 General,Dog,,No,0.0,perro,revac,1_mayor
Sep,28/09/2025,12:21 PM,28/09/2025,-16.5252225,-71.480207,V-280925093055-25061-1,,,V-280925122111-25061-39,Peru Rabies Control,Arequipa,Characato (MR_21),vac06ch,VANCAN formulario 2025 General,Dog,,No,0.0,perro,primovac,menor_1
Sep,28/09/2025,12:12 PM,28/09/2025,-16.52565,-71.4795689,V-280925093055-25061-1,,,V-280925121211-25061-38,Peru Rabies Control,Arequipa,Characato (MR_21),vac06ch,VANCAN formulario 2025 General,Dog,,No,0.0,perro,revac,1_mayor
Sep,28/09/2025,12:06 PM,28/09/2025,-16.5240508,-71.4800295,V-280925093055-25061-1,,,V-280925120613-25061-37,Peru Rabies Control,Arequipa,Characato (MR_21),vac06ch,VANCAN formulario 2025 General,Dog,,No,0.0,perro,revac,1_mayor
Sep,28/09/2025,12:01 PM,28/09/2025,-16.5234823,-71.4801266,V-280925093055-25061-1,,,V-280925120150-25061-36,Peru Rabies Control,Arequipa,Characato (MR_21),vac06ch,VANCAN formulario 2025 General,Dog,,No,0.0,perro,revac,1_mayor
Sep,28/09/2025,12:01 PM,28/09/2025,-16.5234915,-71.4801341,V-280925093055-25061-1,,,V-280925120147-25061-35,Peru Rabies Control,Arequipa,Characato (MR_21),vac06ch,VANCAN formulario 2025 General,Dog,,No,0.0,perro,revac,1_mayor
Sep,28/09/2025,11:53 AM,28/09/2025,-16.5221441,-71.480567,V-280925093055-25061-1,,,V-280925115348-25061-34,Peru Rabies Control,Arequipa,Characato (MR_21),vac06ch,VANCAN formulario 2025 General,Dog,,No,0.0,perro,revac,1_mayor
Sep,28/09/2025,11:53 AM,28/09/2025,-16.5221441,-71.4805671,V-280925093055-25061-1,,,V-280925115345-25061-33,Peru Rabies Control,Arequipa,Characato (MR_21),vac06ch,VANCAN formulario 2025 General,Dog,,No,0.0,perro,primovac,1_mayor
Sep,28/09/2025,11:53 AM,28/09/2025,-16.5221436,-71.4805676,V-280925093055-25061-1,,,V-280925115342-25061-32,Peru Rabies Control,Arequipa,Characato (MR_21),vac06ch,VANCAN formulario 2025 General,Dog,,No,0.0,perro,primovac,menor_1
Sep,28/09/2025,11:53 AM,28/09/2025,-16.52214,-71.4805694,V-280925093055-25061-1,,,V-280925115337-25061-31,Peru Rabies Control,Arequipa,Characato (MR_21),vac06ch,VANCAN formulario 2025 General,Dog,,No,0.0,perro,primovac,menor_1
Sep,28/09/2025,11:53 AM,28/09/2025,-16.522144,-71.4805724,V-280925093055-25061-1,,,V-280925115330-25061-30,Peru Rabies Control,Arequipa,Characato (MR_21),vac06ch,VANCAN formulario 2025 General,Dog,,No,0.0,gato,,
Sep,28/09/2025,11:44 AM,28/09/2025,-16.523115,-71.4807812,V-280925093055-25061-1,,,V-280925114440-25061-29,Peru Rabies Control,Arequipa,Characato (MR_21),vac06ch,VANCAN formulario 2025 General,Dog,,No,0.0,perro,revac,1_mayor
Sep,28/09/2025,11:41 AM,28/09/2025,-16.5231324,-71.4806833,V-280925093055-25061-1,,,V-280925114158-25061-28,Peru Rabies Control,Arequipa,Characato (MR_21),vac06ch,VANCAN formulario 2025 General,Dog,,No,0.0,perro,revac,1_mayor
Sep,28/09/2025,11:30 AM,28/09/2025,-16.5249887,-71.47931,V-280925093055-25061-1,,,V-280925113035-25061-27,Peru Rabies Control,Arequipa,Characato (MR_21),vac06ch,VANCAN formulario 2025 General,Dog,,No,0.0,perro,primovac,1_mayor
Sep,28/09/2025,11:23 AM,28/09/2025,-16.5249305,-71.4783275,V-280925093055-25061-1,,,V-280925112318-25061-26,Peru Rabies Control,Arequipa,Characato (MR_21),vac06ch,VANCAN formulario 2025 General,Dog,,No,0.0,perro,revac,1_mayor
Sep,28/09/2025,11:14 AM,28/09/2025,-16.5255483,-71.4781498,V-280925093055-25061-1,,,V-280925111444-25061-25,Peru Rabies Control,Arequipa,Characato (MR_21),vac06ch,VANCAN formulario 2025 General,Dog,,No,0.0,perro,primovac,menor_1
Sep,28/09/2025,11:14 AM,28/09/2025,-16.5255593,-71.4781712,V-280925093055-25061-1,,,V-280925111442-25061-24,Peru Rabies Control,Arequipa,Characato (MR_21),vac06ch,VANCAN formulario 2025 General,Dog,,No,0.0,perro,revac,1_mayor
Sep,28/09/2025,11:14 AM,28/09/2025,-16.5255755,-71.4781941,V-280925093055-25061-1,,,V-280925111439-25061-23,Peru Rabies Control,Arequipa,Characato (MR_21),vac06ch,VANCAN formulario 2025 General,Dog,,No,0.0,perro,revac,1_mayor
Sep,28/09/2025,11:05 AM,28/09/2025,-16.5256005,-71.4782264,V-280925093055-25061-1,,,V-280925110527-25061-22,Peru Rabies Control,Arequipa,Characato (MR_21),vac06ch,VANCAN formulario 2025 General,Dog,,No,0.0,perro,revac,1_mayor
Sep,28/09/2025,11:05 AM,28/09/2025,-16.5255953,-71.4776258,V-280925093055-25061-1,,,V-280925110524-25061-21,Peru Rabies Control,Arequipa,Characato (MR_21),vac06ch,VANCAN formulario 2025 General,Dog,,No,0.0,perro,revac,1_mayor
Sep,28/09/2025,11:05 AM,28/09/2025,-16.5256166,-71.4776347,V-280925093055-25061-1,,,V-280925110521-25061-20,Peru Rabies Control,Arequipa,Characato (MR_21),vac06ch,VANCAN formulario 2025 General,Dog,,No,0.0,perro,revac,1_mayor
Sep,28/09/2025,11:01 AM,28/09/2025,-16.525533,-71.4773223,V-280925093055-25061-1,,,V-280925110117-25061-19,Peru Rabies Control,Arequipa,Characato (MR_21),vac06ch,VANCAN formulario 2025 General,Dog,,No,0.0,perro,primovac,menor_1
Sep,28/09/2025,11:01 AM,28/09/2025,-16.5255325,-71.4773448,V-280925093055-25061-1,,,V-280925110106-25061-18,Peru Rabies Control,Arequipa,Characato (MR_21),vac06ch,VANCAN formulario 2025 General,Dog,,No,0.0,perro,revac,1_mayor
Sep,28/09/2025,10:49 AM,28/09/2025,-16.5229493,-71.4749305,V-280925093055-25061-1,,,V-280925104925-25061-17,Peru Rabies Control,Arequipa,Characato (MR_21),vac06ch,VANCAN formulario 2025 General,Dog,,No,0.0,gato,,
Sep,28/09/2025,10:49 AM,28/09/2025,-16.5229396,-71.4749527,V-280925093055-25061-1,,,V-280925104922-25061-16,Peru Rabies Control,Arequipa,Characato (MR_21),vac06ch,VANCAN formulario 2025 General,Dog,,No,0.0,gato,,
Sep,28/09/2025,10:49 AM,28/09/2025,-16.5229396,-71.4749527,V-280925093055-25061-1,,,V-280925104920-25061-15,Peru Rabies Control,Arequipa,Characato (MR_21),vac06ch,VANCAN formulario 2025 General,Dog,,No,0.0,gato,,
Sep,28/09/2025,10:49 AM,28/09/2025,-16.5229207,-71.4749948,V-280925093055-25061-1,,,V-280925104916-25061-14,Peru Rabies Control,Arequipa,Characato (MR_21),vac06ch,VANCAN formulario 2025 General,Dog,,No,0.0,perro,revac,1_mayor
Sep,28/09/2025,10:49 AM,28/09/2025,-16.5229347,-71.4750163,V-280925093055-25061-1,,,V-280925104911-25061-13,Peru Rabies Control,Arequipa,Characato (MR_21),vac06ch,VANCAN formulario 2025 General,Dog,,No,0.0,perro,revac,1_mayor
Sep,28/09/2025,10:40 AM,28/09/2025,-16.5227397,-71.4746067,V-280925093055-25061-1,,,V-280925104017-25061-12,Peru Rabies Control,Arequipa,Characato (MR_21),vac06ch,VANCAN formulario 2025 General,Dog,,No,0.0,perro,revac,1_mayor
Sep,28/09/2025,10:35 AM,28/09/2025,-16.5231506,-71.4728031,V-280925093055-25061-1,,,V-280925103538-25061-11,Peru Rabies Control,Arequipa,Characato (MR_21),vac06ch,VANCAN formulario 2025 General,Dog,,No,0.0,perro,primovac,menor_1
Sep,28/09/2025,10:35 AM,28/09/2025,-16.5231496,-71.4728039,V-280925093055-25061-1,,,V-280925103533-25061-10,Peru Rabies Control,Arequipa,Characato (MR_21),vac06ch,VANCAN formulario 2025 General,Dog,,No,0.0,perro,primovac,1_mayor
Sep,28/09/2025,09:58 AM,28/09/2025,-16.5248313,-71.4740625,V-280925093055-25061-1,,,V-280925095813-25061-9,Peru Rabies Control,Arequipa,Characato (MR_21),vac06ch,VANCAN formulario 2025 General,Dog,,No,4.055,perro,primovac,menor_1
Sep,28/09/2025,09:57 AM,28/09/2025,-16.5248312,-71.4740616,V-280925093055-25061-1,,,V-280925095718-25061-8,Peru Rabies Control,Arequipa,Characato (MR_21),vac06ch,VANCAN formulario 2025 General,Dog,,No,4.055,perro,primovac,1_mayor
Sep,28/09/2025,09:57 AM,28/09/2025,-16.5248298,-71.4740576,V-280925093055-25061-1,,,V-280925095715-25061-7,Peru Rabies Control,Arequipa,Characato (MR_21),vac06ch,VANCAN formulario 2025 General,Dog,,No,4.055,perro,revac,1_mayor
Sep,28/09/2025,09:57 AM,28/09/2025,-16.5248248,-71.4740555,V-280925093055-25061-1,,,V-280925095712-25061-6,Peru Rabies Control,Arequipa,Characato (MR_21),vac06ch,VANCAN formulario 2025 General,Dog,,No,4.055,perro,revac,1_mayor
Sep,28/09/2025,09:57 AM,28/09/2025,-16.5248248,-71.4740555,V-280925093055-25061-1,,,V-280925095707-25061-5,Peru Rabies Control,Arequipa,Characato (MR_21),vac06ch,VANCAN formulario 2025 General,Dog,,No,4.055,perro,revac,1_mayor
Sep,28/09/2025,09:56 AM,28/09/2025,-16.5248211,-71.4740607,V-280925093055-25061-1,,,V-280925095659-25061-4,Peru Rabies Control,Arequipa,Characato (MR_21),vac06ch,VANCAN formulario 2025 General,Dog,,No,4.055,perro,primovac,menor_1
Sep,28/09/2025,09:47 AM,28/09/2025,-16.5244025,-71.4734859,V-280925093055-25061-1,,,V-280925094726-25061-3,Peru Rabies Control,Arequipa,Characato (MR_21),vac06ch,VANCAN formulario 2025 General,Dog,,No,4.055,perro,revac,1_mayor
Sep,28/09/2025,09:47 AM,28/09/2025,-16.5243999,-71.4734882,V-280925093055-25061-1,,,V-280925094723-25061-2,Peru Rabies Control,Arequipa,Characato (MR_21),vac06ch,VANCAN formulario 2025 General,Dog,,No,4.055,perro,revac,1_mayor
Sep,28/09/2025,09:31 AM,28/09/2025,-16.5244567,-71.4831797,V-280925093055-25061-1,,,V-280925093107-25061-1,Peru Rabies Control,Arequipa,Characato (MR_21),vac06ch,VANCAN formulario 2025 General,Dog,,No,4.055,perro,revac,1_mayor
Sep,28/09/2025,01:00 PM,28/09/2025,-16.5245186,-71.4835684,V-280925082426-25058-1,,,V-280925130030-25058-55,Peru Rabies Control,Arequipa,Characato (MR_21),vac03ch,VANCAN formulario 2025 General,Dog,,No,18.0,perro,primovac,menor_1
Sep,28/09/2025,01:00 PM,28/09/2025,-16.5245186,-71.4835684,V-280925082426-25058-1,,,V-280925130026-25058-54,Peru Rabies Control,Arequipa,Characato (MR_21),vac03ch,VANCAN formulario 2025 General,Dog,,No,18.0,perro,revac,1_mayor
Sep,28/09/2025,12:37 PM,28/09/2025,-16.5245046,-71.4835578,V-280925082426-25058-1,,,V-280925123745-25058-53,Peru Rabies Control,Arequipa,Characato (MR_21),vac03ch,VANCAN formulario 2025 General,Dog,,No,18.0,perro,revac,1_mayor
Sep,28/09/2025,12:37 PM,28/09/2025,-16.5245145,-71.4835646,V-280925082426-25058-1,,,V-280925123736-25058-52,Peru Rabies Control,Arequipa,Characato (MR_21),vac03ch,VANCAN formulario 2025 General,Dog,,No,18.0,perro,revac,1_mayor
Sep,28/09/2025,12:37 PM,28/09/2025,-16.5245791,-71.483524,V-280925082426-25058-1,,,V-280925123733-25058-51,Peru Rabies Control,Arequipa,Characato (MR_21),vac03ch,VANCAN formulario 2025 General,Dog,,No,18.0,perro,revac,1_mayor
Sep,28/09/2025,12:37 PM,28/09/2025,-16.5245182,-71.4835665,V-280925082426-25058-1,,,V-280925123724-25058-50,Peru Rabies Control,Arequipa,Characato (MR_21),vac03ch,VANCAN formulario 2025 General,Dog,,No,18.0,perro,revac,1_mayor
Sep,28/09/2025,12:37 PM,28/09/2025,-16.5245202,-71.4835677,V-280925082426-25058-1,,,V-280925123717-25058-49,Peru Rabies Control,Arequipa,Characato (MR_21),vac03ch,VANCAN formulario 2025 General,Dog,,No,18.0,perro,revac,1_mayor
Sep,28/09/2025,12:30 PM,28/09/2025,-16.5245122,-71.4835635,V-280925082426-25058-1,,,V-280925123032-25058-48,Peru Rabies Control,Arequipa,Characato (MR_21),vac03ch,VANCAN formulario 2025 General,Dog,,No,18.0,perro,revac,1_mayor
Sep,28/09/2025,12:30 PM,28/09/2025,-16.5245121,-71.483523,V-280925082426-25058-1,,,V-280925123024-25058-47,Peru Rabies Control,Arequipa,Characato (MR_21),vac03ch,VANCAN formulario 2025 General,Dog,,No,18.0,perro,revac,1_mayor
Sep,28/09/2025,12:30 PM,28/09/2025,-16.5245121,-71.483523,V-280925082426-25058-1,,,V-280925123019-25058-46,Peru Rabies Control,Arequipa,Characato (MR_21),vac03ch,VANCAN formulario 2025 General,Dog,,No,18.0,perro,revac,1_mayor
Sep,28/09/2025,11:56 AM,28/09/2025,-16.5245333,-71.4835669,V-280925082426-25058-1,,,V-280925115652-25058-45,Peru Rabies Control,Arequipa,Characato (MR_21),vac03ch,VANCAN formulario 2025 General,Dog,,No,18.0,perro,revac,1_mayor
Sep,28/09/2025,11:36 AM,28/09/2025,-16.5245411,-71.4835456,V-280925082426-25058-1,,,V-280925113607-25058-44,Peru Rabies Control,Arequipa,Characato (MR_21),vac03ch,VANCAN formulario 2025 General,Dog,,No,18.0,perro,revac,1_mayor
Sep,28/09/2025,11:36 AM,28/09/2025,-16.5245426,-71.4835398,V-280925082426-25058-1,,,V-280925113600-25058-43,Peru Rabies Control,Arequipa,Characato (MR_21),vac03ch,VANCAN formulario 2025 General,Dog,,No,18.0,perro,primovac,1_mayor
Sep,28/09/2025,11:17 AM,28/09/2025,-16.524527,-71.4835614,V-280925082426-25058-1,,,V-280925111742-25058-42,Peru Rabies Control,Arequipa,Characato (MR_21),vac03ch,VANCAN formulario 2025 General,Dog,,No,18.0,perro,primovac,1_mayor
Sep,28/09/2025,11:14 AM,28/09/2025,-16.5245293,-71.4835774,V-280925082426-25058-1,,,V-280925111418-25058-41,Peru Rabies Control,Arequipa,Characato (MR_21),vac03ch,VANCAN formulario 2025 General,Dog,,No,18.0,perro,revac,1_mayor
Sep,28/09/2025,11:14 AM,28/09/2025,-16.5245294,-71.4835779,V-280925082426-25058-1,,,V-280925111408-25058-40,Peru Rabies Control,Arequipa,Characato (MR_21),vac03ch,VANCAN formulario 2025 General,Dog,,No,18.0,perro,revac,1_mayor
Sep,28/09/2025,11:05 AM,28/09/2025,-16.524547,-71.4835432,V-280925082426-25058-1,,,V-280925110539-25058-39,Peru Rabies Control,Arequipa,Characato (MR_21),vac03ch,VANCAN formulario 2025 General,Dog,,No,18.0,perro,revac,1_mayor
Sep,28/09/2025,11:05 AM,28/09/2025,-16.5245397,-71.4835499,V-280925082426-25058-1,,,V-280925110534-25058-38,Peru Rabies Control,Arequipa,Characato (MR_21),vac03ch,VANCAN formulario 2025 General,Dog,,No,18.0,perro,primovac,menor_1
Sep,28/09/2025,11:05 AM,28/09/2025,-16.5245397,-71.4835499,V-280925082426-25058-1,,,V-280925110527-25058-37,Peru Rabies Control,Arequipa,Characato (MR_21),vac03ch,VANCAN formulario 2025 General,Dog,,No,18.0,perro,revac,1_mayor
Sep,28/09/2025,10:55 AM,28/09/2025,-16.5245178,-71.4835756,V-280925082426-25058-1,,,V-280925105522-25058-36,Peru Rabies Control,Arequipa,Characato (MR_21),vac03ch,VANCAN formulario 2025 General,Dog,,No,18.0,perro,primovac,1_mayor
Sep,28/09/2025,10:55 AM,28/09/2025,-16.5245296,-71.4835527,V-280925082426-25058-1,,,V-280925105516-25058-35,Peru Rabies Control,Arequipa,Characato (MR_21),vac03ch,VANCAN formulario 2025 General,Dog,,No,18.0,perro,revac,1_mayor
Sep,28/09/2025,10:55 AM,28/09/2025,-16.5245491,-71.4835744,V-280925082426-25058-1,,,V-280925105512-25058-34,Peru Rabies Control,Arequipa,Characato (MR_21),vac03ch,VANCAN formulario 2025 General,Dog,,No,18.0,perro,primovac,menor_1
Sep,28/09/2025,10:55 AM,28/09/2025,-16.5245582,-71.483547,V-280925082426-25058-1,,,V-280925105508-25058-33,Peru Rabies Control,Arequipa,Characato (MR_21),vac03ch,VANCAN formulario 2025 General,Dog,,No,18.0,perro,revac,1_mayor
Sep,28/09/2025,10:55 AM,28/09/2025,-16.5245175,-71.4835862,V-280925082426-25058-1,,,V-280925105504-25058-32,Peru Rabies Control,Arequipa,Characato (MR_21),vac03ch,VANCAN formulario 2025 General,Dog,,No,18.0,gato,,
Sep,28/09/2025,10:55 AM,28/09/2025,-16.5245686,-71.4835555,V-280925082426-25058-1,,,V-280925105502-25058-31,Peru Rabies Control,Arequipa,Characato (MR_21),vac03ch,VANCAN formulario 2025 General,Dog,,No,18.0,gato,,
Sep,28/09/2025,10:54 AM,28/09/2025,-16.5245498,-71.4835747,V-280925082426-25058-1,,,V-280925105458-25058-30,Peru Rabies Control,Arequipa,Characato (MR_21),vac03ch,VANCAN formulario 2025 General,Dog,,No,18.0,gato,,
Sep,28/09/2025,10:54 AM,28/09/2025,-16.5245547,-71.4835833,V-280925082426-25058-1,,,V-280925105453-25058-29,Peru Rabies Control,Arequipa,Characato (MR_21),vac03ch,VANCAN formulario 2025 General,Dog,,No,18.0,perro,revac,1_mayor
Sep,28/09/2025,10:54 AM,28/09/2025,-16.5245295,-71.4836177,V-280925082426-25058-1,,,V-280925105447-25058-28,Peru Rabies Control,Arequipa,Characato (MR_21),vac03ch,VANCAN formulario 2025 General,Dog,,No,18.0,perro,primovac,1_mayor
Sep,28/09/2025,10:54 AM,28/09/2025,-16.5245613,-71.4835823,V-280925082426-25058-1,,,V-280925105441-25058-27,Peru Rabies Control,Arequipa,Characato (MR_21),vac03ch,VANCAN formulario 2025 General,Dog,,No,18.0,perro,revac,1_mayor
Sep,28/09/2025,10:54 AM,28/09/2025,-16.5245209,-71.4836011,V-280925082426-25058-1,,,V-280925105427-25058-26,Peru Rabies Control,Arequipa,Characato (MR_21),vac03ch,VANCAN formulario 2025 General,Dog,,No,18.0,perro,primovac,1_mayor
Sep,28/09/2025,10:54 AM,28/09/2025,-16.5245435,-71.4835788,V-280925082426-25058-1,,,V-280925105412-25058-25,Peru Rabies Control,Arequipa,Characato (MR_21),vac03ch,VANCAN formulario 2025 General,Dog,,No,18.0,perro,revac,1_mayor
Sep,28/09/2025,10:54 AM,28/09/2025,-16.5245391,-71.4835796,V-280925082426-25058-1,,,V-280925105409-25058-24,Peru Rabies Control,Arequipa,Characato (MR_21),vac03ch,VANCAN formulario 2025 General,Dog,,No,18.0,perro,revac,1_mayor
Sep,28/09/2025,10:17 AM,28/09/2025,-16.5245472,-71.4835827,V-280925082426-25058-1,,,V-280925101740-25058-23,Peru Rabies Control,Arequipa,Characato (MR_21),vac03ch,VANCAN formulario 2025 General,Dog,,No,18.0,perro,revac,1_mayor
Sep,28/09/2025,10:17 AM,28/09/2025,-16.5245472,-71.4835827,V-280925082426-25058-1,,,V-280925101736-25058-22,Peru Rabies Control,Arequipa,Characato (MR_21),vac03ch,VANCAN formulario 2025 General,Dog,,No,18.0,perro,revac,1_mayor
Sep,28/09/2025,10:11 AM,28/09/2025,-16.5245852,-71.4835694,V-280925082426-25058-1,,,V-280925101141-25058-21,Peru Rabies Control,Arequipa,Characato (MR_21),vac03ch,VANCAN formulario 2025 General,Dog,,No,18.0,perro,primovac,menor_1
Sep,28/09/2025,10:01 AM,28/09/2025,-16.5245564,-71.4835488,V-280925082426-25058-1,,,V-280925100138-25058-20,Peru Rabies Control,Arequipa,Characato (MR_21),vac03ch,VANCAN formulario 2025 General,Dog,,No,18.0,perro,primovac,menor_1
Sep,28/09/2025,10:00 AM,28/09/2025,-16.524545,-71.4835804,V-280925082426-25058-1,,,V-280925100031-25058-19,Peru Rabies Control,Arequipa,Characato (MR_21),vac03ch,VANCAN formulario 2025 General,Dog,,No,18.0,perro,revac,1_mayor
Sep,28/09/2025,10:00 AM,28/09/2025,-16.5245377,-71.4835843,V-280925082426-25058-1,,,V-280925100022-25058-18,Peru Rabies Control,Arequipa,Characato (MR_21),vac03ch,VANCAN formulario 2025 General,Dog,,No,18.0,perro,primovac,1_mayor
Sep,28/09/2025,09:54 AM,28/09/2025,-16.5245752,-71.4835755,V-280925082426-25058-1,,,V-280925095445-25058-17,Peru Rabies Control,Arequipa,Characato (MR_21),vac03ch,VANCAN formulario 2025 General,Dog,,No,18.0,perro,revac,1_mayor
Sep,28/09/2025,09:54 AM,28/09/2025,-16.5245581,-71.4835675,V-280925082426-25058-1,,,V-280925095443-25058-16,Peru Rabies Control,Arequipa,Characato (MR_21),vac03ch,VANCAN formulario 2025 General,Dog,,No,18.0,perro,revac,1_mayor
Sep,28/09/2025,09:54 AM,28/09/2025,-16.5245731,-71.4835532,V-280925082426-25058-1,,,V-280925095433-25058-15,Peru Rabies Control,Arequipa,Characato (MR_21),vac03ch,VANCAN formulario 2025 General,Dog,,No,18.0,perro,primovac,1_mayor
Sep,28/09/2025,09:54 AM,28/09/2025,-16.52453,-71.4835544,V-280925082426-25058-1,,,V-280925095429-25058-14,Peru Rabies Control,Arequipa,Characato (MR_21),vac03ch,VANCAN formulario 2025 General,Dog,,No,18.0,perro,revac,1_mayor
Sep,28/09/2025,09:54 AM,28/09/2025,-16.5245361,-71.4835679,V-280925082426-25058-1,,,V-280925095420-25058-13,Peru Rabies Control,Arequipa,Characato (MR_21),vac03ch,VANCAN formulario 2025 General,Dog,,No,18.0,perro,primovac,1_mayor
Sep,28/09/2025,09:50 AM,28/09/2025,-16.5245414,-71.4835502,V-280925082426-25058-1,,,V-280925095003-25058-12,Peru Rabies Control,Arequipa,Characato (MR_21),vac03ch,VANCAN formulario 2025 General,Dog,,No,18.0,perro,revac,1_mayor
Sep,28/09/2025,09:43 AM,28/09/2025,-16.524539,-71.4835572,V-280925082426-25058-1,,,V-280925094359-25058-11,Peru Rabies Control,Arequipa,Characato (MR_21),vac03ch,VANCAN formulario 2025 General,Dog,,No,18.0,perro,primovac,1_mayor
Sep,28/09/2025,09:43 AM,28/09/2025,-16.524539,-71.4835572,V-280925082426-25058-1,,,V-280925094344-25058-10,Peru Rabies Control,Arequipa,Characato (MR_21),vac03ch,VANCAN formulario 2025 General,Dog,,No,18.0,perro,revac,1_mayor
Sep,28/09/2025,09:25 AM,28/09/2025,-16.5245338,-71.483568,V-280925082426-25058-1,,,V-280925092544-25058-9,Peru Rabies Control,Arequipa,Characato (MR_21),vac03ch,VANCAN formulario 2025 General,Dog,,No,18.0,perro,revac,1_mayor
Sep,28/09/2025,09:18 AM,28/09/2025,-16.5243454,-71.4833232,V-280925082426-25058-1,,,V-280925091836-25058-8,Peru Rabies Control,Arequipa,Characato (MR_21),vac03ch,VANCAN formulario 2025 General,Dog,,No,18.0,perro,primovac,menor_1
Sep,28/09/2025,09:05 AM,28/09/2025,-16.5245227,-71.4835526,V-280925082426-25058-1,,,V-280925090536-25058-7,Peru Rabies Control,Arequipa,Characato (MR_21),vac03ch,VANCAN formulario 2025 General,Dog,,No,18.0,perro,revac,menor_1
Sep,28/09/2025,09:05 AM,28/09/2025,-16.5245395,-71.4835597,V-280925082426-25058-1,,,V-280925090515-25058-6,Peru Rabies Control,Arequipa,Characato (MR_21),vac03ch,VANCAN formulario 2025 General,Dog,,No,18.0,perro,revac,1_mayor
Sep,28/09/2025,08:55 AM,28/09/2025,-16.5249826,-71.483099,V-280925082426-25058-1,,,V-280925085557-25058-5,Peru Rabies Control,Arequipa,Characato (MR_21),vac03ch,VANCAN formulario 2025 General,Dog,,No,18.0,perro,primovac,menor_1
Sep,28/09/2025,08:55 AM,28/09/2025,-16.5245356,-71.4835463,V-280925082426-25058-1,,,V-280925085539-25058-4,Peru Rabies Control,Arequipa,Characato (MR_21),vac03ch,VANCAN formulario 2025 General,Dog,,No,18.0,perro,revac,1_mayor
Sep,28/09/2025,08:52 AM,28/09/2025,-16.5245762,-71.4835686,V-280925082426-25058-1,,,V-280925085220-25058-3,Peru Rabies Control,Arequipa,Characato (MR_21),vac03ch,VANCAN formulario 2025 General,Dog,,No,18.0,perro,primovac,1_mayor
Sep,28/09/2025,08:52 AM,28/09/2025,-16.524512,-71.4835551,V-280925082426-25058-1,,,V-280925085217-25058-2,Peru Rabies Control,Arequipa,Characato (MR_21),vac03ch,VANCAN formulario 2025 General,Dog,,No,18.0,perro,primovac,1_mayor
Sep,28/09/2025,08:25 AM,28/09/2025,-16.5245214,-71.4835538,V-280925082426-25058-1,,,V-280925082532-25058-1,Peru Rabies Control,Arequipa,Characato (MR_21),vac03ch,VANCAN formulario 2025 General,Dog,,No,18.0,perro,primovac,1_mayor
